row_type,case_key,event_code_raw,occurred_at_utc,known_at_utc,reason,detail,request_id,as_of_utc
event,CASE_00000001,SEQ,2024-03-23T20:18:27Z,2024-08-17T22:30:20Z,LATE_KNOWN_EVENT,event not known at as_of_utc; using it would leak future information,REQ_0000001,2024-03-24T13:55:30Z
event,CASE_00000008,SEQ,2024-07-19T05:07:48Z,2024-07-19T10:01:35Z,LATE_KNOWN_EVENT,event not known at as_of_utc; using it would leak future information,REQ_0000011,2024-07-19T09:13:58Z
event,CASE_00000010,LIBP,2024-05-28T12:57:15Z,2024-11-10T21:51:55Z,LATE_KNOWN_EVENT,event not known at as_of_utc; using it would leak future information,REQ_0000013,2024-06-01T05:52:51Z
event,CASE_00000015,ACC,2024-03-05T00:24:26Z,2024-05-26T01:17:00Z,LATE_KNOWN_EVENT,event not known at as_of_utc; using it would leak future information,REQ_0000020,2024-03-07T06:00:32Z
event,CASE_00000015,SEQ,2024-03-07T05:22:54Z,2024-03-07T06:15:47Z,LATE_KNOWN_EVENT,event not known at as_of_utc; using it would leak future information,REQ_0000020,2024-03-07T06:00:32Z
event,CASE_00000024,LIBP,2024-01-20T07:05:44Z,2024-08-23T00:31:05Z,LATE_KNOWN_EVENT,event not known at as_of_utc; using it would leak future information,REQ_0000029,2024-01-24T04:38:20Z
event,CASE_00000027,LIBP,2024-02-14T17:57:49Z,2024-02-14T23:15:02Z,LATE_KNOWN_EVENT,event not known at as_of_utc; using it would leak future information,REQ_0000033,2024-02-14T22:33:36Z
event,CASE_00000031,SEQ,2024-04-19T10:47:55Z,2024-07-18T08:38:58Z,LATE_KNOWN_EVENT,event not known at as_of_utc; using it would leak future information,REQ_0000040,2024-04-20T03:35:52Z
event,CASE_00000034,SEQ,2024-07-08T18:00:45Z,2024-07-08T20:16:22Z,LATE_KNOWN_EVENT,event not known at as_of_utc; using it would leak future information,REQ_0000043,2024-07-08T20:11:20Z
event,CASE_00000046,ACC,2024-03-04T19:19:22Z,2024-05-16T14:17:18Z,LATE_KNOWN_EVENT,event not known at as_of_utc; using it would leak future information,REQ_0000057,2024-03-08T07:53:44Z
event,CASE_00000056,LIBP,2024-02-19T21:34:27Z,2024-05-26T14:15:58Z,LATE_KNOWN_EVENT,event not known at as_of_utc; using it would leak future information,REQ_0000068,2024-02-21T09:44:56Z
event,CASE_00000069,SEQ,2024-06-23T00:47:03Z,2024-12-15T19:29:26Z,LATE_KNOWN_EVENT,event not known at as_of_utc; using it would leak future information,REQ_0000085,2024-06-24T17:13:45Z
event,CASE_00000082,SEQ,2024-04-08T19:37:11Z,2024-07-11T00:19:36Z,LATE_KNOWN_EVENT,event not known at as_of_utc; using it would leak future information,REQ_0000102,2024-04-10T04:50:13Z
event,CASE_00000093,SEQ,2024-03-10T06:03:57Z,2024-03-10T10:22:23Z,LATE_KNOWN_EVENT,event not known at as_of_utc; using it would leak future information,REQ_0000117,2024-03-10T08:30:10Z
event,CASE_00000106,LIBP,2024-05-12T15:09:07Z,2024-05-12T18:49:08Z,LATE_KNOWN_EVENT,event not known at as_of_utc; using it would leak future information,REQ_0000133,2024-05-12T15:32:05Z
event,CASE_00000115,SEQ,2024-04-04T19:44:05Z,2024-04-05T01:31:34Z,LATE_KNOWN_EVENT,event not known at as_of_utc; using it would leak future information,REQ_0000147,2024-04-05T00:18:18Z
event,CASE_00000124,ACC,2024-06-24T21:11:35Z,2024-09-24T11:19:56Z,LATE_KNOWN_EVENT,event not known at as_of_utc; using it would leak future information,REQ_0000157,2024-06-28T15:09:09Z
event,CASE_00000124,ACC,2024-06-24T21:11:35Z,2024-09-24T11:19:56Z,LATE_KNOWN_EVENT,event not known at as_of_utc; using it would leak future information,REQ_0000158,2024-06-26T02:07:05Z
event,CASE_00000156,SEQ,2024-04-11T17:14:34Z,2024-04-11T18:31:10Z,LATE_KNOWN_EVENT,event not known at as_of_utc; using it would leak future information,REQ_0000195,2024-04-11T18:25:28Z
event,CASE_00000165,SEQ,2024-03-23T08:58:38Z,2024-11-10T23:49:43Z,LATE_KNOWN_EVENT,event not known at as_of_utc; using it would leak future information,REQ_0000204,2024-03-23T14:15:42Z
event,CASE_00000166,SEQ,2024-06-12T15:11:27Z,2024-06-12T20:25:05Z,LATE_KNOWN_EVENT,event not known at as_of_utc; using it would leak future information,REQ_0000205,2024-06-12T17:04:57Z
event,CASE_00000167,SEQ,2024-02-01T04:03:07Z,2024-02-01T05:03:40Z,LATE_KNOWN_EVENT,event not known at as_of_utc; using it would leak future information,REQ_0000207,2024-02-01T04:12:45Z
event,CASE_00000168,LIBP,2024-04-25T23:21:51Z,2024-11-11T23:51:17Z,LATE_KNOWN_EVENT,event not known at as_of_utc; using it would leak future information,REQ_0000208,2024-04-28T13:48:03Z
event,CASE_00000180,ACC,2024-03-22T03:34:11Z,2024-05-29T02:13:27Z,LATE_KNOWN_EVENT,event not known at as_of_utc; using it would leak future information,REQ_0000222,2024-03-26T03:29:13Z
event,CASE_00000182,ACC,2024-04-03T17:12:33Z,2024-07-28T08:00:02Z,LATE_KNOWN_EVENT,event not known at as_of_utc; using it would leak future information,REQ_0000224,2024-04-05T19:11:25Z
event,CASE_00000184,ACC,2024-07-26T21:23:47Z,2025-03-21T11:04:24Z,LATE_KNOWN_EVENT,event not known at as_of_utc; using it would leak future information,REQ_0000227,2024-07-29T19:08:43Z
event,CASE_00000184,ACC,2024-07-26T21:23:47Z,2025-03-21T11:04:24Z,LATE_KNOWN_EVENT,event not known at as_of_utc; using it would leak future information,REQ_0000228,2024-07-28T07:31:55Z
event,CASE_00000196,ACC,2024-03-15T18:12:42Z,2024-06-05T20:32:22Z,LATE_KNOWN_EVENT,event not known at as_of_utc; using it would leak future information,REQ_0000244,2024-03-16T14:24:29Z
event,CASE_00000196,SEQ,2024-03-16T11:36:44Z,2024-03-16T17:25:23Z,LATE_KNOWN_EVENT,event not known at as_of_utc; using it would leak future information,REQ_0000244,2024-03-16T14:24:29Z
event,CASE_00000196,ACC,2024-03-15T18:12:42Z,2024-06-05T20:32:22Z,LATE_KNOWN_EVENT,event not known at as_of_utc; using it would leak future information,REQ_0000245,2024-03-16T07:35:36Z
event,CASE_00000206,LIBP,2024-05-09T06:17:33Z,2024-05-09T10:27:06Z,LATE_KNOWN_EVENT,event not known at as_of_utc; using it would leak future information,REQ_0000257,2024-05-09T08:51:26Z
event,CASE_00000213,SEQ,2024-02-21T10:34:41Z,2024-06-04T17:00:52Z,LATE_KNOWN_EVENT,event not known at as_of_utc; using it would leak future information,REQ_0000266,2024-02-22T22:47:52Z
event,CASE_00000226,SEQ,2024-06-29T19:05:18Z,2024-06-29T23:04:17Z,LATE_KNOWN_EVENT,event not known at as_of_utc; using it would leak future information,REQ_0000283,2024-06-29T23:00:35Z
event,CASE_00000230,SEQ,2024-02-04T17:03:36Z,2024-02-04T19:51:55Z,LATE_KNOWN_EVENT,event not known at as_of_utc; using it would leak future information,REQ_0000288,2024-02-04T19:17:18Z
event,CASE_00000237,LIBP,2024-03-02T22:26:41Z,2024-09-19T17:34:34Z,LATE_KNOWN_EVENT,event not known at as_of_utc; using it would leak future information,REQ_0000295,2024-03-04T13:46:59Z
event,CASE_00000245,SEQ,2024-06-19T20:09:26Z,2024-10-31T15:00:44Z,LATE_KNOWN_EVENT,event not known at as_of_utc; using it would leak future information,REQ_0000305,2024-06-20T16:28:02Z
event,CASE_00000250,ACC,2024-06-25T08:39:23Z,2024-11-16T14:00:53Z,LATE_KNOWN_EVENT,event not known at as_of_utc; using it would leak future information,REQ_0000310,2024-06-28T04:03:23Z
event,CASE_00000250,ANL,2024-06-28T02:00:47Z,2024-06-28T05:53:32Z,LATE_KNOWN_EVENT,event not known at as_of_utc; using it would leak future information,REQ_0000310,2024-06-28T04:03:23Z
event,CASE_00000252,LIBP,2024-01-20T16:20:05Z,2024-04-12T02:50:54Z,LATE_KNOWN_EVENT,event not known at as_of_utc; using it would leak future information,REQ_0000313,2024-01-22T10:30:55Z
event,CASE_00000262,LIBP,2024-02-11T21:08:25Z,2024-02-11T23:09:30Z,LATE_KNOWN_EVENT,event not known at as_of_utc; using it would leak future information,REQ_0000326,2024-02-11T22:53:17Z
event,CASE_00000282,LIBP,2024-06-29T20:52:37Z,2024-12-18T10:51:44Z,LATE_KNOWN_EVENT,event not known at as_of_utc; using it would leak future information,REQ_0000350,2024-07-01T12:39:07Z
event,CASE_00000287,ACC,2024-05-18T16:48:06Z,2024-11-27T09:20:12Z,LATE_KNOWN_EVENT,event not known at as_of_utc; using it would leak future information,REQ_0000356,2024-05-21T08:09:12Z
event,CASE_00000296,SEQ,2024-06-27T22:48:35Z,2024-06-28T02:42:57Z,LATE_KNOWN_EVENT,event not known at as_of_utc; using it would leak future information,REQ_0000369,2024-06-28T00:55:41Z
event,CASE_00000297,SEQ,2024-04-22T19:45:04Z,2024-04-22T22:38:23Z,LATE_KNOWN_EVENT,event not known at as_of_utc; using it would leak future information,REQ_0000370,2024-04-22T20:23:30Z
event,CASE_00000302,LIBP,2024-03-25T18:48:26Z,2024-06-24T15:34:08Z,LATE_KNOWN_EVENT,event not known at as_of_utc; using it would leak future information,REQ_0000376,2024-03-27T13:27:05Z
event,CASE_00000311,SEQ,2024-04-15T09:24:02Z,2024-04-15T13:50:03Z,LATE_KNOWN_EVENT,event not known at as_of_utc; using it would leak future information,REQ_0000387,2024-04-15T13:22:24Z
event,CASE_00000315,ANL,2024-04-20T04:16:34Z,2024-04-20T07:12:42Z,LATE_KNOWN_EVENT,event not known at as_of_utc; using it would leak future information,REQ_0000392,2024-04-20T06:28:23Z
event,CASE_00000331,SEQ,2024-01-28T16:17:57Z,2024-09-09T02:46:40Z,LATE_KNOWN_EVENT,event not known at as_of_utc; using it would leak future information,REQ_0000411,2024-01-29T09:50:45Z
event,CASE_00000347,ACC,2024-04-11T01:59:45Z,2024-07-27T09:49:16Z,LATE_KNOWN_EVENT,event not known at as_of_utc; using it would leak future information,REQ_0000431,2024-04-14T06:05:30Z
event,CASE_00000357,SEQ,2024-05-10T08:59:12Z,2024-05-10T13:58:11Z,LATE_KNOWN_EVENT,event not known at as_of_utc; using it would leak future information,REQ_0000443,2024-05-10T10:11:19Z
event,CASE_00000366,SEQ,2024-04-27T16:23:20Z,2024-10-24T15:00:08Z,LATE_KNOWN_EVENT,event not known at as_of_utc; using it would leak future information,REQ_0000454,2024-04-30T00:54:46Z
event,CASE_00000366,SEQ,2024-04-27T16:23:20Z,2024-10-24T15:00:08Z,LATE_KNOWN_EVENT,event not known at as_of_utc; using it would leak future information,REQ_0000455,2024-04-28T01:37:22Z
event,CASE_00000368,ACC,2024-07-10T12:10:51Z,2024-10-19T12:06:07Z,LATE_KNOWN_EVENT,event not known at as_of_utc; using it would leak future information,REQ_0000457,2024-07-11T21:47:17Z
event,CASE_00000380,SEQ,2024-01-21T03:09:11Z,2024-06-13T10:17:22Z,LATE_KNOWN_EVENT,event not known at as_of_utc; using it would leak future information,REQ_0000471,2024-01-23T02:46:20Z
event,CASE_00000383,SEQ,2024-05-01T07:37:52Z,2024-05-01T12:13:12Z,LATE_KNOWN_EVENT,event not known at as_of_utc; using it would leak future information,REQ_0000475,2024-05-01T11:40:11Z
event,CASE_00000387,ANL,2024-03-25T20:08:13Z,2024-03-26T01:31:44Z,LATE_KNOWN_EVENT,event not known at as_of_utc; using it would leak future information,REQ_0000480,2024-03-25T23:01:17Z
event,CASE_00000418,ACC,2024-03-25T12:49:06Z,2024-10-08T09:40:16Z,LATE_KNOWN_EVENT,event not known at as_of_utc; using it would leak future information,REQ_0000515,2024-03-29T01:47:40Z
event,CASE_00000424,XERR,2024-05-25T01:27:19Z,2024-05-25T03:48:55Z,LATE_KNOWN_EVENT,event not known at as_of_utc; using it would leak future information,REQ_0000522,2024-05-25T03:10:01Z
event,CASE_00000425,ACC,2024-02-15T12:13:27Z,2024-08-19T15:58:12Z,LATE_KNOWN_EVENT,event not known at as_of_utc; using it would leak future information,REQ_0000523,2024-02-19T12:31:34Z
event,CASE_00000425,ACC,2024-02-15T12:13:27Z,2024-08-19T15:58:12Z,LATE_KNOWN_EVENT,event not known at as_of_utc; using it would leak future information,REQ_0000524,2024-02-17T15:05:50Z
event,CASE_00000439,LIBP,2024-10-29T17:48:33Z,2025-05-27T23:32:48Z,LATE_KNOWN_EVENT,event not known at as_of_utc; using it would leak future information,REQ_0000540,2024-10-31T22:30:39Z
event,CASE_00000439,LIBP,2024-10-29T17:48:33Z,2025-05-27T23:32:48Z,LATE_KNOWN_EVENT,event not known at as_of_utc; using it would leak future information,REQ_0000541,2024-10-30T18:25:25Z
event,CASE_00000452,SEQ,2024-09-22T07:12:46Z,2024-09-22T13:12:20Z,LATE_KNOWN_EVENT,event not known at as_of_utc; using it would leak future information,REQ_0000556,2024-09-22T12:27:24Z
event,CASE_00000455,ACC,2024-11-20T21:33:51Z,2025-02-10T06:59:42Z,LATE_KNOWN_EVENT,event not known at as_of_utc; using it would leak future information,REQ_0000559,2024-11-23T12:24:50Z
event,CASE_00000463,SEQ,2024-12-31T19:47:59Z,2024-12-31T23:23:40Z,LATE_KNOWN_EVENT,event not known at as_of_utc; using it would leak future information,REQ_0000570,2024-12-31T19:49:36Z
event,CASE_00000466,SEQ,2024-11-10T10:24:21Z,2024-11-10T15:31:59Z,LATE_KNOWN_EVENT,event not known at as_of_utc; using it would leak future information,REQ_0000573,2024-11-10T11:01:19Z
event,CASE_00000469,LIBP,2024-09-26T11:43:23Z,2024-09-26T16:10:47Z,LATE_KNOWN_EVENT,event not known at as_of_utc; using it would leak future information,REQ_0000577,2024-09-26T15:02:11Z
event,CASE_00000473,ACC,2025-01-08T03:00:13Z,2025-07-23T01:06:42Z,LATE_KNOWN_EVENT,event not known at as_of_utc; using it would leak future information,REQ_0000583,2025-01-24T11:41:00Z
event,CASE_00000473,ACC,2025-01-08T03:00:13Z,2025-07-23T01:06:42Z,LATE_KNOWN_EVENT,event not known at as_of_utc; using it would leak future information,REQ_0000584,2025-01-15T14:09:11Z
event,CASE_00000476,SEQ,2025-04-24T20:28:25Z,2025-04-24T23:46:32Z,LATE_KNOWN_EVENT,event not known at as_of_utc; using it would leak future information,REQ_0000587,2025-04-24T21:31:24Z
event,CASE_00000488,ACC,2025-04-24T16:00:12Z,2025-12-04T17:09:42Z,LATE_KNOWN_EVENT,event not known at as_of_utc; using it would leak future information,REQ_0000602,2025-04-28T03:40:59Z
event,CASE_00000505,LIBP,2025-03-03T17:50:24Z,2025-06-11T14:52:58Z,LATE_KNOWN_EVENT,event not known at as_of_utc; using it would leak future information,REQ_0000623,2025-03-05T11:45:41Z
event,CASE_00000505,LIBP,2025-03-03T17:50:24Z,2025-06-11T14:52:58Z,LATE_KNOWN_EVENT,event not known at as_of_utc; using it would leak future information,REQ_0000624,2025-03-04T14:19:18Z
event,CASE_00000505,SEQ,2025-03-04T14:02:52Z,2025-03-04T14:39:25Z,LATE_KNOWN_EVENT,event not known at as_of_utc; using it would leak future information,REQ_0000624,2025-03-04T14:19:18Z
event,CASE_00000510,ACC,2024-12-02T06:40:23Z,2025-06-06T06:07:52Z,LATE_KNOWN_EVENT,event not known at as_of_utc; using it would leak future information,REQ_0000631,2024-12-04T09:45:26Z
event,CASE_00000512,SEQ,2025-02-21T21:39:02Z,2025-02-22T02:36:43Z,LATE_KNOWN_EVENT,event not known at as_of_utc; using it would leak future information,REQ_0000633,2025-02-21T23:38:36Z
event,CASE_00000513,ACC,2025-01-12T17:49:18Z,2025-08-16T02:10:33Z,LATE_KNOWN_EVENT,event not known at as_of_utc; using it would leak future information,REQ_0000634,2025-01-15T08:30:42Z
event,CASE_00000519,SEQ,2024-12-01T06:41:19Z,2024-12-01T12:04:00Z,LATE_KNOWN_EVENT,event not known at as_of_utc; using it would leak future information,REQ_0000640,2024-12-01T08:04:33Z
event,CASE_00000528,LIBP,2025-01-08T10:11:18Z,2025-01-08T14:13:46Z,LATE_KNOWN_EVENT,event not known at as_of_utc; using it would leak future information,REQ_0000654,2025-01-08T13:10:13Z
event,CASE_00000536,SEQ,2024-11-11T21:57:26Z,2024-11-12T02:56:38Z,LATE_KNOWN_EVENT,event not known at as_of_utc; using it would leak future information,REQ_0000666,2024-11-11T23:17:44Z
event,CASE_00000540,SEQ,2025-01-19T13:02:15Z,2025-04-15T01:20:19Z,LATE_KNOWN_EVENT,event not known at as_of_utc; using it would leak future information,REQ_0000671,2025-01-20T04:11:33Z
event,CASE_00000541,LIBP,2025-02-04T17:01:07Z,2025-06-17T01:27:54Z,LATE_KNOWN_EVENT,event not known at as_of_utc; using it would leak future information,REQ_0000672,2025-02-06T14:00:34Z
event,CASE_00000548,SEQ,2024-10-02T13:40:59Z,2025-04-11T17:25:29Z,LATE_KNOWN_EVENT,event not known at as_of_utc; using it would leak future information,REQ_0000682,2024-10-03T00:55:08Z
event,CASE_00000549,SEQ,2024-12-01T10:45:36Z,2024-12-01T16:24:09Z,LATE_KNOWN_EVENT,event not known at as_of_utc; using it would leak future information,REQ_0000683,2024-12-01T12:34:03Z
event,CASE_00000552,ACC,2025-04-18T19:48:33Z,2025-07-12T02:59:11Z,LATE_KNOWN_EVENT,event not known at as_of_utc; using it would leak future information,REQ_0000686,2025-04-22T06:42:01Z
event,CASE_00000552,ACC,2025-04-18T19:48:33Z,2025-07-12T02:59:11Z,LATE_KNOWN_EVENT,event not known at as_of_utc; using it would leak future information,REQ_0000687,2025-04-20T05:13:00Z
event,CASE_00000560,LIBP,2025-03-22T03:23:27Z,2025-09-08T20:38:51Z,LATE_KNOWN_EVENT,event not known at as_of_utc; using it would leak future information,REQ_0000696,2025-03-24T16:28:45Z
event,CASE_00000561,SEQ,2025-04-17T18:28:49Z,2025-09-04T19:26:23Z,LATE_KNOWN_EVENT,event not known at as_of_utc; using it would leak future information,REQ_0000697,2025-04-18T14:59:53Z
event,CASE_00000564,ACC,2025-04-12T13:27:22Z,2025-08-17T13:34:11Z,LATE_KNOWN_EVENT,event not known at as_of_utc; using it would leak future information,REQ_0000700,2025-04-15T18:23:54Z
event,CASE_00000566,SEQ,2024-12-15T21:26:01Z,2024-12-15T23:38:03Z,LATE_KNOWN_EVENT,event not known at as_of_utc; using it would leak future information,REQ_0000703,2024-12-15T23:36:01Z
event,CASE_00000584,SEQ,2024-12-29T19:15:44Z,2024-12-29T22:07:14Z,LATE_KNOWN_EVENT,event not known at as_of_utc; using it would leak future information,REQ_0000727,2024-12-29T21:45:33Z
event,CASE_00000593,LIBP,2024-12-07T12:04:21Z,2025-06-28T04:10:29Z,LATE_KNOWN_EVENT,event not known at as_of_utc; using it would leak future information,REQ_0000738,2024-12-10T09:17:12Z
event,CASE_00000593,LIBP,2024-12-07T12:04:21Z,2025-06-28T04:10:29Z,LATE_KNOWN_EVENT,event not known at as_of_utc; using it would leak future information,REQ_0000739,2024-12-08T07:17:10Z
event,CASE_00000597,SEQ,2025-03-20T22:53:38Z,2025-03-21T00:39:01Z,LATE_KNOWN_EVENT,event not known at as_of_utc; using it would leak future information,REQ_0000743,2025-03-21T00:31:04Z
event,CASE_00000605,ACC,2025-01-14T00:20:54Z,2025-08-27T21:18:23Z,LATE_KNOWN_EVENT,event not known at as_of_utc; using it would leak future information,REQ_0000753,2025-01-16T00:48:58Z
event,CASE_00000605,SEQ,2025-01-15T22:03:10Z,2025-01-16T02:24:04Z,LATE_KNOWN_EVENT,event not known at as_of_utc; using it would leak future information,REQ_0000753,2025-01-16T00:48:58Z
event,CASE_00000617,SEQ,2024-10-26T05:23:54Z,2024-10-26T10:51:48Z,LATE_KNOWN_EVENT,event not known at as_of_utc; using it would leak future information,REQ_0000769,2024-10-26T07:34:05Z
event,CASE_00000634,ACC,2024-10-20T13:37:06Z,2025-05-16T03:32:01Z,LATE_KNOWN_EVENT,event not known at as_of_utc; using it would leak future information,REQ_0000792,2024-10-21T18:46:12Z
event,CASE_00000638,SEQ,2025-02-04T08:00:22Z,2025-07-17T02:30:24Z,LATE_KNOWN_EVENT,event not known at as_of_utc; using it would leak future information,REQ_0000797,2025-02-04T20:52:36Z
event,CASE_00000648,SEQ,2024-11-24T15:18:08Z,2025-03-26T17:08:14Z,LATE_KNOWN_EVENT,event not known at as_of_utc; using it would leak future information,REQ_0000810,2024-11-24T15:41:58Z
event,CASE_00000653,ACC,2025-02-24T13:19:05Z,2025-06-24T12:51:08Z,LATE_KNOWN_EVENT,event not known at as_of_utc; using it would leak future information,REQ_0000815,2025-02-26T03:31:37Z
event,CASE_00000664,SEQ,2025-03-11T15:56:02Z,2025-03-11T20:47:11Z,LATE_KNOWN_EVENT,event not known at as_of_utc; using it would leak future information,REQ_0000826,2025-03-11T20:21:55Z
event,CASE_00000665,SEQ,2025-01-20T04:44:03Z,2025-01-20T09:53:38Z,LATE_KNOWN_EVENT,event not known at as_of_utc; using it would leak future information,REQ_0000827,2025-01-20T07:16:32Z
event,CASE_00000669,ANL,2025-01-16T13:19:03Z,2025-01-16T17:11:13Z,LATE_KNOWN_EVENT,event not known at as_of_utc; using it would leak future information,REQ_0000833,2025-01-16T15:27:33Z
event,CASE_00000672,SEQ,2024-09-04T08:48:49Z,2024-09-04T09:24:20Z,LATE_KNOWN_EVENT,event not known at as_of_utc; using it would leak future information,REQ_0000836,2024-09-04T09:04:50Z
event,CASE_00000678,LIBP,2025-01-06T15:00:16Z,2025-06-16T23:19:53Z,LATE_KNOWN_EVENT,event not known at as_of_utc; using it would leak future information,REQ_0000844,2025-01-07T23:55:53Z
event,CASE_00000679,SEQ,2025-02-26T23:36:52Z,2025-07-06T18:00:59Z,LATE_KNOWN_EVENT,event not known at as_of_utc; using it would leak future information,REQ_0000845,2025-02-27T01:26:11Z
event,CASE_00000693,SEQ,2024-11-05T19:09:25Z,2024-11-05T23:41:39Z,LATE_KNOWN_EVENT,event not known at as_of_utc; using it would leak future information,REQ_0000863,2024-11-05T21:46:59Z
event,CASE_00000700,SEQ,2025-03-12T02:48:07Z,2025-03-12T08:22:52Z,LATE_KNOWN_EVENT,event not known at as_of_utc; using it would leak future information,REQ_0000872,2025-03-12T07:54:25Z
event,CASE_00000723,SEQ,2024-09-09T19:02:08Z,2024-09-09T20:42:49Z,LATE_KNOWN_EVENT,event not known at as_of_utc; using it would leak future information,REQ_0000898,2024-09-09T19:26:40Z
event,CASE_00000739,SEQ,2025-03-27T02:56:52Z,2025-03-27T07:54:15Z,LATE_KNOWN_EVENT,event not known at as_of_utc; using it would leak future information,REQ_0000918,2025-03-27T03:01:12Z
event,CASE_00000740,SEQ,2025-03-26T10:50:20Z,2025-03-26T15:48:33Z,LATE_KNOWN_EVENT,event not known at as_of_utc; using it would leak future information,REQ_0000919,2025-03-26T14:26:07Z
event,CASE_00000775,LIBP,2025-03-01T06:37:18Z,2025-09-28T09:06:25Z,LATE_KNOWN_EVENT,event not known at as_of_utc; using it would leak future information,REQ_0000960,2025-03-02T06:24:52Z
event,CASE_00000779,SEQ,2024-09-22T08:49:09Z,2024-09-22T13:08:08Z,LATE_KNOWN_EVENT,event not known at as_of_utc; using it would leak future information,REQ_0000964,2024-09-22T10:30:44Z
event,CASE_00000783,ACC,2024-12-25T00:51:55Z,2025-08-05T15:24:15Z,LATE_KNOWN_EVENT,event not known at as_of_utc; using it would leak future information,REQ_0000968,2024-12-26T17:08:29Z
event,CASE_00000788,ACC,2025-02-08T09:37:13Z,2025-05-04T17:39:05Z,LATE_KNOWN_EVENT,event not known at as_of_utc; using it would leak future information,REQ_0000975,2025-02-09T07:23:30Z
event,CASE_00000790,LIBP,2024-10-16T01:07:51Z,2024-10-16T06:22:39Z,LATE_KNOWN_EVENT,event not known at as_of_utc; using it would leak future information,REQ_0000978,2024-10-16T03:39:40Z
event,CASE_00000795,LIBP,2024-10-25T00:13:17Z,2025-01-17T00:17:19Z,LATE_KNOWN_EVENT,event not known at as_of_utc; using it would leak future information,REQ_0000984,2024-10-28T03:20:53Z
event,CASE_00000795,LIBP,2024-10-25T00:13:17Z,2025-01-17T00:17:19Z,LATE_KNOWN_EVENT,event not known at as_of_utc; using it would leak future information,REQ_0000985,2024-10-26T08:03:22Z
event,CASE_00000796,ACC,2024-12-27T14:13:03Z,2025-04-05T09:50:12Z,LATE_KNOWN_EVENT,event not known at as_of_utc; using it would leak future information,REQ_0000986,2024-12-30T06:13:20Z
event,CASE_00000815,SEQ,2024-11-12T08:33:04Z,2025-07-04T23:44:20Z,LATE_KNOWN_EVENT,event not known at as_of_utc; using it would leak future information,REQ_0001009,2024-11-12T16:27:31Z
event,CASE_00000816,LIBP,2025-04-11T03:38:44Z,2025-10-02T13:23:07Z,LATE_KNOWN_EVENT,event not known at as_of_utc; using it would leak future information,REQ_0001010,2025-04-13T12:03:37Z
event,CASE_00000818,LIBP,2024-11-14T04:08:43Z,2025-03-27T12:27:29Z,LATE_KNOWN_EVENT,event not known at as_of_utc; using it would leak future information,REQ_0001012,2024-11-15T22:28:21Z
event,CASE_00000818,LIBP,2024-11-14T04:08:43Z,2025-03-27T12:27:29Z,LATE_KNOWN_EVENT,event not known at as_of_utc; using it would leak future information,REQ_0001013,2024-11-14T07:15:04Z
event,CASE_00000820,LIBP,2024-10-27T23:51:18Z,2024-10-28T05:42:41Z,LATE_KNOWN_EVENT,event not known at as_of_utc; using it would leak future information,REQ_0001016,2024-10-28T04:41:20Z
event,CASE_00000826,LIBP,2024-11-15T23:10:35Z,2025-03-30T03:46:49Z,LATE_KNOWN_EVENT,event not known at as_of_utc; using it would leak future information,REQ_0001023,2024-11-16T15:14:14Z
event,CASE_00000826,LIBP,2024-11-15T23:10:35Z,2025-03-30T03:46:49Z,LATE_KNOWN_EVENT,event not known at as_of_utc; using it would leak future information,REQ_0001024,2024-11-16T10:44:51Z
event,CASE_00000828,SEQ,2025-01-23T00:28:46Z,2025-01-23T03:54:34Z,LATE_KNOWN_EVENT,event not known at as_of_utc; using it would leak future information,REQ_0001028,2025-01-23T03:09:41Z
event,CASE_00000835,ACC,2024-10-06T19:45:06Z,2025-02-11T23:52:11Z,LATE_KNOWN_EVENT,event not known at as_of_utc; using it would leak future information,REQ_0001037,2024-10-10T10:42:46Z
event,CASE_00000835,ACC,2024-10-06T19:45:06Z,2025-02-11T23:52:11Z,LATE_KNOWN_EVENT,event not known at as_of_utc; using it would leak future information,REQ_0001038,2024-10-08T20:03:45Z
event,CASE_00000835,SEQ,2024-10-08T19:44:44Z,2024-10-09T01:12:25Z,LATE_KNOWN_EVENT,event not known at as_of_utc; using it would leak future information,REQ_0001038,2024-10-08T20:03:45Z
event,CASE_00000843,ACC,2025-04-15T08:25:05Z,2025-11-06T17:08:42Z,LATE_KNOWN_EVENT,event not known at as_of_utc; using it would leak future information,REQ_0001046,2025-04-19T10:07:46Z
event,CASE_00000845,SEQ,2025-04-21T01:20:31Z,2025-04-21T05:42:59Z,LATE_KNOWN_EVENT,event not known at as_of_utc; using it would leak future information,REQ_0001049,2025-04-21T01:37:20Z
event,CASE_00000847,SEQ,2025-01-08T05:34:41Z,2025-01-08T09:42:00Z,LATE_KNOWN_EVENT,event not known at as_of_utc; using it would leak future information,REQ_0001052,2025-01-08T07:55:29Z
event,CASE_00000848,SEQ,2024-10-14T00:40:02Z,2024-10-14T03:47:16Z,LATE_KNOWN_EVENT,event not known at as_of_utc; using it would leak future information,REQ_0001053,2024-10-14T03:14:25Z
event,CASE_00000857,LIBP,2025-04-04T15:34:02Z,2025-08-03T15:13:04Z,LATE_KNOWN_EVENT,event not known at as_of_utc; using it would leak future information,REQ_0001062,2025-04-07T23:17:08Z
event,CASE_00000871,SEQ,2024-10-05T21:10:16Z,2024-10-05T23:11:23Z,LATE_KNOWN_EVENT,event not known at as_of_utc; using it would leak future information,REQ_0001079,2024-10-05T23:01:07Z
event,CASE_00000896,ACC,2024-11-20T01:00:31Z,2025-04-14T07:23:01Z,LATE_KNOWN_EVENT,event not known at as_of_utc; using it would leak future information,REQ_0001109,2024-11-23T10:27:23Z
event,CASE_00000896,SEQ,2024-11-22T07:03:14Z,2025-06-10T15:48:19Z,LATE_KNOWN_EVENT,event not known at as_of_utc; using it would leak future information,REQ_0001109,2024-11-23T10:27:23Z
event,CASE_00000900,LIBP,2025-03-13T13:41:23Z,2025-03-13T17:59:21Z,LATE_KNOWN_EVENT,event not known at as_of_utc; using it would leak future information,REQ_0001114,2025-03-13T15:19:36Z
event,CASE_00000922,LIBP,2024-12-27T08:24:50Z,2025-05-13T12:07:05Z,LATE_KNOWN_EVENT,event not known at as_of_utc; using it would leak future information,REQ_0001140,2024-12-28T21:54:11Z
event,CASE_00000926,ACC,2025-02-22T21:35:37Z,2025-08-28T10:26:43Z,LATE_KNOWN_EVENT,event not known at as_of_utc; using it would leak future information,REQ_0001144,2025-02-25T11:50:14Z
event,CASE_00000926,ACC,2025-02-22T21:35:37Z,2025-08-28T10:26:43Z,LATE_KNOWN_EVENT,event not known at as_of_utc; using it would leak future information,REQ_0001145,2025-02-24T12:36:34Z
event,CASE_00000932,SEQ,2025-04-30T02:18:30Z,2025-04-30T05:35:01Z,LATE_KNOWN_EVENT,event not known at as_of_utc; using it would leak future information,REQ_0001153,2025-04-30T05:15:42Z
event,CASE_00000939,SEQ,2024-09-28T20:21:09Z,2024-09-28T21:23:37Z,LATE_KNOWN_EVENT,event not known at as_of_utc; using it would leak future information,REQ_0001161,2024-09-28T21:03:11Z
event,CASE_00000944,ACC,2025-02-24T20:15:26Z,2025-06-18T03:41:18Z,LATE_KNOWN_EVENT,event not known at as_of_utc; using it would leak future information,REQ_0001167,2025-02-28T14:15:33Z
event,CASE_00000945,SEQ,2024-10-15T09:32:06Z,2025-05-04T23:50:41Z,LATE_KNOWN_EVENT,event not known at as_of_utc; using it would leak future information,REQ_0001168,2024-10-15T23:10:49Z
event,CASE_00000945,SEQ,2024-10-15T09:32:06Z,2025-05-04T23:50:41Z,LATE_KNOWN_EVENT,event not known at as_of_utc; using it would leak future information,REQ_0001169,2024-10-15T10:06:53Z
event,CASE_00000950,ACC,2024-12-14T22:33:40Z,2025-06-09T10:20:47Z,LATE_KNOWN_EVENT,event not known at as_of_utc; using it would leak future information,REQ_0001176,2024-12-18T11:21:35Z
event,CASE_00000953,LIBP,2025-02-23T04:23:55Z,2025-02-23T09:34:05Z,LATE_KNOWN_EVENT,event not known at as_of_utc; using it would leak future information,REQ_0001180,2025-02-23T04:38:44Z
event,CASE_00000958,REV,2025-03-19T01:57:56Z,2025-03-19T07:35:54Z,LATE_KNOWN_EVENT,event not known at as_of_utc; using it would leak future information,REQ_0001186,2025-03-19T07:30:35Z
event,CASE_00000960,ACC,2025-02-01T22:21:01Z,2025-06-03T05:29:40Z,LATE_KNOWN_EVENT,event not known at as_of_utc; using it would leak future information,REQ_0001188,2025-02-07T23:14:33Z
event,CASE_00000966,ANL,2025-03-04T10:09:53Z,2025-09-06T03:41:53Z,LATE_KNOWN_EVENT,event not known at as_of_utc; using it would leak future information,REQ_0001194,2025-03-04T19:47:40Z
event,CASE_00000970,REV,2024-12-21T14:05:54Z,2025-05-17T15:32:16Z,LATE_KNOWN_EVENT,event not known at as_of_utc; using it would leak future information,REQ_0001198,2024-12-21T16:37:53Z
event,CASE_00000973,ANL,2025-02-17T00:47:23Z,2025-09-26T07:44:04Z,LATE_KNOWN_EVENT,event not known at as_of_utc; using it would leak future information,REQ_0001201,2025-02-17T13:54:02Z
event,CASE_00000975,SEQ,2025-04-05T05:53:29Z,2025-09-19T01:18:38Z,LATE_KNOWN_EVENT,event not known at as_of_utc; using it would leak future information,REQ_0001203,2025-04-07T01:26:29Z
event,CASE_00000979,SEQ,2024-12-10T08:49:51Z,2025-05-18T16:59:37Z,LATE_KNOWN_EVENT,event not known at as_of_utc; using it would leak future information,REQ_0001207,2024-12-13T22:02:24Z
event,CASE_00000983,REV,2025-02-25T20:00:57Z,2025-02-26T01:58:00Z,LATE_KNOWN_EVENT,event not known at as_of_utc; using it would leak future information,REQ_0001211,2025-02-26T00:48:22Z
event,CASE_00000986,REV,2025-03-16T21:54:54Z,2025-03-17T02:26:13Z,LATE_KNOWN_EVENT,event not known at as_of_utc; using it would leak future information,REQ_0001214,2025-03-17T01:31:14Z
event,CASE_00000988,ANL,2025-01-21T02:40:27Z,2025-08-15T19:02:26Z,LATE_KNOWN_EVENT,event not known at as_of_utc; using it would leak future information,REQ_0001216,2025-01-21T12:01:32Z
event,CASE_00000989,REV,2025-02-08T12:47:50Z,2025-02-08T17:30:49Z,LATE_KNOWN_EVENT,event not known at as_of_utc; using it would leak future information,REQ_0001217,2025-02-08T17:01:19Z
event,CASE_00000990,REV,2025-01-21T05:24:28Z,2025-01-21T09:01:38Z,LATE_KNOWN_EVENT,event not known at as_of_utc; using it would leak future information,REQ_0001218,2025-01-21T07:47:39Z
event,CASE_00000997,REV,2025-03-08T02:57:35Z,2025-03-08T08:37:44Z,LATE_KNOWN_EVENT,event not known at as_of_utc; using it would leak future information,REQ_0001225,2025-03-08T06:27:34Z
event,CASE_00001003,LIBP,2026-03-29T16:13:27Z,2026-06-09T21:22:33Z,LATE_KNOWN_EVENT,event not known at as_of_utc; using it would leak future information,REQ_0001233,2026-03-31T07:21:05Z
event,CASE_00001005,SEQ,2026-04-20T14:56:06Z,2026-06-30T00:00:00Z,LATE_KNOWN_EVENT,event not known at as_of_utc; using it would leak future information,REQ_0001235,2026-04-21T21:30:59Z
event,CASE_00001008,LIBP,2025-08-22T04:58:05Z,2025-12-17T21:03:07Z,LATE_KNOWN_EVENT,event not known at as_of_utc; using it would leak future information,REQ_0001238,2025-08-24T05:33:13Z
event,CASE_00001011,LIBP,2025-06-28T14:46:01Z,2025-12-17T22:42:39Z,LATE_KNOWN_EVENT,event not known at as_of_utc; using it would leak future information,REQ_0001242,2025-06-29T09:22:06Z
event,CASE_00001011,LIBP,2025-06-28T14:46:01Z,2025-12-17T22:42:39Z,LATE_KNOWN_EVENT,event not known at as_of_utc; using it would leak future information,REQ_0001243,2025-06-28T21:38:13Z
event,CASE_00001016,SEQ,2026-02-25T17:31:15Z,2026-06-10T03:58:05Z,LATE_KNOWN_EVENT,event not known at as_of_utc; using it would leak future information,REQ_0001250,2026-02-26T00:30:05Z
event,CASE_00001018,ACC,2025-06-15T12:10:29Z,2025-09-10T22:06:14Z,LATE_KNOWN_EVENT,event not known at as_of_utc; using it would leak future information,REQ_0001252,2025-06-18T20:34:26Z
event,CASE_00001029,ACC,2026-03-26T08:01:29Z,2026-06-30T00:00:00Z,LATE_KNOWN_EVENT,event not known at as_of_utc; using it would leak future information,REQ_0001265,2026-03-27T17:56:38Z
event,CASE_00001058,LIBP,2025-06-17T21:33:54Z,2025-11-18T21:18:15Z,LATE_KNOWN_EVENT,event not known at as_of_utc; using it would leak future information,REQ_0001302,2025-06-19T13:33:54Z
event,CASE_00001059,LIBP,2025-08-27T03:35:22Z,2025-08-27T05:29:11Z,LATE_KNOWN_EVENT,event not known at as_of_utc; using it would leak future information,REQ_0001304,2025-08-27T04:27:54Z
event,CASE_00001062,ACC,2025-06-04T09:15:43Z,2025-11-12T23:19:47Z,LATE_KNOWN_EVENT,event not known at as_of_utc; using it would leak future information,REQ_0001308,2025-06-05T04:30:30Z
event,CASE_00001062,SEQ,2025-06-04T23:49:03Z,2025-06-05T04:35:15Z,LATE_KNOWN_EVENT,event not known at as_of_utc; using it would leak future information,REQ_0001308,2025-06-05T04:30:30Z
event,CASE_00001062,ACC,2025-06-04T09:15:43Z,2025-11-12T23:19:47Z,LATE_KNOWN_EVENT,event not known at as_of_utc; using it would leak future information,REQ_0001309,2025-06-04T23:58:50Z
event,CASE_00001062,SEQ,2025-06-04T23:49:03Z,2025-06-05T04:35:15Z,LATE_KNOWN_EVENT,event not known at as_of_utc; using it would leak future information,REQ_0001309,2025-06-04T23:58:50Z
event,CASE_00001065,LIBP,2026-03-30T04:56:48Z,2026-03-30T07:36:44Z,LATE_KNOWN_EVENT,event not known at as_of_utc; using it would leak future information,REQ_0001315,2026-03-30T07:10:53Z
event,CASE_00001068,SEQ,2025-07-06T01:52:01Z,2025-07-06T05:03:18Z,LATE_KNOWN_EVENT,event not known at as_of_utc; using it would leak future information,REQ_0001319,2025-07-06T03:08:34Z
event,CASE_00001075,SEQ,2025-12-21T09:00:30Z,2026-05-12T15:16:49Z,LATE_KNOWN_EVENT,event not known at as_of_utc; using it would leak future information,REQ_0001327,2025-12-21T13:53:48Z
event,CASE_00001088,SEQ,2026-03-31T05:31:39Z,2026-06-30T00:00:00Z,LATE_KNOWN_EVENT,event not known at as_of_utc; using it would leak future information,REQ_0001345,2026-03-31T10:39:00Z
event,CASE_00001090,SEQ,2025-09-25T03:18:23Z,2025-09-25T09:10:23Z,LATE_KNOWN_EVENT,event not known at as_of_utc; using it would leak future information,REQ_0001347,2025-09-25T08:38:35Z
event,CASE_00001098,ACC,2025-09-26T11:49:39Z,2026-04-02T12:47:50Z,LATE_KNOWN_EVENT,event not known at as_of_utc; using it would leak future information,REQ_0001356,2025-09-28T16:16:29Z
event,CASE_00001098,LIBP,2025-09-27T06:07:04Z,2026-03-22T06:35:13Z,LATE_KNOWN_EVENT,event not known at as_of_utc; using it would leak future information,REQ_0001356,2025-09-28T16:16:29Z
event,CASE_00001100,SEQ,2026-04-07T17:05:38Z,2026-04-07T22:51:24Z,LATE_KNOWN_EVENT,event not known at as_of_utc; using it would leak future information,REQ_0001359,2026-04-07T21:40:19Z
event,CASE_00001109,LIBP,2025-10-06T18:00:23Z,2026-01-11T16:11:48Z,LATE_KNOWN_EVENT,event not known at as_of_utc; using it would leak future information,REQ_0001371,2025-10-08T00:29:05Z
event,CASE_00001116,LIBP,2025-10-18T19:48:15Z,2025-10-19T00:54:20Z,LATE_KNOWN_EVENT,event not known at as_of_utc; using it would leak future information,REQ_0001379,2025-10-18T20:00:02Z
event,CASE_00001120,LIBP,2025-07-19T05:24:03Z,2025-07-19T11:11:56Z,LATE_KNOWN_EVENT,event not known at as_of_utc; using it would leak future information,REQ_0001386,2025-07-19T09:01:35Z
event,CASE_00001121,ACC,2025-06-23T00:51:30Z,2025-09-29T12:12:32Z,LATE_KNOWN_EVENT,event not known at as_of_utc; using it would leak future information,REQ_0001387,2025-06-25T00:45:24Z
event,CASE_00001123,ACC,2025-12-20T10:22:00Z,2026-06-08T14:22:49Z,LATE_KNOWN_EVENT,event not known at as_of_utc; using it would leak future information,REQ_0001389,2025-12-22T09:56:48Z
event,CASE_00001123,ACC,2025-12-20T10:22:00Z,2026-06-08T14:22:49Z,LATE_KNOWN_EVENT,event not known at as_of_utc; using it would leak future information,REQ_0001390,2025-12-21T20:21:46Z
event,CASE_00001123,SEQ,2025-12-21T20:10:50Z,2025-12-21T23:54:42Z,LATE_KNOWN_EVENT,event not known at as_of_utc; using it would leak future information,REQ_0001390,2025-12-21T20:21:46Z
event,CASE_00001126,LIBP,2025-07-05T23:06:36Z,2025-07-06T02:03:48Z,LATE_KNOWN_EVENT,event not known at as_of_utc; using it would leak future information,REQ_0001394,2025-07-06T00:57:54Z
event,CASE_00001135,SEQ,2025-12-11T18:57:56Z,2025-12-11T22:18:52Z,LATE_KNOWN_EVENT,event not known at as_of_utc; using it would leak future information,REQ_0001404,2025-12-11T20:38:24Z
event,CASE_00001139,ACC,2025-06-07T08:58:20Z,2025-08-06T11:47:52Z,LATE_KNOWN_EVENT,event not known at as_of_utc; using it would leak future information,REQ_0001408,2025-06-08T01:26:40Z
event,CASE_00001142,LIBP,2026-04-26T21:38:36Z,2026-04-27T01:45:48Z,LATE_KNOWN_EVENT,event not known at as_of_utc; using it would leak future information,REQ_0001412,2026-04-26T22:04:58Z
event,CASE_00001144,SEQ,2026-01-12T21:33:55Z,2026-03-29T08:35:48Z,LATE_KNOWN_EVENT,event not known at as_of_utc; using it would leak future information,REQ_0001414,2026-01-14T12:04:43Z
event,CASE_00001145,SEQ,2025-12-16T15:17:25Z,2026-05-29T18:53:53Z,LATE_KNOWN_EVENT,event not known at as_of_utc; using it would leak future information,REQ_0001415,2025-12-17T05:30:23Z
event,CASE_00001159,ACC,2026-02-03T04:30:44Z,2026-05-02T23:28:12Z,LATE_KNOWN_EVENT,event not known at as_of_utc; using it would leak future information,REQ_0001433,2026-02-04T11:35:23Z
event,CASE_00001161,ACC,2025-06-18T01:49:42Z,2025-10-01T22:43:19Z,LATE_KNOWN_EVENT,event not known at as_of_utc; using it would leak future information,REQ_0001435,2025-06-21T02:24:48Z
event,CASE_00001163,SEQ,2025-06-18T10:10:20Z,2025-12-26T04:27:35Z,LATE_KNOWN_EVENT,event not known at as_of_utc; using it would leak future information,REQ_0001438,2025-06-19T10:46:45Z
event,CASE_00001170,SEQ,2025-09-21T17:19:55Z,2025-09-21T20:44:36Z,LATE_KNOWN_EVENT,event not known at as_of_utc; using it would leak future information,REQ_0001447,2025-09-21T20:16:29Z
event,CASE_00001184,SEQ,2026-03-27T03:02:09Z,2026-03-27T08:59:31Z,LATE_KNOWN_EVENT,event not known at as_of_utc; using it would leak future information,REQ_0001464,2026-03-27T07:30:38Z
event,CASE_00001192,SEQ,2026-05-16T06:06:52Z,2026-05-16T07:00:41Z,LATE_KNOWN_EVENT,event not known at as_of_utc; using it would leak future information,REQ_0001474,2026-05-16T06:44:34Z
event,CASE_00001208,LIBP,2026-02-01T09:28:35Z,2026-05-15T14:28:03Z,LATE_KNOWN_EVENT,event not known at as_of_utc; using it would leak future information,REQ_0001495,2026-02-03T07:50:10Z
event,CASE_00001223,SEQ,2026-02-02T17:53:27Z,2026-02-02T20:41:03Z,LATE_KNOWN_EVENT,event not known at as_of_utc; using it would leak future information,REQ_0001515,2026-02-02T19:19:15Z
event,CASE_00001226,SEQ,2025-08-22T08:27:07Z,2025-08-22T14:06:22Z,LATE_KNOWN_EVENT,event not known at as_of_utc; using it would leak future information,REQ_0001519,2025-08-22T11:10:08Z
event,CASE_00001239,LIBP,2026-03-10T20:10:55Z,2026-03-11T00:44:31Z,LATE_KNOWN_EVENT,event not known at as_of_utc; using it would leak future information,REQ_0001536,2026-03-11T00:26:33Z
event,CASE_00001244,SEQ,2026-02-13T01:47:53Z,2026-06-30T00:00:00Z,LATE_KNOWN_EVENT,event not known at as_of_utc; using it would leak future information,REQ_0001541,2026-02-13T05:09:26Z
event,CASE_00001247,SEQ,2025-09-26T13:08:17Z,2025-09-26T14:33:58Z,LATE_KNOWN_EVENT,event not known at as_of_utc; using it would leak future information,REQ_0001544,2025-09-26T13:43:21Z
event,CASE_00001251,SEQ,2025-11-26T18:50:53Z,2026-02-28T19:32:46Z,LATE_KNOWN_EVENT,event not known at as_of_utc; using it would leak future information,REQ_0001548,2025-11-27T09:17:25Z
event,CASE_00001257,SEQ,2025-11-09T23:20:28Z,2025-11-10T00:42:15Z,LATE_KNOWN_EVENT,event not known at as_of_utc; using it would leak future information,REQ_0001554,2025-11-09T23:32:15Z
event,CASE_00001261,ANL,2025-09-26T04:18:07Z,2025-09-26T09:48:10Z,LATE_KNOWN_EVENT,event not known at as_of_utc; using it would leak future information,REQ_0001558,2025-09-26T08:16:22Z
event,CASE_00001261,SEQ,2025-09-24T03:25:23Z,2025-09-24T07:22:53Z,LATE_KNOWN_EVENT,event not known at as_of_utc; using it would leak future information,REQ_0001559,2025-09-24T06:45:17Z
event,CASE_00001273,ACC,2026-03-08T14:26:03Z,2026-06-30T00:00:00Z,LATE_KNOWN_EVENT,event not known at as_of_utc; using it would leak future information,REQ_0001574,2026-03-10T01:28:45Z
event,CASE_00001273,ACC,2026-03-08T14:26:03Z,2026-06-30T00:00:00Z,LATE_KNOWN_EVENT,event not known at as_of_utc; using it would leak future information,REQ_0001575,2026-03-08T23:35:14Z
event,CASE_00001273,LIBP,2026-03-08T22:45:56Z,2026-03-09T03:12:48Z,LATE_KNOWN_EVENT,event not known at as_of_utc; using it would leak future information,REQ_0001575,2026-03-08T23:35:14Z
event,CASE_00001280,REV,2025-09-05T08:53:51Z,2025-09-05T11:25:45Z,LATE_KNOWN_EVENT,event not known at as_of_utc; using it would leak future information,REQ_0001582,2025-09-05T09:37:14Z
event,CASE_00001285,LIBP,2026-02-27T01:05:10Z,2026-02-27T05:31:49Z,LATE_KNOWN_EVENT,event not known at as_of_utc; using it would leak future information,REQ_0001589,2026-02-27T05:22:46Z
event,CASE_00001288,ACC,2025-11-25T02:24:42Z,2026-06-27T02:02:34Z,LATE_KNOWN_EVENT,event not known at as_of_utc; using it would leak future information,REQ_0001593,2025-11-28T03:40:25Z
event,CASE_00001288,ACC,2025-11-25T02:24:42Z,2026-06-27T02:02:34Z,LATE_KNOWN_EVENT,event not known at as_of_utc; using it would leak future information,REQ_0001594,2025-11-25T21:25:15Z
event,CASE_00001288,LIBP,2025-11-25T18:20:19Z,2025-11-26T00:09:04Z,LATE_KNOWN_EVENT,event not known at as_of_utc; using it would leak future information,REQ_0001594,2025-11-25T21:25:15Z
event,CASE_00001298,SEQ,2026-02-25T02:23:52Z,2026-02-25T08:04:25Z,LATE_KNOWN_EVENT,event not known at as_of_utc; using it would leak future information,REQ_0001608,2026-02-25T07:26:43Z
event,CASE_00001300,SEQ,2026-02-25T01:33:01Z,2026-02-25T06:35:58Z,LATE_KNOWN_EVENT,event not known at as_of_utc; using it would leak future information,REQ_0001611,2026-02-25T04:56:08Z
event,CASE_00001318,SEQ,2025-06-14T07:58:03Z,2025-09-15T04:39:58Z,LATE_KNOWN_EVENT,event not known at as_of_utc; using it would leak future information,REQ_0001634,2025-06-15T02:32:46Z
event,CASE_00001339,ACC,2026-05-06T05:55:31Z,2026-06-30T00:00:00Z,LATE_KNOWN_EVENT,event not known at as_of_utc; using it would leak future information,REQ_0001662,2026-05-08T07:20:49Z
event,CASE_00001339,SEQ,2026-05-07T11:46:28Z,2026-06-30T00:00:00Z,LATE_KNOWN_EVENT,event not known at as_of_utc; using it would leak future information,REQ_0001662,2026-05-08T07:20:49Z
event,CASE_00001350,SEQ,2026-02-06T22:27:07Z,2026-02-07T01:17:13Z,LATE_KNOWN_EVENT,event not known at as_of_utc; using it would leak future information,REQ_0001674,2026-02-07T00:22:41Z
event,CASE_00001358,ACC,2026-05-16T12:31:33Z,2026-06-30T00:00:00Z,LATE_KNOWN_EVENT,event not known at as_of_utc; using it would leak future information,REQ_0001684,2026-05-19T16:50:55Z
event,CASE_00001360,LIBP,2025-07-20T12:42:03Z,2025-07-20T13:24:16Z,LATE_KNOWN_EVENT,event not known at as_of_utc; using it would leak future information,REQ_0001687,2025-07-20T12:43:58Z
event,CASE_00001365,ACC,2026-04-10T14:36:46Z,2026-06-30T00:00:00Z,LATE_KNOWN_EVENT,event not known at as_of_utc; using it would leak future information,REQ_0001694,2026-04-12T11:25:40Z
event,CASE_00001365,ACC,2026-04-10T14:36:46Z,2026-06-30T00:00:00Z,LATE_KNOWN_EVENT,event not known at as_of_utc; using it would leak future information,REQ_0001695,2026-04-11T11:34:15Z
event,CASE_00001375,SEQ,2025-11-19T15:49:58Z,2025-11-19T19:45:30Z,LATE_KNOWN_EVENT,event not known at as_of_utc; using it would leak future information,REQ_0001707,2025-11-19T15:56:14Z
event,CASE_00001380,ACC,2025-09-13T21:46:54Z,2026-03-27T18:33:31Z,LATE_KNOWN_EVENT,event not known at as_of_utc; using it would leak future information,REQ_0001713,2025-09-16T21:10:44Z
event,CASE_00001388,LIBP,2025-11-18T09:33:20Z,2025-11-18T13:02:49Z,LATE_KNOWN_EVENT,event not known at as_of_utc; using it would leak future information,REQ_0001724,2025-11-18T12:50:42Z
event,CASE_00001396,SEQ,2025-11-14T17:01:53Z,2025-11-14T22:31:08Z,LATE_KNOWN_EVENT,event not known at as_of_utc; using it would leak future information,REQ_0001734,2025-11-14T22:05:43Z
event,CASE_00001425,SEQ,2025-11-26T16:38:11Z,2026-04-22T17:12:18Z,LATE_KNOWN_EVENT,event not known at as_of_utc; using it would leak future information,REQ_0001771,2025-11-27T14:59:46Z
event,CASE_00001425,SEQ,2025-11-26T16:38:11Z,2026-04-22T17:12:18Z,LATE_KNOWN_EVENT,event not known at as_of_utc; using it would leak future information,REQ_0001772,2025-11-26T16:46:08Z
event,CASE_00001427,ACC,2026-05-05T02:08:16Z,2026-06-30T00:00:00Z,LATE_KNOWN_EVENT,event not known at as_of_utc; using it would leak future information,REQ_0001775,2026-05-07T05:20:04Z
event,CASE_00001436,SEQ,2025-11-30T06:32:11Z,2025-11-30T10:36:34Z,LATE_KNOWN_EVENT,event not known at as_of_utc; using it would leak future information,REQ_0001786,2025-11-30T09:23:20Z
event,CASE_00001440,LIBP,2025-12-30T07:47:57Z,2026-06-30T00:00:00Z,LATE_KNOWN_EVENT,event not known at as_of_utc; using it would leak future information,REQ_0001791,2025-12-30T23:04:15Z
event,CASE_00001442,SEQ,2026-04-17T15:28:42Z,2026-06-30T00:00:00Z,LATE_KNOWN_EVENT,event not known at as_of_utc; using it would leak future information,REQ_0001793,2026-04-17T17:33:20Z
event,CASE_00001446,LIBP,2025-08-24T15:21:24Z,2025-08-24T19:04:52Z,LATE_KNOWN_EVENT,event not known at as_of_utc; using it would leak future information,REQ_0001800,2025-08-24T17:42:35Z
event,CASE_00001447,LIBP,2026-05-07T19:24:12Z,2026-05-07T23:33:35Z,LATE_KNOWN_EVENT,event not known at as_of_utc; using it would leak future information,REQ_0001802,2026-05-07T21:16:06Z
event,CASE_00001461,SEQ,2025-12-27T11:55:03Z,2025-12-27T13:58:38Z,LATE_KNOWN_EVENT,event not known at as_of_utc; using it would leak future information,REQ_0001819,2025-12-27T12:10:17Z
event,CASE_00001463,SEQ,2025-06-03T06:32:58Z,2025-06-03T08:36:31Z,LATE_KNOWN_EVENT,event not known at as_of_utc; using it would leak future information,REQ_0001822,2025-06-03T07:34:58Z
event,CASE_00001468,LIBP,2026-02-17T07:36:59Z,2026-02-17T12:20:35Z,LATE_KNOWN_EVENT,event not known at as_of_utc; using it would leak future information,REQ_0001828,2026-02-17T08:11:23Z
event,CASE_00001469,SEQ,2025-12-11T11:34:44Z,2026-06-17T21:53:40Z,LATE_KNOWN_EVENT,event not known at as_of_utc; using it would leak future information,REQ_0001829,2025-12-12T07:18:00Z
event,CASE_00001472,SEQ,2025-12-07T11:42:56Z,2026-05-19T01:36:07Z,LATE_KNOWN_EVENT,event not known at as_of_utc; using it would leak future information,REQ_0001834,2025-12-08T01:21:28Z
event,CASE_00001481,ACC,2025-09-13T07:21:23Z,2026-02-12T00:19:40Z,LATE_KNOWN_EVENT,event not known at as_of_utc; using it would leak future information,REQ_0001845,2025-09-14T05:53:57Z
event,CASE_00001485,SEQ,2026-04-01T22:43:55Z,2026-06-04T01:57:37Z,LATE_KNOWN_EVENT,event not known at as_of_utc; using it would leak future information,REQ_0001849,2026-04-02T05:50:23Z
event,CASE_00001491,SEQ,2026-05-29T04:40:25Z,2026-06-30T00:00:00Z,LATE_KNOWN_EVENT,event not known at as_of_utc; using it would leak future information,REQ_0001856,2026-05-29T19:40:55Z
event,CASE_00001494,SEQ,2025-11-12T17:20:49Z,2026-01-19T19:11:03Z,LATE_KNOWN_EVENT,event not known at as_of_utc; using it would leak future information,REQ_0001860,2025-11-13T13:37:50Z
event,CASE_00001497,LIBP,2025-09-02T21:46:52Z,2025-09-03T02:30:30Z,LATE_KNOWN_EVENT,event not known at as_of_utc; using it would leak future information,REQ_0001865,2025-09-02T23:14:56Z
event,CASE_00001498,ACC,2025-09-02T10:24:54Z,2025-11-08T06:28:02Z,LATE_KNOWN_EVENT,event not known at as_of_utc; using it would leak future information,REQ_0001866,2025-09-04T10:37:26Z
event,CASE_00001498,ACC,2025-09-02T10:24:54Z,2025-11-08T06:28:02Z,LATE_KNOWN_EVENT,event not known at as_of_utc; using it would leak future information,REQ_0001867,2025-09-03T22:44:07Z
event,CASE_00001506,SEQ,2026-04-17T17:39:12Z,2026-04-17T20:07:33Z,LATE_KNOWN_EVENT,event not known at as_of_utc; using it would leak future information,REQ_0001879,2026-04-17T19:43:43Z
event,CASE_00001526,SEQ,2025-10-20T21:38:58Z,2025-10-21T03:31:31Z,LATE_KNOWN_EVENT,event not known at as_of_utc; using it would leak future information,REQ_0001902,2025-10-21T01:36:44Z
event,CASE_00001536,ACC,2025-09-06T04:15:35Z,2026-03-20T07:39:25Z,LATE_KNOWN_EVENT,event not known at as_of_utc; using it would leak future information,REQ_0001916,2025-09-09T13:41:10Z
event,CASE_00001537,LIBP,2025-11-17T17:43:32Z,2025-11-17T23:14:59Z,LATE_KNOWN_EVENT,event not known at as_of_utc; using it would leak future information,REQ_0001918,2025-11-17T20:06:51Z
event,CASE_00001539,LIBP,2025-07-29T06:18:19Z,2025-07-29T10:08:12Z,LATE_KNOWN_EVENT,event not known at as_of_utc; using it would leak future information,REQ_0001921,2025-07-29T08:33:56Z
event,CASE_00001544,LIBP,2025-08-31T00:08:01Z,2025-12-05T20:39:21Z,LATE_KNOWN_EVENT,event not known at as_of_utc; using it would leak future information,REQ_0001927,2025-09-02T00:51:51Z
event,CASE_00001544,LIBP,2025-08-31T00:08:01Z,2025-12-05T20:39:21Z,LATE_KNOWN_EVENT,event not known at as_of_utc; using it would leak future information,REQ_0001928,2025-08-31T18:22:25Z
event,CASE_00001547,SEQ,2026-01-08T23:32:36Z,2026-06-30T00:00:00Z,LATE_KNOWN_EVENT,event not known at as_of_utc; using it would leak future information,REQ_0001931,2026-01-09T11:06:03Z
event,CASE_00001560,LIBP,2025-09-22T09:03:20Z,2025-09-22T09:49:48Z,LATE_KNOWN_EVENT,event not known at as_of_utc; using it would leak future information,REQ_0001948,2025-09-22T09:17:50Z
event,CASE_00001568,SEQ,2026-04-02T20:19:10Z,2026-04-02T22:45:04Z,LATE_KNOWN_EVENT,event not known at as_of_utc; using it would leak future information,REQ_0001956,2026-04-02T21:25:47Z
event,CASE_00001573,SEQ,2025-11-30T12:50:58Z,2025-11-30T16:05:58Z,LATE_KNOWN_EVENT,event not known at as_of_utc; using it would leak future information,REQ_0001963,2025-11-30T15:02:31Z
event,CASE_00001576,LIBP,2026-05-27T03:51:30Z,2026-06-30T00:00:00Z,LATE_KNOWN_EVENT,event not known at as_of_utc; using it would leak future information,REQ_0001966,2026-05-28T07:12:16Z
event,CASE_00001576,LIBP,2026-05-27T03:51:30Z,2026-06-30T00:00:00Z,LATE_KNOWN_EVENT,event not known at as_of_utc; using it would leak future information,REQ_0001967,2026-05-27T18:04:37Z
event,CASE_00001583,LIBP,2025-12-16T21:23:59Z,2026-06-30T00:00:00Z,LATE_KNOWN_EVENT,event not known at as_of_utc; using it would leak future information,REQ_0001977,2025-12-18T13:07:03Z
event,CASE_00001585,SEQ,2026-01-10T04:29:00Z,2026-06-22T10:33:10Z,LATE_KNOWN_EVENT,event not known at as_of_utc; using it would leak future information,REQ_0001979,2026-01-10T16:28:14Z
event,CASE_00001593,SEQ,2026-03-14T10:47:58Z,2026-03-14T12:42:18Z,LATE_KNOWN_EVENT,event not known at as_of_utc; using it would leak future information,REQ_0001989,2026-03-14T12:26:44Z
event,CASE_00001597,REV,2026-05-04T21:31:08Z,2026-05-05T02:42:57Z,LATE_KNOWN_EVENT,event not known at as_of_utc; using it would leak future information,REQ_0001994,2026-05-05T02:24:48Z
event,CASE_00001599,REV,2025-10-15T13:15:07Z,2025-10-15T15:45:14Z,LATE_KNOWN_EVENT,event not known at as_of_utc; using it would leak future information,REQ_0001996,2025-10-15T15:37:05Z
event,CASE_00001600,REV,2025-09-20T07:51:43Z,2025-09-20T10:32:07Z,LATE_KNOWN_EVENT,event not known at as_of_utc; using it would leak future information,REQ_0001997,2025-09-20T10:26:19Z
event,CASE_00001603,ANL,2025-12-10T09:08:54Z,2025-12-10T14:55:21Z,LATE_KNOWN_EVENT,event not known at as_of_utc; using it would leak future information,REQ_0002000,2025-12-10T14:38:45Z
event,CASE_00001603,REV,2025-12-10T11:29:39Z,2025-12-10T14:41:27Z,LATE_KNOWN_EVENT,event not known at as_of_utc; using it would leak future information,REQ_0002000,2025-12-10T14:38:45Z
event,CASE_00001604,REV,2025-10-01T21:34:43Z,2025-10-02T02:17:41Z,LATE_KNOWN_EVENT,event not known at as_of_utc; using it would leak future information,REQ_0002001,2025-10-02T01:14:02Z
event,CASE_00001607,REV,2025-08-11T19:21:18Z,2025-08-12T01:12:03Z,LATE_KNOWN_EVENT,event not known at as_of_utc; using it would leak future information,REQ_0002004,2025-08-11T23:23:46Z
event,CASE_00001609,REV,2025-08-22T06:06:39Z,2025-08-22T10:34:07Z,LATE_KNOWN_EVENT,event not known at as_of_utc; using it would leak future information,REQ_0002006,2025-08-22T09:03:17Z
event,CASE_00001611,REV,2025-10-14T15:42:40Z,2025-10-14T21:30:33Z,LATE_KNOWN_EVENT,event not known at as_of_utc; using it would leak future information,REQ_0002008,2025-10-14T20:45:33Z
event,CASE_00001615,REV,2025-07-16T09:59:54Z,2025-07-16T14:19:46Z,LATE_KNOWN_EVENT,event not known at as_of_utc; using it would leak future information,REQ_0002012,2025-07-16T12:10:47Z
event,CASE_00001622,REV,2025-06-29T17:23:09Z,2025-06-29T20:43:21Z,LATE_KNOWN_EVENT,event not known at as_of_utc; using it would leak future information,REQ_0002019,2025-06-29T19:50:29Z
event,CASE_00001623,REV,2025-09-22T12:26:45Z,2025-09-22T17:31:34Z,LATE_KNOWN_EVENT,event not known at as_of_utc; using it would leak future information,REQ_0002020,2025-09-22T17:07:43Z
event,CASE_00001624,ANL,2025-09-10T23:34:27Z,2025-09-11T03:07:50Z,LATE_KNOWN_EVENT,event not known at as_of_utc; using it would leak future information,REQ_0002021,2025-09-11T02:30:13Z
event,CASE_00001626,SEQ,2025-11-23T12:27:45Z,2026-05-01T14:15:04Z,LATE_KNOWN_EVENT,event not known at as_of_utc; using it would leak future information,REQ_0002023,2025-11-26T12:00:56Z
event,CASE_00001628,REV,2026-01-16T20:58:48Z,2026-01-17T01:52:46Z,LATE_KNOWN_EVENT,event not known at as_of_utc; using it would leak future information,REQ_0002025,2026-01-17T00:25:26Z
event,CASE_00001631,REV,2025-11-24T01:27:18Z,2025-11-24T06:28:48Z,LATE_KNOWN_EVENT,event not known at as_of_utc; using it would leak future information,REQ_0002028,2025-11-24T05:38:47Z
event,CASE_00001633,REV,2025-09-27T11:11:36Z,2025-09-27T17:01:40Z,LATE_KNOWN_EVENT,event not known at as_of_utc; using it would leak future information,REQ_0002030,2025-09-27T15:10:31Z
event,CASE_00001639,REV,2025-09-04T02:58:53Z,2025-09-04T06:56:40Z,LATE_KNOWN_EVENT,event not known at as_of_utc; using it would leak future information,REQ_0002036,2025-09-04T05:58:58Z
event,CASE_00001642,SEQ,2025-11-06T17:55:25Z,2026-03-06T17:55:32Z,LATE_KNOWN_EVENT,event not known at as_of_utc; using it would leak future information,REQ_0002039,2025-11-10T00:01:32Z
event,CASE_00001642,REV,2025-11-09T20:37:05Z,2026-01-31T22:41:22Z,LATE_KNOWN_EVENT,event not known at as_of_utc; using it would leak future information,REQ_0002039,2025-11-10T00:01:32Z
event,CASE_00001646,LIBP,2026-04-10T22:28:11Z,2026-06-30T00:00:00Z,LATE_KNOWN_EVENT,event not known at as_of_utc; using it would leak future information,REQ_0002043,2026-04-14T11:34:58Z
event,CASE_00001646,SEQ,2026-04-11T16:14:43Z,2026-06-30T00:00:00Z,LATE_KNOWN_EVENT,event not known at as_of_utc; using it would leak future information,REQ_0002043,2026-04-14T11:34:58Z
event,CASE_00001648,ACC,2025-12-04T11:46:10Z,2026-05-01T14:01:25Z,LATE_KNOWN_EVENT,event not known at as_of_utc; using it would leak future information,REQ_0002045,2025-12-08T19:51:59Z
event,CASE_00001652,REV,2025-11-01T09:27:25Z,2026-01-23T05:32:12Z,LATE_KNOWN_EVENT,event not known at as_of_utc; using it would leak future information,REQ_0002049,2025-11-01T11:32:10Z
event,CASE_00001658,REV,2026-01-18T19:18:01Z,2026-01-19T01:07:19Z,LATE_KNOWN_EVENT,event not known at as_of_utc; using it would leak future information,REQ_0002055,2026-01-18T22:49:25Z
event,CASE_00001661,SEQ,2025-11-09T20:11:16Z,2026-05-28T22:28:12Z,LATE_KNOWN_EVENT,event not known at as_of_utc; using it would leak future information,REQ_0002058,2025-11-11T06:24:17Z
event,CASE_00001661,REV,2025-11-11T02:16:10Z,2025-11-11T06:37:09Z,LATE_KNOWN_EVENT,event not known at as_of_utc; using it would leak future information,REQ_0002058,2025-11-11T06:24:17Z
event,CASE_00001662,ANL,2025-10-23T10:33:49Z,2025-10-23T15:37:45Z,LATE_KNOWN_EVENT,event not known at as_of_utc; using it would leak future information,REQ_0002059,2025-10-23T12:38:41Z
event,CASE_00001665,ACC,2025-07-27T05:39:05Z,2025-11-07T05:44:43Z,LATE_KNOWN_EVENT,event not known at as_of_utc; using it would leak future information,REQ_0002062,2025-07-30T08:17:17Z
event,CASE_00001670,REV,2026-02-28T22:17:07Z,2026-03-01T01:05:29Z,LATE_KNOWN_EVENT,event not known at as_of_utc; using it would leak future information,REQ_0002067,2026-03-01T00:32:36Z
event,CASE_00001672,REV,2026-02-06T08:46:55Z,2026-06-25T09:59:17Z,LATE_KNOWN_EVENT,event not known at as_of_utc; using it would leak future information,REQ_0002069,2026-02-06T12:10:33Z
event,CASE_00001674,REV,2025-06-20T06:11:49Z,2025-06-20T11:31:46Z,LATE_KNOWN_EVENT,event not known at as_of_utc; using it would leak future information,REQ_0002071,2025-06-20T10:35:01Z
event,CASE_00001676,REV,2026-04-29T06:01:37Z,2026-06-30T00:00:00Z,LATE_KNOWN_EVENT,event not known at as_of_utc; using it would leak future information,REQ_0002073,2026-04-29T10:35:57Z
event,CASE_00001677,REV,2026-03-11T13:47:36Z,2026-03-11T19:11:06Z,LATE_KNOWN_EVENT,event not known at as_of_utc; using it would leak future information,REQ_0002074,2026-03-11T18:50:35Z
event,CASE_00001679,REV,2025-09-07T18:24:19Z,2025-09-07T23:08:29Z,LATE_KNOWN_EVENT,event not known at as_of_utc; using it would leak future information,REQ_0002076,2025-09-07T20:55:00Z
event,CASE_00001683,REV,2026-04-05T02:22:34Z,2026-04-05T05:54:17Z,LATE_KNOWN_EVENT,event not known at as_of_utc; using it would leak future information,REQ_0002080,2026-04-05T05:49:32Z
event,CASE_00001685,ANL,2026-02-03T11:06:24Z,2026-06-10T02:39:47Z,LATE_KNOWN_EVENT,event not known at as_of_utc; using it would leak future information,REQ_0002082,2026-02-04T00:10:02Z
event,CASE_00001689,ACC,2025-06-12T05:13:02Z,2025-12-14T22:54:42Z,LATE_KNOWN_EVENT,event not known at as_of_utc; using it would leak future information,REQ_0002086,2025-06-17T06:31:01Z
event,CASE_00001691,LIBP,2025-07-12T04:53:44Z,2026-02-11T16:09:01Z,LATE_KNOWN_EVENT,event not known at as_of_utc; using it would leak future information,REQ_0002088,2025-07-15T12:17:44Z
event,CASE_00001693,REV,2026-01-22T11:07:20Z,2026-01-22T16:05:33Z,LATE_KNOWN_EVENT,event not known at as_of_utc; using it would leak future information,REQ_0002090,2026-01-22T15:48:13Z
event,CASE_00001694,SEQ,2025-07-26T23:19:05Z,2026-02-16T15:53:10Z,LATE_KNOWN_EVENT,event not known at as_of_utc; using it would leak future information,REQ_0002091,2025-07-29T22:54:40Z
event,CASE_00001695,REV,2026-03-18T20:37:56Z,2026-03-19T01:06:35Z,LATE_KNOWN_EVENT,event not known at as_of_utc; using it would leak future information,REQ_0002092,2026-03-19T00:18:56Z
event,CASE_00001698,SEQ,2026-05-10T20:22:10Z,2026-06-30T00:00:00Z,LATE_KNOWN_EVENT,event not known at as_of_utc; using it would leak future information,REQ_0002095,2026-05-13T00:36:31Z
event,CASE_00001702,REV,2025-08-29T16:36:21Z,2026-03-09T13:36:41Z,LATE_KNOWN_EVENT,event not known at as_of_utc; using it would leak future information,REQ_0002099,2025-08-29T22:36:02Z
event,CASE_00001704,ANL,2025-12-23T05:37:21Z,2025-12-23T08:27:00Z,LATE_KNOWN_EVENT,event not known at as_of_utc; using it would leak future information,REQ_0002101,2025-12-23T08:22:01Z
event,CASE_00001710,LIBP,2026-04-27T10:37:30Z,2026-06-30T00:00:00Z,LATE_KNOWN_EVENT,event not known at as_of_utc; using it would leak future information,REQ_0002107,2026-04-29T02:41:30Z
event,CASE_00001712,REV,2025-07-31T03:42:14Z,2025-07-31T09:36:17Z,LATE_KNOWN_EVENT,event not known at as_of_utc; using it would leak future information,REQ_0002109,2025-07-31T08:01:29Z
event,CASE_00001715,REV,2026-06-01T14:55:18Z,2026-06-01T17:25:53Z,LATE_KNOWN_EVENT,event not known at as_of_utc; using it would leak future information,REQ_0002112,2026-06-01T17:23:57Z
event,CASE_00001716,LIBP,2026-02-05T22:24:15Z,2026-05-05T18:11:45Z,LATE_KNOWN_EVENT,event not known at as_of_utc; using it would leak future information,REQ_0002113,2026-02-10T02:24:44Z
event,CASE_00001717,LIBP,2026-02-26T14:36:10Z,2026-04-30T14:47:25Z,LATE_KNOWN_EVENT,event not known at as_of_utc; using it would leak future information,REQ_0002114,2026-03-02T08:03:03Z
event,CASE_00001722,LIBP,2025-11-23T06:13:14Z,2026-03-03T10:24:26Z,LATE_KNOWN_EVENT,event not known at as_of_utc; using it would leak future information,REQ_0002119,2025-11-26T01:12:08Z
event,CASE_00001723,REV,2025-08-17T08:15:09Z,2025-08-17T12:06:15Z,LATE_KNOWN_EVENT,event not known at as_of_utc; using it would leak future information,REQ_0002120,2025-08-17T10:55:07Z
event,CASE_00001725,ANL,2026-04-01T22:22:47Z,2026-06-30T00:00:00Z,LATE_KNOWN_EVENT,event not known at as_of_utc; using it would leak future information,REQ_0002122,2026-04-02T10:10:46Z
event,CASE_00001726,REV,2026-05-28T06:53:23Z,2026-05-28T11:01:32Z,LATE_KNOWN_EVENT,event not known at as_of_utc; using it would leak future information,REQ_0002123,2026-05-28T10:56:18Z
event,CASE_00001728,ACC,2025-10-28T13:00:08Z,2026-04-04T23:24:39Z,LATE_KNOWN_EVENT,event not known at as_of_utc; using it would leak future information,REQ_0002125,2025-10-31T18:32:20Z
event,CASE_00001728,REV,2025-10-31T15:41:36Z,2025-10-31T21:41:22Z,LATE_KNOWN_EVENT,event not known at as_of_utc; using it would leak future information,REQ_0002125,2025-10-31T18:32:20Z
event,CASE_00001733,REV,2025-08-21T16:35:52Z,2025-12-24T08:56:29Z,LATE_KNOWN_EVENT,event not known at as_of_utc; using it would leak future information,REQ_0002130,2025-08-21T23:54:32Z
event,CASE_00001734,ACC,2026-05-19T20:24:40Z,2026-06-30T00:00:00Z,LATE_KNOWN_EVENT,event not known at as_of_utc; using it would leak future information,REQ_0002131,2026-05-24T17:05:07Z
event,CASE_00001736,ACC,2025-12-21T10:39:27Z,2026-06-30T00:00:00Z,LATE_KNOWN_EVENT,event not known at as_of_utc; using it would leak future information,REQ_0002133,2025-12-25T02:43:42Z
event,CASE_00001740,ANL,2026-04-20T07:56:30Z,2026-04-20T11:08:25Z,LATE_KNOWN_EVENT,event not known at as_of_utc; using it would leak future information,REQ_0002137,2026-04-20T10:38:32Z
event,CASE_00001741,REV,2025-09-08T08:53:03Z,2025-09-08T12:45:30Z,LATE_KNOWN_EVENT,event not known at as_of_utc; using it would leak future information,REQ_0002138,2025-09-08T12:31:44Z
event,CASE_00001756,SEQ,2024-02-02T00:46:24Z,2024-02-02T05:21:30Z,LATE_KNOWN_EVENT,event not known at as_of_utc; using it would leak future information,REQ_0002155,2024-02-02T01:55:06Z
event,CASE_00001792,SEQ,2024-07-02T02:56:46Z,2024-10-11T11:13:16Z,LATE_KNOWN_EVENT,event not known at as_of_utc; using it would leak future information,REQ_0002200,2024-07-02T10:16:57Z
event,CASE_00001806,ACC,2024-04-06T06:08:35Z,2024-06-25T16:27:33Z,LATE_KNOWN_EVENT,event not known at as_of_utc; using it would leak future information,REQ_0002218,2024-04-11T04:05:55Z
event,CASE_00001808,QC,2024-06-30T05:12:36Z,2024-10-17T04:03:42Z,LATE_KNOWN_EVENT,event not known at as_of_utc; using it would leak future information,REQ_0002220,2024-07-02T07:51:02Z
event,CASE_00001811,ACC,2024-04-11T03:33:21Z,2024-11-19T05:22:56Z,LATE_KNOWN_EVENT,event not known at as_of_utc; using it would leak future information,REQ_0002224,2024-04-15T06:04:36Z
event,CASE_00001826,QC,2024-02-19T13:58:57Z,2024-05-28T01:40:47Z,LATE_KNOWN_EVENT,event not known at as_of_utc; using it would leak future information,REQ_0002242,2024-02-23T06:15:59Z
event,CASE_00001836,SEQ,2024-02-14T19:33:12Z,2024-02-15T01:11:53Z,LATE_KNOWN_EVENT,event not known at as_of_utc; using it would leak future information,REQ_0002253,2024-02-14T21:35:21Z
event,CASE_00001845,QC,2024-06-09T09:10:46Z,2024-10-21T21:42:01Z,LATE_KNOWN_EVENT,event not known at as_of_utc; using it would leak future information,REQ_0002264,2024-06-12T07:22:17Z
event,CASE_00001845,QC,2024-06-09T09:10:46Z,2024-10-21T21:42:01Z,LATE_KNOWN_EVENT,event not known at as_of_utc; using it would leak future information,REQ_0002265,2024-06-09T17:57:00Z
event,CASE_00001849,SEQ,2024-05-02T22:10:56Z,2024-05-02T23:37:14Z,LATE_KNOWN_EVENT,event not known at as_of_utc; using it would leak future information,REQ_0002270,2024-05-02T23:31:59Z
event,CASE_00001850,SEQ,2024-02-03T15:53:43Z,2024-05-13T06:26:58Z,LATE_KNOWN_EVENT,event not known at as_of_utc; using it would leak future information,REQ_0002272,2024-02-05T11:36:12Z
event,CASE_00001862,ACC,2024-04-26T02:35:22Z,2024-09-16T04:20:44Z,LATE_KNOWN_EVENT,event not known at as_of_utc; using it would leak future information,REQ_0002290,2024-04-28T14:11:20Z
event,CASE_00001862,ACC,2024-04-26T02:35:22Z,2024-09-16T04:20:44Z,LATE_KNOWN_EVENT,event not known at as_of_utc; using it would leak future information,REQ_0002291,2024-04-27T05:55:41Z
event,CASE_00001864,SEQ,2024-04-22T21:45:24Z,2024-04-23T03:08:12Z,LATE_KNOWN_EVENT,event not known at as_of_utc; using it would leak future information,REQ_0002294,2024-04-23T03:03:36Z
event,CASE_00001867,QC,2024-03-10T02:45:36Z,2024-03-10T08:11:09Z,LATE_KNOWN_EVENT,event not known at as_of_utc; using it would leak future information,REQ_0002299,2024-03-10T07:48:13Z
event,CASE_00001869,QC,2024-05-16T21:08:31Z,2024-12-02T03:01:29Z,LATE_KNOWN_EVENT,event not known at as_of_utc; using it would leak future information,REQ_0002302,2024-05-19T05:03:46Z
event,CASE_00001895,SEQ,2024-05-10T16:17:53Z,2024-05-10T18:27:44Z,LATE_KNOWN_EVENT,event not known at as_of_utc; using it would leak future information,REQ_0002333,2024-05-10T17:54:55Z
event,CASE_00001900,SEQ,2024-07-24T09:46:33Z,2024-10-29T06:29:24Z,LATE_KNOWN_EVENT,event not known at as_of_utc; using it would leak future information,REQ_0002341,2024-07-26T07:59:14Z
event,CASE_00001909,SEQ,2024-01-23T03:38:14Z,2024-01-23T06:39:25Z,LATE_KNOWN_EVENT,event not known at as_of_utc; using it would leak future information,REQ_0002353,2024-01-23T04:47:27Z
event,CASE_00001917,SEQ,2024-06-14T16:13:38Z,2024-06-14T20:41:52Z,LATE_KNOWN_EVENT,event not known at as_of_utc; using it would leak future information,REQ_0002364,2024-06-14T17:01:13Z
event,CASE_00001948,SEQ,2024-06-30T12:23:46Z,2025-02-18T23:57:21Z,LATE_KNOWN_EVENT,event not known at as_of_utc; using it would leak future information,REQ_0002405,2024-07-02T15:32:11Z
event,CASE_00001950,SEQ,2024-03-20T10:51:26Z,2024-03-20T13:33:24Z,LATE_KNOWN_EVENT,event not known at as_of_utc; using it would leak future information,REQ_0002407,2024-03-20T13:06:42Z
event,CASE_00001952,ACC,2024-03-23T07:44:55Z,2024-07-16T06:37:13Z,LATE_KNOWN_EVENT,event not known at as_of_utc; using it would leak future information,REQ_0002410,2024-03-25T17:33:32Z
event,CASE_00001958,QC,2024-03-14T03:27:55Z,2024-03-14T08:36:02Z,LATE_KNOWN_EVENT,event not known at as_of_utc; using it would leak future information,REQ_0002419,2024-03-14T06:59:10Z
event,CASE_00001963,QC,2024-04-03T03:37:43Z,2024-04-03T07:47:26Z,LATE_KNOWN_EVENT,event not known at as_of_utc; using it would leak future information,REQ_0002425,2024-04-03T04:53:22Z
event,CASE_00001964,ACC,2024-05-21T19:13:51Z,2024-07-24T12:25:22Z,LATE_KNOWN_EVENT,event not known at as_of_utc; using it would leak future information,REQ_0002426,2024-05-25T01:58:33Z
event,CASE_00001966,SEQ,2024-05-24T14:20:13Z,2024-05-24T17:45:49Z,LATE_KNOWN_EVENT,event not known at as_of_utc; using it would leak future information,REQ_0002429,2024-05-24T17:00:29Z
event,CASE_00001968,QC,2024-07-20T12:05:14Z,2024-12-11T11:13:16Z,LATE_KNOWN_EVENT,event not known at as_of_utc; using it would leak future information,REQ_0002432,2024-07-23T11:14:26Z
event,CASE_00001968,QC,2024-07-20T12:05:14Z,2024-12-11T11:13:16Z,LATE_KNOWN_EVENT,event not known at as_of_utc; using it would leak future information,REQ_0002433,2024-07-21T01:48:40Z
event,CASE_00001969,ACC,2024-07-08T22:33:21Z,2025-01-30T21:39:54Z,LATE_KNOWN_EVENT,event not known at as_of_utc; using it would leak future information,REQ_0002434,2024-07-11T09:44:51Z
event,CASE_00001970,SEQ,2024-06-21T13:10:58Z,2024-08-31T09:26:10Z,LATE_KNOWN_EVENT,event not known at as_of_utc; using it would leak future information,REQ_0002435,2024-06-22T20:48:15Z
event,CASE_00001974,SEQ,2024-04-18T11:05:01Z,2024-04-18T15:37:46Z,LATE_KNOWN_EVENT,event not known at as_of_utc; using it would leak future information,REQ_0002441,2024-04-18T13:39:28Z
event,CASE_00001990,SEQ,2024-03-12T18:28:39Z,2024-03-12T22:26:07Z,LATE_KNOWN_EVENT,event not known at as_of_utc; using it would leak future information,REQ_0002460,2024-03-12T19:34:46Z
event,CASE_00002007,ACC,2024-01-21T14:57:36Z,2024-05-07T14:47:10Z,LATE_KNOWN_EVENT,event not known at as_of_utc; using it would leak future information,REQ_0002482,2024-01-24T10:35:18Z
event,CASE_00002007,ACC,2024-01-21T14:57:36Z,2024-05-07T14:47:10Z,LATE_KNOWN_EVENT,event not known at as_of_utc; using it would leak future information,REQ_0002483,2024-01-22T19:19:22Z
event,CASE_00002016,ACC,2024-02-25T06:36:29Z,2024-09-23T08:29:49Z,LATE_KNOWN_EVENT,event not known at as_of_utc; using it would leak future information,REQ_0002494,2024-02-29T03:33:45Z
event,CASE_00002016,ACC,2024-02-25T06:36:29Z,2024-09-23T08:29:49Z,LATE_KNOWN_EVENT,event not known at as_of_utc; using it would leak future information,REQ_0002495,2024-02-27T03:15:13Z
event,CASE_00002017,SEQ,2024-05-28T04:41:56Z,2024-05-28T06:05:25Z,LATE_KNOWN_EVENT,event not known at as_of_utc; using it would leak future information,REQ_0002497,2024-05-28T05:52:55Z
event,CASE_00002020,ACC,2024-04-04T06:11:55Z,2024-08-18T04:58:31Z,LATE_KNOWN_EVENT,event not known at as_of_utc; using it would leak future information,REQ_0002501,2024-04-08T21:48:18Z
event,CASE_00002020,ACC,2024-04-04T06:11:55Z,2024-08-18T04:58:31Z,LATE_KNOWN_EVENT,event not known at as_of_utc; using it would leak future information,REQ_0002502,2024-04-06T05:46:16Z
event,CASE_00002039,SEQ,2024-07-06T04:41:35Z,2024-07-06T07:10:17Z,LATE_KNOWN_EVENT,event not known at as_of_utc; using it would leak future information,REQ_0002528,2024-07-06T05:28:18Z
event,CASE_00002051,SEQ,2024-06-23T17:16:21Z,2024-12-20T05:03:40Z,LATE_KNOWN_EVENT,event not known at as_of_utc; using it would leak future information,REQ_0002542,2024-06-25T16:54:16Z
event,CASE_00002079,ACC,2024-06-04T17:42:17Z,2024-11-13T20:57:52Z,LATE_KNOWN_EVENT,event not known at as_of_utc; using it would leak future information,REQ_0002574,2024-06-06T13:28:15Z
event,CASE_00002096,ACC,2024-02-27T04:57:29Z,2024-09-22T07:44:17Z,LATE_KNOWN_EVENT,event not known at as_of_utc; using it would leak future information,REQ_0002597,2024-03-03T06:14:47Z
event,CASE_00002100,SEQ,2024-03-19T09:15:34Z,2024-11-14T01:57:57Z,LATE_KNOWN_EVENT,event not known at as_of_utc; using it would leak future information,REQ_0002603,2024-03-20T21:08:20Z
event,CASE_00002123,XADM,2024-03-27T16:26:00Z,2024-03-27T20:40:15Z,LATE_KNOWN_EVENT,event not known at as_of_utc; using it would leak future information,REQ_0002629,2024-03-27T20:37:51Z
event,CASE_00002127,SEQ,2024-07-01T20:08:38Z,2024-07-02T02:02:37Z,LATE_KNOWN_EVENT,event not known at as_of_utc; using it would leak future information,REQ_0002634,2024-07-02T00:18:11Z
event,CASE_00002135,QC,2024-04-16T08:21:50Z,2024-04-16T12:05:59Z,LATE_KNOWN_EVENT,event not known at as_of_utc; using it would leak future information,REQ_0002644,2024-04-16T09:04:05Z
event,CASE_00002137,ACC,2024-05-08T10:26:22Z,2024-08-09T18:45:24Z,LATE_KNOWN_EVENT,event not known at as_of_utc; using it would leak future information,REQ_0002647,2024-05-12T01:50:25Z
event,CASE_00002147,SEQ,2024-06-23T07:02:21Z,2024-11-04T12:55:29Z,LATE_KNOWN_EVENT,event not known at as_of_utc; using it would leak future information,REQ_0002660,2024-06-23T12:36:57Z
event,CASE_00002154,QC,2024-05-17T04:34:47Z,2024-12-12T11:41:08Z,LATE_KNOWN_EVENT,event not known at as_of_utc; using it would leak future information,REQ_0002670,2024-05-19T06:15:07Z
event,CASE_00002158,QC,2024-04-12T15:54:29Z,2024-11-19T14:28:19Z,LATE_KNOWN_EVENT,event not known at as_of_utc; using it would leak future information,REQ_0002676,2024-04-15T13:06:56Z
event,CASE_00002161,SEQ,2024-07-26T01:26:53Z,2024-07-26T02:48:01Z,LATE_KNOWN_EVENT,event not known at as_of_utc; using it would leak future information,REQ_0002680,2024-07-26T01:38:01Z
event,CASE_00002164,QC,2024-02-12T09:01:21Z,2024-06-07T06:52:12Z,LATE_KNOWN_EVENT,event not known at as_of_utc; using it would leak future information,REQ_0002683,2024-02-14T23:22:16Z
event,CASE_00002173,QC,2024-04-21T14:18:44Z,2024-09-05T21:07:32Z,LATE_KNOWN_EVENT,event not known at as_of_utc; using it would leak future information,REQ_0002694,2024-04-24T19:58:11Z
event,CASE_00002173,QC,2024-04-21T14:18:44Z,2024-09-05T21:07:32Z,LATE_KNOWN_EVENT,event not known at as_of_utc; using it would leak future information,REQ_0002695,2024-04-22T12:36:35Z
event,CASE_00002179,SEQ,2024-07-27T19:57:04Z,2025-01-17T23:56:14Z,LATE_KNOWN_EVENT,event not known at as_of_utc; using it would leak future information,REQ_0002703,2024-07-28T17:51:19Z
event,CASE_00002197,SEQ,2024-04-16T19:25:23Z,2024-08-26T17:24:58Z,LATE_KNOWN_EVENT,event not known at as_of_utc; using it would leak future information,REQ_0002725,2024-04-18T19:44:45Z
event,CASE_00002201,SEQ,2024-04-22T01:58:03Z,2024-04-22T02:45:29Z,LATE_KNOWN_EVENT,event not known at as_of_utc; using it would leak future information,REQ_0002731,2024-04-22T02:41:39Z
event,CASE_00002206,SEQ,2024-06-23T07:13:01Z,2024-06-23T10:34:04Z,LATE_KNOWN_EVENT,event not known at as_of_utc; using it would leak future information,REQ_0002738,2024-06-23T08:40:51Z
event,CASE_00002208,ACC,2024-01-30T09:17:04Z,2024-05-06T21:18:08Z,LATE_KNOWN_EVENT,event not known at as_of_utc; using it would leak future information,REQ_0002740,2024-02-04T12:37:26Z
event,CASE_00002208,ACC,2024-01-30T09:17:04Z,2024-05-06T21:18:08Z,LATE_KNOWN_EVENT,event not known at as_of_utc; using it would leak future information,REQ_0002741,2024-02-01T05:55:27Z
event,CASE_00002219,QC,2024-01-29T20:37:58Z,2024-09-03T12:44:59Z,LATE_KNOWN_EVENT,event not known at as_of_utc; using it would leak future information,REQ_0002754,2024-01-30T22:56:16Z
event,CASE_00002219,QC,2024-01-29T20:37:58Z,2024-09-03T12:44:59Z,LATE_KNOWN_EVENT,event not known at as_of_utc; using it would leak future information,REQ_0002755,2024-01-30T01:31:45Z
event,CASE_00002222,QC,2024-02-19T15:11:43Z,2024-02-19T20:59:40Z,LATE_KNOWN_EVENT,event not known at as_of_utc; using it would leak future information,REQ_0002760,2024-02-19T17:24:55Z
event,CASE_00002238,SEQ,2024-07-03T12:51:20Z,2024-07-03T16:37:07Z,LATE_KNOWN_EVENT,event not known at as_of_utc; using it would leak future information,REQ_0002780,2024-07-03T14:31:14Z
event,CASE_00002252,QC,2024-04-13T13:29:47Z,2024-11-05T07:11:30Z,LATE_KNOWN_EVENT,event not known at as_of_utc; using it would leak future information,REQ_0002799,2024-04-15T07:32:44Z
event,CASE_00002269,SEQ,2024-06-25T16:35:55Z,2024-12-14T00:17:39Z,LATE_KNOWN_EVENT,event not known at as_of_utc; using it would leak future information,REQ_0002821,2024-06-26T19:04:41Z
event,CASE_00002271,SEQ,2024-05-31T18:53:40Z,2024-06-01T00:30:16Z,LATE_KNOWN_EVENT,event not known at as_of_utc; using it would leak future information,REQ_0002823,2024-05-31T23:49:30Z
event,CASE_00002275,SEQ,2024-07-16T10:25:01Z,2024-10-21T15:10:33Z,LATE_KNOWN_EVENT,event not known at as_of_utc; using it would leak future information,REQ_0002829,2024-07-16T18:41:37Z
event,CASE_00002290,QC,2024-01-27T14:23:48Z,2024-06-14T10:38:38Z,LATE_KNOWN_EVENT,event not known at as_of_utc; using it would leak future information,REQ_0002847,2024-01-29T12:19:48Z
event,CASE_00002329,SEQ,2024-06-28T00:41:47Z,2024-06-28T06:08:06Z,LATE_KNOWN_EVENT,event not known at as_of_utc; using it would leak future information,REQ_0002891,2024-06-28T01:47:35Z
event,CASE_00002342,QC,2024-04-24T19:18:35Z,2024-12-11T01:43:12Z,LATE_KNOWN_EVENT,event not known at as_of_utc; using it would leak future information,REQ_0002905,2024-04-28T03:50:46Z
event,CASE_00002345,SEQ,2024-04-13T07:12:48Z,2024-11-02T02:17:21Z,LATE_KNOWN_EVENT,event not known at as_of_utc; using it would leak future information,REQ_0002909,2024-04-15T10:03:00Z
event,CASE_00002349,SEQ,2024-01-24T14:35:53Z,2024-01-24T16:04:37Z,LATE_KNOWN_EVENT,event not known at as_of_utc; using it would leak future information,REQ_0002914,2024-01-24T15:44:55Z
event,CASE_00002353,SEQ,2024-06-05T13:16:27Z,2024-10-28T10:30:43Z,LATE_KNOWN_EVENT,event not known at as_of_utc; using it would leak future information,REQ_0002920,2024-06-06T23:40:54Z
event,CASE_00002375,SEQ,2024-11-20T18:03:03Z,2025-03-17T22:56:09Z,LATE_KNOWN_EVENT,event not known at as_of_utc; using it would leak future information,REQ_0002950,2024-11-20T22:52:59Z
event,CASE_00002378,SEQ,2025-01-09T18:08:05Z,2025-07-19T16:15:55Z,LATE_KNOWN_EVENT,event not known at as_of_utc; using it would leak future information,REQ_0002955,2025-01-11T15:18:38Z
event,CASE_00002390,QC,2024-12-16T07:38:47Z,2024-12-16T08:46:05Z,LATE_KNOWN_EVENT,event not known at as_of_utc; using it would leak future information,REQ_0002972,2024-12-16T08:29:17Z
event,CASE_00002393,SEQ,2025-01-10T05:14:33Z,2025-01-10T08:32:48Z,LATE_KNOWN_EVENT,event not known at as_of_utc; using it would leak future information,REQ_0002976,2025-01-10T07:34:14Z
event,CASE_00002407,ACC,2025-01-13T15:26:27Z,2025-05-19T14:50:13Z,LATE_KNOWN_EVENT,event not known at as_of_utc; using it would leak future information,REQ_0002991,2025-01-19T14:57:24Z
event,CASE_00002407,SEQ,2025-01-15T19:13:03Z,2025-04-24T05:32:28Z,LATE_KNOWN_EVENT,event not known at as_of_utc; using it would leak future information,REQ_0002991,2025-01-19T14:57:24Z
event,CASE_00002410,SEQ,2024-12-16T10:30:54Z,2024-12-16T14:47:53Z,LATE_KNOWN_EVENT,event not known at as_of_utc; using it would leak future information,REQ_0002994,2024-12-16T12:11:27Z
event,CASE_00002413,SEQ,2024-11-14T11:32:22Z,2025-03-01T02:57:16Z,LATE_KNOWN_EVENT,event not known at as_of_utc; using it would leak future information,REQ_0002997,2024-11-16T09:15:48Z
event,CASE_00002428,SEQ,2025-04-29T20:53:12Z,2025-04-29T23:59:12Z,LATE_KNOWN_EVENT,event not known at as_of_utc; using it would leak future information,REQ_0003014,2025-04-29T23:45:29Z
event,CASE_00002444,QC,2024-10-28T12:58:45Z,2024-10-28T18:35:37Z,LATE_KNOWN_EVENT,event not known at as_of_utc; using it would leak future information,REQ_0003035,2024-10-28T18:33:35Z
event,CASE_00002457,SEQ,2024-12-27T20:46:19Z,2024-12-27T23:21:05Z,LATE_KNOWN_EVENT,event not known at as_of_utc; using it would leak future information,REQ_0003050,2024-12-27T23:11:39Z
event,CASE_00002464,SEQ,2025-04-17T05:04:28Z,2025-04-17T09:23:29Z,LATE_KNOWN_EVENT,event not known at as_of_utc; using it would leak future information,REQ_0003058,2025-04-17T08:35:06Z
event,CASE_00002469,SEQ,2024-09-20T23:38:46Z,2024-09-21T05:08:10Z,LATE_KNOWN_EVENT,event not known at as_of_utc; using it would leak future information,REQ_0003065,2024-09-21T04:06:38Z
event,CASE_00002471,SEQ,2024-12-18T05:14:31Z,2025-06-10T16:53:50Z,LATE_KNOWN_EVENT,event not known at as_of_utc; using it would leak future information,REQ_0003067,2024-12-18T11:27:41Z
event,CASE_00002476,ACC,2024-12-31T15:49:47Z,2025-06-05T22:20:08Z,LATE_KNOWN_EVENT,event not known at as_of_utc; using it would leak future information,REQ_0003072,2025-01-03T19:34:09Z
event,CASE_00002482,SEQ,2024-09-03T20:23:06Z,2024-09-04T00:57:01Z,LATE_KNOWN_EVENT,event not known at as_of_utc; using it would leak future information,REQ_0003080,2024-09-04T00:29:21Z
event,CASE_00002493,SEQ,2025-03-27T01:38:55Z,2025-03-27T03:52:34Z,LATE_KNOWN_EVENT,event not known at as_of_utc; using it would leak future information,REQ_0003093,2025-03-27T02:50:46Z
event,CASE_00002505,QC,2024-09-09T13:58:27Z,2025-01-18T20:52:18Z,LATE_KNOWN_EVENT,event not known at as_of_utc; using it would leak future information,REQ_0003108,2024-09-11T20:17:49Z
event,CASE_00002517,SEQ,2024-10-04T00:02:57Z,2024-10-04T04:52:08Z,LATE_KNOWN_EVENT,event not known at as_of_utc; using it would leak future information,REQ_0003123,2024-10-04T03:32:34Z
event,CASE_00002525,ACC,2025-01-06T09:22:15Z,2025-03-27T15:58:43Z,LATE_KNOWN_EVENT,event not known at as_of_utc; using it would leak future information,REQ_0003133,2025-01-09T17:22:02Z
event,CASE_00002527,SEQ,2024-10-23T02:14:55Z,2024-10-23T06:52:13Z,LATE_KNOWN_EVENT,event not known at as_of_utc; using it would leak future information,REQ_0003135,2024-10-23T04:50:50Z
event,CASE_00002542,SEQ,2025-02-18T03:56:14Z,2025-02-18T09:31:07Z,LATE_KNOWN_EVENT,event not known at as_of_utc; using it would leak future information,REQ_0003155,2025-02-18T08:42:42Z
event,CASE_00002553,SEQ,2024-09-11T04:49:03Z,2024-12-12T02:28:18Z,LATE_KNOWN_EVENT,event not known at as_of_utc; using it would leak future information,REQ_0003167,2024-09-13T13:59:43Z
event,CASE_00002554,QC,2024-12-15T19:29:26Z,2025-04-20T15:35:54Z,LATE_KNOWN_EVENT,event not known at as_of_utc; using it would leak future information,REQ_0003168,2024-12-17T23:25:19Z
event,CASE_00002554,QC,2024-12-15T19:29:26Z,2025-04-20T15:35:54Z,LATE_KNOWN_EVENT,event not known at as_of_utc; using it would leak future information,REQ_0003169,2024-12-17T02:57:52Z
event,CASE_00002554,SEQ,2024-12-16T23:41:49Z,2024-12-17T03:01:43Z,LATE_KNOWN_EVENT,event not known at as_of_utc; using it would leak future information,REQ_0003169,2024-12-17T02:57:52Z
event,CASE_00002564,SEQ,2024-12-13T13:50:27Z,2024-12-13T19:44:32Z,LATE_KNOWN_EVENT,event not known at as_of_utc; using it would leak future information,REQ_0003182,2024-12-13T19:20:19Z
event,CASE_00002586,QC,2024-11-26T08:01:28Z,2024-11-26T13:27:12Z,LATE_KNOWN_EVENT,event not known at as_of_utc; using it would leak future information,REQ_0003209,2024-11-26T10:36:54Z
event,CASE_00002587,QC,2025-03-15T10:17:00Z,2025-03-15T15:16:59Z,LATE_KNOWN_EVENT,event not known at as_of_utc; using it would leak future information,REQ_0003211,2025-03-15T13:44:48Z
event,CASE_00002590,SEQ,2024-11-13T03:42:32Z,2024-11-13T09:11:03Z,LATE_KNOWN_EVENT,event not known at as_of_utc; using it would leak future information,REQ_0003214,2024-11-13T04:19:25Z
event,CASE_00002593,QC,2024-09-07T04:50:11Z,2024-12-04T10:52:46Z,LATE_KNOWN_EVENT,event not known at as_of_utc; using it would leak future information,REQ_0003217,2024-09-10T01:39:10Z
event,CASE_00002594,QC,2025-03-23T03:36:04Z,2025-07-20T00:14:38Z,LATE_KNOWN_EVENT,event not known at as_of_utc; using it would leak future information,REQ_0003218,2025-03-24T12:15:11Z
event,CASE_00002602,SEQ,2025-04-11T21:28:45Z,2025-12-04T06:10:36Z,LATE_KNOWN_EVENT,event not known at as_of_utc; using it would leak future information,REQ_0003228,2025-04-12T23:25:17Z
event,CASE_00002606,ACC,2024-11-04T16:55:19Z,2025-04-23T19:22:58Z,LATE_KNOWN_EVENT,event not known at as_of_utc; using it would leak future information,REQ_0003233,2024-11-06T09:33:23Z
event,CASE_00002608,QC,2025-03-17T13:22:23Z,2025-07-14T02:49:23Z,LATE_KNOWN_EVENT,event not known at as_of_utc; using it would leak future information,REQ_0003236,2025-03-19T15:41:14Z
event,CASE_00002610,QC,2025-04-29T23:29:45Z,2025-09-11T10:21:46Z,LATE_KNOWN_EVENT,event not known at as_of_utc; using it would leak future information,REQ_0003239,2025-05-01T17:52:21Z
event,CASE_00002618,ACC,2025-04-06T04:25:22Z,2025-10-04T16:45:02Z,LATE_KNOWN_EVENT,event not known at as_of_utc; using it would leak future information,REQ_0003248,2025-04-08T18:26:05Z
event,CASE_00002618,ACC,2025-04-06T04:25:22Z,2025-10-04T16:45:02Z,LATE_KNOWN_EVENT,event not known at as_of_utc; using it would leak future information,REQ_0003249,2025-04-07T09:34:40Z
event,CASE_00002629,ACC,2024-09-22T06:34:46Z,2025-02-12T14:03:28Z,LATE_KNOWN_EVENT,event not known at as_of_utc; using it would leak future information,REQ_0003263,2024-09-25T21:12:44Z
event,CASE_00002631,QC,2025-04-27T05:11:11Z,2025-11-23T12:59:50Z,LATE_KNOWN_EVENT,event not known at as_of_utc; using it would leak future information,REQ_0003265,2025-04-28T18:23:04Z
event,CASE_00002642,ACC,2025-03-09T04:19:23Z,2025-07-09T06:42:16Z,LATE_KNOWN_EVENT,event not known at as_of_utc; using it would leak future information,REQ_0003276,2025-03-13T00:31:23Z
event,CASE_00002645,SEQ,2025-03-04T02:00:50Z,2025-03-04T06:17:17Z,LATE_KNOWN_EVENT,event not known at as_of_utc; using it would leak future information,REQ_0003280,2025-03-04T03:53:50Z
event,CASE_00002654,QC,2025-03-15T19:13:26Z,2025-03-16T00:41:39Z,LATE_KNOWN_EVENT,event not known at as_of_utc; using it would leak future information,REQ_0003291,2025-03-15T21:52:04Z
event,CASE_00002655,QC,2025-04-26T17:47:06Z,2025-10-26T13:49:27Z,LATE_KNOWN_EVENT,event not known at as_of_utc; using it would leak future information,REQ_0003292,2025-04-28T01:19:52Z
event,CASE_00002658,SEQ,2025-03-22T05:12:30Z,2025-06-01T15:36:53Z,LATE_KNOWN_EVENT,event not known at as_of_utc; using it would leak future information,REQ_0003296,2025-03-23T09:09:13Z
event,CASE_00002670,SEQ,2025-04-29T17:20:49Z,2025-08-13T11:06:13Z,LATE_KNOWN_EVENT,event not known at as_of_utc; using it would leak future information,REQ_0003313,2025-05-01T15:32:51Z
event,CASE_00002670,QC,2025-04-28T14:33:44Z,2025-04-28T18:15:16Z,LATE_KNOWN_EVENT,event not known at as_of_utc; using it would leak future information,REQ_0003314,2025-04-28T17:34:04Z
event,CASE_00002672,QC,2024-11-02T15:01:20Z,2024-11-02T18:00:28Z,LATE_KNOWN_EVENT,event not known at as_of_utc; using it would leak future information,REQ_0003318,2024-11-02T15:47:31Z
event,CASE_00002683,SEQ,2024-11-24T08:04:31Z,2025-07-16T10:24:07Z,LATE_KNOWN_EVENT,event not known at as_of_utc; using it would leak future information,REQ_0003329,2024-11-25T07:15:27Z
event,CASE_00002687,SEQ,2024-10-08T18:33:11Z,2024-10-08T19:22:55Z,LATE_KNOWN_EVENT,event not known at as_of_utc; using it would leak future information,REQ_0003334,2024-10-08T19:15:46Z
event,CASE_00002688,ACC,2025-04-01T02:56:05Z,2025-10-24T03:20:17Z,LATE_KNOWN_EVENT,event not known at as_of_utc; using it would leak future information,REQ_0003335,2025-04-03T23:55:15Z
event,CASE_00002688,ACC,2025-04-01T02:56:05Z,2025-10-24T03:20:17Z,LATE_KNOWN_EVENT,event not known at as_of_utc; using it would leak future information,REQ_0003336,2025-04-02T17:54:16Z
event,CASE_00002702,QC,2024-09-22T02:37:57Z,2025-01-26T10:46:13Z,LATE_KNOWN_EVENT,event not known at as_of_utc; using it would leak future information,REQ_0003353,2024-09-23T16:53:41Z
event,CASE_00002707,QC,2025-04-17T16:14:25Z,2025-08-03T01:28:45Z,LATE_KNOWN_EVENT,event not known at as_of_utc; using it would leak future information,REQ_0003358,2025-04-20T08:32:39Z
event,CASE_00002709,QC,2024-09-23T09:50:54Z,2025-01-22T07:16:16Z,LATE_KNOWN_EVENT,event not known at as_of_utc; using it would leak future information,REQ_0003360,2024-09-25T05:18:39Z
event,CASE_00002710,ACC,2025-01-03T13:07:08Z,2025-07-19T20:42:25Z,LATE_KNOWN_EVENT,event not known at as_of_utc; using it would leak future information,REQ_0003361,2025-01-04T19:50:29Z
event,CASE_00002710,XQCC,2025-01-04T19:05:06Z,2025-01-04T22:16:02Z,LATE_KNOWN_EVENT,event not known at as_of_utc; using it would leak future information,REQ_0003361,2025-01-04T19:50:29Z
event,CASE_00002710,ACC,2025-01-03T13:07:08Z,2025-07-19T20:42:25Z,LATE_KNOWN_EVENT,event not known at as_of_utc; using it would leak future information,REQ_0003362,2025-01-03T20:59:17Z
event,CASE_00002714,QC,2024-11-24T08:28:55Z,2025-03-11T00:48:35Z,LATE_KNOWN_EVENT,event not known at as_of_utc; using it would leak future information,REQ_0003367,2024-11-27T10:26:21Z
event,CASE_00002714,QC,2024-11-24T08:28:55Z,2025-03-11T00:48:35Z,LATE_KNOWN_EVENT,event not known at as_of_utc; using it would leak future information,REQ_0003368,2024-11-24T20:30:59Z
event,CASE_00002715,QC,2024-12-09T16:29:41Z,2025-02-12T17:05:36Z,LATE_KNOWN_EVENT,event not known at as_of_utc; using it would leak future information,REQ_0003369,2024-12-11T16:51:10Z
event,CASE_00002719,ACC,2024-10-28T03:16:41Z,2025-03-23T13:24:02Z,LATE_KNOWN_EVENT,event not known at as_of_utc; using it would leak future information,REQ_0003375,2024-11-01T12:09:16Z
event,CASE_00002735,ACC,2025-03-27T14:13:58Z,2025-09-09T12:04:42Z,LATE_KNOWN_EVENT,event not known at as_of_utc; using it would leak future information,REQ_0003394,2025-03-31T14:47:24Z
event,CASE_00002735,ACC,2025-03-27T14:13:58Z,2025-09-09T12:04:42Z,LATE_KNOWN_EVENT,event not known at as_of_utc; using it would leak future information,REQ_0003395,2025-03-29T09:40:44Z
event,CASE_00002743,ACC,2025-02-24T17:40:06Z,2025-05-13T07:58:35Z,LATE_KNOWN_EVENT,event not known at as_of_utc; using it would leak future information,REQ_0003405,2025-02-26T21:13:18Z
event,CASE_00002746,SEQ,2025-03-19T03:57:32Z,2025-07-19T17:08:03Z,LATE_KNOWN_EVENT,event not known at as_of_utc; using it would leak future information,REQ_0003408,2025-03-21T05:22:30Z
event,CASE_00002746,SEQ,2025-03-19T03:57:32Z,2025-07-19T17:08:03Z,LATE_KNOWN_EVENT,event not known at as_of_utc; using it would leak future information,REQ_0003409,2025-03-19T06:54:42Z
event,CASE_00002758,QC,2025-02-27T18:24:42Z,2025-09-24T14:18:24Z,LATE_KNOWN_EVENT,event not known at as_of_utc; using it would leak future information,REQ_0003422,2025-03-01T12:47:30Z
event,CASE_00002760,ACC,2024-11-07T19:56:19Z,2025-02-11T00:30:26Z,LATE_KNOWN_EVENT,event not known at as_of_utc; using it would leak future information,REQ_0003424,2024-11-09T07:11:00Z
event,CASE_00002773,SEQ,2024-11-02T19:19:25Z,2024-11-02T23:32:07Z,LATE_KNOWN_EVENT,event not known at as_of_utc; using it would leak future information,REQ_0003438,2024-11-02T20:08:23Z
event,CASE_00002776,SEQ,2024-09-07T04:03:34Z,2024-09-07T08:14:51Z,LATE_KNOWN_EVENT,event not known at as_of_utc; using it would leak future information,REQ_0003441,2024-09-07T06:49:32Z
event,CASE_00002778,ACC,2024-10-23T19:30:20Z,2025-06-09T10:29:12Z,LATE_KNOWN_EVENT,event not known at as_of_utc; using it would leak future information,REQ_0003444,2024-10-26T18:20:07Z
event,CASE_00002783,SEQ,2024-09-30T14:27:39Z,2025-05-07T12:32:12Z,LATE_KNOWN_EVENT,event not known at as_of_utc; using it would leak future information,REQ_0003450,2024-10-03T06:00:24Z
event,CASE_00002788,SEQ,2024-10-17T21:50:15Z,2024-10-18T01:25:28Z,LATE_KNOWN_EVENT,event not known at as_of_utc; using it would leak future information,REQ_0003456,2024-10-18T00:37:25Z
event,CASE_00002798,SEQ,2025-03-02T17:46:39Z,2025-06-21T04:09:59Z,LATE_KNOWN_EVENT,event not known at as_of_utc; using it would leak future information,REQ_0003468,2025-03-03T09:47:10Z
event,CASE_00002826,QC,2024-10-29T06:05:27Z,2025-03-09T16:05:43Z,LATE_KNOWN_EVENT,event not known at as_of_utc; using it would leak future information,REQ_0003506,2024-10-30T15:28:47Z
event,CASE_00002826,SEQ,2024-10-30T11:38:29Z,2024-10-30T16:57:07Z,LATE_KNOWN_EVENT,event not known at as_of_utc; using it would leak future information,REQ_0003506,2024-10-30T15:28:47Z
event,CASE_00002828,SEQ,2024-12-12T08:31:56Z,2024-12-12T14:29:47Z,LATE_KNOWN_EVENT,event not known at as_of_utc; using it would leak future information,REQ_0003508,2024-12-12T13:50:26Z
event,CASE_00002829,SEQ,2024-10-12T08:13:59Z,2024-10-12T12:20:14Z,LATE_KNOWN_EVENT,event not known at as_of_utc; using it would leak future information,REQ_0003510,2024-10-12T08:45:46Z
event,CASE_00002848,ACC,2024-10-06T23:32:07Z,2025-05-25T06:30:23Z,LATE_KNOWN_EVENT,event not known at as_of_utc; using it would leak future information,REQ_0003534,2024-10-08T10:24:50Z
event,CASE_00002857,SEQ,2025-04-10T22:22:48Z,2025-04-11T03:14:09Z,LATE_KNOWN_EVENT,event not known at as_of_utc; using it would leak future information,REQ_0003545,2025-04-10T23:59:21Z
event,CASE_00002860,SEQ,2024-11-21T05:06:30Z,2024-11-21T09:44:54Z,LATE_KNOWN_EVENT,event not known at as_of_utc; using it would leak future information,REQ_0003550,2024-11-21T05:55:32Z
event,CASE_00002862,SEQ,2024-11-08T03:59:58Z,2024-11-08T07:37:32Z,LATE_KNOWN_EVENT,event not known at as_of_utc; using it would leak future information,REQ_0003552,2024-11-08T04:50:52Z
event,CASE_00002863,SEQ,2024-10-29T00:31:27Z,2024-10-29T05:02:59Z,LATE_KNOWN_EVENT,event not known at as_of_utc; using it would leak future information,REQ_0003553,2024-10-29T02:34:19Z
event,CASE_00002864,QC,2024-11-12T08:29:50Z,2024-11-12T14:17:54Z,LATE_KNOWN_EVENT,event not known at as_of_utc; using it would leak future information,REQ_0003555,2024-11-12T13:54:01Z
event,CASE_00002869,SEQ,2025-02-14T19:33:30Z,2025-02-15T00:32:15Z,LATE_KNOWN_EVENT,event not known at as_of_utc; using it would leak future information,REQ_0003561,2025-02-14T23:22:28Z
event,CASE_00002885,QC,2025-03-16T17:45:18Z,2025-10-29T03:06:53Z,LATE_KNOWN_EVENT,event not known at as_of_utc; using it would leak future information,REQ_0003579,2025-03-19T16:27:12Z
event,CASE_00002885,QC,2025-03-16T17:45:18Z,2025-10-29T03:06:53Z,LATE_KNOWN_EVENT,event not known at as_of_utc; using it would leak future information,REQ_0003580,2025-03-17T01:57:10Z
event,CASE_00002886,SEQ,2024-12-09T03:41:55Z,2024-12-09T04:44:42Z,LATE_KNOWN_EVENT,event not known at as_of_utc; using it would leak future information,REQ_0003581,2024-12-09T04:23:45Z
event,CASE_00002917,ACC,2025-03-01T16:23:27Z,2025-10-08T19:06:21Z,LATE_KNOWN_EVENT,event not known at as_of_utc; using it would leak future information,REQ_0003625,2025-03-04T17:17:28Z
event,CASE_00002920,ACC,2025-03-27T17:23:18Z,2025-10-12T13:50:08Z,LATE_KNOWN_EVENT,event not known at as_of_utc; using it would leak future information,REQ_0003628,2025-03-31T10:14:28Z
event,CASE_00002931,QC,2024-11-07T05:01:11Z,2025-05-22T11:30:33Z,LATE_KNOWN_EVENT,event not known at as_of_utc; using it would leak future information,REQ_0003643,2024-11-09T10:10:55Z
event,CASE_00002932,QC,2025-02-16T20:14:17Z,2025-06-03T21:59:40Z,LATE_KNOWN_EVENT,event not known at as_of_utc; using it would leak future information,REQ_0003645,2025-02-19T11:16:21Z
event,CASE_00002934,QC,2025-03-24T20:01:59Z,2025-06-13T08:32:18Z,LATE_KNOWN_EVENT,event not known at as_of_utc; using it would leak future information,REQ_0003647,2025-03-27T06:23:16Z
event,CASE_00002934,QC,2025-03-24T20:01:59Z,2025-06-13T08:32:18Z,LATE_KNOWN_EVENT,event not known at as_of_utc; using it would leak future information,REQ_0003648,2025-03-25T02:36:24Z
event,CASE_00002946,SEQ,2025-04-05T06:28:15Z,2025-04-05T11:23:22Z,LATE_KNOWN_EVENT,event not known at as_of_utc; using it would leak future information,REQ_0003663,2025-04-05T09:38:27Z
event,CASE_00002947,ACC,2024-11-18T10:58:23Z,2025-03-11T17:25:58Z,LATE_KNOWN_EVENT,event not known at as_of_utc; using it would leak future information,REQ_0003664,2024-11-22T10:06:40Z
event,CASE_00002964,CHK,2025-04-11T14:37:23Z,2025-04-11T19:24:42Z,LATE_KNOWN_EVENT,event not known at as_of_utc; using it would leak future information,REQ_0003685,2025-04-11T18:07:23Z
event,CASE_00002969,ACC,2025-01-08T04:33:36Z,2025-06-13T21:52:34Z,LATE_KNOWN_EVENT,event not known at as_of_utc; using it would leak future information,REQ_0003690,2025-01-13T10:13:27Z
event,CASE_00002972,QC,2025-02-20T22:33:52Z,2025-09-07T20:10:07Z,LATE_KNOWN_EVENT,event not known at as_of_utc; using it would leak future information,REQ_0003693,2025-02-24T05:02:49Z
event,CASE_00002975,CHK,2025-01-08T13:05:52Z,2025-01-08T19:02:12Z,LATE_KNOWN_EVENT,event not known at as_of_utc; using it would leak future information,REQ_0003696,2025-01-08T15:24:00Z
event,CASE_00002977,CHK,2025-02-13T13:11:35Z,2025-02-13T17:09:43Z,LATE_KNOWN_EVENT,event not known at as_of_utc; using it would leak future information,REQ_0003698,2025-02-13T15:32:10Z
event,CASE_00002981,SEQ,2025-01-12T07:54:04Z,2025-05-25T07:20:44Z,LATE_KNOWN_EVENT,event not known at as_of_utc; using it would leak future information,REQ_0003702,2025-01-14T04:41:22Z
event,CASE_00002981,CHK,2025-01-14T02:36:21Z,2025-01-14T05:04:10Z,LATE_KNOWN_EVENT,event not known at as_of_utc; using it would leak future information,REQ_0003702,2025-01-14T04:41:22Z
event,CASE_00002983,SEQ,2024-09-15T21:00:36Z,2025-02-09T10:49:40Z,LATE_KNOWN_EVENT,event not known at as_of_utc; using it would leak future information,REQ_0003704,2024-09-17T12:46:09Z
event,CASE_00002987,QC,2025-01-05T05:38:50Z,2025-08-01T19:29:31Z,LATE_KNOWN_EVENT,event not known at as_of_utc; using it would leak future information,REQ_0003708,2025-01-07T10:08:29Z
event,CASE_00003004,CHK,2025-01-13T10:06:10Z,2025-07-30T00:39:08Z,LATE_KNOWN_EVENT,event not known at as_of_utc; using it would leak future information,REQ_0003725,2025-01-13T16:59:13Z
event,CASE_00003005,SEQ,2025-03-20T16:39:50Z,2025-07-02T05:36:49Z,LATE_KNOWN_EVENT,event not known at as_of_utc; using it would leak future information,REQ_0003726,2025-03-24T17:26:14Z
event,CASE_00003006,CHK,2025-03-09T04:36:34Z,2025-06-14T03:37:00Z,LATE_KNOWN_EVENT,event not known at as_of_utc; using it would leak future information,REQ_0003727,2025-03-09T11:54:07Z
event,CASE_00003012,SEQ,2025-10-13T15:56:56Z,2025-10-13T19:11:31Z,LATE_KNOWN_EVENT,event not known at as_of_utc; using it would leak future information,REQ_0003733,2025-10-13T18:04:52Z
event,CASE_00003022,SEQ,2025-10-15T02:01:38Z,2026-05-13T02:53:53Z,LATE_KNOWN_EVENT,event not known at as_of_utc; using it would leak future information,REQ_0003746,2025-10-15T10:44:55Z
event,CASE_00003042,ACC,2026-01-28T00:04:17Z,2026-06-30T00:00:00Z,LATE_KNOWN_EVENT,event not known at as_of_utc; using it would leak future information,REQ_0003770,2026-01-30T09:46:23Z
event,CASE_00003045,ACC,2026-02-16T12:07:15Z,2026-06-30T00:00:00Z,LATE_KNOWN_EVENT,event not known at as_of_utc; using it would leak future information,REQ_0003774,2026-02-18T23:51:18Z
event,CASE_00003052,SEQ,2026-02-20T05:42:45Z,2026-05-04T22:09:21Z,LATE_KNOWN_EVENT,event not known at as_of_utc; using it would leak future information,REQ_0003781,2026-02-20T09:34:02Z
event,CASE_00003053,SEQ,2026-05-12T14:12:21Z,2026-06-30T00:00:00Z,LATE_KNOWN_EVENT,event not known at as_of_utc; using it would leak future information,REQ_0003782,2026-05-12T21:20:17Z
event,CASE_00003057,QC,2026-03-19T14:12:34Z,2026-03-19T19:57:53Z,LATE_KNOWN_EVENT,event not known at as_of_utc; using it would leak future information,REQ_0003788,2026-03-19T17:13:19Z
event,CASE_00003059,SEQ,2025-08-05T08:49:32Z,2025-12-19T12:26:59Z,LATE_KNOWN_EVENT,event not known at as_of_utc; using it would leak future information,REQ_0003791,2025-08-06T22:50:58Z
event,CASE_00003063,SEQ,2025-08-01T10:56:25Z,2025-08-01T16:11:37Z,LATE_KNOWN_EVENT,event not known at as_of_utc; using it would leak future information,REQ_0003797,2025-08-01T16:06:44Z
event,CASE_00003071,QC,2025-06-13T07:46:36Z,2025-06-13T11:52:45Z,LATE_KNOWN_EVENT,event not known at as_of_utc; using it would leak future information,REQ_0003806,2025-06-13T09:36:49Z
event,CASE_00003082,QC,2025-08-19T14:21:36Z,2026-01-15T16:32:40Z,LATE_KNOWN_EVENT,event not known at as_of_utc; using it would leak future information,REQ_0003817,2025-08-22T10:46:30Z
event,CASE_00003084,QC,2025-06-10T05:49:10Z,2025-09-15T22:12:45Z,LATE_KNOWN_EVENT,event not known at as_of_utc; using it would leak future information,REQ_0003819,2025-06-11T07:56:19Z
event,CASE_00003085,QC,2025-12-08T20:26:33Z,2025-12-09T01:32:59Z,LATE_KNOWN_EVENT,event not known at as_of_utc; using it would leak future information,REQ_0003821,2025-12-09T00:41:40Z
event,CASE_00003092,ACC,2025-11-16T04:09:39Z,2026-06-30T00:00:00Z,LATE_KNOWN_EVENT,event not known at as_of_utc; using it would leak future information,REQ_0003829,2025-11-17T07:57:16Z
event,CASE_00003092,SEQ,2025-11-17T06:29:36Z,2025-11-17T10:13:23Z,LATE_KNOWN_EVENT,event not known at as_of_utc; using it would leak future information,REQ_0003829,2025-11-17T07:57:16Z
event,CASE_00003100,SEQ,2025-08-11T17:30:05Z,2025-08-11T19:36:29Z,LATE_KNOWN_EVENT,event not known at as_of_utc; using it would leak future information,REQ_0003839,2025-08-11T18:49:56Z
event,CASE_00003101,QC,2025-07-16T05:08:59Z,2025-07-16T09:44:31Z,LATE_KNOWN_EVENT,event not known at as_of_utc; using it would leak future information,REQ_0003841,2025-07-16T08:22:59Z
event,CASE_00003107,QC,2025-12-24T23:48:04Z,2025-12-25T02:55:09Z,LATE_KNOWN_EVENT,event not known at as_of_utc; using it would leak future information,REQ_0003848,2025-12-25T00:22:37Z
event,CASE_00003111,ACC,2025-07-08T23:20:27Z,2025-11-10T08:46:36Z,LATE_KNOWN_EVENT,event not known at as_of_utc; using it would leak future information,REQ_0003853,2025-07-11T03:27:05Z
event,CASE_00003111,ACC,2025-07-08T23:20:27Z,2025-11-10T08:46:36Z,LATE_KNOWN_EVENT,event not known at as_of_utc; using it would leak future information,REQ_0003854,2025-07-10T18:30:46Z
event,CASE_00003112,QC,2026-05-09T00:22:33Z,2026-05-09T05:18:30Z,LATE_KNOWN_EVENT,event not known at as_of_utc; using it would leak future information,REQ_0003856,2026-05-09T05:11:54Z
event,CASE_00003118,QC,2026-05-09T04:54:56Z,2026-05-09T09:30:49Z,LATE_KNOWN_EVENT,event not known at as_of_utc; using it would leak future information,REQ_0003865,2026-05-09T07:55:28Z
event,CASE_00003125,SEQ,2025-08-25T11:27:21Z,2025-08-25T14:16:20Z,LATE_KNOWN_EVENT,event not known at as_of_utc; using it would leak future information,REQ_0003876,2025-08-25T14:14:44Z
event,CASE_00003149,SEQ,2026-04-26T18:46:25Z,2026-04-26T22:16:54Z,LATE_KNOWN_EVENT,event not known at as_of_utc; using it would leak future information,REQ_0003908,2026-04-26T21:09:03Z
event,CASE_00003170,QC,2025-09-17T12:11:44Z,2025-11-22T04:05:46Z,LATE_KNOWN_EVENT,event not known at as_of_utc; using it would leak future information,REQ_0003935,2025-09-19T20:17:10Z
event,CASE_00003171,SEQ,2025-12-04T00:11:54Z,2025-12-04T04:39:50Z,LATE_KNOWN_EVENT,event not known at as_of_utc; using it would leak future information,REQ_0003936,2025-12-04T02:01:24Z
event,CASE_00003173,QC,2025-08-02T13:14:00Z,2025-08-02T15:33:25Z,LATE_KNOWN_EVENT,event not known at as_of_utc; using it would leak future information,REQ_0003939,2025-08-02T14:03:25Z
event,CASE_00003174,ACC,2026-04-28T12:08:51Z,2026-06-30T00:00:00Z,LATE_KNOWN_EVENT,event not known at as_of_utc; using it would leak future information,REQ_0003940,2026-04-30T04:58:09Z
event,CASE_00003177,QC,2025-09-05T16:32:39Z,2026-02-12T05:12:34Z,LATE_KNOWN_EVENT,event not known at as_of_utc; using it would leak future information,REQ_0003944,2025-09-09T04:48:42Z
event,CASE_00003194,QC,2026-05-10T03:39:37Z,2026-05-10T08:34:38Z,LATE_KNOWN_EVENT,event not known at as_of_utc; using it would leak future information,REQ_0003968,2026-05-10T03:42:27Z
event,CASE_00003198,QC,2025-08-31T08:02:23Z,2025-12-14T20:49:07Z,LATE_KNOWN_EVENT,event not known at as_of_utc; using it would leak future information,REQ_0003972,2025-09-01T22:47:51Z
event,CASE_00003203,QC,2025-07-28T21:24:43Z,2025-07-29T00:06:39Z,LATE_KNOWN_EVENT,event not known at as_of_utc; using it would leak future information,REQ_0003978,2025-07-28T22:24:04Z
event,CASE_00003214,SEQ,2026-04-03T16:24:25Z,2026-04-03T19:32:08Z,LATE_KNOWN_EVENT,event not known at as_of_utc; using it would leak future information,REQ_0003992,2026-04-03T17:58:08Z
event,CASE_00003228,SEQ,2025-11-11T22:10:40Z,2025-11-12T01:12:19Z,LATE_KNOWN_EVENT,event not known at as_of_utc; using it would leak future information,REQ_0004011,2025-11-12T00:47:37Z
event,CASE_00003230,ACC,2025-06-20T23:08:20Z,2026-01-14T13:53:52Z,LATE_KNOWN_EVENT,event not known at as_of_utc; using it would leak future information,REQ_0004013,2025-06-22T06:06:29Z
event,CASE_00003244,SEQ,2025-08-08T04:13:43Z,2025-08-08T09:51:36Z,LATE_KNOWN_EVENT,event not known at as_of_utc; using it would leak future information,REQ_0004030,2025-08-08T08:30:03Z
event,CASE_00003252,ACC,2026-02-11T09:28:17Z,2026-06-30T00:00:00Z,LATE_KNOWN_EVENT,event not known at as_of_utc; using it would leak future information,REQ_0004040,2026-02-13T16:16:16Z
event,CASE_00003260,ACC,2025-09-15T23:55:46Z,2025-12-23T16:12:54Z,LATE_KNOWN_EVENT,event not known at as_of_utc; using it would leak future information,REQ_0004049,2025-09-17T09:36:19Z
event,CASE_00003262,SEQ,2026-05-25T01:53:35Z,2026-05-25T03:42:07Z,LATE_KNOWN_EVENT,event not known at as_of_utc; using it would leak future information,REQ_0004051,2026-05-25T03:18:18Z
event,CASE_00003283,ACC,2026-03-27T02:59:46Z,2026-06-06T18:09:35Z,LATE_KNOWN_EVENT,event not known at as_of_utc; using it would leak future information,REQ_0004078,2026-03-30T09:53:13Z
event,CASE_00003283,SEQ,2026-03-28T16:50:38Z,2026-06-30T00:00:00Z,LATE_KNOWN_EVENT,event not known at as_of_utc; using it would leak future information,REQ_0004078,2026-03-30T09:53:13Z
event,CASE_00003284,QC,2026-04-26T05:18:27Z,2026-06-30T00:00:00Z,LATE_KNOWN_EVENT,event not known at as_of_utc; using it would leak future information,REQ_0004079,2026-04-28T12:40:24Z
event,CASE_00003284,QC,2026-04-26T05:18:27Z,2026-06-30T00:00:00Z,LATE_KNOWN_EVENT,event not known at as_of_utc; using it would leak future information,REQ_0004080,2026-04-26T16:10:18Z
event,CASE_00003288,ACC,2025-07-22T07:10:56Z,2026-03-02T17:00:50Z,LATE_KNOWN_EVENT,event not known at as_of_utc; using it would leak future information,REQ_0004084,2025-07-25T00:14:57Z
event,CASE_00003290,QC,2025-09-13T20:09:22Z,2025-09-13T23:09:22Z,LATE_KNOWN_EVENT,event not known at as_of_utc; using it would leak future information,REQ_0004088,2025-09-13T22:54:00Z
event,CASE_00003297,SEQ,2025-06-12T21:38:02Z,2025-06-13T03:29:17Z,LATE_KNOWN_EVENT,event not known at as_of_utc; using it would leak future information,REQ_0004096,2025-06-13T02:45:25Z
event,CASE_00003302,ACC,2025-08-18T16:30:41Z,2026-03-17T19:31:24Z,LATE_KNOWN_EVENT,event not known at as_of_utc; using it would leak future information,REQ_0004103,2025-08-22T02:36:07Z
event,CASE_00003331,QC,2025-09-29T00:50:07Z,2026-03-28T09:54:38Z,LATE_KNOWN_EVENT,event not known at as_of_utc; using it would leak future information,REQ_0004137,2025-10-01T09:35:14Z
event,CASE_00003334,SEQ,2026-03-31T01:22:14Z,2026-03-31T06:36:28Z,LATE_KNOWN_EVENT,event not known at as_of_utc; using it would leak future information,REQ_0004141,2026-03-31T04:27:06Z
event,CASE_00003342,SEQ,2025-11-29T03:26:57Z,2025-11-29T08:12:11Z,LATE_KNOWN_EVENT,event not known at as_of_utc; using it would leak future information,REQ_0004151,2025-11-29T06:30:34Z
event,CASE_00003344,ACC,2025-09-24T05:20:23Z,2025-12-16T23:27:13Z,LATE_KNOWN_EVENT,event not known at as_of_utc; using it would leak future information,REQ_0004153,2025-09-26T09:12:50Z
event,CASE_00003345,QC,2025-11-06T23:50:25Z,2026-04-29T13:21:09Z,LATE_KNOWN_EVENT,event not known at as_of_utc; using it would leak future information,REQ_0004154,2025-11-08T16:34:06Z
event,CASE_00003349,SEQ,2025-10-30T20:53:18Z,2026-02-01T21:15:56Z,LATE_KNOWN_EVENT,event not known at as_of_utc; using it would leak future information,REQ_0004161,2025-10-31T14:28:23Z
event,CASE_00003351,QC,2026-02-04T04:57:41Z,2026-06-30T00:00:00Z,LATE_KNOWN_EVENT,event not known at as_of_utc; using it would leak future information,REQ_0004163,2026-02-06T02:53:20Z
event,CASE_00003351,QC,2026-02-04T04:57:41Z,2026-06-30T00:00:00Z,LATE_KNOWN_EVENT,event not known at as_of_utc; using it would leak future information,REQ_0004164,2026-02-04T09:13:43Z
event,CASE_00003354,QC,2025-08-29T16:40:10Z,2025-08-29T18:35:41Z,LATE_KNOWN_EVENT,event not known at as_of_utc; using it would leak future information,REQ_0004168,2025-08-29T17:12:52Z
event,CASE_00003355,QC,2025-11-04T11:00:42Z,2025-11-04T16:07:34Z,LATE_KNOWN_EVENT,event not known at as_of_utc; using it would leak future information,REQ_0004170,2025-11-04T11:17:07Z
event,CASE_00003377,ACC,2026-02-20T09:50:25Z,2026-05-06T06:09:55Z,LATE_KNOWN_EVENT,event not known at as_of_utc; using it would leak future information,REQ_0004200,2026-02-22T10:47:38Z
event,CASE_00003379,ACC,2026-03-30T17:09:55Z,2026-06-30T00:00:00Z,LATE_KNOWN_EVENT,event not known at as_of_utc; using it would leak future information,REQ_0004202,2026-04-03T00:30:58Z
event,CASE_00003382,SEQ,2025-10-17T12:30:45Z,2025-10-17T14:42:15Z,LATE_KNOWN_EVENT,event not known at as_of_utc; using it would leak future information,REQ_0004206,2025-10-17T12:44:46Z
event,CASE_00003383,ACC,2026-05-05T23:28:46Z,2026-06-30T00:00:00Z,LATE_KNOWN_EVENT,event not known at as_of_utc; using it would leak future information,REQ_0004207,2026-05-08T14:53:37Z
event,CASE_00003383,ACC,2026-05-05T23:28:46Z,2026-06-30T00:00:00Z,LATE_KNOWN_EVENT,event not known at as_of_utc; using it would leak future information,REQ_0004208,2026-05-07T23:19:12Z
event,CASE_00003383,SEQ,2026-05-07T20:21:16Z,2026-05-08T00:25:58Z,LATE_KNOWN_EVENT,event not known at as_of_utc; using it would leak future information,REQ_0004208,2026-05-07T23:19:12Z
event,CASE_00003398,ACC,2025-12-05T21:23:22Z,2026-02-21T14:41:36Z,LATE_KNOWN_EVENT,event not known at as_of_utc; using it would leak future information,REQ_0004225,2025-12-08T01:11:58Z
event,CASE_00003399,QC,2025-07-26T05:41:07Z,2025-11-03T21:37:10Z,LATE_KNOWN_EVENT,event not known at as_of_utc; using it would leak future information,REQ_0004226,2025-07-27T21:14:23Z
event,CASE_00003402,ACC,2026-02-05T15:05:47Z,2026-05-14T10:47:54Z,LATE_KNOWN_EVENT,event not known at as_of_utc; using it would leak future information,REQ_0004230,2026-02-07T18:53:22Z
event,CASE_00003405,SEQ,2025-09-04T14:20:34Z,2025-09-04T19:26:11Z,LATE_KNOWN_EVENT,event not known at as_of_utc; using it would leak future information,REQ_0004234,2025-09-04T18:55:37Z
event,CASE_00003452,QC,2025-06-15T16:52:44Z,2025-06-15T18:13:23Z,LATE_KNOWN_EVENT,event not known at as_of_utc; using it would leak future information,REQ_0004292,2025-06-15T17:28:17Z
event,CASE_00003454,SEQ,2025-07-28T06:44:55Z,2025-07-28T10:54:44Z,LATE_KNOWN_EVENT,event not known at as_of_utc; using it would leak future information,REQ_0004295,2025-07-28T06:46:29Z
event,CASE_00003455,SEQ,2025-06-28T11:48:30Z,2025-06-28T13:07:29Z,LATE_KNOWN_EVENT,event not known at as_of_utc; using it would leak future information,REQ_0004296,2025-06-28T11:58:35Z
event,CASE_00003461,ACC,2026-03-20T15:33:45Z,2026-06-30T00:00:00Z,LATE_KNOWN_EVENT,event not known at as_of_utc; using it would leak future information,REQ_0004303,2026-03-21T06:24:35Z
event,CASE_00003461,ACC,2026-03-20T15:33:45Z,2026-06-30T00:00:00Z,LATE_KNOWN_EVENT,event not known at as_of_utc; using it would leak future information,REQ_0004304,2026-03-21T03:33:50Z
event,CASE_00003465,SEQ,2025-07-08T05:52:13Z,2025-07-08T09:35:51Z,LATE_KNOWN_EVENT,event not known at as_of_utc; using it would leak future information,REQ_0004310,2025-07-08T08:44:51Z
event,CASE_00003472,QC,2025-09-17T00:03:06Z,2026-04-09T18:49:07Z,LATE_KNOWN_EVENT,event not known at as_of_utc; using it would leak future information,REQ_0004320,2025-09-18T03:00:19Z
event,CASE_00003473,SEQ,2026-03-12T21:12:44Z,2026-03-13T01:48:42Z,LATE_KNOWN_EVENT,event not known at as_of_utc; using it would leak future information,REQ_0004321,2026-03-12T21:24:40Z
event,CASE_00003478,ACC,2025-11-18T20:25:38Z,2026-05-04T19:39:23Z,LATE_KNOWN_EVENT,event not known at as_of_utc; using it would leak future information,REQ_0004326,2025-11-20T08:13:06Z
event,CASE_00003493,SEQ,2025-12-16T16:17:13Z,2026-04-27T03:03:07Z,LATE_KNOWN_EVENT,event not known at as_of_utc; using it would leak future information,REQ_0004345,2025-12-17T21:55:28Z
event,CASE_00003495,QC,2025-08-16T06:29:07Z,2026-01-30T22:51:15Z,LATE_KNOWN_EVENT,event not known at as_of_utc; using it would leak future information,REQ_0004348,2025-08-17T16:08:39Z
event,CASE_00003503,SEQ,2025-09-30T16:21:18Z,2025-09-30T21:45:45Z,LATE_KNOWN_EVENT,event not known at as_of_utc; using it would leak future information,REQ_0004357,2025-09-30T20:49:20Z
event,CASE_00003505,SEQ,2025-12-10T19:14:39Z,2025-12-10T21:27:22Z,LATE_KNOWN_EVENT,event not known at as_of_utc; using it would leak future information,REQ_0004360,2025-12-10T20:23:28Z
event,CASE_00003507,SEQ,2026-04-14T20:52:56Z,2026-04-14T22:47:31Z,LATE_KNOWN_EVENT,event not known at as_of_utc; using it would leak future information,REQ_0004362,2026-04-14T20:59:01Z
event,CASE_00003509,SEQ,2026-04-08T02:54:06Z,2026-06-30T00:00:00Z,LATE_KNOWN_EVENT,event not known at as_of_utc; using it would leak future information,REQ_0004365,2026-04-08T18:51:07Z
event,CASE_00003518,SEQ,2025-09-17T06:00:19Z,2026-04-16T00:00:07Z,LATE_KNOWN_EVENT,event not known at as_of_utc; using it would leak future information,REQ_0004375,2025-09-19T00:23:51Z
event,CASE_00003528,SEQ,2026-02-26T17:18:57Z,2026-02-26T18:10:21Z,LATE_KNOWN_EVENT,event not known at as_of_utc; using it would leak future information,REQ_0004385,2026-02-26T18:00:54Z
event,CASE_00003529,SEQ,2025-09-23T05:45:02Z,2025-09-23T11:09:09Z,LATE_KNOWN_EVENT,event not known at as_of_utc; using it would leak future information,REQ_0004386,2025-09-23T06:32:49Z
event,CASE_00003549,QC,2025-11-21T15:04:43Z,2025-11-21T17:00:56Z,LATE_KNOWN_EVENT,event not known at as_of_utc; using it would leak future information,REQ_0004411,2025-11-21T16:24:43Z
event,CASE_00003552,ACC,2025-09-29T04:05:55Z,2026-02-07T10:55:01Z,LATE_KNOWN_EVENT,event not known at as_of_utc; using it would leak future information,REQ_0004414,2025-09-30T06:36:05Z
event,CASE_00003557,QC,2026-01-22T20:26:23Z,2026-01-22T22:19:25Z,LATE_KNOWN_EVENT,event not known at as_of_utc; using it would leak future information,REQ_0004421,2026-01-22T21:13:15Z
event,CASE_00003565,SEQ,2025-07-27T19:31:13Z,2025-07-28T00:40:31Z,LATE_KNOWN_EVENT,event not known at as_of_utc; using it would leak future information,REQ_0004432,2025-07-27T19:57:37Z
event,CASE_00003567,SEQ,2026-05-06T01:10:58Z,2026-06-30T00:00:00Z,LATE_KNOWN_EVENT,event not known at as_of_utc; using it would leak future information,REQ_0004434,2026-05-06T14:00:28Z
event,CASE_00003578,QC,2025-09-02T06:41:31Z,2026-04-12T11:41:37Z,LATE_KNOWN_EVENT,event not known at as_of_utc; using it would leak future information,REQ_0004447,2025-09-03T23:51:41Z
event,CASE_00003595,SEQ,2026-01-29T06:50:26Z,2026-01-29T08:30:57Z,LATE_KNOWN_EVENT,event not known at as_of_utc; using it would leak future information,REQ_0004468,2026-01-29T08:13:28Z
event,CASE_00003600,SEQ,2026-05-29T23:36:45Z,2026-06-30T00:00:00Z,LATE_KNOWN_EVENT,event not known at as_of_utc; using it would leak future information,REQ_0004474,2026-05-30T06:46:59Z
event,CASE_00003614,SEQ,2026-01-14T07:58:50Z,2026-06-30T00:00:00Z,LATE_KNOWN_EVENT,event not known at as_of_utc; using it would leak future information,REQ_0004490,2026-01-15T14:19:36Z
event,CASE_00003620,ACC,2025-10-09T09:13:41Z,2026-01-03T06:38:44Z,LATE_KNOWN_EVENT,event not known at as_of_utc; using it would leak future information,REQ_0004499,2025-10-15T17:25:10Z
event,CASE_00003621,CHK,2026-02-19T00:53:57Z,2026-02-19T06:46:21Z,LATE_KNOWN_EVENT,event not known at as_of_utc; using it would leak future information,REQ_0004500,2026-02-19T05:03:12Z
event,CASE_00003625,CHK,2025-12-08T01:01:35Z,2025-12-08T06:39:54Z,LATE_KNOWN_EVENT,event not known at as_of_utc; using it would leak future information,REQ_0004504,2025-12-08T04:40:08Z
event,CASE_00003630,CHK,2025-10-03T15:22:38Z,2025-10-03T19:52:57Z,LATE_KNOWN_EVENT,event not known at as_of_utc; using it would leak future information,REQ_0004509,2025-10-03T18:30:54Z
event,CASE_00003631,CHK,2025-12-30T20:19:08Z,2025-12-31T00:48:36Z,LATE_KNOWN_EVENT,event not known at as_of_utc; using it would leak future information,REQ_0004510,2025-12-30T22:48:07Z
event,CASE_00003633,CHK,2025-08-07T15:13:35Z,2025-08-07T19:14:48Z,LATE_KNOWN_EVENT,event not known at as_of_utc; using it would leak future information,REQ_0004512,2025-08-07T18:42:06Z
event,CASE_00003635,ANA,2025-10-02T18:13:15Z,2025-10-02T20:16:38Z,LATE_KNOWN_EVENT,event not known at as_of_utc; using it would leak future information,REQ_0004514,2025-10-02T20:16:10Z
event,CASE_00003640,ANA,2025-09-18T06:50:14Z,2026-01-16T10:30:27Z,LATE_KNOWN_EVENT,event not known at as_of_utc; using it would leak future information,REQ_0004519,2025-09-18T23:44:58Z
event,CASE_00003641,CHK,2026-01-13T02:14:08Z,2026-01-13T07:53:11Z,LATE_KNOWN_EVENT,event not known at as_of_utc; using it would leak future information,REQ_0004520,2026-01-13T06:10:08Z
event,CASE_00003644,CHK,2026-03-30T06:35:08Z,2026-03-30T09:29:02Z,LATE_KNOWN_EVENT,event not known at as_of_utc; using it would leak future information,REQ_0004523,2026-03-30T08:51:03Z
event,CASE_00003646,CHK,2025-07-27T07:37:40Z,2025-07-27T12:00:34Z,LATE_KNOWN_EVENT,event not known at as_of_utc; using it would leak future information,REQ_0004525,2025-07-27T11:44:06Z
event,CASE_00003649,CHK,2026-05-10T08:37:44Z,2026-05-10T14:29:08Z,LATE_KNOWN_EVENT,event not known at as_of_utc; using it would leak future information,REQ_0004528,2026-05-10T11:53:45Z
event,CASE_00003651,CHK,2026-02-11T15:16:02Z,2026-02-11T17:49:04Z,LATE_KNOWN_EVENT,event not known at as_of_utc; using it would leak future information,REQ_0004530,2026-02-11T17:26:43Z
event,CASE_00003652,SEQ,2026-02-24T19:37:10Z,2026-05-15T07:58:44Z,LATE_KNOWN_EVENT,event not known at as_of_utc; using it would leak future information,REQ_0004531,2026-02-26T09:31:50Z
event,CASE_00003654,CHK,2025-08-18T15:19:00Z,2026-03-21T15:18:31Z,LATE_KNOWN_EVENT,event not known at as_of_utc; using it would leak future information,REQ_0004533,2025-08-18T21:09:45Z
event,CASE_00003655,CHK,2026-05-02T11:45:30Z,2026-05-02T17:17:03Z,LATE_KNOWN_EVENT,event not known at as_of_utc; using it would leak future information,REQ_0004534,2026-05-02T17:11:44Z
event,CASE_00003664,ACC,2026-01-11T07:36:41Z,2026-05-10T03:34:56Z,LATE_KNOWN_EVENT,event not known at as_of_utc; using it would leak future information,REQ_0004543,2026-01-15T11:16:25Z
event,CASE_00003664,ANA,2026-01-15T02:20:05Z,2026-03-20T10:28:29Z,LATE_KNOWN_EVENT,event not known at as_of_utc; using it would leak future information,REQ_0004543,2026-01-15T11:16:25Z
event,CASE_00003665,CHK,2025-11-29T14:53:22Z,2025-11-29T19:29:38Z,LATE_KNOWN_EVENT,event not known at as_of_utc; using it would leak future information,REQ_0004544,2025-11-29T19:05:52Z
event,CASE_00003668,QC,2026-01-09T08:22:14Z,2026-06-30T00:00:00Z,LATE_KNOWN_EVENT,event not known at as_of_utc; using it would leak future information,REQ_0004547,2026-01-12T04:03:17Z
event,CASE_00003669,CHK,2026-04-12T16:59:47Z,2026-04-12T20:33:51Z,LATE_KNOWN_EVENT,event not known at as_of_utc; using it would leak future information,REQ_0004548,2026-04-12T20:30:08Z
event,CASE_00003671,SEQ,2025-12-01T14:20:59Z,2026-06-15T12:19:16Z,LATE_KNOWN_EVENT,event not known at as_of_utc; using it would leak future information,REQ_0004550,2025-12-04T10:52:14Z
event,CASE_00003671,CHK,2025-12-04T08:25:49Z,2025-12-04T12:36:41Z,LATE_KNOWN_EVENT,event not known at as_of_utc; using it would leak future information,REQ_0004550,2025-12-04T10:52:14Z
event,CASE_00003672,CHK,2025-11-02T02:39:00Z,2025-11-02T07:16:03Z,LATE_KNOWN_EVENT,event not known at as_of_utc; using it would leak future information,REQ_0004551,2025-11-02T05:20:00Z
event,CASE_00003681,ACC,2025-06-03T13:08:09Z,2026-01-09T01:08:19Z,LATE_KNOWN_EVENT,event not known at as_of_utc; using it would leak future information,REQ_0004560,2025-06-08T04:40:44Z
event,CASE_00003681,QC,2025-06-04T10:15:21Z,2025-08-28T23:30:22Z,LATE_KNOWN_EVENT,event not known at as_of_utc; using it would leak future information,REQ_0004560,2025-06-08T04:40:44Z
event,CASE_00003681,CHK,2025-06-07T22:19:50Z,2025-12-04T10:57:01Z,LATE_KNOWN_EVENT,event not known at as_of_utc; using it would leak future information,REQ_0004560,2025-06-08T04:40:44Z
event,CASE_00003683,ANA,2026-05-09T09:07:17Z,2026-06-30T00:00:00Z,LATE_KNOWN_EVENT,event not known at as_of_utc; using it would leak future information,REQ_0004562,2026-05-09T20:40:06Z
event,CASE_00003683,CHK,2026-05-09T16:22:17Z,2026-05-09T21:45:40Z,LATE_KNOWN_EVENT,event not known at as_of_utc; using it would leak future information,REQ_0004562,2026-05-09T20:40:06Z
event,CASE_00003686,CHK,2025-06-28T02:30:31Z,2026-02-08T23:43:58Z,LATE_KNOWN_EVENT,event not known at as_of_utc; using it would leak future information,REQ_0004565,2025-06-28T06:31:21Z
event,CASE_00003687,ANA,2025-11-19T09:41:01Z,2026-06-08T10:26:52Z,LATE_KNOWN_EVENT,event not known at as_of_utc; using it would leak future information,REQ_0004566,2025-11-19T19:54:05Z
event,CASE_00003687,CHK,2025-11-19T15:34:24Z,2025-11-19T20:31:56Z,LATE_KNOWN_EVENT,event not known at as_of_utc; using it would leak future information,REQ_0004566,2025-11-19T19:54:05Z
event,CASE_00003689,ACC,2025-06-08T21:48:11Z,2025-12-15T01:55:13Z,LATE_KNOWN_EVENT,event not known at as_of_utc; using it would leak future information,REQ_0004568,2025-06-12T11:33:46Z
event,CASE_00003699,ANA,2026-03-27T19:49:18Z,2026-06-30T00:00:00Z,LATE_KNOWN_EVENT,event not known at as_of_utc; using it would leak future information,REQ_0004578,2026-03-28T09:55:12Z
event,CASE_00003703,CHK,2025-11-19T10:51:29Z,2025-11-19T15:59:59Z,LATE_KNOWN_EVENT,event not known at as_of_utc; using it would leak future information,REQ_0004582,2025-11-19T15:42:12Z
event,CASE_00003707,CHK,2026-05-09T06:41:11Z,2026-05-09T12:02:22Z,LATE_KNOWN_EVENT,event not known at as_of_utc; using it would leak future information,REQ_0004586,2026-05-09T09:54:51Z
event,CASE_00003708,CHK,2026-02-08T09:18:16Z,2026-06-30T00:00:00Z,LATE_KNOWN_EVENT,event not known at as_of_utc; using it would leak future information,REQ_0004587,2026-02-08T11:20:17Z
event,CASE_00003711,ACC,2025-06-24T04:00:42Z,2026-01-26T07:23:42Z,LATE_KNOWN_EVENT,event not known at as_of_utc; using it would leak future information,REQ_0004590,2025-06-26T03:08:47Z
event,CASE_00003711,SEQ,2025-06-24T18:43:41Z,2026-01-22T15:42:04Z,LATE_KNOWN_EVENT,event not known at as_of_utc; using it would leak future information,REQ_0004590,2025-06-26T03:08:47Z
event,CASE_00003711,CHK,2025-06-25T22:27:06Z,2025-06-26T03:18:16Z,LATE_KNOWN_EVENT,event not known at as_of_utc; using it would leak future information,REQ_0004590,2025-06-26T03:08:47Z
event,CASE_00003712,CHK,2026-04-05T06:08:51Z,2026-04-05T09:11:20Z,LATE_KNOWN_EVENT,event not known at as_of_utc; using it would leak future information,REQ_0004591,2026-04-05T08:55:17Z
event,CASE_00003718,CHK,2026-04-13T06:14:44Z,2026-04-13T11:11:30Z,LATE_KNOWN_EVENT,event not known at as_of_utc; using it would leak future information,REQ_0004597,2026-04-13T10:34:33Z
event,CASE_00003719,CHK,2025-12-04T01:14:01Z,2025-12-04T06:39:22Z,LATE_KNOWN_EVENT,event not known at as_of_utc; using it would leak future information,REQ_0004598,2025-12-04T03:21:59Z
event,CASE_00003726,CHK,2026-05-06T17:59:15Z,2026-05-06T23:43:59Z,LATE_KNOWN_EVENT,event not known at as_of_utc; using it would leak future information,REQ_0004605,2026-05-06T21:44:53Z
event,CASE_00003743,QC,2026-04-14T13:17:37Z,2026-06-30T00:00:00Z,LATE_KNOWN_EVENT,event not known at as_of_utc; using it would leak future information,REQ_0004622,2026-04-18T23:42:03Z
event,CASE_00003749,CHK,2025-09-22T04:07:46Z,2025-09-22T09:50:42Z,LATE_KNOWN_EVENT,event not known at as_of_utc; using it would leak future information,REQ_0004628,2025-09-22T06:58:06Z
event,CASE_00003753,CHK,2025-08-06T12:20:36Z,2026-03-04T23:27:22Z,LATE_KNOWN_EVENT,event not known at as_of_utc; using it would leak future information,REQ_0004632,2025-08-06T15:24:07Z
event,CASE_00003754,CHK,2025-08-14T18:26:00Z,2025-08-14T23:51:35Z,LATE_KNOWN_EVENT,event not known at as_of_utc; using it would leak future information,REQ_0004633,2025-08-14T22:43:26Z
event,CASE_00003758,ANA,2026-05-20T07:12:47Z,2026-06-30T00:00:00Z,LATE_KNOWN_EVENT,event not known at as_of_utc; using it would leak future information,REQ_0004637,2026-05-20T20:52:31Z
event,CASE_00003760,ANA,2025-11-05T07:43:14Z,2025-11-05T13:32:14Z,LATE_KNOWN_EVENT,event not known at as_of_utc; using it would leak future information,REQ_0004639,2025-11-05T10:11:26Z
event,CASE_00003761,ANA,2026-04-28T16:19:51Z,2026-04-28T19:32:59Z,LATE_KNOWN_EVENT,event not known at as_of_utc; using it would leak future information,REQ_0004640,2026-04-28T18:41:17Z
event,CASE_00003764,ACC,2025-10-28T09:55:30Z,2026-02-17T01:24:56Z,LATE_KNOWN_EVENT,event not known at as_of_utc; using it would leak future information,REQ_0004643,2025-11-03T10:19:49Z
event,CASE_00003769,CHK,2025-06-24T04:03:52Z,2025-06-24T09:10:00Z,LATE_KNOWN_EVENT,event not known at as_of_utc; using it would leak future information,REQ_0004648,2025-06-24T08:28:26Z
event,CASE_00003771,CHK,2026-01-15T08:14:03Z,2026-01-15T13:26:56Z,LATE_KNOWN_EVENT,event not known at as_of_utc; using it would leak future information,REQ_0004650,2026-01-15T13:19:44Z
event,CASE_00003772,CHK,2025-06-12T18:38:06Z,2025-06-12T23:00:52Z,LATE_KNOWN_EVENT,event not known at as_of_utc; using it would leak future information,REQ_0004651,2025-06-12T22:38:01Z
event,CASE_00003829,VER,2024-03-15T14:25:44Z,2024-05-18T11:24:07Z,LATE_KNOWN_EVENT,event not known at as_of_utc; using it would leak future information,REQ_0004723,2024-03-19T03:52:50Z
event,CASE_00003889,PREP,2024-07-24T21:28:50Z,2024-07-25T01:32:59Z,LATE_KNOWN_EVENT,event not known at as_of_utc; using it would leak future information,REQ_0004799,2024-07-25T01:25:39Z
event,CASE_00003890,PREP,2024-04-08T01:37:15Z,2024-10-03T20:22:53Z,LATE_KNOWN_EVENT,event not known at as_of_utc; using it would leak future information,REQ_0004800,2024-04-11T01:36:00Z
event,CASE_00003890,PREP,2024-04-08T01:37:15Z,2024-10-03T20:22:53Z,LATE_KNOWN_EVENT,event not known at as_of_utc; using it would leak future information,REQ_0004801,2024-04-08T07:41:16Z
event,CASE_00003903,PREP,2024-06-02T00:58:11Z,2024-11-01T10:50:28Z,LATE_KNOWN_EVENT,event not known at as_of_utc; using it would leak future information,REQ_0004817,2024-06-04T07:52:58Z
event,CASE_00003920,PREP,2024-07-28T13:50:47Z,2024-07-28T17:53:28Z,LATE_KNOWN_EVENT,event not known at as_of_utc; using it would leak future information,REQ_0004838,2024-07-28T17:32:24Z
event,CASE_00003936,VER,2024-07-06T06:29:31Z,2024-12-27T05:44:25Z,LATE_KNOWN_EVENT,event not known at as_of_utc; using it would leak future information,REQ_0004858,2024-07-11T12:37:08Z
event,CASE_00003936,VER,2024-07-06T06:29:31Z,2024-12-27T05:44:25Z,LATE_KNOWN_EVENT,event not known at as_of_utc; using it would leak future information,REQ_0004859,2024-07-08T03:54:24Z
event,CASE_00003981,VER,2024-06-05T06:46:39Z,2025-01-30T07:30:31Z,LATE_KNOWN_EVENT,event not known at as_of_utc; using it would leak future information,REQ_0004918,2024-06-08T16:16:30Z
event,CASE_00003981,VER,2024-06-05T06:46:39Z,2025-01-30T07:30:31Z,LATE_KNOWN_EVENT,event not known at as_of_utc; using it would leak future information,REQ_0004919,2024-06-07T11:36:07Z
event,CASE_00004009,PREP,2024-02-28T00:36:37Z,2024-02-28T05:59:04Z,LATE_KNOWN_EVENT,event not known at as_of_utc; using it would leak future information,REQ_0004951,2024-02-28T02:43:33Z
event,CASE_00004031,PREP,2024-01-17T19:37:22Z,2024-04-18T09:31:43Z,LATE_KNOWN_EVENT,event not known at as_of_utc; using it would leak future information,REQ_0004980,2024-01-18T19:59:50Z
event,CASE_00004031,PREP,2024-01-17T19:37:22Z,2024-04-18T09:31:43Z,LATE_KNOWN_EVENT,event not known at as_of_utc; using it would leak future information,REQ_0004981,2024-01-18T00:03:21Z
event,CASE_00004049,PREP,2024-05-18T06:17:25Z,2024-05-18T10:48:33Z,LATE_KNOWN_EVENT,event not known at as_of_utc; using it would leak future information,REQ_0005003,2024-05-18T09:58:02Z
event,CASE_00004053,PREP,2024-05-12T10:01:02Z,2024-08-29T02:03:09Z,LATE_KNOWN_EVENT,event not known at as_of_utc; using it would leak future information,REQ_0005008,2024-05-14T08:21:07Z
event,CASE_00004053,PREP,2024-05-12T10:01:02Z,2024-08-29T02:03:09Z,LATE_KNOWN_EVENT,event not known at as_of_utc; using it would leak future information,REQ_0005009,2024-05-13T00:29:16Z
event,CASE_00004057,VER,2024-03-06T04:32:53Z,2024-07-29T22:58:01Z,LATE_KNOWN_EVENT,event not known at as_of_utc; using it would leak future information,REQ_0005013,2024-03-12T05:52:17Z
event,CASE_00004062,PREP,2024-06-27T18:33:29Z,2024-12-11T04:26:16Z,LATE_KNOWN_EVENT,event not known at as_of_utc; using it would leak future information,REQ_0005019,2024-06-29T17:06:46Z
event,CASE_00004062,PREP,2024-06-27T18:33:29Z,2024-12-11T04:26:16Z,LATE_KNOWN_EVENT,event not known at as_of_utc; using it would leak future information,REQ_0005020,2024-06-29T03:47:28Z
event,CASE_00004067,VER,2024-03-30T07:56:57Z,2024-06-13T11:50:59Z,LATE_KNOWN_EVENT,event not known at as_of_utc; using it would leak future information,REQ_0005025,2024-04-01T20:20:59Z
event,CASE_00004067,VER,2024-03-30T07:56:57Z,2024-06-13T11:50:59Z,LATE_KNOWN_EVENT,event not known at as_of_utc; using it would leak future information,REQ_0005026,2024-03-31T17:55:15Z
event,CASE_00004068,PREP,2024-02-21T17:32:15Z,2024-07-09T23:15:22Z,LATE_KNOWN_EVENT,event not known at as_of_utc; using it would leak future information,REQ_0005027,2024-02-24T01:55:00Z
event,CASE_00004089,PREP,2024-06-24T16:13:29Z,2024-12-14T05:44:48Z,LATE_KNOWN_EVENT,event not known at as_of_utc; using it would leak future information,REQ_0005052,2024-06-26T16:02:01Z
event,CASE_00004093,VER,2024-04-19T02:57:29Z,2024-10-11T02:00:53Z,LATE_KNOWN_EVENT,event not known at as_of_utc; using it would leak future information,REQ_0005056,2024-04-22T02:10:12Z
event,CASE_00004115,PREP,2024-07-28T19:52:34Z,2025-03-18T15:20:20Z,LATE_KNOWN_EVENT,event not known at as_of_utc; using it would leak future information,REQ_0005083,2024-07-31T11:16:47Z
event,CASE_00004127,VER,2024-06-28T20:54:25Z,2025-01-26T12:11:01Z,LATE_KNOWN_EVENT,event not known at as_of_utc; using it would leak future information,REQ_0005098,2024-07-02T08:15:51Z
event,CASE_00004136,PREP,2024-01-22T01:24:15Z,2024-07-07T23:05:40Z,LATE_KNOWN_EVENT,event not known at as_of_utc; using it would leak future information,REQ_0005109,2024-01-24T02:34:18Z
event,CASE_00004139,VER,2024-02-28T14:17:35Z,2024-08-27T19:06:38Z,LATE_KNOWN_EVENT,event not known at as_of_utc; using it would leak future information,REQ_0005112,2024-03-02T20:08:19Z
event,CASE_00004170,PREP,2024-07-07T06:07:36Z,2024-09-28T09:44:34Z,LATE_KNOWN_EVENT,event not known at as_of_utc; using it would leak future information,REQ_0005153,2024-07-09T20:48:54Z
event,CASE_00004182,XMISC,2024-02-28T09:17:13Z,2024-02-28T12:29:54Z,LATE_KNOWN_EVENT,event not known at as_of_utc; using it would leak future information,REQ_0005166,2024-02-28T11:38:14Z
event,CASE_00004188,VER,2024-06-12T21:53:28Z,2025-01-29T19:25:32Z,LATE_KNOWN_EVENT,event not known at as_of_utc; using it would leak future information,REQ_0005173,2024-06-17T13:24:32Z
event,CASE_00004206,PREP,2024-02-23T07:12:05Z,2024-08-09T08:40:43Z,LATE_KNOWN_EVENT,event not known at as_of_utc; using it would leak future information,REQ_0005198,2024-02-26T02:50:18Z
event,CASE_00004206,PREP,2024-02-23T07:12:05Z,2024-08-09T08:40:43Z,LATE_KNOWN_EVENT,event not known at as_of_utc; using it would leak future information,REQ_0005199,2024-02-24T02:44:00Z
event,CASE_00004266,VER,2024-07-24T19:20:53Z,2024-11-11T18:31:10Z,LATE_KNOWN_EVENT,event not known at as_of_utc; using it would leak future information,REQ_0005276,2024-07-27T22:35:33Z
event,CASE_00004266,VER,2024-07-24T19:20:53Z,2024-11-11T18:31:10Z,LATE_KNOWN_EVENT,event not known at as_of_utc; using it would leak future information,REQ_0005277,2024-07-26T21:21:58Z
event,CASE_00004267,VER,2024-04-15T20:12:38Z,2024-08-13T17:06:05Z,LATE_KNOWN_EVENT,event not known at as_of_utc; using it would leak future information,REQ_0005278,2024-04-18T17:51:05Z
event,CASE_00004275,VER,2024-01-18T14:46:03Z,2024-08-31T19:00:09Z,LATE_KNOWN_EVENT,event not known at as_of_utc; using it would leak future information,REQ_0005288,2024-01-21T17:03:08Z
event,CASE_00004291,PREP,2024-02-23T15:41:21Z,2024-05-11T03:57:37Z,LATE_KNOWN_EVENT,event not known at as_of_utc; using it would leak future information,REQ_0005309,2024-02-27T05:44:22Z
event,CASE_00004324,PREP,2024-02-09T15:31:13Z,2024-08-28T05:44:48Z,LATE_KNOWN_EVENT,event not known at as_of_utc; using it would leak future information,REQ_0005347,2024-02-14T05:20:45Z
event,CASE_00004334,PREP,2024-06-05T10:34:41Z,2024-06-05T15:32:07Z,LATE_KNOWN_EVENT,event not known at as_of_utc; using it would leak future information,REQ_0005360,2024-06-05T15:29:32Z
event,CASE_00004379,VER,2024-02-11T17:24:36Z,2024-07-08T10:56:24Z,LATE_KNOWN_EVENT,event not known at as_of_utc; using it would leak future information,REQ_0005418,2024-02-14T09:54:51Z
event,CASE_00004381,PREP,2024-08-01T21:50:30Z,2024-10-26T03:51:07Z,LATE_KNOWN_EVENT,event not known at as_of_utc; using it would leak future information,REQ_0005420,2024-08-03T06:30:04Z
event,CASE_00004397,PREP,2024-10-29T06:45:16Z,2025-03-07T00:17:11Z,LATE_KNOWN_EVENT,event not known at as_of_utc; using it would leak future information,REQ_0005437,2024-10-30T17:58:12Z
event,CASE_00004397,PREP,2024-10-29T06:45:16Z,2025-03-07T00:17:11Z,LATE_KNOWN_EVENT,event not known at as_of_utc; using it would leak future information,REQ_0005438,2024-10-29T10:17:30Z
event,CASE_00004398,VER,2024-09-01T12:54:08Z,2025-02-08T16:55:14Z,LATE_KNOWN_EVENT,event not known at as_of_utc; using it would leak future information,REQ_0005439,2024-09-04T03:14:45Z
event,CASE_00004445,VER,2025-01-19T07:37:40Z,2025-04-19T17:46:54Z,LATE_KNOWN_EVENT,event not known at as_of_utc; using it would leak future information,REQ_0005497,2025-01-22T14:31:46Z
event,CASE_00004452,PREP,2025-04-22T01:09:42Z,2025-08-29T14:35:46Z,LATE_KNOWN_EVENT,event not known at as_of_utc; using it would leak future information,REQ_0005507,2025-04-23T20:30:44Z
event,CASE_00004452,PREP,2025-04-22T01:09:42Z,2025-08-29T14:35:46Z,LATE_KNOWN_EVENT,event not known at as_of_utc; using it would leak future information,REQ_0005508,2025-04-23T00:59:56Z
event,CASE_00004500,PREP,2024-12-08T18:35:26Z,2025-06-27T06:22:37Z,LATE_KNOWN_EVENT,event not known at as_of_utc; using it would leak future information,REQ_0005566,2024-12-11T19:25:52Z
event,CASE_00004536,VER,2025-02-07T00:22:27Z,2025-08-27T13:04:44Z,LATE_KNOWN_EVENT,event not known at as_of_utc; using it would leak future information,REQ_0005608,2025-02-09T10:05:28Z
event,CASE_00004536,VER,2025-02-07T00:22:27Z,2025-08-27T13:04:44Z,LATE_KNOWN_EVENT,event not known at as_of_utc; using it would leak future information,REQ_0005609,2025-02-08T21:26:14Z
event,CASE_00004537,PREP,2025-03-30T15:59:09Z,2025-03-30T20:32:33Z,LATE_KNOWN_EVENT,event not known at as_of_utc; using it would leak future information,REQ_0005611,2025-03-30T18:03:00Z
event,CASE_00004573,VER,2024-12-17T04:15:19Z,2025-03-07T21:11:50Z,LATE_KNOWN_EVENT,event not known at as_of_utc; using it would leak future information,REQ_0005657,2024-12-20T10:34:00Z
event,CASE_00004573,VER,2024-12-17T04:15:19Z,2025-03-07T21:11:50Z,LATE_KNOWN_EVENT,event not known at as_of_utc; using it would leak future information,REQ_0005658,2024-12-18T15:30:04Z
event,CASE_00004590,PREP,2025-01-22T14:11:37Z,2025-01-22T18:53:24Z,LATE_KNOWN_EVENT,event not known at as_of_utc; using it would leak future information,REQ_0005678,2025-01-22T17:21:09Z
event,CASE_00004603,VER,2025-02-13T18:00:34Z,2025-07-08T13:29:28Z,LATE_KNOWN_EVENT,event not known at as_of_utc; using it would leak future information,REQ_0005692,2025-02-17T12:43:47Z
event,CASE_00004614,VER,2025-02-10T22:06:21Z,2025-06-21T04:09:28Z,LATE_KNOWN_EVENT,event not known at as_of_utc; using it would leak future information,REQ_0005707,2025-02-12T11:02:58Z
event,CASE_00004614,VER,2025-02-10T22:06:21Z,2025-06-21T04:09:28Z,LATE_KNOWN_EVENT,event not known at as_of_utc; using it would leak future information,REQ_0005708,2025-02-11T16:34:27Z
event,CASE_00004620,PREP,2024-10-03T11:29:43Z,2024-10-03T16:18:21Z,LATE_KNOWN_EVENT,event not known at as_of_utc; using it would leak future information,REQ_0005716,2024-10-03T12:41:01Z
event,CASE_00004631,PREP,2025-03-01T02:37:13Z,2025-03-01T06:04:43Z,LATE_KNOWN_EVENT,event not known at as_of_utc; using it would leak future information,REQ_0005733,2025-03-01T04:32:06Z
event,CASE_00004646,PREP,2025-04-12T01:10:13Z,2025-06-20T00:17:15Z,LATE_KNOWN_EVENT,event not known at as_of_utc; using it would leak future information,REQ_0005752,2025-04-12T22:58:10Z
event,CASE_00004651,PREP,2025-01-29T11:22:28Z,2025-07-17T11:06:37Z,LATE_KNOWN_EVENT,event not known at as_of_utc; using it would leak future information,REQ_0005758,2025-01-30T23:03:51Z
event,CASE_00004726,PREP,2024-09-23T08:18:19Z,2024-09-23T13:46:08Z,LATE_KNOWN_EVENT,event not known at as_of_utc; using it would leak future information,REQ_0005852,2024-09-23T12:00:17Z
event,CASE_00004768,VER,2024-12-01T22:42:07Z,2025-02-22T22:47:36Z,LATE_KNOWN_EVENT,event not known at as_of_utc; using it would leak future information,REQ_0005904,2024-12-04T10:14:29Z
event,CASE_00004774,DONE,2025-01-09T23:37:13Z,2025-01-10T05:27:45Z,LATE_KNOWN_EVENT,event not known at as_of_utc; using it would leak future information,REQ_0005910,2025-01-10T01:31:52Z
event,CASE_00004793,VER,2025-03-21T21:07:54Z,2025-10-06T06:39:58Z,LATE_KNOWN_EVENT,event not known at as_of_utc; using it would leak future information,REQ_0005932,2025-03-25T16:21:43Z
event,CASE_00004793,VER,2025-03-21T21:07:54Z,2025-10-06T06:39:58Z,LATE_KNOWN_EVENT,event not known at as_of_utc; using it would leak future information,REQ_0005933,2025-03-22T21:53:23Z
event,CASE_00004800,PREP,2025-04-26T21:31:35Z,2025-08-09T00:20:06Z,LATE_KNOWN_EVENT,event not known at as_of_utc; using it would leak future information,REQ_0005940,2025-04-27T18:29:40Z
event,CASE_00004800,PREP,2025-04-26T21:31:35Z,2025-08-09T00:20:06Z,LATE_KNOWN_EVENT,event not known at as_of_utc; using it would leak future information,REQ_0005941,2025-04-27T10:34:40Z
event,CASE_00004803,PREP,2025-02-26T10:06:36Z,2025-06-23T08:55:28Z,LATE_KNOWN_EVENT,event not known at as_of_utc; using it would leak future information,REQ_0005945,2025-03-01T00:13:54Z
event,CASE_00004808,PREP,2025-01-13T23:11:04Z,2025-06-10T23:56:33Z,LATE_KNOWN_EVENT,event not known at as_of_utc; using it would leak future information,REQ_0005950,2025-01-15T04:13:44Z
event,CASE_00004808,PREP,2025-01-13T23:11:04Z,2025-06-10T23:56:33Z,LATE_KNOWN_EVENT,event not known at as_of_utc; using it would leak future information,REQ_0005951,2025-01-14T06:11:42Z
event,CASE_00004843,PREP,2024-10-09T07:18:43Z,2024-10-09T11:20:41Z,LATE_KNOWN_EVENT,event not known at as_of_utc; using it would leak future information,REQ_0005993,2024-10-09T10:40:12Z
event,CASE_00004874,XADM,2024-09-18T05:03:00Z,2024-09-18T09:41:55Z,LATE_KNOWN_EVENT,event not known at as_of_utc; using it would leak future information,REQ_0006031,2024-09-18T09:31:19Z
event,CASE_00004890,SIGN,2025-04-30T22:22:03Z,2025-05-01T03:50:07Z,LATE_KNOWN_EVENT,event not known at as_of_utc; using it would leak future information,REQ_0006048,2025-05-01T02:34:35Z
event,CASE_00004897,DONE,2025-05-04T17:33:55Z,2025-11-29T02:54:44Z,LATE_KNOWN_EVENT,event not known at as_of_utc; using it would leak future information,REQ_0006055,2025-05-05T08:16:14Z
event,CASE_00004899,SIGN,2025-04-11T05:41:15Z,2025-04-11T11:15:47Z,LATE_KNOWN_EVENT,event not known at as_of_utc; using it would leak future information,REQ_0006057,2025-04-11T09:17:46Z
event,CASE_00004900,SIGN,2025-01-11T00:14:15Z,2025-05-04T01:16:51Z,LATE_KNOWN_EVENT,event not known at as_of_utc; using it would leak future information,REQ_0006058,2025-01-11T02:56:23Z
event,CASE_00004901,SIGN,2025-02-22T14:37:58Z,2025-09-08T07:42:16Z,LATE_KNOWN_EVENT,event not known at as_of_utc; using it would leak future information,REQ_0006059,2025-02-22T19:51:59Z
event,CASE_00004902,VER,2024-09-03T21:51:14Z,2025-02-03T05:41:46Z,LATE_KNOWN_EVENT,event not known at as_of_utc; using it would leak future information,REQ_0006060,2024-09-10T04:56:28Z
event,CASE_00004903,SIGN,2025-02-27T07:17:36Z,2025-02-27T12:32:51Z,LATE_KNOWN_EVENT,event not known at as_of_utc; using it would leak future information,REQ_0006061,2025-02-27T11:07:25Z
event,CASE_00004905,SIGN,2024-11-24T07:50:47Z,2024-11-24T13:31:15Z,LATE_KNOWN_EVENT,event not known at as_of_utc; using it would leak future information,REQ_0006063,2024-11-24T12:20:17Z
event,CASE_00004907,VER,2024-11-21T11:58:33Z,2025-05-09T06:13:58Z,LATE_KNOWN_EVENT,event not known at as_of_utc; using it would leak future information,REQ_0006065,2024-11-24T11:09:59Z
event,CASE_00004912,SIGN,2024-09-18T03:45:37Z,2024-09-18T07:55:08Z,LATE_KNOWN_EVENT,event not known at as_of_utc; using it would leak future information,REQ_0006070,2024-09-18T06:18:29Z
event,CASE_00004916,PREP,2025-03-09T01:48:49Z,2025-09-23T22:37:19Z,LATE_KNOWN_EVENT,event not known at as_of_utc; using it would leak future information,REQ_0006074,2025-03-14T15:19:07Z
event,CASE_00004917,SIGN,2024-12-20T23:34:17Z,2024-12-21T04:42:53Z,LATE_KNOWN_EVENT,event not known at as_of_utc; using it would leak future information,REQ_0006075,2024-12-21T04:42:14Z
event,CASE_00004918,SIGN,2025-03-15T13:05:04Z,2025-03-15T16:54:27Z,LATE_KNOWN_EVENT,event not known at as_of_utc; using it would leak future information,REQ_0006076,2025-03-15T15:21:27Z
event,CASE_00004920,SIGN,2024-11-11T19:21:02Z,2024-11-12T00:14:12Z,LATE_KNOWN_EVENT,event not known at as_of_utc; using it would leak future information,REQ_0006078,2024-11-11T23:42:52Z
event,CASE_00004921,SIGN,2024-12-27T05:32:12Z,2024-12-27T11:20:13Z,LATE_KNOWN_EVENT,event not known at as_of_utc; using it would leak future information,REQ_0006079,2024-12-27T08:38:38Z
event,CASE_00004923,DONE,2024-11-10T12:32:32Z,2025-05-15T21:20:39Z,LATE_KNOWN_EVENT,event not known at as_of_utc; using it would leak future information,REQ_0006081,2024-11-11T03:28:53Z
event,CASE_00004923,SIGN,2024-11-10T23:23:08Z,2024-11-11T04:22:28Z,LATE_KNOWN_EVENT,event not known at as_of_utc; using it would leak future information,REQ_0006081,2024-11-11T03:28:53Z
event,CASE_00004926,SIGN,2024-12-10T22:27:00Z,2024-12-11T04:20:18Z,LATE_KNOWN_EVENT,event not known at as_of_utc; using it would leak future information,REQ_0006084,2024-12-11T00:53:35Z
event,CASE_00004940,VER,2025-12-07T19:54:03Z,2026-06-30T00:00:00Z,LATE_KNOWN_EVENT,event not known at as_of_utc; using it would leak future information,REQ_0006102,2025-12-10T06:29:58Z
event,CASE_00004940,VER,2025-12-07T19:54:03Z,2026-06-30T00:00:00Z,LATE_KNOWN_EVENT,event not known at as_of_utc; using it would leak future information,REQ_0006103,2025-12-08T14:44:19Z
event,CASE_00004941,PREP,2026-01-24T09:35:17Z,2026-06-30T00:00:00Z,LATE_KNOWN_EVENT,event not known at as_of_utc; using it would leak future information,REQ_0006104,2026-01-27T00:54:54Z
event,CASE_00004963,PREP,2025-11-24T20:25:34Z,2026-03-05T06:09:42Z,LATE_KNOWN_EVENT,event not known at as_of_utc; using it would leak future information,REQ_0006133,2025-11-26T09:52:56Z
event,CASE_00004990,VER,2025-09-17T05:06:54Z,2026-03-02T21:32:16Z,LATE_KNOWN_EVENT,event not known at as_of_utc; using it would leak future information,REQ_0006168,2025-09-20T04:30:00Z
event,CASE_00005005,VER,2026-01-31T06:04:42Z,2026-06-30T00:00:00Z,LATE_KNOWN_EVENT,event not known at as_of_utc; using it would leak future information,REQ_0006186,2026-02-03T18:02:00Z
event,CASE_00005005,VER,2026-01-31T06:04:42Z,2026-06-30T00:00:00Z,LATE_KNOWN_EVENT,event not known at as_of_utc; using it would leak future information,REQ_0006187,2026-02-01T21:01:24Z
event,CASE_00005029,PREP,2026-02-11T22:38:15Z,2026-02-12T04:14:20Z,LATE_KNOWN_EVENT,event not known at as_of_utc; using it would leak future information,REQ_0006217,2026-02-12T02:56:08Z
event,CASE_00005036,PREP,2025-06-26T06:07:49Z,2025-12-03T15:26:59Z,LATE_KNOWN_EVENT,event not known at as_of_utc; using it would leak future information,REQ_0006225,2025-06-28T11:23:34Z
event,CASE_00005036,PREP,2025-06-26T06:07:49Z,2025-12-03T15:26:59Z,LATE_KNOWN_EVENT,event not known at as_of_utc; using it would leak future information,REQ_0006226,2025-06-27T05:16:09Z
event,CASE_00005037,PREP,2026-05-11T11:46:29Z,2026-06-30T00:00:00Z,LATE_KNOWN_EVENT,event not known at as_of_utc; using it would leak future information,REQ_0006227,2026-05-13T20:21:32Z
event,CASE_00005050,VER,2026-01-20T23:52:36Z,2026-06-30T00:00:00Z,LATE_KNOWN_EVENT,event not known at as_of_utc; using it would leak future information,REQ_0006242,2026-01-23T08:03:10Z
event,CASE_00005055,PREP,2026-03-22T22:15:30Z,2026-06-30T00:00:00Z,LATE_KNOWN_EVENT,event not known at as_of_utc; using it would leak future information,REQ_0006248,2026-03-24T20:09:02Z
event,CASE_00005071,VER,2025-12-29T17:14:47Z,2026-06-30T00:00:00Z,LATE_KNOWN_EVENT,event not known at as_of_utc; using it would leak future information,REQ_0006266,2025-12-31T19:52:27Z
event,CASE_00005077,DONE,2026-01-10T08:01:07Z,2026-01-10T09:44:03Z,LATE_KNOWN_EVENT,event not known at as_of_utc; using it would leak future information,REQ_0006273,2026-01-10T08:47:22Z
event,CASE_00005080,VER,2026-02-27T10:36:06Z,2026-06-30T00:00:00Z,LATE_KNOWN_EVENT,event not known at as_of_utc; using it would leak future information,REQ_0006277,2026-02-28T22:35:07Z
event,CASE_00005080,VER,2026-02-27T10:36:06Z,2026-06-30T00:00:00Z,LATE_KNOWN_EVENT,event not known at as_of_utc; using it would leak future information,REQ_0006278,2026-02-28T11:55:10Z
event,CASE_00005085,PREP,2026-05-19T23:46:41Z,2026-06-30T00:00:00Z,LATE_KNOWN_EVENT,event not known at as_of_utc; using it would leak future information,REQ_0006284,2026-05-21T19:18:51Z
event,CASE_00005091,VER,2025-06-07T11:18:13Z,2025-11-27T06:56:57Z,LATE_KNOWN_EVENT,event not known at as_of_utc; using it would leak future information,REQ_0006292,2025-06-09T00:46:09Z
event,CASE_00005095,VER,2025-10-07T16:35:17Z,2026-05-07T23:01:55Z,LATE_KNOWN_EVENT,event not known at as_of_utc; using it would leak future information,REQ_0006296,2025-10-09T04:02:58Z
event,CASE_00005095,XQCC,2025-10-09T04:00:44Z,2025-10-09T09:18:11Z,LATE_KNOWN_EVENT,event not known at as_of_utc; using it would leak future information,REQ_0006296,2025-10-09T04:02:58Z
event,CASE_00005103,PREP,2026-04-10T18:31:14Z,2026-04-10T23:13:52Z,LATE_KNOWN_EVENT,event not known at as_of_utc; using it would leak future information,REQ_0006308,2026-04-10T21:35:27Z
event,CASE_00005104,VER,2025-12-02T17:29:49Z,2026-04-09T16:27:21Z,LATE_KNOWN_EVENT,event not known at as_of_utc; using it would leak future information,REQ_0006309,2025-12-05T09:12:59Z
event,CASE_00005104,VER,2025-12-02T17:29:49Z,2026-04-09T16:27:21Z,LATE_KNOWN_EVENT,event not known at as_of_utc; using it would leak future information,REQ_0006310,2025-12-03T20:19:24Z
event,CASE_00005108,PREP,2026-04-29T10:08:57Z,2026-06-30T00:00:00Z,LATE_KNOWN_EVENT,event not known at as_of_utc; using it would leak future information,REQ_0006314,2026-05-01T02:35:19Z
event,CASE_00005108,PREP,2026-04-29T10:08:57Z,2026-06-30T00:00:00Z,LATE_KNOWN_EVENT,event not known at as_of_utc; using it would leak future information,REQ_0006315,2026-04-29T21:41:48Z
event,CASE_00005111,PREP,2026-01-28T14:36:21Z,2026-01-28T18:27:13Z,LATE_KNOWN_EVENT,event not known at as_of_utc; using it would leak future information,REQ_0006320,2026-01-28T18:09:18Z
event,CASE_00005113,XQCC,2026-02-19T06:16:35Z,2026-02-19T09:22:55Z,LATE_KNOWN_EVENT,event not known at as_of_utc; using it would leak future information,REQ_0006322,2026-02-19T08:46:57Z
event,CASE_00005122,PREP,2025-12-17T02:11:15Z,2025-12-17T06:48:50Z,LATE_KNOWN_EVENT,event not known at as_of_utc; using it would leak future information,REQ_0006334,2025-12-17T03:47:54Z
event,CASE_00005124,PREP,2025-10-06T22:14:49Z,2026-04-17T09:28:16Z,LATE_KNOWN_EVENT,event not known at as_of_utc; using it would leak future information,REQ_0006336,2025-10-08T02:29:08Z
event,CASE_00005124,PREP,2025-10-06T22:14:49Z,2026-04-17T09:28:16Z,LATE_KNOWN_EVENT,event not known at as_of_utc; using it would leak future information,REQ_0006337,2025-10-07T04:56:55Z
event,CASE_00005177,PREP,2026-04-10T15:05:20Z,2026-06-30T00:00:00Z,LATE_KNOWN_EVENT,event not known at as_of_utc; using it would leak future information,REQ_0006399,2026-04-11T12:04:38Z
event,CASE_00005196,PREP,2025-07-19T17:28:23Z,2025-09-21T20:45:27Z,LATE_KNOWN_EVENT,event not known at as_of_utc; using it would leak future information,REQ_0006425,2025-07-21T13:06:54Z
event,CASE_00005198,PREP,2025-09-19T05:28:05Z,2025-12-13T19:22:24Z,LATE_KNOWN_EVENT,event not known at as_of_utc; using it would leak future information,REQ_0006427,2025-09-21T15:23:17Z
event,CASE_00005198,PREP,2025-09-19T05:28:05Z,2025-12-13T19:22:24Z,LATE_KNOWN_EVENT,event not known at as_of_utc; using it would leak future information,REQ_0006428,2025-09-19T22:31:08Z
event,CASE_00005235,PREP,2025-06-13T10:55:15Z,2025-09-28T12:47:05Z,LATE_KNOWN_EVENT,event not known at as_of_utc; using it would leak future information,REQ_0006472,2025-06-15T00:41:48Z
event,CASE_00005278,PREP,2026-01-12T22:13:46Z,2026-04-20T22:19:05Z,LATE_KNOWN_EVENT,event not known at as_of_utc; using it would leak future information,REQ_0006522,2026-01-14T08:56:35Z
event,CASE_00005279,PREP,2026-05-22T00:30:16Z,2026-05-22T06:13:43Z,LATE_KNOWN_EVENT,event not known at as_of_utc; using it would leak future information,REQ_0006524,2026-05-22T05:46:20Z
event,CASE_00005303,PREP,2025-07-15T05:16:56Z,2025-11-28T11:40:31Z,LATE_KNOWN_EVENT,event not known at as_of_utc; using it would leak future information,REQ_0006549,2025-07-17T19:58:14Z
event,CASE_00005303,PREP,2025-07-15T05:16:56Z,2025-11-28T11:40:31Z,LATE_KNOWN_EVENT,event not known at as_of_utc; using it would leak future information,REQ_0006550,2025-07-15T15:53:05Z
event,CASE_00005315,VER,2025-12-25T23:31:43Z,2026-05-11T11:07:43Z,LATE_KNOWN_EVENT,event not known at as_of_utc; using it would leak future information,REQ_0006564,2025-12-27T11:16:29Z
event,CASE_00005368,VER,2025-07-30T09:08:12Z,2026-03-05T18:47:03Z,LATE_KNOWN_EVENT,event not known at as_of_utc; using it would leak future information,REQ_0006625,2025-07-31T11:04:10Z
event,CASE_00005368,VER,2025-07-30T09:08:12Z,2026-03-05T18:47:03Z,LATE_KNOWN_EVENT,event not known at as_of_utc; using it would leak future information,REQ_0006626,2025-07-31T00:00:52Z
event,CASE_00005370,PREP,2025-11-22T20:05:24Z,2025-11-23T02:03:11Z,LATE_KNOWN_EVENT,event not known at as_of_utc; using it would leak future information,REQ_0006630,2025-11-23T01:10:26Z
event,CASE_00005384,PREP,2026-02-11T20:18:52Z,2026-02-12T02:11:15Z,LATE_KNOWN_EVENT,event not known at as_of_utc; using it would leak future information,REQ_0006650,2026-02-11T23:55:09Z
event,CASE_00005388,VER,2026-04-20T22:49:17Z,2026-06-30T00:00:00Z,LATE_KNOWN_EVENT,event not known at as_of_utc; using it would leak future information,REQ_0006654,2026-04-22T14:46:56Z
event,CASE_00005394,VER,2026-04-20T14:40:34Z,2026-06-30T00:00:00Z,LATE_KNOWN_EVENT,event not known at as_of_utc; using it would leak future information,REQ_0006661,2026-04-22T07:06:48Z
event,CASE_00005397,PREP,2025-11-29T12:33:47Z,2025-11-29T17:44:26Z,LATE_KNOWN_EVENT,event not known at as_of_utc; using it would leak future information,REQ_0006666,2025-11-29T16:04:36Z
event,CASE_00005422,PREP,2026-01-09T11:10:08Z,2026-01-09T14:02:50Z,LATE_KNOWN_EVENT,event not known at as_of_utc; using it would leak future information,REQ_0006698,2026-01-09T12:21:40Z
event,CASE_00005447,SIGN,2025-09-17T04:06:16Z,2025-09-17T07:17:12Z,LATE_KNOWN_EVENT,event not known at as_of_utc; using it would leak future information,REQ_0006727,2025-09-17T06:06:21Z
event,CASE_00005449,SIGN,2025-10-21T11:37:09Z,2025-10-21T16:48:19Z,LATE_KNOWN_EVENT,event not known at as_of_utc; using it would leak future information,REQ_0006729,2025-10-21T16:37:54Z
event,CASE_00005453,SIGN,2025-11-28T20:16:25Z,2025-11-29T01:11:35Z,LATE_KNOWN_EVENT,event not known at as_of_utc; using it would leak future information,REQ_0006733,2025-11-28T23:30:29Z
event,CASE_00005454,SIGN,2025-11-11T17:39:45Z,2025-11-11T23:07:49Z,LATE_KNOWN_EVENT,event not known at as_of_utc; using it would leak future information,REQ_0006734,2025-11-11T21:21:39Z
event,CASE_00005456,SIGN,2026-05-19T12:45:00Z,2026-06-30T00:00:00Z,LATE_KNOWN_EVENT,event not known at as_of_utc; using it would leak future information,REQ_0006736,2026-05-19T15:00:17Z
event,CASE_00005462,SIGN,2025-10-17T00:12:46Z,2025-10-17T04:10:46Z,LATE_KNOWN_EVENT,event not known at as_of_utc; using it would leak future information,REQ_0006742,2025-10-17T03:45:33Z
event,CASE_00005463,SIGN,2025-11-27T16:19:40Z,2025-11-27T22:13:14Z,LATE_KNOWN_EVENT,event not known at as_of_utc; using it would leak future information,REQ_0006743,2025-11-27T21:28:28Z
event,CASE_00005464,SIGN,2025-12-22T05:45:27Z,2025-12-22T09:24:20Z,LATE_KNOWN_EVENT,event not known at as_of_utc; using it would leak future information,REQ_0006744,2025-12-22T08:34:00Z
event,CASE_00005466,SIGN,2025-11-09T20:50:12Z,2025-11-09T23:12:53Z,LATE_KNOWN_EVENT,event not known at as_of_utc; using it would leak future information,REQ_0006746,2025-11-09T22:51:10Z
event,CASE_00005468,SIGN,2026-05-22T16:43:37Z,2026-05-22T21:26:00Z,LATE_KNOWN_EVENT,event not known at as_of_utc; using it would leak future information,REQ_0006748,2026-05-22T21:25:06Z
event,CASE_00005470,SIGN,2025-06-15T04:21:57Z,2025-06-15T10:21:05Z,LATE_KNOWN_EVENT,event not known at as_of_utc; using it would leak future information,REQ_0006750,2025-06-15T08:05:40Z
event,CASE_00005472,SIGN,2026-03-31T01:49:52Z,2026-03-31T04:30:51Z,LATE_KNOWN_EVENT,event not known at as_of_utc; using it would leak future information,REQ_0006752,2026-03-31T03:55:38Z
event,CASE_00005476,VER,2025-07-11T06:57:49Z,2026-01-04T01:45:14Z,LATE_KNOWN_EVENT,event not known at as_of_utc; using it would leak future information,REQ_0006756,2025-07-16T01:46:04Z
event,CASE_00005479,SIGN,2025-07-31T21:12:41Z,2025-08-01T00:51:12Z,LATE_KNOWN_EVENT,event not known at as_of_utc; using it would leak future information,REQ_0006759,2025-07-31T23:21:19Z
event,CASE_00005482,SIGN,2026-02-07T09:16:45Z,2026-02-07T12:50:46Z,LATE_KNOWN_EVENT,event not known at as_of_utc; using it would leak future information,REQ_0006762,2026-02-07T12:36:40Z
event,CASE_00005487,SIGN,2026-04-06T03:05:07Z,2026-06-22T06:47:33Z,LATE_KNOWN_EVENT,event not known at as_of_utc; using it would leak future information,REQ_0006767,2026-04-06T05:50:50Z
event,CASE_00005493,SIGN,2026-01-19T09:39:36Z,2026-01-19T14:07:53Z,LATE_KNOWN_EVENT,event not known at as_of_utc; using it would leak future information,REQ_0006773,2026-01-19T12:10:44Z
event,CASE_00005495,DONE,2025-10-13T09:32:05Z,2026-02-12T13:25:20Z,LATE_KNOWN_EVENT,event not known at as_of_utc; using it would leak future information,REQ_0006775,2025-10-13T21:43:31Z
event,CASE_00005497,VER,2025-07-24T23:05:42Z,2025-12-24T06:29:52Z,LATE_KNOWN_EVENT,event not known at as_of_utc; using it would leak future information,REQ_0006777,2025-07-31T08:09:54Z
event,CASE_00005503,DONE,2025-11-01T16:35:29Z,2026-05-14T20:27:11Z,LATE_KNOWN_EVENT,event not known at as_of_utc; using it would leak future information,REQ_0006783,2025-11-02T05:28:51Z
event,CASE_00005508,SIGN,2025-08-24T01:25:00Z,2025-08-24T05:07:33Z,LATE_KNOWN_EVENT,event not known at as_of_utc; using it would leak future information,REQ_0006788,2025-08-24T05:00:35Z
event,CASE_00005509,VER,2025-11-24T23:04:02Z,2026-06-03T10:07:06Z,LATE_KNOWN_EVENT,event not known at as_of_utc; using it would leak future information,REQ_0006789,2025-11-29T11:03:46Z
event,CASE_00005510,SIGN,2026-04-19T07:01:31Z,2026-04-19T11:36:27Z,LATE_KNOWN_EVENT,event not known at as_of_utc; using it would leak future information,REQ_0006790,2026-04-19T10:10:05Z
event,CASE_00005515,SIGN,2026-02-28T06:09:07Z,2026-06-30T00:00:00Z,LATE_KNOWN_EVENT,event not known at as_of_utc; using it would leak future information,REQ_0006795,2026-02-28T11:07:11Z
event,CASE_00005519,SIGN,2025-09-05T23:14:43Z,2025-09-06T05:10:38Z,LATE_KNOWN_EVENT,event not known at as_of_utc; using it would leak future information,REQ_0006799,2025-09-06T03:57:23Z
event,CASE_00005523,SIGN,2025-08-04T10:39:38Z,2025-08-04T15:38:55Z,LATE_KNOWN_EVENT,event not known at as_of_utc; using it would leak future information,REQ_0006803,2025-08-04T12:55:21Z
event,CASE_00005528,SIGN,2025-08-20T11:51:52Z,2025-08-20T16:54:44Z,LATE_KNOWN_EVENT,event not known at as_of_utc; using it would leak future information,REQ_0006808,2025-08-20T14:26:23Z
event,CASE_00005534,VER,2025-08-27T16:19:14Z,2026-03-13T01:05:01Z,LATE_KNOWN_EVENT,event not known at as_of_utc; using it would leak future information,REQ_0006814,2025-08-30T20:03:18Z
event,CASE_00005538,SIGN,2026-03-21T10:12:09Z,2026-03-21T16:08:39Z,LATE_KNOWN_EVENT,event not known at as_of_utc; using it would leak future information,REQ_0006818,2026-03-21T14:21:00Z
event,CASE_00005539,SIGN,2025-06-18T19:10:20Z,2025-06-18T23:52:31Z,LATE_KNOWN_EVENT,event not known at as_of_utc; using it would leak future information,REQ_0006819,2025-06-18T21:22:57Z
event,CASE_00005543,SIGN,2025-06-23T01:35:25Z,2025-06-23T05:38:27Z,LATE_KNOWN_EVENT,event not known at as_of_utc; using it would leak future information,REQ_0006823,2025-06-23T04:01:22Z
event,CASE_00005545,SIGN,2026-03-11T18:44:21Z,2026-03-11T21:57:59Z,LATE_KNOWN_EVENT,event not known at as_of_utc; using it would leak future information,REQ_0006825,2026-03-11T21:53:04Z
event,CASE_00005556,SIGN,2025-10-24T08:53:45Z,2025-10-24T12:40:07Z,LATE_KNOWN_EVENT,event not known at as_of_utc; using it would leak future information,REQ_0006836,2025-10-24T11:25:52Z
event,CASE_00005560,PREP,2025-08-07T02:14:25Z,2025-10-24T21:35:01Z,LATE_KNOWN_EVENT,event not known at as_of_utc; using it would leak future information,REQ_0006840,2025-08-10T03:27:41Z
event,CASE_00005560,SIGN,2025-08-10T01:15:53Z,2025-08-10T05:56:00Z,LATE_KNOWN_EVENT,event not known at as_of_utc; using it would leak future information,REQ_0006840,2025-08-10T03:27:41Z
event,CASE_00005561,SIGN,2025-08-26T22:50:54Z,2025-08-27T04:22:35Z,LATE_KNOWN_EVENT,event not known at as_of_utc; using it would leak future information,REQ_0006841,2025-08-27T01:45:27Z
event,CASE_00005567,DONE,2026-02-10T11:23:55Z,2026-04-25T02:17:04Z,LATE_KNOWN_EVENT,event not known at as_of_utc; using it would leak future information,REQ_0006847,2026-02-10T22:57:12Z
event,CASE_00005567,SIGN,2026-02-10T19:09:55Z,2026-02-11T00:03:07Z,LATE_KNOWN_EVENT,event not known at as_of_utc; using it would leak future information,REQ_0006847,2026-02-10T22:57:12Z
event,CASE_00005569,SIGN,2025-11-15T02:47:51Z,2025-11-15T08:03:32Z,LATE_KNOWN_EVENT,event not known at as_of_utc; using it would leak future information,REQ_0006849,2025-11-15T05:59:55Z
event,CASE_00005577,SIGN,2025-08-10T12:55:08Z,2025-08-10T16:45:42Z,LATE_KNOWN_EVENT,event not known at as_of_utc; using it would leak future information,REQ_0006857,2025-08-10T16:08:16Z
event,CASE_00005579,SIGN,2025-11-12T21:07:28Z,2026-05-27T14:24:31Z,LATE_KNOWN_EVENT,event not known at as_of_utc; using it would leak future information,REQ_0006859,2025-11-13T01:24:40Z
event,CASE_00005585,SIGN,2025-07-07T09:16:56Z,2025-07-07T14:58:11Z,LATE_KNOWN_EVENT,event not known at as_of_utc; using it would leak future information,REQ_0006865,2025-07-07T12:24:19Z
event,CASE_00005589,SIGN,2025-11-12T14:35:11Z,2025-11-12T20:22:57Z,LATE_KNOWN_EVENT,event not known at as_of_utc; using it would leak future information,REQ_0006869,2025-11-12T18:52:39Z
event,CASE_00005591,SIGN,2025-06-06T23:38:01Z,2025-06-07T04:42:01Z,LATE_KNOWN_EVENT,event not known at as_of_utc; using it would leak future information,REQ_0006871,2025-06-07T01:43:57Z
event,CASE_00005593,DONE,2026-04-11T09:56:29Z,2026-06-30T00:00:00Z,LATE_KNOWN_EVENT,event not known at as_of_utc; using it would leak future information,REQ_0006873,2026-04-12T00:22:39Z
request,CASE_00000956,,,,CENSORED,"case not released; awaiting outcome, target kept unset",REQ_0001184,
request,CASE_00000957,,,,CENSORED,"case not released; awaiting outcome, target kept unset",REQ_0001185,
request,CASE_00000958,,,,CENSORED,"case not released; awaiting outcome, target kept unset",REQ_0001186,
request,CASE_00000959,,,,CENSORED,"case not released; awaiting outcome, target kept unset",REQ_0001187,
request,CASE_00000960,,,,CENSORED,"case not released; awaiting outcome, target kept unset",REQ_0001188,
request,CASE_00000962,,,,CENSORED,"case not released; awaiting outcome, target kept unset",REQ_0001190,
request,CASE_00000963,,,,CENSORED,"case not released; awaiting outcome, target kept unset",REQ_0001191,
request,CASE_00000964,,,,CENSORED,"case not released; awaiting outcome, target kept unset",REQ_0001192,
request,CASE_00000965,,,,CENSORED,"case not released; awaiting outcome, target kept unset",REQ_0001193,
request,CASE_00000966,,,,CENSORED,"case not released; awaiting outcome, target kept unset",REQ_0001194,
request,CASE_00000967,,,,CENSORED,"case not released; awaiting outcome, target kept unset",REQ_0001195,
request,CASE_00000968,,,,CENSORED,"case not released; awaiting outcome, target kept unset",REQ_0001196,
request,CASE_00000969,,,,CENSORED,"case not released; awaiting outcome, target kept unset",REQ_0001197,
request,CASE_00000970,,,,CENSORED,"case not released; awaiting outcome, target kept unset",REQ_0001198,
request,CASE_00000971,,,,CENSORED,"case not released; awaiting outcome, target kept unset",REQ_0001199,
request,CASE_00000972,,,,CENSORED,"case not released; awaiting outcome, target kept unset",REQ_0001200,
request,CASE_00000973,,,,CENSORED,"case not released; awaiting outcome, target kept unset",REQ_0001201,
request,CASE_00000974,,,,CENSORED,"case not released; awaiting outcome, target kept unset",REQ_0001202,
request,CASE_00000975,,,,CENSORED,"case not released; awaiting outcome, target kept unset",REQ_0001203,
request,CASE_00000976,,,,CENSORED,"case not released; awaiting outcome, target kept unset",REQ_0001204,
request,CASE_00000977,,,,CENSORED,"case not released; awaiting outcome, target kept unset",REQ_0001205,
request,CASE_00000978,,,,CENSORED,"case not released; awaiting outcome, target kept unset",REQ_0001206,
request,CASE_00000979,,,,CENSORED,"case not released; awaiting outcome, target kept unset",REQ_0001207,
request,CASE_00000980,,,,CENSORED,"case not released; awaiting outcome, target kept unset",REQ_0001208,
request,CASE_00000981,,,,CENSORED,"case not released; awaiting outcome, target kept unset",REQ_0001209,
request,CASE_00000982,,,,CENSORED,"case not released; awaiting outcome, target kept unset",REQ_0001210,
request,CASE_00000983,,,,CENSORED,"case not released; awaiting outcome, target kept unset",REQ_0001211,
request,CASE_00000984,,,,CENSORED,"case not released; awaiting outcome, target kept unset",REQ_0001212,
request,CASE_00000985,,,,CENSORED,"case not released; awaiting outcome, target kept unset",REQ_0001213,
request,CASE_00000986,,,,CENSORED,"case not released; awaiting outcome, target kept unset",REQ_0001214,
request,CASE_00000988,,,,CENSORED,"case not released; awaiting outcome, target kept unset",REQ_0001216,
request,CASE_00000989,,,,CENSORED,"case not released; awaiting outcome, target kept unset",REQ_0001217,
request,CASE_00000990,,,,CENSORED,"case not released; awaiting outcome, target kept unset",REQ_0001218,
request,CASE_00000991,,,,CENSORED,"case not released; awaiting outcome, target kept unset",REQ_0001219,
request,CASE_00000992,,,,CENSORED,"case not released; awaiting outcome, target kept unset",REQ_0001220,
request,CASE_00000993,,,,CENSORED,"case not released; awaiting outcome, target kept unset",REQ_0001221,
request,CASE_00000994,,,,CENSORED,"case not released; awaiting outcome, target kept unset",REQ_0001222,
request,CASE_00000995,,,,CENSORED,"case not released; awaiting outcome, target kept unset",REQ_0001223,
request,CASE_00000996,,,,CENSORED,"case not released; awaiting outcome, target kept unset",REQ_0001224,
request,CASE_00000997,,,,CENSORED,"case not released; awaiting outcome, target kept unset",REQ_0001225,
request,CASE_00001594,,,,CENSORED,"case not released; awaiting outcome, target kept unset",REQ_0001991,
request,CASE_00001595,,,,CENSORED,"case not released; awaiting outcome, target kept unset",REQ_0001992,
request,CASE_00001596,,,,CENSORED,"case not released; awaiting outcome, target kept unset",REQ_0001993,
request,CASE_00001597,,,,CENSORED,"case not released; awaiting outcome, target kept unset",REQ_0001994,
request,CASE_00001598,,,,CENSORED,"case not released; awaiting outcome, target kept unset",REQ_0001995,
request,CASE_00001599,,,,CENSORED,"case not released; awaiting outcome, target kept unset",REQ_0001996,
request,CASE_00001600,,,,CENSORED,"case not released; awaiting outcome, target kept unset",REQ_0001997,
request,CASE_00001601,,,,CENSORED,"case not released; awaiting outcome, target kept unset",REQ_0001998,
request,CASE_00001602,,,,CENSORED,"case not released; awaiting outcome, target kept unset",REQ_0001999,
request,CASE_00001603,,,,CENSORED,"case not released; awaiting outcome, target kept unset",REQ_0002000,
request,CASE_00001604,,,,CENSORED,"case not released; awaiting outcome, target kept unset",REQ_0002001,
request,CASE_00001605,,,,CENSORED,"case not released; awaiting outcome, target kept unset",REQ_0002002,
request,CASE_00001606,,,,CENSORED,"case not released; awaiting outcome, target kept unset",REQ_0002003,
request,CASE_00001607,,,,CENSORED,"case not released; awaiting outcome, target kept unset",REQ_0002004,
request,CASE_00001608,,,,CENSORED,"case not released; awaiting outcome, target kept unset",REQ_0002005,
request,CASE_00001609,,,,CENSORED,"case not released; awaiting outcome, target kept unset",REQ_0002006,
request,CASE_00001610,,,,CENSORED,"case not released; awaiting outcome, target kept unset",REQ_0002007,
request,CASE_00001611,,,,CENSORED,"case not released; awaiting outcome, target kept unset",REQ_0002008,
request,CASE_00001612,,,,CENSORED,"case not released; awaiting outcome, target kept unset",REQ_0002009,
request,CASE_00001613,,,,CENSORED,"case not released; awaiting outcome, target kept unset",REQ_0002010,
request,CASE_00001614,,,,CENSORED,"case not released; awaiting outcome, target kept unset",REQ_0002011,
request,CASE_00001615,,,,CENSORED,"case not released; awaiting outcome, target kept unset",REQ_0002012,
request,CASE_00001616,,,,CENSORED,"case not released; awaiting outcome, target kept unset",REQ_0002013,
request,CASE_00001617,,,,CENSORED,"case not released; awaiting outcome, target kept unset",REQ_0002014,
request,CASE_00001618,,,,CENSORED,"case not released; awaiting outcome, target kept unset",REQ_0002015,
request,CASE_00001619,,,,CENSORED,"case not released; awaiting outcome, target kept unset",REQ_0002016,
request,CASE_00001620,,,,CENSORED,"case not released; awaiting outcome, target kept unset",REQ_0002017,
request,CASE_00001621,,,,CENSORED,"case not released; awaiting outcome, target kept unset",REQ_0002018,
request,CASE_00001622,,,,CENSORED,"case not released; awaiting outcome, target kept unset",REQ_0002019,
request,CASE_00001623,,,,CENSORED,"case not released; awaiting outcome, target kept unset",REQ_0002020,
request,CASE_00001624,,,,CENSORED,"case not released; awaiting outcome, target kept unset",REQ_0002021,
request,CASE_00001625,,,,CENSORED,"case not released; awaiting outcome, target kept unset",REQ_0002022,
request,CASE_00001626,,,,CENSORED,"case not released; awaiting outcome, target kept unset",REQ_0002023,
request,CASE_00001627,,,,CENSORED,"case not released; awaiting outcome, target kept unset",REQ_0002024,
request,CASE_00001628,,,,CENSORED,"case not released; awaiting outcome, target kept unset",REQ_0002025,
request,CASE_00001629,,,,CENSORED,"case not released; awaiting outcome, target kept unset",REQ_0002026,
request,CASE_00001630,,,,CENSORED,"case not released; awaiting outcome, target kept unset",REQ_0002027,
request,CASE_00001631,,,,CENSORED,"case not released; awaiting outcome, target kept unset",REQ_0002028,
request,CASE_00001632,,,,CENSORED,"case not released; awaiting outcome, target kept unset",REQ_0002029,
request,CASE_00001633,,,,CENSORED,"case not released; awaiting outcome, target kept unset",REQ_0002030,
request,CASE_00001634,,,,CENSORED,"case not released; awaiting outcome, target kept unset",REQ_0002031,
request,CASE_00001635,,,,CENSORED,"case not released; awaiting outcome, target kept unset",REQ_0002032,
request,CASE_00001636,,,,CENSORED,"case not released; awaiting outcome, target kept unset",REQ_0002033,
request,CASE_00001637,,,,CENSORED,"case not released; awaiting outcome, target kept unset",REQ_0002034,
request,CASE_00001638,,,,CENSORED,"case not released; awaiting outcome, target kept unset",REQ_0002035,
request,CASE_00001639,,,,CENSORED,"case not released; awaiting outcome, target kept unset",REQ_0002036,
request,CASE_00001640,,,,CENSORED,"case not released; awaiting outcome, target kept unset",REQ_0002037,
request,CASE_00001641,,,,CENSORED,"case not released; awaiting outcome, target kept unset",REQ_0002038,
request,CASE_00001642,,,,CENSORED,"case not released; awaiting outcome, target kept unset",REQ_0002039,
request,CASE_00001643,,,,CENSORED,"case not released; awaiting outcome, target kept unset",REQ_0002040,
request,CASE_00001644,,,,CENSORED,"case not released; awaiting outcome, target kept unset",REQ_0002041,
request,CASE_00001645,,,,CENSORED,"case not released; awaiting outcome, target kept unset",REQ_0002042,
request,CASE_00001646,,,,CENSORED,"case not released; awaiting outcome, target kept unset",REQ_0002043,
request,CASE_00001647,,,,CENSORED,"case not released; awaiting outcome, target kept unset",REQ_0002044,
request,CASE_00001648,,,,CENSORED,"case not released; awaiting outcome, target kept unset",REQ_0002045,
request,CASE_00001649,,,,CENSORED,"case not released; awaiting outcome, target kept unset",REQ_0002046,
request,CASE_00001650,,,,CENSORED,"case not released; awaiting outcome, target kept unset",REQ_0002047,
request,CASE_00001651,,,,CENSORED,"case not released; awaiting outcome, target kept unset",REQ_0002048,
request,CASE_00001652,,,,CENSORED,"case not released; awaiting outcome, target kept unset",REQ_0002049,
request,CASE_00001653,,,,CENSORED,"case not released; awaiting outcome, target kept unset",REQ_0002050,
request,CASE_00001654,,,,CENSORED,"case not released; awaiting outcome, target kept unset",REQ_0002051,
request,CASE_00001655,,,,CENSORED,"case not released; awaiting outcome, target kept unset",REQ_0002052,
request,CASE_00001656,,,,CENSORED,"case not released; awaiting outcome, target kept unset",REQ_0002053,
request,CASE_00001657,,,,CENSORED,"case not released; awaiting outcome, target kept unset",REQ_0002054,
request,CASE_00001658,,,,CENSORED,"case not released; awaiting outcome, target kept unset",REQ_0002055,
request,CASE_00001659,,,,CENSORED,"case not released; awaiting outcome, target kept unset",REQ_0002056,
request,CASE_00001660,,,,CENSORED,"case not released; awaiting outcome, target kept unset",REQ_0002057,
request,CASE_00001661,,,,CENSORED,"case not released; awaiting outcome, target kept unset",REQ_0002058,
request,CASE_00001662,,,,CENSORED,"case not released; awaiting outcome, target kept unset",REQ_0002059,
request,CASE_00001663,,,,CENSORED,"case not released; awaiting outcome, target kept unset",REQ_0002060,
request,CASE_00001664,,,,CENSORED,"case not released; awaiting outcome, target kept unset",REQ_0002061,
request,CASE_00001665,,,,CENSORED,"case not released; awaiting outcome, target kept unset",REQ_0002062,
request,CASE_00001666,,,,CENSORED,"case not released; awaiting outcome, target kept unset",REQ_0002063,
request,CASE_00001667,,,,CENSORED,"case not released; awaiting outcome, target kept unset",REQ_0002064,
request,CASE_00001668,,,,CENSORED,"case not released; awaiting outcome, target kept unset",REQ_0002065,
request,CASE_00001669,,,,CENSORED,"case not released; awaiting outcome, target kept unset",REQ_0002066,
request,CASE_00001670,,,,CENSORED,"case not released; awaiting outcome, target kept unset",REQ_0002067,
request,CASE_00001671,,,,CENSORED,"case not released; awaiting outcome, target kept unset",REQ_0002068,
request,CASE_00001672,,,,CENSORED,"case not released; awaiting outcome, target kept unset",REQ_0002069,
request,CASE_00001673,,,,CENSORED,"case not released; awaiting outcome, target kept unset",REQ_0002070,
request,CASE_00001674,,,,CENSORED,"case not released; awaiting outcome, target kept unset",REQ_0002071,
request,CASE_00001675,,,,CENSORED,"case not released; awaiting outcome, target kept unset",REQ_0002072,
request,CASE_00001676,,,,CENSORED,"case not released; awaiting outcome, target kept unset",REQ_0002073,
request,CASE_00001677,,,,CENSORED,"case not released; awaiting outcome, target kept unset",REQ_0002074,
request,CASE_00001678,,,,CENSORED,"case not released; awaiting outcome, target kept unset",REQ_0002075,
request,CASE_00001679,,,,CENSORED,"case not released; awaiting outcome, target kept unset",REQ_0002076,
request,CASE_00001680,,,,CENSORED,"case not released; awaiting outcome, target kept unset",REQ_0002077,
request,CASE_00001681,,,,CENSORED,"case not released; awaiting outcome, target kept unset",REQ_0002078,
request,CASE_00001682,,,,CENSORED,"case not released; awaiting outcome, target kept unset",REQ_0002079,
request,CASE_00001683,,,,CENSORED,"case not released; awaiting outcome, target kept unset",REQ_0002080,
request,CASE_00001684,,,,CENSORED,"case not released; awaiting outcome, target kept unset",REQ_0002081,
request,CASE_00001685,,,,CENSORED,"case not released; awaiting outcome, target kept unset",REQ_0002082,
request,CASE_00001686,,,,CENSORED,"case not released; awaiting outcome, target kept unset",REQ_0002083,
request,CASE_00001687,,,,CENSORED,"case not released; awaiting outcome, target kept unset",REQ_0002084,
request,CASE_00001688,,,,CENSORED,"case not released; awaiting outcome, target kept unset",REQ_0002085,
request,CASE_00001689,,,,CENSORED,"case not released; awaiting outcome, target kept unset",REQ_0002086,
request,CASE_00001690,,,,CENSORED,"case not released; awaiting outcome, target kept unset",REQ_0002087,
request,CASE_00001691,,,,CENSORED,"case not released; awaiting outcome, target kept unset",REQ_0002088,
request,CASE_00001692,,,,CENSORED,"case not released; awaiting outcome, target kept unset",REQ_0002089,
request,CASE_00001693,,,,CENSORED,"case not released; awaiting outcome, target kept unset",REQ_0002090,
request,CASE_00001694,,,,CENSORED,"case not released; awaiting outcome, target kept unset",REQ_0002091,
request,CASE_00001695,,,,CENSORED,"case not released; awaiting outcome, target kept unset",REQ_0002092,
request,CASE_00001696,,,,CENSORED,"case not released; awaiting outcome, target kept unset",REQ_0002093,
request,CASE_00001697,,,,CENSORED,"case not released; awaiting outcome, target kept unset",REQ_0002094,
request,CASE_00001698,,,,CENSORED,"case not released; awaiting outcome, target kept unset",REQ_0002095,
request,CASE_00001699,,,,CENSORED,"case not released; awaiting outcome, target kept unset",REQ_0002096,
request,CASE_00001700,,,,CENSORED,"case not released; awaiting outcome, target kept unset",REQ_0002097,
request,CASE_00001701,,,,CENSORED,"case not released; awaiting outcome, target kept unset",REQ_0002098,
request,CASE_00001702,,,,CENSORED,"case not released; awaiting outcome, target kept unset",REQ_0002099,
request,CASE_00001703,,,,CENSORED,"case not released; awaiting outcome, target kept unset",REQ_0002100,
request,CASE_00001704,,,,CENSORED,"case not released; awaiting outcome, target kept unset",REQ_0002101,
request,CASE_00001705,,,,CENSORED,"case not released; awaiting outcome, target kept unset",REQ_0002102,
request,CASE_00001706,,,,CENSORED,"case not released; awaiting outcome, target kept unset",REQ_0002103,
request,CASE_00001707,,,,CENSORED,"case not released; awaiting outcome, target kept unset",REQ_0002104,
request,CASE_00001708,,,,CENSORED,"case not released; awaiting outcome, target kept unset",REQ_0002105,
request,CASE_00001709,,,,CENSORED,"case not released; awaiting outcome, target kept unset",REQ_0002106,
request,CASE_00001710,,,,CENSORED,"case not released; awaiting outcome, target kept unset",REQ_0002107,
request,CASE_00001711,,,,CENSORED,"case not released; awaiting outcome, target kept unset",REQ_0002108,
request,CASE_00001712,,,,CENSORED,"case not released; awaiting outcome, target kept unset",REQ_0002109,
request,CASE_00001713,,,,CENSORED,"case not released; awaiting outcome, target kept unset",REQ_0002110,
request,CASE_00001714,,,,CENSORED,"case not released; awaiting outcome, target kept unset",REQ_0002111,
request,CASE_00001715,,,,CENSORED,"case not released; awaiting outcome, target kept unset",REQ_0002112,
request,CASE_00001716,,,,CENSORED,"case not released; awaiting outcome, target kept unset",REQ_0002113,
request,CASE_00001717,,,,CENSORED,"case not released; awaiting outcome, target kept unset",REQ_0002114,
request,CASE_00001718,,,,CENSORED,"case not released; awaiting outcome, target kept unset",REQ_0002115,
request,CASE_00001719,,,,CENSORED,"case not released; awaiting outcome, target kept unset",REQ_0002116,
request,CASE_00001720,,,,CENSORED,"case not released; awaiting outcome, target kept unset",REQ_0002117,
request,CASE_00001721,,,,CENSORED,"case not released; awaiting outcome, target kept unset",REQ_0002118,
request,CASE_00001722,,,,CENSORED,"case not released; awaiting outcome, target kept unset",REQ_0002119,
request,CASE_00001723,,,,CENSORED,"case not released; awaiting outcome, target kept unset",REQ_0002120,
request,CASE_00001724,,,,CENSORED,"case not released; awaiting outcome, target kept unset",REQ_0002121,
request,CASE_00001725,,,,CENSORED,"case not released; awaiting outcome, target kept unset",REQ_0002122,
request,CASE_00001726,,,,CENSORED,"case not released; awaiting outcome, target kept unset",REQ_0002123,
request,CASE_00001727,,,,CENSORED,"case not released; awaiting outcome, target kept unset",REQ_0002124,
request,CASE_00001728,,,,CENSORED,"case not released; awaiting outcome, target kept unset",REQ_0002125,
request,CASE_00001729,,,,CENSORED,"case not released; awaiting outcome, target kept unset",REQ_0002126,
request,CASE_00001730,,,,CENSORED,"case not released; awaiting outcome, target kept unset",REQ_0002127,
request,CASE_00001731,,,,CENSORED,"case not released; awaiting outcome, target kept unset",REQ_0002128,
request,CASE_00001732,,,,CENSORED,"case not released; awaiting outcome, target kept unset",REQ_0002129,
request,CASE_00001733,,,,CENSORED,"case not released; awaiting outcome, target kept unset",REQ_0002130,
request,CASE_00001734,,,,CENSORED,"case not released; awaiting outcome, target kept unset",REQ_0002131,
request,CASE_00001735,,,,CENSORED,"case not released; awaiting outcome, target kept unset",REQ_0002132,
request,CASE_00001736,,,,CENSORED,"case not released; awaiting outcome, target kept unset",REQ_0002133,
request,CASE_00001737,,,,CENSORED,"case not released; awaiting outcome, target kept unset",REQ_0002134,
request,CASE_00001738,,,,CENSORED,"case not released; awaiting outcome, target kept unset",REQ_0002135,
request,CASE_00001739,,,,CENSORED,"case not released; awaiting outcome, target kept unset",REQ_0002136,
request,CASE_00001740,,,,CENSORED,"case not released; awaiting outcome, target kept unset",REQ_0002137,
request,CASE_00001741,,,,CENSORED,"case not released; awaiting outcome, target kept unset",REQ_0002138,
request,CASE_00001742,,,,CENSORED,"case not released; awaiting outcome, target kept unset",REQ_0002139,
request,CASE_00001744,,,,CENSORED,"case not released; awaiting outcome, target kept unset",REQ_0002141,
request,CASE_00001745,,,,CENSORED,"case not released; awaiting outcome, target kept unset",REQ_0002142,
request,CASE_00001746,,,,CENSORED,"case not released; awaiting outcome, target kept unset",REQ_0002143,
request,CASE_00002964,,,,CENSORED,"case not released; awaiting outcome, target kept unset",REQ_0003685,
request,CASE_00002965,,,,CENSORED,"case not released; awaiting outcome, target kept unset",REQ_0003686,
request,CASE_00002966,,,,CENSORED,"case not released; awaiting outcome, target kept unset",REQ_0003687,
request,CASE_00002967,,,,CENSORED,"case not released; awaiting outcome, target kept unset",REQ_0003688,
request,CASE_00002968,,,,CENSORED,"case not released; awaiting outcome, target kept unset",REQ_0003689,
request,CASE_00002969,,,,CENSORED,"case not released; awaiting outcome, target kept unset",REQ_0003690,
request,CASE_00002970,,,,CENSORED,"case not released; awaiting outcome, target kept unset",REQ_0003691,
request,CASE_00002971,,,,CENSORED,"case not released; awaiting outcome, target kept unset",REQ_0003692,
request,CASE_00002972,,,,CENSORED,"case not released; awaiting outcome, target kept unset",REQ_0003693,
request,CASE_00002973,,,,CENSORED,"case not released; awaiting outcome, target kept unset",REQ_0003694,
request,CASE_00002974,,,,CENSORED,"case not released; awaiting outcome, target kept unset",REQ_0003695,
request,CASE_00002975,,,,CENSORED,"case not released; awaiting outcome, target kept unset",REQ_0003696,
request,CASE_00002976,,,,CENSORED,"case not released; awaiting outcome, target kept unset",REQ_0003697,
request,CASE_00002977,,,,CENSORED,"case not released; awaiting outcome, target kept unset",REQ_0003698,
request,CASE_00002978,,,,CENSORED,"case not released; awaiting outcome, target kept unset",REQ_0003699,
request,CASE_00002979,,,,CENSORED,"case not released; awaiting outcome, target kept unset",REQ_0003700,
request,CASE_00002980,,,,CENSORED,"case not released; awaiting outcome, target kept unset",REQ_0003701,
request,CASE_00002981,,,,CENSORED,"case not released; awaiting outcome, target kept unset",REQ_0003702,
request,CASE_00002982,,,,CENSORED,"case not released; awaiting outcome, target kept unset",REQ_0003703,
request,CASE_00002983,,,,CENSORED,"case not released; awaiting outcome, target kept unset",REQ_0003704,
request,CASE_00002984,,,,CENSORED,"case not released; awaiting outcome, target kept unset",REQ_0003705,
request,CASE_00002985,,,,CENSORED,"case not released; awaiting outcome, target kept unset",REQ_0003706,
request,CASE_00002986,,,,CENSORED,"case not released; awaiting outcome, target kept unset",REQ_0003707,
request,CASE_00002987,,,,CENSORED,"case not released; awaiting outcome, target kept unset",REQ_0003708,
request,CASE_00002988,,,,CENSORED,"case not released; awaiting outcome, target kept unset",REQ_0003709,
request,CASE_00002989,,,,CENSORED,"case not released; awaiting outcome, target kept unset",REQ_0003710,
request,CASE_00002990,,,,CENSORED,"case not released; awaiting outcome, target kept unset",REQ_0003711,
request,CASE_00002991,,,,CENSORED,"case not released; awaiting outcome, target kept unset",REQ_0003712,
request,CASE_00002992,,,,CENSORED,"case not released; awaiting outcome, target kept unset",REQ_0003713,
request,CASE_00002993,,,,CENSORED,"case not released; awaiting outcome, target kept unset",REQ_0003714,
request,CASE_00002994,,,,CENSORED,"case not released; awaiting outcome, target kept unset",REQ_0003715,
request,CASE_00002995,,,,CENSORED,"case not released; awaiting outcome, target kept unset",REQ_0003716,
request,CASE_00002996,,,,CENSORED,"case not released; awaiting outcome, target kept unset",REQ_0003717,
request,CASE_00002997,,,,CENSORED,"case not released; awaiting outcome, target kept unset",REQ_0003718,
request,CASE_00002998,,,,CENSORED,"case not released; awaiting outcome, target kept unset",REQ_0003719,
request,CASE_00002999,,,,CENSORED,"case not released; awaiting outcome, target kept unset",REQ_0003720,
request,CASE_00003000,,,,CENSORED,"case not released; awaiting outcome, target kept unset",REQ_0003721,
request,CASE_00003001,,,,CENSORED,"case not released; awaiting outcome, target kept unset",REQ_0003722,
request,CASE_00003002,,,,CENSORED,"case not released; awaiting outcome, target kept unset",REQ_0003723,
request,CASE_00003003,,,,CENSORED,"case not released; awaiting outcome, target kept unset",REQ_0003724,
request,CASE_00003004,,,,CENSORED,"case not released; awaiting outcome, target kept unset",REQ_0003725,
request,CASE_00003005,,,,CENSORED,"case not released; awaiting outcome, target kept unset",REQ_0003726,
request,CASE_00003006,,,,CENSORED,"case not released; awaiting outcome, target kept unset",REQ_0003727,
request,CASE_00003007,,,,CENSORED,"case not released; awaiting outcome, target kept unset",REQ_0003728,
request,CASE_00003008,,,,CENSORED,"case not released; awaiting outcome, target kept unset",REQ_0003729,
request,CASE_00003009,,,,CENSORED,"case not released; awaiting outcome, target kept unset",REQ_0003730,
request,CASE_00003010,,,,CENSORED,"case not released; awaiting outcome, target kept unset",REQ_0003731,
request,CASE_00003011,,,,CENSORED,"case not released; awaiting outcome, target kept unset",REQ_0003732,
request,CASE_00003620,,,,CENSORED,"case not released; awaiting outcome, target kept unset",REQ_0004499,
request,CASE_00003621,,,,CENSORED,"case not released; awaiting outcome, target kept unset",REQ_0004500,
request,CASE_00003622,,,,CENSORED,"case not released; awaiting outcome, target kept unset",REQ_0004501,
request,CASE_00003623,,,,CENSORED,"case not released; awaiting outcome, target kept unset",REQ_0004502,
request,CASE_00003624,,,,CENSORED,"case not released; awaiting outcome, target kept unset",REQ_0004503,
request,CASE_00003625,,,,CENSORED,"case not released; awaiting outcome, target kept unset",REQ_0004504,
request,CASE_00003626,,,,CENSORED,"case not released; awaiting outcome, target kept unset",REQ_0004505,
request,CASE_00003627,,,,CENSORED,"case not released; awaiting outcome, target kept unset",REQ_0004506,
request,CASE_00003628,,,,CENSORED,"case not released; awaiting outcome, target kept unset",REQ_0004507,
request,CASE_00003629,,,,CENSORED,"case not released; awaiting outcome, target kept unset",REQ_0004508,
request,CASE_00003630,,,,CENSORED,"case not released; awaiting outcome, target kept unset",REQ_0004509,
request,CASE_00003631,,,,CENSORED,"case not released; awaiting outcome, target kept unset",REQ_0004510,
request,CASE_00003632,,,,CENSORED,"case not released; awaiting outcome, target kept unset",REQ_0004511,
request,CASE_00003633,,,,CENSORED,"case not released; awaiting outcome, target kept unset",REQ_0004512,
request,CASE_00003634,,,,CENSORED,"case not released; awaiting outcome, target kept unset",REQ_0004513,
request,CASE_00003635,,,,CENSORED,"case not released; awaiting outcome, target kept unset",REQ_0004514,
request,CASE_00003636,,,,CENSORED,"case not released; awaiting outcome, target kept unset",REQ_0004515,
request,CASE_00003637,,,,CENSORED,"case not released; awaiting outcome, target kept unset",REQ_0004516,
request,CASE_00003638,,,,CENSORED,"case not released; awaiting outcome, target kept unset",REQ_0004517,
request,CASE_00003639,,,,CENSORED,"case not released; awaiting outcome, target kept unset",REQ_0004518,
request,CASE_00003640,,,,CENSORED,"case not released; awaiting outcome, target kept unset",REQ_0004519,
request,CASE_00003641,,,,CENSORED,"case not released; awaiting outcome, target kept unset",REQ_0004520,
request,CASE_00003642,,,,CENSORED,"case not released; awaiting outcome, target kept unset",REQ_0004521,
request,CASE_00003643,,,,CENSORED,"case not released; awaiting outcome, target kept unset",REQ_0004522,
request,CASE_00003644,,,,CENSORED,"case not released; awaiting outcome, target kept unset",REQ_0004523,
request,CASE_00003645,,,,CENSORED,"case not released; awaiting outcome, target kept unset",REQ_0004524,
request,CASE_00003646,,,,CENSORED,"case not released; awaiting outcome, target kept unset",REQ_0004525,
request,CASE_00003647,,,,CENSORED,"case not released; awaiting outcome, target kept unset",REQ_0004526,
request,CASE_00003648,,,,CENSORED,"case not released; awaiting outcome, target kept unset",REQ_0004527,
request,CASE_00003649,,,,CENSORED,"case not released; awaiting outcome, target kept unset",REQ_0004528,
request,CASE_00003650,,,,CENSORED,"case not released; awaiting outcome, target kept unset",REQ_0004529,
request,CASE_00003651,,,,CENSORED,"case not released; awaiting outcome, target kept unset",REQ_0004530,
request,CASE_00003652,,,,CENSORED,"case not released; awaiting outcome, target kept unset",REQ_0004531,
request,CASE_00003653,,,,CENSORED,"case not released; awaiting outcome, target kept unset",REQ_0004532,
request,CASE_00003654,,,,CENSORED,"case not released; awaiting outcome, target kept unset",REQ_0004533,
request,CASE_00003655,,,,CENSORED,"case not released; awaiting outcome, target kept unset",REQ_0004534,
request,CASE_00003656,,,,CENSORED,"case not released; awaiting outcome, target kept unset",REQ_0004535,
request,CASE_00003657,,,,CENSORED,"case not released; awaiting outcome, target kept unset",REQ_0004536,
request,CASE_00003658,,,,CENSORED,"case not released; awaiting outcome, target kept unset",REQ_0004537,
request,CASE_00003659,,,,CENSORED,"case not released; awaiting outcome, target kept unset",REQ_0004538,
request,CASE_00003660,,,,CENSORED,"case not released; awaiting outcome, target kept unset",REQ_0004539,
request,CASE_00003661,,,,CENSORED,"case not released; awaiting outcome, target kept unset",REQ_0004540,
request,CASE_00003662,,,,CENSORED,"case not released; awaiting outcome, target kept unset",REQ_0004541,
request,CASE_00003663,,,,CENSORED,"case not released; awaiting outcome, target kept unset",REQ_0004542,
request,CASE_00003664,,,,CENSORED,"case not released; awaiting outcome, target kept unset",REQ_0004543,
request,CASE_00003665,,,,CENSORED,"case not released; awaiting outcome, target kept unset",REQ_0004544,
request,CASE_00003666,,,,CENSORED,"case not released; awaiting outcome, target kept unset",REQ_0004545,
request,CASE_00003667,,,,CENSORED,"case not released; awaiting outcome, target kept unset",REQ_0004546,
request,CASE_00003668,,,,CENSORED,"case not released; awaiting outcome, target kept unset",REQ_0004547,
request,CASE_00003669,,,,CENSORED,"case not released; awaiting outcome, target kept unset",REQ_0004548,
request,CASE_00003670,,,,CENSORED,"case not released; awaiting outcome, target kept unset",REQ_0004549,
request,CASE_00003671,,,,CENSORED,"case not released; awaiting outcome, target kept unset",REQ_0004550,
request,CASE_00003672,,,,CENSORED,"case not released; awaiting outcome, target kept unset",REQ_0004551,
request,CASE_00003674,,,,CENSORED,"case not released; awaiting outcome, target kept unset",REQ_0004553,
request,CASE_00003675,,,,CENSORED,"case not released; awaiting outcome, target kept unset",REQ_0004554,
request,CASE_00003676,,,,CENSORED,"case not released; awaiting outcome, target kept unset",REQ_0004555,
request,CASE_00003677,,,,CENSORED,"case not released; awaiting outcome, target kept unset",REQ_0004556,
request,CASE_00003678,,,,CENSORED,"case not released; awaiting outcome, target kept unset",REQ_0004557,
request,CASE_00003679,,,,CENSORED,"case not released; awaiting outcome, target kept unset",REQ_0004558,
request,CASE_00003680,,,,CENSORED,"case not released; awaiting outcome, target kept unset",REQ_0004559,
request,CASE_00003681,,,,CENSORED,"case not released; awaiting outcome, target kept unset",REQ_0004560,
request,CASE_00003682,,,,CENSORED,"case not released; awaiting outcome, target kept unset",REQ_0004561,
request,CASE_00003683,,,,CENSORED,"case not released; awaiting outcome, target kept unset",REQ_0004562,
request,CASE_00003684,,,,CENSORED,"case not released; awaiting outcome, target kept unset",REQ_0004563,
request,CASE_00003685,,,,CENSORED,"case not released; awaiting outcome, target kept unset",REQ_0004564,
request,CASE_00003686,,,,CENSORED,"case not released; awaiting outcome, target kept unset",REQ_0004565,
request,CASE_00003687,,,,CENSORED,"case not released; awaiting outcome, target kept unset",REQ_0004566,
request,CASE_00003688,,,,CENSORED,"case not released; awaiting outcome, target kept unset",REQ_0004567,
request,CASE_00003689,,,,CENSORED,"case not released; awaiting outcome, target kept unset",REQ_0004568,
request,CASE_00003690,,,,CENSORED,"case not released; awaiting outcome, target kept unset",REQ_0004569,
request,CASE_00003691,,,,CENSORED,"case not released; awaiting outcome, target kept unset",REQ_0004570,
request,CASE_00003692,,,,CENSORED,"case not released; awaiting outcome, target kept unset",REQ_0004571,
request,CASE_00003693,,,,CENSORED,"case not released; awaiting outcome, target kept unset",REQ_0004572,
request,CASE_00003694,,,,CENSORED,"case not released; awaiting outcome, target kept unset",REQ_0004573,
request,CASE_00003695,,,,CENSORED,"case not released; awaiting outcome, target kept unset",REQ_0004574,
request,CASE_00003696,,,,CENSORED,"case not released; awaiting outcome, target kept unset",REQ_0004575,
request,CASE_00003697,,,,CENSORED,"case not released; awaiting outcome, target kept unset",REQ_0004576,
request,CASE_00003698,,,,CENSORED,"case not released; awaiting outcome, target kept unset",REQ_0004577,
request,CASE_00003699,,,,CENSORED,"case not released; awaiting outcome, target kept unset",REQ_0004578,
request,CASE_00003700,,,,CENSORED,"case not released; awaiting outcome, target kept unset",REQ_0004579,
request,CASE_00003701,,,,CENSORED,"case not released; awaiting outcome, target kept unset",REQ_0004580,
request,CASE_00003702,,,,CENSORED,"case not released; awaiting outcome, target kept unset",REQ_0004581,
request,CASE_00003703,,,,CENSORED,"case not released; awaiting outcome, target kept unset",REQ_0004582,
request,CASE_00003704,,,,CENSORED,"case not released; awaiting outcome, target kept unset",REQ_0004583,
request,CASE_00003705,,,,CENSORED,"case not released; awaiting outcome, target kept unset",REQ_0004584,
request,CASE_00003707,,,,CENSORED,"case not released; awaiting outcome, target kept unset",REQ_0004586,
request,CASE_00003708,,,,CENSORED,"case not released; awaiting outcome, target kept unset",REQ_0004587,
request,CASE_00003709,,,,CENSORED,"case not released; awaiting outcome, target kept unset",REQ_0004588,
request,CASE_00003710,,,,CENSORED,"case not released; awaiting outcome, target kept unset",REQ_0004589,
request,CASE_00003711,,,,CENSORED,"case not released; awaiting outcome, target kept unset",REQ_0004590,
request,CASE_00003712,,,,CENSORED,"case not released; awaiting outcome, target kept unset",REQ_0004591,
request,CASE_00003713,,,,CENSORED,"case not released; awaiting outcome, target kept unset",REQ_0004592,
request,CASE_00003714,,,,CENSORED,"case not released; awaiting outcome, target kept unset",REQ_0004593,
request,CASE_00003715,,,,CENSORED,"case not released; awaiting outcome, target kept unset",REQ_0004594,
request,CASE_00003716,,,,CENSORED,"case not released; awaiting outcome, target kept unset",REQ_0004595,
request,CASE_00003717,,,,CENSORED,"case not released; awaiting outcome, target kept unset",REQ_0004596,
request,CASE_00003718,,,,CENSORED,"case not released; awaiting outcome, target kept unset",REQ_0004597,
request,CASE_00003719,,,,CENSORED,"case not released; awaiting outcome, target kept unset",REQ_0004598,
request,CASE_00003720,,,,CENSORED,"case not released; awaiting outcome, target kept unset",REQ_0004599,
request,CASE_00003721,,,,CENSORED,"case not released; awaiting outcome, target kept unset",REQ_0004600,
request,CASE_00003722,,,,CENSORED,"case not released; awaiting outcome, target kept unset",REQ_0004601,
request,CASE_00003723,,,,CENSORED,"case not released; awaiting outcome, target kept unset",REQ_0004602,
request,CASE_00003724,,,,CENSORED,"case not released; awaiting outcome, target kept unset",REQ_0004603,
request,CASE_00003725,,,,CENSORED,"case not released; awaiting outcome, target kept unset",REQ_0004604,
request,CASE_00003726,,,,CENSORED,"case not released; awaiting outcome, target kept unset",REQ_0004605,
request,CASE_00003727,,,,CENSORED,"case not released; awaiting outcome, target kept unset",REQ_0004606,
request,CASE_00003728,,,,CENSORED,"case not released; awaiting outcome, target kept unset",REQ_0004607,
request,CASE_00003729,,,,CENSORED,"case not released; awaiting outcome, target kept unset",REQ_0004608,
request,CASE_00003730,,,,CENSORED,"case not released; awaiting outcome, target kept unset",REQ_0004609,
request,CASE_00003731,,,,CENSORED,"case not released; awaiting outcome, target kept unset",REQ_0004610,
request,CASE_00003732,,,,CENSORED,"case not released; awaiting outcome, target kept unset",REQ_0004611,
request,CASE_00003733,,,,CENSORED,"case not released; awaiting outcome, target kept unset",REQ_0004612,
request,CASE_00003734,,,,CENSORED,"case not released; awaiting outcome, target kept unset",REQ_0004613,
request,CASE_00003735,,,,CENSORED,"case not released; awaiting outcome, target kept unset",REQ_0004614,
request,CASE_00003736,,,,CENSORED,"case not released; awaiting outcome, target kept unset",REQ_0004615,
request,CASE_00003737,,,,CENSORED,"case not released; awaiting outcome, target kept unset",REQ_0004616,
request,CASE_00003738,,,,CENSORED,"case not released; awaiting outcome, target kept unset",REQ_0004617,
request,CASE_00003739,,,,CENSORED,"case not released; awaiting outcome, target kept unset",REQ_0004618,
request,CASE_00003740,,,,CENSORED,"case not released; awaiting outcome, target kept unset",REQ_0004619,
request,CASE_00003741,,,,CENSORED,"case not released; awaiting outcome, target kept unset",REQ_0004620,
request,CASE_00003742,,,,CENSORED,"case not released; awaiting outcome, target kept unset",REQ_0004621,
request,CASE_00003743,,,,CENSORED,"case not released; awaiting outcome, target kept unset",REQ_0004622,
request,CASE_00003744,,,,CENSORED,"case not released; awaiting outcome, target kept unset",REQ_0004623,
request,CASE_00003745,,,,CENSORED,"case not released; awaiting outcome, target kept unset",REQ_0004624,
request,CASE_00003746,,,,CENSORED,"case not released; awaiting outcome, target kept unset",REQ_0004625,
request,CASE_00003747,,,,CENSORED,"case not released; awaiting outcome, target kept unset",REQ_0004626,
request,CASE_00003748,,,,CENSORED,"case not released; awaiting outcome, target kept unset",REQ_0004627,
request,CASE_00003749,,,,CENSORED,"case not released; awaiting outcome, target kept unset",REQ_0004628,
request,CASE_00003750,,,,CENSORED,"case not released; awaiting outcome, target kept unset",REQ_0004629,
request,CASE_00003751,,,,CENSORED,"case not released; awaiting outcome, target kept unset",REQ_0004630,
request,CASE_00003752,,,,CENSORED,"case not released; awaiting outcome, target kept unset",REQ_0004631,
request,CASE_00003753,,,,CENSORED,"case not released; awaiting outcome, target kept unset",REQ_0004632,
request,CASE_00003754,,,,CENSORED,"case not released; awaiting outcome, target kept unset",REQ_0004633,
request,CASE_00003755,,,,CENSORED,"case not released; awaiting outcome, target kept unset",REQ_0004634,
request,CASE_00003756,,,,CENSORED,"case not released; awaiting outcome, target kept unset",REQ_0004635,
request,CASE_00003757,,,,CENSORED,"case not released; awaiting outcome, target kept unset",REQ_0004636,
request,CASE_00003758,,,,CENSORED,"case not released; awaiting outcome, target kept unset",REQ_0004637,
request,CASE_00003759,,,,CENSORED,"case not released; awaiting outcome, target kept unset",REQ_0004638,
request,CASE_00003760,,,,CENSORED,"case not released; awaiting outcome, target kept unset",REQ_0004639,
request,CASE_00003761,,,,CENSORED,"case not released; awaiting outcome, target kept unset",REQ_0004640,
request,CASE_00003762,,,,CENSORED,"case not released; awaiting outcome, target kept unset",REQ_0004641,
request,CASE_00003763,,,,CENSORED,"case not released; awaiting outcome, target kept unset",REQ_0004642,
request,CASE_00003764,,,,CENSORED,"case not released; awaiting outcome, target kept unset",REQ_0004643,
request,CASE_00003765,,,,CENSORED,"case not released; awaiting outcome, target kept unset",REQ_0004644,
request,CASE_00003766,,,,CENSORED,"case not released; awaiting outcome, target kept unset",REQ_0004645,
request,CASE_00003767,,,,CENSORED,"case not released; awaiting outcome, target kept unset",REQ_0004646,
request,CASE_00003768,,,,CENSORED,"case not released; awaiting outcome, target kept unset",REQ_0004647,
request,CASE_00003769,,,,CENSORED,"case not released; awaiting outcome, target kept unset",REQ_0004648,
request,CASE_00003770,,,,CENSORED,"case not released; awaiting outcome, target kept unset",REQ_0004649,
request,CASE_00003771,,,,CENSORED,"case not released; awaiting outcome, target kept unset",REQ_0004650,
request,CASE_00003772,,,,CENSORED,"case not released; awaiting outcome, target kept unset",REQ_0004651,
request,CASE_00003773,,,,CENSORED,"case not released; awaiting outcome, target kept unset",REQ_0004652,
request,CASE_00003774,,,,CENSORED,"case not released; awaiting outcome, target kept unset",REQ_0004653,
request,CASE_00003775,,,,CENSORED,"case not released; awaiting outcome, target kept unset",REQ_0004654,
request,CASE_00004886,,,,CENSORED,"case not released; awaiting outcome, target kept unset",REQ_0006044,
request,CASE_00004887,,,,CENSORED,"case not released; awaiting outcome, target kept unset",REQ_0006045,
request,CASE_00004888,,,,CENSORED,"case not released; awaiting outcome, target kept unset",REQ_0006046,
request,CASE_00004889,,,,CENSORED,"case not released; awaiting outcome, target kept unset",REQ_0006047,
request,CASE_00004890,,,,CENSORED,"case not released; awaiting outcome, target kept unset",REQ_0006048,
request,CASE_00004891,,,,CENSORED,"case not released; awaiting outcome, target kept unset",REQ_0006049,
request,CASE_00004892,,,,CENSORED,"case not released; awaiting outcome, target kept unset",REQ_0006050,
request,CASE_00004893,,,,CENSORED,"case not released; awaiting outcome, target kept unset",REQ_0006051,
request,CASE_00004894,,,,CENSORED,"case not released; awaiting outcome, target kept unset",REQ_0006052,
request,CASE_00004895,,,,CENSORED,"case not released; awaiting outcome, target kept unset",REQ_0006053,
request,CASE_00004896,,,,CENSORED,"case not released; awaiting outcome, target kept unset",REQ_0006054,
request,CASE_00004897,,,,CENSORED,"case not released; awaiting outcome, target kept unset",REQ_0006055,
request,CASE_00004898,,,,CENSORED,"case not released; awaiting outcome, target kept unset",REQ_0006056,
request,CASE_00004899,,,,CENSORED,"case not released; awaiting outcome, target kept unset",REQ_0006057,
request,CASE_00004900,,,,CENSORED,"case not released; awaiting outcome, target kept unset",REQ_0006058,
request,CASE_00004901,,,,CENSORED,"case not released; awaiting outcome, target kept unset",REQ_0006059,
request,CASE_00004902,,,,CENSORED,"case not released; awaiting outcome, target kept unset",REQ_0006060,
request,CASE_00004903,,,,CENSORED,"case not released; awaiting outcome, target kept unset",REQ_0006061,
request,CASE_00004904,,,,CENSORED,"case not released; awaiting outcome, target kept unset",REQ_0006062,
request,CASE_00004905,,,,CENSORED,"case not released; awaiting outcome, target kept unset",REQ_0006063,
request,CASE_00004906,,,,CENSORED,"case not released; awaiting outcome, target kept unset",REQ_0006064,
request,CASE_00004907,,,,CENSORED,"case not released; awaiting outcome, target kept unset",REQ_0006065,
request,CASE_00004908,,,,CENSORED,"case not released; awaiting outcome, target kept unset",REQ_0006066,
request,CASE_00004909,,,,CENSORED,"case not released; awaiting outcome, target kept unset",REQ_0006067,
request,CASE_00004910,,,,CENSORED,"case not released; awaiting outcome, target kept unset",REQ_0006068,
request,CASE_00004911,,,,CENSORED,"case not released; awaiting outcome, target kept unset",REQ_0006069,
request,CASE_00004912,,,,CENSORED,"case not released; awaiting outcome, target kept unset",REQ_0006070,
request,CASE_00004913,,,,CENSORED,"case not released; awaiting outcome, target kept unset",REQ_0006071,
request,CASE_00004914,,,,CENSORED,"case not released; awaiting outcome, target kept unset",REQ_0006072,
request,CASE_00004915,,,,CENSORED,"case not released; awaiting outcome, target kept unset",REQ_0006073,
request,CASE_00004916,,,,CENSORED,"case not released; awaiting outcome, target kept unset",REQ_0006074,
request,CASE_00004917,,,,CENSORED,"case not released; awaiting outcome, target kept unset",REQ_0006075,
request,CASE_00004918,,,,CENSORED,"case not released; awaiting outcome, target kept unset",REQ_0006076,
request,CASE_00004919,,,,CENSORED,"case not released; awaiting outcome, target kept unset",REQ_0006077,
request,CASE_00004920,,,,CENSORED,"case not released; awaiting outcome, target kept unset",REQ_0006078,
request,CASE_00004921,,,,CENSORED,"case not released; awaiting outcome, target kept unset",REQ_0006079,
request,CASE_00004922,,,,CENSORED,"case not released; awaiting outcome, target kept unset",REQ_0006080,
request,CASE_00004923,,,,CENSORED,"case not released; awaiting outcome, target kept unset",REQ_0006081,
request,CASE_00004924,,,,CENSORED,"case not released; awaiting outcome, target kept unset",REQ_0006082,
request,CASE_00004925,,,,CENSORED,"case not released; awaiting outcome, target kept unset",REQ_0006083,
request,CASE_00004926,,,,CENSORED,"case not released; awaiting outcome, target kept unset",REQ_0006084,
request,CASE_00004927,,,,CENSORED,"case not released; awaiting outcome, target kept unset",REQ_0006085,
request,CASE_00004928,,,,CENSORED,"case not released; awaiting outcome, target kept unset",REQ_0006086,
request,CASE_00005444,,,,CENSORED,"case not released; awaiting outcome, target kept unset",REQ_0006724,
request,CASE_00005445,,,,CENSORED,"case not released; awaiting outcome, target kept unset",REQ_0006725,
request,CASE_00005446,,,,CENSORED,"case not released; awaiting outcome, target kept unset",REQ_0006726,
request,CASE_00005447,,,,CENSORED,"case not released; awaiting outcome, target kept unset",REQ_0006727,
request,CASE_00005449,,,,CENSORED,"case not released; awaiting outcome, target kept unset",REQ_0006729,
request,CASE_00005450,,,,CENSORED,"case not released; awaiting outcome, target kept unset",REQ_0006730,
request,CASE_00005451,,,,CENSORED,"case not released; awaiting outcome, target kept unset",REQ_0006731,
request,CASE_00005452,,,,CENSORED,"case not released; awaiting outcome, target kept unset",REQ_0006732,
request,CASE_00005453,,,,CENSORED,"case not released; awaiting outcome, target kept unset",REQ_0006733,
request,CASE_00005454,,,,CENSORED,"case not released; awaiting outcome, target kept unset",REQ_0006734,
request,CASE_00005455,,,,CENSORED,"case not released; awaiting outcome, target kept unset",REQ_0006735,
request,CASE_00005456,,,,CENSORED,"case not released; awaiting outcome, target kept unset",REQ_0006736,
request,CASE_00005457,,,,CENSORED,"case not released; awaiting outcome, target kept unset",REQ_0006737,
request,CASE_00005458,,,,CENSORED,"case not released; awaiting outcome, target kept unset",REQ_0006738,
request,CASE_00005459,,,,CENSORED,"case not released; awaiting outcome, target kept unset",REQ_0006739,
request,CASE_00005460,,,,CENSORED,"case not released; awaiting outcome, target kept unset",REQ_0006740,
request,CASE_00005461,,,,CENSORED,"case not released; awaiting outcome, target kept unset",REQ_0006741,
request,CASE_00005462,,,,CENSORED,"case not released; awaiting outcome, target kept unset",REQ_0006742,
request,CASE_00005463,,,,CENSORED,"case not released; awaiting outcome, target kept unset",REQ_0006743,
request,CASE_00005464,,,,CENSORED,"case not released; awaiting outcome, target kept unset",REQ_0006744,
request,CASE_00005465,,,,CENSORED,"case not released; awaiting outcome, target kept unset",REQ_0006745,
request,CASE_00005466,,,,CENSORED,"case not released; awaiting outcome, target kept unset",REQ_0006746,
request,CASE_00005467,,,,CENSORED,"case not released; awaiting outcome, target kept unset",REQ_0006747,
request,CASE_00005468,,,,CENSORED,"case not released; awaiting outcome, target kept unset",REQ_0006748,
request,CASE_00005469,,,,CENSORED,"case not released; awaiting outcome, target kept unset",REQ_0006749,
request,CASE_00005470,,,,CENSORED,"case not released; awaiting outcome, target kept unset",REQ_0006750,
request,CASE_00005471,,,,CENSORED,"case not released; awaiting outcome, target kept unset",REQ_0006751,
request,CASE_00005472,,,,CENSORED,"case not released; awaiting outcome, target kept unset",REQ_0006752,
request,CASE_00005473,,,,CENSORED,"case not released; awaiting outcome, target kept unset",REQ_0006753,
request,CASE_00005474,,,,CENSORED,"case not released; awaiting outcome, target kept unset",REQ_0006754,
request,CASE_00005475,,,,CENSORED,"case not released; awaiting outcome, target kept unset",REQ_0006755,
request,CASE_00005476,,,,CENSORED,"case not released; awaiting outcome, target kept unset",REQ_0006756,
request,CASE_00005477,,,,CENSORED,"case not released; awaiting outcome, target kept unset",REQ_0006757,
request,CASE_00005478,,,,CENSORED,"case not released; awaiting outcome, target kept unset",REQ_0006758,
request,CASE_00005479,,,,CENSORED,"case not released; awaiting outcome, target kept unset",REQ_0006759,
request,CASE_00005480,,,,CENSORED,"case not released; awaiting outcome, target kept unset",REQ_0006760,
request,CASE_00005481,,,,CENSORED,"case not released; awaiting outcome, target kept unset",REQ_0006761,
request,CASE_00005482,,,,CENSORED,"case not released; awaiting outcome, target kept unset",REQ_0006762,
request,CASE_00005483,,,,CENSORED,"case not released; awaiting outcome, target kept unset",REQ_0006763,
request,CASE_00005484,,,,CENSORED,"case not released; awaiting outcome, target kept unset",REQ_0006764,
request,CASE_00005485,,,,CENSORED,"case not released; awaiting outcome, target kept unset",REQ_0006765,
request,CASE_00005486,,,,CENSORED,"case not released; awaiting outcome, target kept unset",REQ_0006766,
request,CASE_00005487,,,,CENSORED,"case not released; awaiting outcome, target kept unset",REQ_0006767,
request,CASE_00005489,,,,CENSORED,"case not released; awaiting outcome, target kept unset",REQ_0006769,
request,CASE_00005490,,,,CENSORED,"case not released; awaiting outcome, target kept unset",REQ_0006770,
request,CASE_00005491,,,,CENSORED,"case not released; awaiting outcome, target kept unset",REQ_0006771,
request,CASE_00005492,,,,CENSORED,"case not released; awaiting outcome, target kept unset",REQ_0006772,
request,CASE_00005493,,,,CENSORED,"case not released; awaiting outcome, target kept unset",REQ_0006773,
request,CASE_00005494,,,,CENSORED,"case not released; awaiting outcome, target kept unset",REQ_0006774,
request,CASE_00005495,,,,CENSORED,"case not released; awaiting outcome, target kept unset",REQ_0006775,
request,CASE_00005496,,,,CENSORED,"case not released; awaiting outcome, target kept unset",REQ_0006776,
request,CASE_00005497,,,,CENSORED,"case not released; awaiting outcome, target kept unset",REQ_0006777,
request,CASE_00005498,,,,CENSORED,"case not released; awaiting outcome, target kept unset",REQ_0006778,
request,CASE_00005499,,,,CENSORED,"case not released; awaiting outcome, target kept unset",REQ_0006779,
request,CASE_00005500,,,,CENSORED,"case not released; awaiting outcome, target kept unset",REQ_0006780,
request,CASE_00005501,,,,CENSORED,"case not released; awaiting outcome, target kept unset",REQ_0006781,
request,CASE_00005502,,,,CENSORED,"case not released; awaiting outcome, target kept unset",REQ_0006782,
request,CASE_00005503,,,,CENSORED,"case not released; awaiting outcome, target kept unset",REQ_0006783,
request,CASE_00005504,,,,CENSORED,"case not released; awaiting outcome, target kept unset",REQ_0006784,
request,CASE_00005505,,,,CENSORED,"case not released; awaiting outcome, target kept unset",REQ_0006785,
request,CASE_00005506,,,,CENSORED,"case not released; awaiting outcome, target kept unset",REQ_0006786,
request,CASE_00005507,,,,CENSORED,"case not released; awaiting outcome, target kept unset",REQ_0006787,
request,CASE_00005508,,,,CENSORED,"case not released; awaiting outcome, target kept unset",REQ_0006788,
request,CASE_00005509,,,,CENSORED,"case not released; awaiting outcome, target kept unset",REQ_0006789,
request,CASE_00005510,,,,CENSORED,"case not released; awaiting outcome, target kept unset",REQ_0006790,
request,CASE_00005511,,,,CENSORED,"case not released; awaiting outcome, target kept unset",REQ_0006791,
request,CASE_00005512,,,,CENSORED,"case not released; awaiting outcome, target kept unset",REQ_0006792,
request,CASE_00005513,,,,CENSORED,"case not released; awaiting outcome, target kept unset",REQ_0006793,
request,CASE_00005514,,,,CENSORED,"case not released; awaiting outcome, target kept unset",REQ_0006794,
request,CASE_00005515,,,,CENSORED,"case not released; awaiting outcome, target kept unset",REQ_0006795,
request,CASE_00005516,,,,CENSORED,"case not released; awaiting outcome, target kept unset",REQ_0006796,
request,CASE_00005518,,,,CENSORED,"case not released; awaiting outcome, target kept unset",REQ_0006798,
request,CASE_00005519,,,,CENSORED,"case not released; awaiting outcome, target kept unset",REQ_0006799,
request,CASE_00005520,,,,CENSORED,"case not released; awaiting outcome, target kept unset",REQ_0006800,
request,CASE_00005521,,,,CENSORED,"case not released; awaiting outcome, target kept unset",REQ_0006801,
request,CASE_00005522,,,,CENSORED,"case not released; awaiting outcome, target kept unset",REQ_0006802,
request,CASE_00005523,,,,CENSORED,"case not released; awaiting outcome, target kept unset",REQ_0006803,
request,CASE_00005524,,,,CENSORED,"case not released; awaiting outcome, target kept unset",REQ_0006804,
request,CASE_00005525,,,,CENSORED,"case not released; awaiting outcome, target kept unset",REQ_0006805,
request,CASE_00005526,,,,CENSORED,"case not released; awaiting outcome, target kept unset",REQ_0006806,
request,CASE_00005527,,,,CENSORED,"case not released; awaiting outcome, target kept unset",REQ_0006807,
request,CASE_00005528,,,,CENSORED,"case not released; awaiting outcome, target kept unset",REQ_0006808,
request,CASE_00005529,,,,CENSORED,"case not released; awaiting outcome, target kept unset",REQ_0006809,
request,CASE_00005530,,,,CENSORED,"case not released; awaiting outcome, target kept unset",REQ_0006810,
request,CASE_00005531,,,,CENSORED,"case not released; awaiting outcome, target kept unset",REQ_0006811,
request,CASE_00005532,,,,CENSORED,"case not released; awaiting outcome, target kept unset",REQ_0006812,
request,CASE_00005533,,,,CENSORED,"case not released; awaiting outcome, target kept unset",REQ_0006813,
request,CASE_00005534,,,,CENSORED,"case not released; awaiting outcome, target kept unset",REQ_0006814,
request,CASE_00005535,,,,CENSORED,"case not released; awaiting outcome, target kept unset",REQ_0006815,
request,CASE_00005536,,,,CENSORED,"case not released; awaiting outcome, target kept unset",REQ_0006816,
request,CASE_00005537,,,,CENSORED,"case not released; awaiting outcome, target kept unset",REQ_0006817,
request,CASE_00005538,,,,CENSORED,"case not released; awaiting outcome, target kept unset",REQ_0006818,
request,CASE_00005539,,,,CENSORED,"case not released; awaiting outcome, target kept unset",REQ_0006819,
request,CASE_00005540,,,,CENSORED,"case not released; awaiting outcome, target kept unset",REQ_0006820,
request,CASE_00005541,,,,CENSORED,"case not released; awaiting outcome, target kept unset",REQ_0006821,
request,CASE_00005542,,,,CENSORED,"case not released; awaiting outcome, target kept unset",REQ_0006822,
request,CASE_00005543,,,,CENSORED,"case not released; awaiting outcome, target kept unset",REQ_0006823,
request,CASE_00005544,,,,CENSORED,"case not released; awaiting outcome, target kept unset",REQ_0006824,
request,CASE_00005545,,,,CENSORED,"case not released; awaiting outcome, target kept unset",REQ_0006825,
request,CASE_00005546,,,,CENSORED,"case not released; awaiting outcome, target kept unset",REQ_0006826,
request,CASE_00005547,,,,CENSORED,"case not released; awaiting outcome, target kept unset",REQ_0006827,
request,CASE_00005549,,,,CENSORED,"case not released; awaiting outcome, target kept unset",REQ_0006829,
request,CASE_00005550,,,,CENSORED,"case not released; awaiting outcome, target kept unset",REQ_0006830,
request,CASE_00005551,,,,CENSORED,"case not released; awaiting outcome, target kept unset",REQ_0006831,
request,CASE_00005552,,,,CENSORED,"case not released; awaiting outcome, target kept unset",REQ_0006832,
request,CASE_00005553,,,,CENSORED,"case not released; awaiting outcome, target kept unset",REQ_0006833,
request,CASE_00005554,,,,CENSORED,"case not released; awaiting outcome, target kept unset",REQ_0006834,
request,CASE_00005555,,,,CENSORED,"case not released; awaiting outcome, target kept unset",REQ_0006835,
request,CASE_00005556,,,,CENSORED,"case not released; awaiting outcome, target kept unset",REQ_0006836,
request,CASE_00005557,,,,CENSORED,"case not released; awaiting outcome, target kept unset",REQ_0006837,
request,CASE_00005558,,,,CENSORED,"case not released; awaiting outcome, target kept unset",REQ_0006838,
request,CASE_00005559,,,,CENSORED,"case not released; awaiting outcome, target kept unset",REQ_0006839,
request,CASE_00005560,,,,CENSORED,"case not released; awaiting outcome, target kept unset",REQ_0006840,
request,CASE_00005561,,,,CENSORED,"case not released; awaiting outcome, target kept unset",REQ_0006841,
request,CASE_00005562,,,,CENSORED,"case not released; awaiting outcome, target kept unset",REQ_0006842,
request,CASE_00005563,,,,CENSORED,"case not released; awaiting outcome, target kept unset",REQ_0006843,
request,CASE_00005564,,,,CENSORED,"case not released; awaiting outcome, target kept unset",REQ_0006844,
request,CASE_00005565,,,,CENSORED,"case not released; awaiting outcome, target kept unset",REQ_0006845,
request,CASE_00005566,,,,CENSORED,"case not released; awaiting outcome, target kept unset",REQ_0006846,
request,CASE_00005567,,,,CENSORED,"case not released; awaiting outcome, target kept unset",REQ_0006847,
request,CASE_00005568,,,,CENSORED,"case not released; awaiting outcome, target kept unset",REQ_0006848,
request,CASE_00005569,,,,CENSORED,"case not released; awaiting outcome, target kept unset",REQ_0006849,
request,CASE_00005570,,,,CENSORED,"case not released; awaiting outcome, target kept unset",REQ_0006850,
request,CASE_00005571,,,,CENSORED,"case not released; awaiting outcome, target kept unset",REQ_0006851,
request,CASE_00005572,,,,CENSORED,"case not released; awaiting outcome, target kept unset",REQ_0006852,
request,CASE_00005573,,,,CENSORED,"case not released; awaiting outcome, target kept unset",REQ_0006853,
request,CASE_00005574,,,,CENSORED,"case not released; awaiting outcome, target kept unset",REQ_0006854,
request,CASE_00005575,,,,CENSORED,"case not released; awaiting outcome, target kept unset",REQ_0006855,
request,CASE_00005576,,,,CENSORED,"case not released; awaiting outcome, target kept unset",REQ_0006856,
request,CASE_00005577,,,,CENSORED,"case not released; awaiting outcome, target kept unset",REQ_0006857,
request,CASE_00005578,,,,CENSORED,"case not released; awaiting outcome, target kept unset",REQ_0006858,
request,CASE_00005579,,,,CENSORED,"case not released; awaiting outcome, target kept unset",REQ_0006859,
request,CASE_00005580,,,,CENSORED,"case not released; awaiting outcome, target kept unset",REQ_0006860,
request,CASE_00005581,,,,CENSORED,"case not released; awaiting outcome, target kept unset",REQ_0006861,
request,CASE_00005582,,,,CENSORED,"case not released; awaiting outcome, target kept unset",REQ_0006862,
request,CASE_00005583,,,,CENSORED,"case not released; awaiting outcome, target kept unset",REQ_0006863,
request,CASE_00005584,,,,CENSORED,"case not released; awaiting outcome, target kept unset",REQ_0006864,
request,CASE_00005585,,,,CENSORED,"case not released; awaiting outcome, target kept unset",REQ_0006865,
request,CASE_00005586,,,,CENSORED,"case not released; awaiting outcome, target kept unset",REQ_0006866,
request,CASE_00005587,,,,CENSORED,"case not released; awaiting outcome, target kept unset",REQ_0006867,
request,CASE_00005588,,,,CENSORED,"case not released; awaiting outcome, target kept unset",REQ_0006868,
request,CASE_00005589,,,,CENSORED,"case not released; awaiting outcome, target kept unset",REQ_0006869,
request,CASE_00005590,,,,CENSORED,"case not released; awaiting outcome, target kept unset",REQ_0006870,
request,CASE_00005592,,,,CENSORED,"case not released; awaiting outcome, target kept unset",REQ_0006872,
request,CASE_00005593,,,,CENSORED,"case not released; awaiting outcome, target kept unset",REQ_0006873,
request,CASE_00005594,,,,CENSORED,"case not released; awaiting outcome, target kept unset",REQ_0006874,
request,CASE_00005595,,,,CENSORED,"case not released; awaiting outcome, target kept unset",REQ_0006875,
request,CASE_00005596,,,,CENSORED,"case not released; awaiting outcome, target kept unset",REQ_0006876,
