case_key,site_key,workflow_version,test_family,priority_class,received_at_utc,released_at_utc,is_completed
CASE_00000001,SITE_A,WF_V1,ONCO_PANEL,ROUTINE,2024-03-21T20:19:37Z,2024-03-28T07:20:28Z,1
CASE_00000002,SITE_A,WF_V1,GERMLINE,ROUTINE,2024-05-06T21:42:46Z,2024-05-14T23:28:27Z,1
CASE_00000003,SITE_A,WF_V1,RARE_DISEASE,ROUTINE,2024-01-25T17:06:13Z,2024-02-01T21:24:47Z,1
CASE_00000004,SITE_A,WF_V1,RARE_DISEASE,ROUTINE,2024-06-27T17:01:47Z,2024-07-04T17:00:39Z,1
CASE_00000005,SITE_A,WF_V1,RARE_DISEASE,ROUTINE,2024-02-03T18:46:33Z,2024-02-10T17:09:01Z,1
CASE_00000006,SITE_A,WF_V1,RARE_DISEASE,ROUTINE,2024-07-11T00:18:38Z,2024-07-17T03:52:58Z,1
CASE_00000007,SITE_A,WF_V1,RARE_DISEASE,ROUTINE,2024-02-27T03:38:27Z,2024-03-04T14:51:57Z,1
CASE_00000008,SITE_A,WF_V1,GERMLINE,ROUTINE,2024-07-16T15:33:26Z,2024-07-23T07:08:30Z,1
CASE_00000009,SITE_A,WF_V1,ONCO_PANEL,ROUTINE,2024-06-26T16:47:57Z,2024-07-01T19:38:31Z,1
CASE_00000010,SITE_A,WF_V1,GERMLINE,ROUTINE,2024-05-27T07:00:04Z,2024-06-04T07:47:40Z,1
CASE_00000011,SITE_A,WF_V1,ONCO_PANEL,STAT,2024-06-15T06:40:25Z,2024-06-18T03:26:30Z,1
CASE_00000012,SITE_A,WF_V1,ONCO_PANEL,STAT,2024-05-18T05:05:20Z,2024-05-20T15:47:13Z,1
CASE_00000013,SITE_A,WF_V1,RARE_DISEASE,ROUTINE,2024-07-11T15:09:53Z,2024-07-19T00:55:44Z,1
CASE_00000014,SITE_A,WF_V1,RARE_DISEASE,ROUTINE,2024-05-02T14:52:31Z,2024-05-11T00:18:23Z,1
CASE_00000015,SITE_A,WF_V1,ONCO_PANEL,ROUTINE,2024-03-04T17:54:46Z,2024-03-10T07:54:26Z,1
CASE_00000016,SITE_A,WF_V1,GERMLINE,ROUTINE,2024-05-11T18:51:52Z,2024-05-19T21:50:18Z,1
CASE_00000017,SITE_A,WF_V1,ONCO_PANEL,ROUTINE,2024-03-02T16:43:04Z,2024-03-08T16:15:32Z,1
CASE_00000018,SITE_A,WF_V1,ONCO_PANEL,STAT,2024-06-22T16:01:37Z,2024-06-25T09:13:07Z,1
CASE_00000019,SITE_A,WF_V1,GERMLINE,ROUTINE,2024-06-05T01:28:37Z,2024-06-13T02:26:39Z,1
CASE_00000020,SITE_A,WF_V1,GERMLINE,ROUTINE,2024-07-04T21:31:38Z,2024-07-13T08:04:25Z,1
CASE_00000021,SITE_A,WF_V1,GERMLINE,ROUTINE,2024-02-14T22:42:31Z,2024-02-22T14:23:28Z,1
CASE_00000022,SITE_A,WF_V1,PHARMA,ROUTINE,2024-03-18T15:03:20Z,2024-03-23T14:07:13Z,1
CASE_00000023,SITE_A,WF_V1,GERMLINE,ROUTINE,2024-03-12T07:18:03Z,2024-03-20T02:07:07Z,1
CASE_00000024,SITE_A,WF_V1,GERMLINE,ROUTINE,2024-01-18T18:38:55Z,2024-01-27T04:51:58Z,1
CASE_00000025,SITE_A,WF_V1,RARE_DISEASE,ROUTINE,2024-04-25T18:39:15Z,2024-05-02T19:42:47Z,1
CASE_00000026,SITE_A,WF_V1,PHARMA,ROUTINE,2024-01-24T12:31:17Z,2024-01-29T09:45:26Z,1
CASE_00000027,SITE_A,WF_V1,ONCO_PANEL,ROUTINE,2024-02-13T19:16:14Z,2024-02-19T15:07:56Z,1
CASE_00000028,SITE_A,WF_V1,ONCO_PANEL,ROUTINE,2024-02-18T05:08:09Z,2024-02-25T09:48:38Z,1
CASE_00000029,SITE_A,WF_V1,GERMLINE,ROUTINE,2024-06-08T06:10:06Z,2024-06-17T09:17:02Z,1
CASE_00000030,SITE_A,WF_V1,GERMLINE,ROUTINE,2024-03-27T05:45:51Z,2024-04-04T06:40:10Z,1
CASE_00000031,SITE_A,WF_V1,ONCO_PANEL,ROUTINE,2024-04-17T01:56:33Z,2024-04-22T08:35:11Z,1
CASE_00000032,SITE_A,WF_V1,RARE_DISEASE,ROUTINE,2024-05-16T06:58:52Z,2024-05-24T07:15:18Z,1
CASE_00000033,SITE_A,WF_V1,ONCO_PANEL,ROUTINE,2024-07-30T18:48:33Z,2024-08-06T12:17:01Z,1
CASE_00000034,SITE_A,WF_V1,ONCO_PANEL,ROUTINE,2024-07-06T07:10:17Z,2024-07-12T01:39:26Z,1
CASE_00000035,SITE_A,WF_V1,PHARMA,ROUTINE,2024-04-16T14:19:50Z,2024-04-21T00:22:59Z,1
CASE_00000036,SITE_A,WF_V1,GERMLINE,STAT,2024-05-19T14:27:58Z,2024-05-23T01:52:02Z,1
CASE_00000037,SITE_A,WF_V1,PHARMA,ROUTINE,2024-07-28T13:17:47Z,2024-08-02T21:27:59Z,1
CASE_00000038,SITE_A,WF_V1,GERMLINE,STAT,2024-05-11T16:23:02Z,2024-05-15T19:21:19Z,1
CASE_00000039,SITE_A,WF_V1,GERMLINE,ROUTINE,2024-07-25T22:11:40Z,2024-08-03T04:16:16Z,1
CASE_00000040,SITE_A,WF_V1,GERMLINE,ROUTINE,2024-04-29T08:34:46Z,2024-05-07T22:22:59Z,1
CASE_00000041,SITE_A,WF_V1,ONCO_PANEL,STAT,2024-03-15T12:35:28Z,2024-03-18T02:13:15Z,1
CASE_00000042,SITE_A,WF_V1,RARE_DISEASE,ROUTINE,2024-06-15T02:39:14Z,2024-06-23T16:44:15Z,1
CASE_00000043,SITE_A,WF_V1,RARE_DISEASE,STAT,2024-07-29T12:25:32Z,2024-08-01T18:00:17Z,1
CASE_00000044,SITE_A,WF_V1,GERMLINE,ROUTINE,2024-06-15T13:13:08Z,2024-06-24T07:12:06Z,1
CASE_00000045,SITE_A,WF_V1,ONCO_PANEL,ROUTINE,2024-04-01T08:18:46Z,2024-04-07T10:29:49Z,1
CASE_00000046,SITE_A,WF_V1,PHARMA,ROUTINE,2024-03-04T15:33:20Z,2024-03-11T04:43:28Z,1
CASE_00000047,SITE_A,WF_V1,GERMLINE,STAT,2024-04-05T19:33:12Z,2024-04-09T21:00:36Z,1
CASE_00000048,SITE_A,WF_V1,GERMLINE,ROUTINE,2024-03-14T08:15:29Z,2024-03-22T11:35:31Z,1
CASE_00000049,SITE_A,WF_V1,ONCO_PANEL,ROUTINE,2024-01-25T17:47:00Z,2024-01-31T20:16:59Z,1
CASE_00000050,SITE_A,WF_V1,GERMLINE,ROUTINE,2024-04-08T17:51:49Z,2024-04-15T12:15:47Z,1
CASE_00000051,SITE_A,WF_V1,ONCO_PANEL,ROUTINE,2024-06-07T23:45:12Z,2024-06-13T03:05:29Z,1
CASE_00000052,SITE_A,WF_V1,ONCO_PANEL,ROUTINE,2024-02-18T07:34:45Z,2024-02-23T11:24:42Z,1
CASE_00000053,SITE_A,WF_V1,GERMLINE,ROUTINE,2024-06-03T06:33:03Z,2024-06-11T00:42:52Z,1
CASE_00000054,SITE_A,WF_V1,ONCO_PANEL,ROUTINE,2024-01-31T15:26:10Z,2024-02-06T14:59:59Z,1
CASE_00000055,SITE_A,WF_V1,RARE_DISEASE,ROUTINE,2024-06-30T02:03:25Z,2024-07-06T21:45:11Z,1
CASE_00000056,SITE_A,WF_V1,ONCO_PANEL,ROUTINE,2024-02-18T19:24:49Z,2024-02-24T16:29:41Z,1
CASE_00000057,SITE_A,WF_V1,GERMLINE,ROUTINE,2024-03-25T21:47:59Z,2024-04-02T13:51:09Z,1
CASE_00000058,SITE_A,WF_V1,RARE_DISEASE,ROUTINE,2024-07-19T14:57:05Z,2024-07-27T03:54:07Z,1
CASE_00000059,SITE_A,WF_V1,ONCO_PANEL,ROUTINE,2024-02-18T17:48:39Z,2024-02-24T03:25:20Z,1
CASE_00000060,SITE_A,WF_V1,RARE_DISEASE,ROUTINE,2024-03-10T12:17:13Z,2024-03-17T05:43:18Z,1
CASE_00000061,SITE_A,WF_V1,ONCO_PANEL,ROUTINE,2024-07-08T15:33:49Z,2024-07-14T13:39:12Z,1
CASE_00000062,SITE_A,WF_V1,RARE_DISEASE,ROUTINE,2024-05-12T03:07:55Z,2024-05-17T14:31:46Z,1
CASE_00000063,SITE_A,WF_V1,ONCO_PANEL,ROUTINE,2024-06-23T01:43:53Z,2024-06-28T21:01:13Z,1
CASE_00000064,SITE_A,WF_V1,ONCO_PANEL,STAT,2024-01-28T18:47:42Z,2024-01-31T19:52:48Z,1
CASE_00000065,SITE_A,WF_V1,ONCO_PANEL,ROUTINE,2024-03-21T17:49:28Z,2024-03-27T08:39:49Z,1
CASE_00000066,SITE_A,WF_V1,RARE_DISEASE,ROUTINE,2024-03-29T08:43:49Z,2024-04-06T04:35:00Z,1
CASE_00000067,SITE_A,WF_V1,ONCO_PANEL,ROUTINE,2024-03-10T04:34:52Z,2024-03-17T07:53:28Z,1
CASE_00000068,SITE_A,WF_V1,RARE_DISEASE,ROUTINE,2024-02-29T22:57:40Z,2024-03-08T05:41:43Z,1
CASE_00000069,SITE_A,WF_V1,ONCO_PANEL,ROUTINE,2024-06-21T00:36:12Z,2024-06-26T18:21:01Z,1
CASE_00000070,SITE_A,WF_V1,RARE_DISEASE,ROUTINE,2024-04-25T23:12:56Z,2024-05-05T04:55:53Z,1
CASE_00000071,SITE_A,WF_V1,GERMLINE,ROUTINE,2024-02-16T01:13:51Z,2024-02-22T16:39:29Z,1
CASE_00000072,SITE_A,WF_V1,ONCO_PANEL,ROUTINE,2024-06-03T06:57:33Z,2024-06-08T19:18:04Z,1
CASE_00000073,SITE_A,WF_V1,RARE_DISEASE,ROUTINE,2024-06-15T06:09:46Z,2024-06-21T22:01:10Z,1
CASE_00000074,SITE_A,WF_V1,RARE_DISEASE,ROUTINE,2024-06-08T07:19:37Z,2024-06-15T19:28:08Z,1
CASE_00000075,SITE_A,WF_V1,ONCO_PANEL,ROUTINE,2024-01-22T20:35:56Z,2024-01-29T17:05:07Z,1
CASE_00000076,SITE_A,WF_V1,ONCO_PANEL,ROUTINE,2024-06-15T05:32:47Z,2024-06-20T18:32:16Z,1
CASE_00000077,SITE_A,WF_V1,ONCO_PANEL,ROUTINE,2024-07-27T05:08:49Z,2024-08-01T13:07:12Z,1
CASE_00000078,SITE_A,WF_V1,ONCO_PANEL,ROUTINE,2024-06-04T15:47:28Z,2024-06-10T21:29:52Z,1
CASE_00000079,SITE_A,WF_V1,GERMLINE,ROUTINE,2024-07-19T23:57:56Z,2024-07-27T17:55:54Z,1
CASE_00000080,SITE_A,WF_V1,ONCO_PANEL,ROUTINE,2024-06-18T18:29:09Z,2024-06-29T08:01:03Z,1
CASE_00000081,SITE_A,WF_V1,GERMLINE,ROUTINE,2024-03-01T05:12:14Z,2024-03-09T08:28:35Z,1
CASE_00000082,SITE_A,WF_V1,RARE_DISEASE,ROUTINE,2024-04-06T06:07:29Z,2024-04-13T19:57:32Z,1
CASE_00000083,SITE_A,WF_V1,GERMLINE,ROUTINE,2024-03-12T01:06:44Z,2024-03-19T20:35:39Z,1
CASE_00000084,SITE_A,WF_V1,RARE_DISEASE,ROUTINE,2024-05-08T21:44:55Z,2024-05-15T16:50:07Z,1
CASE_00000085,SITE_A,WF_V1,ONCO_PANEL,ROUTINE,2024-05-05T03:56:57Z,2024-05-11T09:16:55Z,1
CASE_00000086,SITE_A,WF_V1,ONCO_PANEL,ROUTINE,2024-02-06T17:52:25Z,2024-02-13T01:01:53Z,1
CASE_00000087,SITE_A,WF_V1,ONCO_PANEL,ROUTINE,2024-03-24T11:26:51Z,2024-03-30T07:28:44Z,1
CASE_00000088,SITE_A,WF_V1,GERMLINE,ROUTINE,2024-01-23T20:26:34Z,2024-01-31T01:47:02Z,1
CASE_00000089,SITE_A,WF_V1,RARE_DISEASE,ROUTINE,2024-04-15T06:25:40Z,2024-04-23T10:08:55Z,1
CASE_00000090,SITE_A,WF_V1,PHARMA,ROUTINE,2024-05-07T00:18:57Z,2024-05-11T15:07:48Z,1
CASE_00000091,SITE_A,WF_V1,ONCO_PANEL,ROUTINE,2024-06-27T04:04:06Z,2024-07-01T16:37:23Z,1
CASE_00000092,SITE_A,WF_V1,GERMLINE,ROUTINE,2024-05-05T16:44:17Z,2024-05-13T17:22:43Z,1
CASE_00000093,SITE_A,WF_V1,GERMLINE,ROUTINE,2024-03-07T21:16:02Z,2024-03-15T18:57:40Z,1
CASE_00000094,SITE_A,WF_V1,ONCO_PANEL,ROUTINE,2024-03-15T07:47:59Z,2024-03-21T03:38:17Z,1
CASE_00000095,SITE_A,WF_V1,RARE_DISEASE,ROUTINE,2024-06-04T15:58:59Z,2024-06-12T04:23:46Z,1
CASE_00000096,SITE_A,WF_V1,PHARMA,ROUTINE,2024-07-21T07:34:35Z,2024-07-27T00:08:19Z,1
CASE_00000097,SITE_A,WF_V1,RARE_DISEASE,ROUTINE,2024-06-04T06:09:29Z,2024-06-11T04:02:27Z,1
CASE_00000098,SITE_A,WF_V1,RARE_DISEASE,ROUTINE,2024-07-04T11:08:36Z,2024-07-12T00:18:10Z,1
CASE_00000099,SITE_A,WF_V1,ONCO_PANEL,ROUTINE,2024-02-18T09:51:01Z,2024-02-24T19:34:59Z,1
CASE_00000100,SITE_A,WF_V1,PHARMA,ROUTINE,2024-04-24T04:15:41Z,2024-04-29T11:53:54Z,1
CASE_00000101,SITE_A,WF_V1,RARE_DISEASE,STAT,2024-03-25T04:53:37Z,2024-03-28T20:28:35Z,1
CASE_00000102,SITE_A,WF_V1,ONCO_PANEL,ROUTINE,2024-06-24T19:05:54Z,2024-06-30T18:38:37Z,1
CASE_00000103,SITE_A,WF_V1,ONCO_PANEL,ROUTINE,2024-06-16T19:57:56Z,2024-06-22T15:31:02Z,1
CASE_00000104,SITE_A,WF_V1,ONCO_PANEL,ROUTINE,2024-02-10T14:41:38Z,2024-02-16T15:30:23Z,1
CASE_00000105,SITE_A,WF_V1,GERMLINE,ROUTINE,2024-06-12T08:08:53Z,2024-06-19T06:22:55Z,1
CASE_00000106,SITE_A,WF_V1,ONCO_PANEL,ROUTINE,2024-05-11T16:00:07Z,2024-05-16T03:08:58Z,1
CASE_00000107,SITE_A,WF_V1,GERMLINE,STAT,2024-05-28T01:00:24Z,2024-05-31T14:28:41Z,1
CASE_00000108,SITE_A,WF_V1,ONCO_PANEL,ROUTINE,2024-04-19T10:22:53Z,2024-04-24T22:00:53Z,1
CASE_00000109,SITE_A,WF_V1,ONCO_PANEL,ROUTINE,2024-05-26T03:45:55Z,2024-05-31T23:44:28Z,1
CASE_00000110,SITE_A,WF_V1,RARE_DISEASE,STAT,2024-04-02T02:40:27Z,2024-04-05T02:58:48Z,1
CASE_00000111,SITE_A,WF_V1,RARE_DISEASE,ROUTINE,2024-01-31T06:47:08Z,2024-02-07T08:43:58Z,1
CASE_00000112,SITE_A,WF_V1,RARE_DISEASE,ROUTINE,2024-06-27T16:55:52Z,2024-07-03T21:01:36Z,1
CASE_00000113,SITE_A,WF_V1,ONCO_PANEL,ROUTINE,2024-04-30T13:45:46Z,2024-05-06T05:36:35Z,1
CASE_00000114,SITE_A,WF_V1,GERMLINE,ROUTINE,2024-04-05T09:22:15Z,2024-04-13T22:24:21Z,1
CASE_00000115,SITE_A,WF_V1,ONCO_PANEL,ROUTINE,2024-04-02T06:27:05Z,2024-04-08T19:44:03Z,1
CASE_00000116,SITE_A,WF_V1,ONCO_PANEL,ROUTINE,2024-05-13T16:21:00Z,2024-05-20T02:46:31Z,1
CASE_00000117,SITE_A,WF_V1,RARE_DISEASE,ROUTINE,2024-06-26T11:45:04Z,2024-07-05T19:03:01Z,1
CASE_00000118,SITE_A,WF_V1,ONCO_PANEL,STAT,2024-07-20T17:13:42Z,2024-07-23T21:24:38Z,1
CASE_00000119,SITE_A,WF_V1,ONCO_PANEL,ROUTINE,2024-06-24T06:19:06Z,2024-06-30T21:20:48Z,1
CASE_00000120,SITE_A,WF_V1,RARE_DISEASE,STAT,2024-07-16T20:59:08Z,2024-07-19T22:19:20Z,1
CASE_00000121,SITE_A,WF_V1,ONCO_PANEL,ROUTINE,2024-07-11T11:16:36Z,2024-07-16T23:28:50Z,1
CASE_00000122,SITE_A,WF_V1,RARE_DISEASE,ROUTINE,2024-07-17T21:43:09Z,2024-07-24T15:42:51Z,1
CASE_00000123,SITE_A,WF_V1,GERMLINE,STAT,2024-07-25T10:53:36Z,2024-07-29T13:06:18Z,1
CASE_00000124,SITE_A,WF_V1,GERMLINE,ROUTINE,2024-06-24T14:41:59Z,2024-07-01T09:04:40Z,1
CASE_00000125,SITE_A,WF_V1,ONCO_PANEL,ROUTINE,2024-07-09T23:04:26Z,2024-07-16T21:25:33Z,1
CASE_00000126,SITE_A,WF_V1,ONCO_PANEL,ROUTINE,2024-07-03T07:14:22Z,2024-07-10T17:36:39Z,1
CASE_00000127,SITE_A,WF_V1,RARE_DISEASE,ROUTINE,2024-05-01T15:22:34Z,2024-05-08T04:29:28Z,1
CASE_00000128,SITE_A,WF_V1,GERMLINE,ROUTINE,2024-07-18T07:20:28Z,2024-07-26T22:39:34Z,1
CASE_00000129,SITE_A,WF_V1,RARE_DISEASE,ROUTINE,2024-02-27T23:31:54Z,2024-03-05T20:49:23Z,1
CASE_00000130,SITE_A,WF_V1,GERMLINE,ROUTINE,2024-03-27T19:56:11Z,2024-04-04T22:31:48Z,1
CASE_00000131,SITE_A,WF_V1,ONCO_PANEL,ROUTINE,2024-03-17T20:19:22Z,2024-03-24T06:02:59Z,1
CASE_00000132,SITE_A,WF_V1,PHARMA,STAT,2024-02-14T05:18:07Z,2024-02-16T09:55:57Z,1
CASE_00000133,SITE_A,WF_V1,GERMLINE,ROUTINE,2024-04-16T05:30:19Z,2024-04-24T12:04:03Z,1
CASE_00000134,SITE_A,WF_V1,GERMLINE,STAT,2024-02-13T11:43:52Z,2024-02-17T08:37:23Z,1
CASE_00000135,SITE_A,WF_V1,ONCO_PANEL,ROUTINE,2024-03-06T23:39:01Z,2024-03-14T07:41:12Z,1
CASE_00000136,SITE_A,WF_V1,ONCO_PANEL,ROUTINE,2024-07-07T10:11:21Z,2024-07-12T23:51:05Z,1
CASE_00000137,SITE_A,WF_V1,RARE_DISEASE,ROUTINE,2024-07-24T01:54:37Z,2024-07-31T00:45:11Z,1
CASE_00000138,SITE_A,WF_V1,GERMLINE,ROUTINE,2024-05-18T05:58:28Z,2024-05-25T17:54:18Z,1
CASE_00000139,SITE_A,WF_V1,ONCO_PANEL,ROUTINE,2024-07-11T03:47:52Z,2024-07-16T11:23:36Z,1
CASE_00000140,SITE_A,WF_V1,ONCO_PANEL,ROUTINE,2024-05-14T08:10:02Z,2024-05-20T08:10:50Z,1
CASE_00000141,SITE_A,WF_V1,RARE_DISEASE,ROUTINE,2024-02-27T13:58:52Z,2024-03-05T17:25:47Z,1
CASE_00000142,SITE_A,WF_V1,RARE_DISEASE,ROUTINE,2024-07-19T09:20:06Z,2024-07-26T22:26:31Z,1
CASE_00000143,SITE_A,WF_V1,ONCO_PANEL,ROUTINE,2024-02-24T17:25:34Z,2024-03-01T00:04:21Z,1
CASE_00000144,SITE_A,WF_V1,RARE_DISEASE,ROUTINE,2024-01-28T06:18:08Z,2024-02-05T01:04:39Z,1
CASE_00000145,SITE_A,WF_V1,ONCO_PANEL,ROUTINE,2024-03-27T00:29:06Z,2024-04-01T01:39:30Z,1
CASE_00000146,SITE_A,WF_V1,GERMLINE,ROUTINE,2024-06-26T20:46:14Z,2024-07-04T07:33:13Z,1
CASE_00000147,SITE_A,WF_V1,ONCO_PANEL,ROUTINE,2024-01-31T07:58:09Z,2024-02-06T11:41:06Z,1
CASE_00000148,SITE_A,WF_V1,GERMLINE,ROUTINE,2024-04-11T00:13:41Z,2024-04-18T21:48:49Z,1
CASE_00000149,SITE_A,WF_V1,GERMLINE,ROUTINE,2024-03-26T08:32:00Z,2024-04-02T20:32:04Z,1
CASE_00000150,SITE_A,WF_V1,ONCO_PANEL,ROUTINE,2024-02-16T03:28:15Z,2024-02-22T00:58:38Z,1
CASE_00000151,SITE_A,WF_V1,GERMLINE,ROUTINE,2024-06-17T08:39:25Z,2024-06-24T21:26:25Z,1
CASE_00000152,SITE_A,WF_V1,RARE_DISEASE,ROUTINE,2024-06-04T04:29:04Z,2024-06-11T04:39:15Z,1
CASE_00000153,SITE_A,WF_V1,ONCO_PANEL,ROUTINE,2024-06-25T14:10:52Z,2024-07-01T22:08:54Z,1
CASE_00000154,SITE_A,WF_V1,RARE_DISEASE,ROUTINE,2024-03-20T00:04:21Z,2024-03-26T12:03:01Z,1
CASE_00000155,SITE_A,WF_V1,RARE_DISEASE,STAT,2024-01-24T12:20:52Z,2024-01-27T12:52:38Z,1
CASE_00000156,SITE_A,WF_V1,GERMLINE,ROUTINE,2024-04-08T06:16:44Z,2024-04-16T02:08:22Z,1
CASE_00000157,SITE_A,WF_V1,GERMLINE,ROUTINE,2024-06-10T14:00:25Z,2024-06-17T20:22:03Z,1
CASE_00000158,SITE_A,WF_V1,RARE_DISEASE,ROUTINE,2024-04-21T08:36:43Z,2024-04-28T05:03:54Z,1
CASE_00000159,SITE_A,WF_V1,PHARMA,ROUTINE,2024-07-17T01:09:17Z,2024-07-21T17:20:14Z,1
CASE_00000160,SITE_A,WF_V1,GERMLINE,STAT,2024-05-26T19:58:10Z,2024-05-29T17:39:25Z,1
CASE_00000161,SITE_A,WF_V1,ONCO_PANEL,ROUTINE,2024-06-11T06:57:55Z,2024-06-17T16:45:45Z,1
CASE_00000162,SITE_A,WF_V1,ONCO_PANEL,ROUTINE,2024-02-06T10:34:41Z,2024-02-11T08:39:21Z,1
CASE_00000163,SITE_A,WF_V1,GERMLINE,ROUTINE,2024-07-26T10:38:22Z,2024-08-03T02:15:43Z,1
CASE_00000164,SITE_A,WF_V1,PHARMA,ROUTINE,2024-02-07T22:22:21Z,2024-02-13T14:09:48Z,1
CASE_00000165,SITE_A,WF_V1,ONCO_PANEL,ROUTINE,2024-03-20T22:27:20Z,2024-03-26T07:46:32Z,1
CASE_00000166,SITE_A,WF_V1,ONCO_PANEL,ROUTINE,2024-06-09T23:41:21Z,2024-06-16T04:03:55Z,1
CASE_00000167,SITE_A,WF_V1,ONCO_PANEL,ROUTINE,2024-01-30T01:10:11Z,2024-02-05T03:07:28Z,1
CASE_00000168,SITE_A,WF_V1,RARE_DISEASE,ROUTINE,2024-04-24T13:53:53Z,2024-05-01T20:33:53Z,1
CASE_00000169,SITE_A,WF_V1,GERMLINE,ROUTINE,2024-05-21T16:25:07Z,2024-05-28T17:27:47Z,1
CASE_00000170,SITE_A,WF_V1,GERMLINE,ROUTINE,2024-04-27T09:22:54Z,2024-05-05T02:58:49Z,1
CASE_00000171,SITE_A,WF_V1,ONCO_PANEL,ROUTINE,2024-03-14T23:48:50Z,2024-03-20T02:08:03Z,1
CASE_00000172,SITE_A,WF_V1,ONCO_PANEL,STAT,2024-04-19T07:29:48Z,2024-04-21T12:54:07Z,1
CASE_00000173,SITE_A,WF_V1,RARE_DISEASE,ROUTINE,2024-04-10T13:22:06Z,2024-04-18T03:31:59Z,1
CASE_00000174,SITE_A,WF_V1,RARE_DISEASE,ROUTINE,2024-01-16T18:22:13Z,2024-01-24T15:35:25Z,1
CASE_00000175,SITE_A,WF_V1,PHARMA,ROUTINE,2024-02-10T14:10:03Z,2024-02-15T08:58:32Z,1
CASE_00000176,SITE_A,WF_V1,ONCO_PANEL,ROUTINE,2024-04-14T05:35:46Z,2024-04-19T23:30:04Z,1
CASE_00000177,SITE_A,WF_V1,RARE_DISEASE,STAT,2024-07-27T12:51:55Z,2024-07-31T10:38:53Z,1
CASE_00000178,SITE_A,WF_V1,ONCO_PANEL,STAT,2024-07-25T07:53:29Z,2024-07-28T13:26:15Z,1
CASE_00000179,SITE_A,WF_V1,RARE_DISEASE,ROUTINE,2024-02-26T03:20:14Z,2024-03-03T07:52:35Z,1
CASE_00000180,SITE_A,WF_V1,ONCO_PANEL,ROUTINE,2024-03-21T21:51:50Z,2024-03-27T21:34:57Z,1
CASE_00000181,SITE_A,WF_V1,GERMLINE,ROUTINE,2024-01-18T19:42:02Z,2024-01-26T00:25:52Z,1
CASE_00000182,SITE_A,WF_V1,GERMLINE,STAT,2024-04-03T14:26:34Z,2024-04-06T23:40:20Z,1
CASE_00000183,SITE_A,WF_V1,GERMLINE,ROUTINE,2024-01-16T14:19:53Z,2024-01-24T09:26:38Z,1
CASE_00000184,SITE_A,WF_V1,PHARMA,ROUTINE,2024-07-26T16:46:56Z,2024-07-31T12:18:07Z,1
CASE_00000185,SITE_A,WF_V1,GERMLINE,ROUTINE,2024-04-16T11:56:41Z,2024-04-24T03:14:59Z,1
CASE_00000186,SITE_A,WF_V1,RARE_DISEASE,ROUTINE,2024-06-04T11:47:16Z,2024-06-12T14:38:01Z,1
CASE_00000187,SITE_A,WF_V1,ONCO_PANEL,ROUTINE,2024-05-10T05:27:47Z,2024-05-15T11:36:11Z,1
CASE_00000188,SITE_A,WF_V1,GERMLINE,STAT,2024-03-18T23:18:57Z,2024-03-22T00:44:36Z,1
CASE_00000189,SITE_A,WF_V1,GERMLINE,ROUTINE,2024-06-03T14:15:44Z,2024-06-10T02:07:08Z,1
CASE_00000190,SITE_A,WF_V1,GERMLINE,ROUTINE,2024-06-02T11:50:26Z,2024-06-09T12:20:22Z,1
CASE_00000191,SITE_A,WF_V1,ONCO_PANEL,ROUTINE,2024-03-01T19:47:17Z,2024-03-07T13:49:29Z,1
CASE_00000192,SITE_A,WF_V1,GERMLINE,ROUTINE,2024-03-10T20:19:46Z,2024-03-18T13:17:09Z,1
CASE_00000193,SITE_A,WF_V1,ONCO_PANEL,ROUTINE,2024-05-29T16:12:01Z,2024-06-04T21:55:14Z,1
CASE_00000194,SITE_A,WF_V1,RARE_DISEASE,ROUTINE,2024-04-24T04:24:46Z,2024-04-30T17:21:29Z,1
CASE_00000195,SITE_A,WF_V1,RARE_DISEASE,ROUTINE,2024-06-24T01:47:56Z,2024-07-01T15:41:10Z,1
CASE_00000196,SITE_A,WF_V1,PHARMA,STAT,2024-03-15T16:29:39Z,2024-03-17T23:14:24Z,1
CASE_00000197,SITE_A,WF_V1,PHARMA,ROUTINE,2024-06-15T16:54:39Z,2024-06-20T20:51:50Z,1
CASE_00000198,SITE_A,WF_V1,GERMLINE,ROUTINE,2024-05-19T19:04:27Z,2024-05-28T04:39:02Z,1
CASE_00000199,SITE_A,WF_V1,ONCO_PANEL,ROUTINE,2024-05-13T03:30:28Z,2024-05-19T22:45:45Z,1
CASE_00000200,SITE_A,WF_V1,GERMLINE,ROUTINE,2024-06-07T16:36:57Z,2024-06-16T06:40:38Z,1
CASE_00000201,SITE_A,WF_V1,RARE_DISEASE,ROUTINE,2024-04-05T09:46:31Z,2024-04-11T22:40:56Z,1
CASE_00000202,SITE_A,WF_V1,PHARMA,STAT,2024-02-06T08:37:14Z,2024-02-09T13:27:25Z,1
CASE_00000203,SITE_A,WF_V1,ONCO_PANEL,ROUTINE,2024-01-26T15:33:41Z,2024-02-02T00:23:38Z,1
CASE_00000204,SITE_A,WF_V1,RARE_DISEASE,ROUTINE,2024-05-30T11:51:18Z,2024-06-07T12:58:01Z,1
CASE_00000205,SITE_A,WF_V1,ONCO_PANEL,ROUTINE,2024-06-24T23:26:54Z,2024-07-01T08:40:45Z,1
CASE_00000206,SITE_A,WF_V1,ONCO_PANEL,ROUTINE,2024-05-08T04:02:05Z,2024-05-13T06:54:08Z,1
CASE_00000207,SITE_A,WF_V1,ONCO_PANEL,ROUTINE,2024-01-24T07:26:06Z,2024-01-30T00:47:22Z,1
CASE_00000208,SITE_A,WF_V1,GERMLINE,ROUTINE,2024-01-22T01:02:03Z,2024-01-29T14:26:14Z,1
CASE_00000209,SITE_A,WF_V1,GERMLINE,ROUTINE,2024-06-22T04:25:21Z,2024-06-30T16:16:36Z,1
CASE_00000210,SITE_A,WF_V1,ONCO_PANEL,ROUTINE,2024-05-19T19:32:33Z,2024-05-26T02:37:03Z,1
CASE_00000211,SITE_A,WF_V1,GERMLINE,ROUTINE,2024-02-27T23:46:59Z,2024-03-06T02:02:24Z,1
CASE_00000212,SITE_A,WF_V1,ONCO_PANEL,STAT,2024-03-03T19:07:10Z,2024-03-06T10:49:03Z,1
CASE_00000213,SITE_A,WF_V1,RARE_DISEASE,ROUTINE,2024-02-18T21:43:01Z,2024-02-25T13:41:26Z,1
CASE_00000214,SITE_A,WF_V1,RARE_DISEASE,ROUTINE,2024-06-06T01:17:31Z,2024-06-12T15:15:23Z,1
CASE_00000215,SITE_A,WF_V1,RARE_DISEASE,ROUTINE,2024-02-09T23:41:22Z,2024-02-17T16:00:24Z,1
CASE_00000216,SITE_A,WF_V1,ONCO_PANEL,ROUTINE,2024-06-19T12:57:54Z,2024-06-25T16:59:41Z,1
CASE_00000217,SITE_A,WF_V1,GERMLINE,ROUTINE,2024-07-25T22:58:48Z,2024-08-02T17:11:09Z,1
CASE_00000218,SITE_A,WF_V1,GERMLINE,ROUTINE,2024-01-19T12:29:31Z,2024-01-28T08:43:05Z,1
CASE_00000219,SITE_A,WF_V1,GERMLINE,ROUTINE,2024-03-08T19:54:36Z,2024-03-16T09:36:22Z,1
CASE_00000220,SITE_A,WF_V1,GERMLINE,ROUTINE,2024-01-19T04:19:47Z,2024-01-27T19:51:03Z,1
CASE_00000221,SITE_A,WF_V1,GERMLINE,ROUTINE,2024-02-03T07:52:33Z,2024-02-12T15:12:37Z,1
CASE_00000222,SITE_A,WF_V1,ONCO_PANEL,ROUTINE,2024-04-12T05:48:07Z,2024-04-18T07:40:54Z,1
CASE_00000223,SITE_A,WF_V1,GERMLINE,STAT,2024-03-01T05:39:34Z,2024-03-05T01:09:11Z,1
CASE_00000224,SITE_A,WF_V1,GERMLINE,ROUTINE,2024-06-05T16:15:51Z,2024-06-13T15:35:58Z,1
CASE_00000225,SITE_A,WF_V1,GERMLINE,ROUTINE,2024-03-14T23:15:17Z,2024-03-22T18:55:47Z,1
CASE_00000226,SITE_A,WF_V1,ONCO_PANEL,ROUTINE,2024-06-27T07:57:54Z,2024-07-03T01:51:49Z,1
CASE_00000227,SITE_A,WF_V1,GERMLINE,ROUTINE,2024-07-20T11:29:54Z,2024-07-27T22:11:53Z,1
CASE_00000228,SITE_A,WF_V1,ONCO_PANEL,STAT,2024-07-09T14:31:36Z,2024-07-11T17:50:41Z,1
CASE_00000229,SITE_A,WF_V1,GERMLINE,ROUTINE,2024-04-27T17:00:20Z,2024-05-05T13:13:40Z,1
CASE_00000230,SITE_A,WF_V1,RARE_DISEASE,ROUTINE,2024-02-02T05:00:19Z,2024-02-08T04:50:48Z,1
CASE_00000231,SITE_A,WF_V1,PHARMA,ROUTINE,2024-05-23T12:08:19Z,2024-05-28T14:12:02Z,1
CASE_00000232,SITE_A,WF_V1,RARE_DISEASE,ROUTINE,2024-04-26T17:38:05Z,2024-05-03T06:07:51Z,1
CASE_00000233,SITE_A,WF_V1,RARE_DISEASE,STAT,2024-02-04T23:08:24Z,2024-02-08T01:42:33Z,1
CASE_00000234,SITE_A,WF_V1,RARE_DISEASE,ROUTINE,2024-03-21T08:55:51Z,2024-03-27T18:51:47Z,1
CASE_00000235,SITE_A,WF_V1,ONCO_PANEL,ROUTINE,2024-03-24T23:31:14Z,2024-04-01T15:33:23Z,1
CASE_00000236,SITE_A,WF_V1,RARE_DISEASE,ROUTINE,2024-07-19T23:17:44Z,2024-07-25T22:34:57Z,1
CASE_00000237,SITE_A,WF_V1,GERMLINE,ROUTINE,2024-03-01T09:44:32Z,2024-03-08T16:01:18Z,1
CASE_00000238,SITE_A,WF_V1,RARE_DISEASE,ROUTINE,2024-07-13T19:38:46Z,2024-07-19T17:54:20Z,1
CASE_00000239,SITE_A,WF_V1,ONCO_PANEL,ROUTINE,2024-01-17T01:25:51Z,2024-01-24T06:15:20Z,1
CASE_00000240,SITE_A,WF_V1,ONCO_PANEL,ROUTINE,2024-01-22T14:17:51Z,2024-01-28T11:10:08Z,1
CASE_00000241,SITE_A,WF_V1,ONCO_PANEL,ROUTINE,2024-02-06T22:04:19Z,2024-02-13T17:02:11Z,1
CASE_00000242,SITE_A,WF_V1,GERMLINE,ROUTINE,2024-06-18T03:55:06Z,2024-06-26T09:12:22Z,1
CASE_00000243,SITE_A,WF_V1,GERMLINE,ROUTINE,2024-04-26T03:44:50Z,2024-05-04T06:00:36Z,1
CASE_00000244,SITE_A,WF_V1,GERMLINE,ROUTINE,2024-05-08T17:27:16Z,2024-05-16T14:34:02Z,1
CASE_00000245,SITE_A,WF_V1,RARE_DISEASE,STAT,2024-06-18T15:13:28Z,2024-06-21T11:52:39Z,1
CASE_00000246,SITE_A,WF_V1,GERMLINE,ROUTINE,2024-05-26T10:13:17Z,2024-06-02T21:04:53Z,1
CASE_00000247,SITE_A,WF_V1,GERMLINE,ROUTINE,2024-05-25T10:21:02Z,2024-06-01T12:02:23Z,1
CASE_00000248,SITE_A,WF_V1,GERMLINE,ROUTINE,2024-04-17T04:47:05Z,2024-04-24T15:23:36Z,1
CASE_00000249,SITE_A,WF_V1,PHARMA,STAT,2024-06-20T21:24:33Z,2024-06-23T10:12:47Z,1
CASE_00000250,SITE_A,WF_V1,ONCO_PANEL,STAT,2024-06-25T06:37:52Z,2024-06-29T16:36:30Z,1
CASE_00000251,SITE_A,WF_V1,GERMLINE,ROUTINE,2024-02-05T05:53:20Z,2024-02-12T15:35:04Z,1
CASE_00000252,SITE_A,WF_V1,RARE_DISEASE,ROUTINE,2024-01-19T09:24:21Z,2024-01-26T06:14:35Z,1
CASE_00000253,SITE_A,WF_V1,RARE_DISEASE,ROUTINE,2024-06-11T06:17:04Z,2024-06-18T00:08:55Z,1
CASE_00000254,SITE_A,WF_V1,RARE_DISEASE,ROUTINE,2024-03-27T11:17:15Z,2024-04-03T11:48:13Z,1
CASE_00000255,SITE_A,WF_V1,ONCO_PANEL,ROUTINE,2024-06-15T09:24:37Z,2024-06-22T04:31:41Z,1
CASE_00000256,SITE_A,WF_V1,RARE_DISEASE,ROUTINE,2024-07-09T01:18:21Z,2024-07-16T10:52:45Z,1
CASE_00000257,SITE_A,WF_V1,ONCO_PANEL,ROUTINE,2024-02-20T13:31:44Z,2024-02-27T03:38:25Z,1
CASE_00000258,SITE_A,WF_V1,GERMLINE,ROUTINE,2024-02-19T20:45:53Z,2024-02-27T08:33:46Z,1
CASE_00000259,SITE_A,WF_V1,RARE_DISEASE,ROUTINE,2024-01-17T01:14:15Z,2024-01-23T08:37:04Z,1
CASE_00000260,SITE_A,WF_V1,ONCO_PANEL,ROUTINE,2024-04-13T10:12:06Z,2024-04-19T13:05:36Z,1
CASE_00000261,SITE_A,WF_V1,ONCO_PANEL,ROUTINE,2024-06-08T11:17:09Z,2024-06-14T06:14:09Z,1
CASE_00000262,SITE_A,WF_V1,GERMLINE,ROUTINE,2024-02-10T15:04:36Z,2024-02-17T16:27:22Z,1
CASE_00000263,SITE_A,WF_V1,ONCO_PANEL,ROUTINE,2024-07-03T16:25:16Z,2024-07-28T05:20:02Z,1
CASE_00000264,SITE_A,WF_V1,ONCO_PANEL,ROUTINE,2024-06-13T00:35:55Z,2024-06-18T13:31:07Z,1
CASE_00000265,SITE_A,WF_V1,GERMLINE,ROUTINE,2024-05-02T09:17:19Z,2024-05-09T21:31:36Z,1
CASE_00000266,SITE_A,WF_V1,RARE_DISEASE,ROUTINE,2024-07-22T22:02:34Z,2024-07-29T05:23:57Z,1
CASE_00000267,SITE_A,WF_V1,PHARMA,ROUTINE,2024-01-18T03:21:26Z,2024-01-23T12:22:53Z,1
CASE_00000268,SITE_A,WF_V1,RARE_DISEASE,ROUTINE,2024-05-06T21:39:06Z,2024-05-15T12:14:20Z,1
CASE_00000269,SITE_A,WF_V1,GERMLINE,STAT,2024-02-07T17:57:41Z,2024-02-10T20:07:42Z,1
CASE_00000270,SITE_A,WF_V1,ONCO_PANEL,ROUTINE,2024-05-16T14:26:39Z,2024-05-22T01:02:54Z,1
CASE_00000271,SITE_A,WF_V1,RARE_DISEASE,STAT,2024-07-06T12:01:57Z,2024-07-10T08:32:39Z,1
CASE_00000272,SITE_A,WF_V1,ONCO_PANEL,ROUTINE,2024-01-21T16:49:34Z,2024-01-27T22:07:50Z,1
CASE_00000273,SITE_A,WF_V1,ONCO_PANEL,ROUTINE,2024-06-10T07:36:42Z,2024-06-16T19:00:23Z,1
CASE_00000274,SITE_A,WF_V1,RARE_DISEASE,ROUTINE,2024-01-23T04:04:42Z,2024-01-30T18:50:29Z,1
CASE_00000275,SITE_A,WF_V1,ONCO_PANEL,ROUTINE,2024-03-16T00:39:55Z,2024-03-21T20:30:07Z,1
CASE_00000276,SITE_A,WF_V1,ONCO_PANEL,STAT,2024-02-17T05:17:51Z,2024-02-19T20:40:20Z,1
CASE_00000277,SITE_A,WF_V1,GERMLINE,STAT,2024-01-28T23:43:59Z,2024-02-01T15:55:22Z,1
CASE_00000278,SITE_A,WF_V1,PHARMA,ROUTINE,2024-03-31T02:47:51Z,2024-04-05T11:42:58Z,1
CASE_00000279,SITE_A,WF_V1,RARE_DISEASE,ROUTINE,2024-03-15T04:14:12Z,2024-03-22T19:35:42Z,1
CASE_00000280,SITE_A,WF_V1,GERMLINE,ROUTINE,2024-07-04T23:34:59Z,2024-07-12T04:45:46Z,1
CASE_00000281,SITE_A,WF_V1,ONCO_PANEL,ROUTINE,2024-05-20T10:11:06Z,2024-05-26T18:39:04Z,1
CASE_00000282,SITE_A,WF_V1,ONCO_PANEL,ROUTINE,2024-06-28T13:18:02Z,2024-07-05T10:06:39Z,1
CASE_00000283,SITE_A,WF_V1,GERMLINE,ROUTINE,2024-06-10T05:04:45Z,2024-06-18T14:39:16Z,1
CASE_00000284,SITE_A,WF_V1,ONCO_PANEL,ROUTINE,2024-04-09T17:07:07Z,2024-04-17T00:09:47Z,1
CASE_00000285,SITE_A,WF_V1,ONCO_PANEL,ROUTINE,2024-04-22T23:21:05Z,2024-04-27T12:01:03Z,1
CASE_00000286,SITE_A,WF_V1,RARE_DISEASE,STAT,2024-06-25T15:47:27Z,2024-06-29T09:16:22Z,1
CASE_00000287,SITE_A,WF_V1,ONCO_PANEL,ROUTINE,2024-05-18T11:09:34Z,2024-05-23T15:51:50Z,1
CASE_00000288,SITE_A,WF_V1,GERMLINE,ROUTINE,2024-04-23T17:52:45Z,2024-05-02T13:40:32Z,1
CASE_00000289,SITE_A,WF_V1,GERMLINE,STAT,2024-04-07T11:08:21Z,2024-04-11T04:01:39Z,1
CASE_00000290,SITE_A,WF_V1,ONCO_PANEL,ROUTINE,2024-03-15T21:21:22Z,2024-03-21T23:33:39Z,1
CASE_00000291,SITE_A,WF_V1,ONCO_PANEL,ROUTINE,2024-02-11T06:13:45Z,2024-02-17T16:08:58Z,1
CASE_00000292,SITE_A,WF_V1,GERMLINE,ROUTINE,2024-07-27T05:26:16Z,2024-08-03T12:40:44Z,1
CASE_00000293,SITE_A,WF_V1,ONCO_PANEL,ROUTINE,2024-02-21T17:43:02Z,2024-02-26T16:30:33Z,1
CASE_00000294,SITE_A,WF_V1,RARE_DISEASE,ROUTINE,2024-03-28T22:28:57Z,2024-04-05T05:34:00Z,1
CASE_00000295,SITE_A,WF_V1,ONCO_PANEL,STAT,2024-06-23T11:15:43Z,2024-06-26T01:36:16Z,1
CASE_00000296,SITE_A,WF_V1,GERMLINE,ROUTINE,2024-06-25T11:43:30Z,2024-07-02T17:10:50Z,1
CASE_00000297,SITE_A,WF_V1,ONCO_PANEL,ROUTINE,2024-04-20T02:08:25Z,2024-04-26T08:49:49Z,1
CASE_00000298,SITE_A,WF_V1,ONCO_PANEL,ROUTINE,2024-05-01T00:11:20Z,2024-05-06T23:27:12Z,1
CASE_00000299,SITE_A,WF_V1,ONCO_PANEL,ROUTINE,2024-06-22T20:13:58Z,2024-06-28T12:12:19Z,1
CASE_00000300,SITE_A,WF_V1,ONCO_PANEL,ROUTINE,2024-04-18T12:23:13Z,2024-04-24T00:03:14Z,1
CASE_00000301,SITE_A,WF_V1,GERMLINE,ROUTINE,2024-06-02T00:34:45Z,2024-06-09T18:24:12Z,1
CASE_00000302,SITE_A,WF_V1,RARE_DISEASE,ROUTINE,2024-03-24T12:29:21Z,2024-03-31T17:54:30Z,1
CASE_00000303,SITE_A,WF_V1,GERMLINE,ROUTINE,2024-02-09T12:34:51Z,2024-02-16T22:27:49Z,1
CASE_00000304,SITE_A,WF_V1,ONCO_PANEL,ROUTINE,2024-06-30T13:17:16Z,2024-07-07T02:46:43Z,1
CASE_00000305,SITE_A,WF_V1,ONCO_PANEL,ROUTINE,2024-02-07T19:26:55Z,2024-02-13T22:09:22Z,1
CASE_00000306,SITE_A,WF_V1,ONCO_PANEL,ROUTINE,2024-05-18T00:07:03Z,2024-05-24T02:51:14Z,1
CASE_00000307,SITE_A,WF_V1,GERMLINE,ROUTINE,2024-03-19T05:47:01Z,2024-03-27T03:02:04Z,1
CASE_00000308,SITE_A,WF_V1,ONCO_PANEL,ROUTINE,2024-03-21T06:01:13Z,2024-03-28T09:03:36Z,1
CASE_00000309,SITE_A,WF_V1,RARE_DISEASE,ROUTINE,2024-05-26T04:57:55Z,2024-06-03T03:13:59Z,1
CASE_00000310,SITE_A,WF_V1,GERMLINE,ROUTINE,2024-02-18T05:59:00Z,2024-02-25T19:58:14Z,1
CASE_00000311,SITE_A,WF_V1,GERMLINE,ROUTINE,2024-04-12T10:37:27Z,2024-04-20T05:18:06Z,1
CASE_00000312,SITE_A,WF_V1,RARE_DISEASE,STAT,2024-05-22T18:25:40Z,2024-05-25T17:08:46Z,1
CASE_00000313,SITE_A,WF_V1,GERMLINE,ROUTINE,2024-05-11T16:34:31Z,2024-05-19T12:34:29Z,1
CASE_00000314,SITE_A,WF_V1,RARE_DISEASE,ROUTINE,2024-03-21T20:52:20Z,2024-03-28T13:59:02Z,1
CASE_00000315,SITE_A,WF_V1,ONCO_PANEL,STAT,2024-04-18T01:30:32Z,2024-04-21T03:12:41Z,1
CASE_00000316,SITE_A,WF_V1,RARE_DISEASE,ROUTINE,2024-02-02T02:41:43Z,2024-02-08T22:41:54Z,1
CASE_00000317,SITE_A,WF_V1,GERMLINE,ROUTINE,2024-05-23T19:33:56Z,2024-06-01T11:54:28Z,1
CASE_00000318,SITE_A,WF_V1,RARE_DISEASE,ROUTINE,2024-07-19T05:50:38Z,2024-07-25T05:00:51Z,1
CASE_00000319,SITE_A,WF_V1,ONCO_PANEL,ROUTINE,2024-04-08T02:45:24Z,2024-04-14T11:12:39Z,1
CASE_00000320,SITE_A,WF_V1,ONCO_PANEL,STAT,2024-04-03T05:06:37Z,2024-04-05T04:34:29Z,1
CASE_00000321,SITE_A,WF_V1,GERMLINE,ROUTINE,2024-07-31T20:21:02Z,2024-08-08T12:54:26Z,1
CASE_00000322,SITE_A,WF_V1,RARE_DISEASE,ROUTINE,2024-06-01T00:05:17Z,2024-06-07T13:53:04Z,1
CASE_00000323,SITE_A,WF_V1,GERMLINE,ROUTINE,2024-06-03T19:55:38Z,2024-06-11T16:17:41Z,1
CASE_00000324,SITE_A,WF_V1,RARE_DISEASE,ROUTINE,2024-04-09T02:26:07Z,2024-04-15T21:30:01Z,1
CASE_00000325,SITE_A,WF_V1,GERMLINE,ROUTINE,2024-05-12T09:18:06Z,2024-05-19T08:13:20Z,1
CASE_00000326,SITE_A,WF_V1,ONCO_PANEL,ROUTINE,2024-06-19T19:30:45Z,2024-06-26T00:45:22Z,1
CASE_00000327,SITE_A,WF_V1,ONCO_PANEL,ROUTINE,2024-02-17T00:50:28Z,2024-02-22T02:43:26Z,1
CASE_00000328,SITE_A,WF_V1,RARE_DISEASE,ROUTINE,2024-08-01T01:37:09Z,2024-08-08T12:27:55Z,1
CASE_00000329,SITE_A,WF_V1,ONCO_PANEL,ROUTINE,2024-05-13T08:08:15Z,2024-05-19T18:03:44Z,1
CASE_00000330,SITE_A,WF_V1,ONCO_PANEL,ROUTINE,2024-02-11T04:29:58Z,2024-02-16T19:30:37Z,1
CASE_00000331,SITE_A,WF_V1,PHARMA,ROUTINE,2024-01-26T17:37:12Z,2024-01-31T14:25:15Z,1
CASE_00000332,SITE_A,WF_V1,RARE_DISEASE,ROUTINE,2024-07-08T10:29:24Z,2024-07-14T06:42:33Z,1
CASE_00000333,SITE_A,WF_V1,PHARMA,ROUTINE,2024-07-29T20:47:15Z,2024-08-03T14:48:39Z,1
CASE_00000334,SITE_A,WF_V1,RARE_DISEASE,ROUTINE,2024-05-02T10:15:11Z,2024-05-10T14:02:26Z,1
CASE_00000335,SITE_A,WF_V1,GERMLINE,STAT,2024-03-05T16:55:04Z,2024-03-25T12:25:19Z,1
CASE_00000336,SITE_A,WF_V1,ONCO_PANEL,ROUTINE,2024-05-16T09:10:52Z,2024-05-22T18:01:34Z,1
CASE_00000337,SITE_A,WF_V1,ONCO_PANEL,ROUTINE,2024-03-25T09:26:18Z,2024-04-01T06:20:03Z,1
CASE_00000338,SITE_A,WF_V1,ONCO_PANEL,ROUTINE,2024-03-18T20:36:12Z,2024-03-26T04:17:46Z,1
CASE_00000339,SITE_A,WF_V1,PHARMA,ROUTINE,2024-03-13T07:47:57Z,2024-03-18T21:49:12Z,1
CASE_00000340,SITE_A,WF_V1,ONCO_PANEL,STAT,2024-07-20T21:51:21Z,2024-07-23T19:42:27Z,1
CASE_00000341,SITE_A,WF_V1,GERMLINE,ROUTINE,2024-04-10T03:21:21Z,2024-04-19T02:01:15Z,1
CASE_00000342,SITE_A,WF_V1,ONCO_PANEL,ROUTINE,2024-05-15T14:23:01Z,2024-05-20T21:48:04Z,1
CASE_00000343,SITE_A,WF_V1,ONCO_PANEL,ROUTINE,2024-06-14T07:09:01Z,2024-06-20T12:14:12Z,1
CASE_00000344,SITE_A,WF_V1,ONCO_PANEL,ROUTINE,2024-07-26T19:36:57Z,2024-08-02T17:26:58Z,1
CASE_00000345,SITE_A,WF_V1,GERMLINE,ROUTINE,2024-02-12T21:52:59Z,2024-02-21T06:38:42Z,1
CASE_00000346,SITE_A,WF_V1,GERMLINE,ROUTINE,2024-05-01T05:24:06Z,2024-05-09T10:49:06Z,1
CASE_00000347,SITE_A,WF_V1,GERMLINE,ROUTINE,2024-04-10T20:16:46Z,2024-04-18T12:55:59Z,1
CASE_00000348,SITE_A,WF_V1,GERMLINE,STAT,2024-01-17T01:52:08Z,2024-01-20T03:12:29Z,1
CASE_00000349,SITE_A,WF_V1,ONCO_PANEL,ROUTINE,2024-02-20T04:43:19Z,2024-02-27T04:40:39Z,1
CASE_00000350,SITE_A,WF_V1,RARE_DISEASE,STAT,2024-03-20T07:11:54Z,2024-03-23T10:58:56Z,1
CASE_00000351,SITE_A,WF_V1,ONCO_PANEL,ROUTINE,2024-07-22T23:43:45Z,2024-07-28T10:39:07Z,1
CASE_00000352,SITE_A,WF_V1,ONCO_PANEL,ROUTINE,2024-03-04T18:22:27Z,2024-03-12T04:49:59Z,1
CASE_00000353,SITE_A,WF_V1,GERMLINE,ROUTINE,2024-03-14T21:40:34Z,2024-03-22T06:16:51Z,1
CASE_00000354,SITE_A,WF_V1,GERMLINE,ROUTINE,2024-06-03T05:11:27Z,2024-06-09T21:10:54Z,1
CASE_00000355,SITE_A,WF_V1,ONCO_PANEL,ROUTINE,2024-05-18T12:31:59Z,2024-05-24T10:56:01Z,1
CASE_00000356,SITE_A,WF_V1,GERMLINE,ROUTINE,2024-04-10T03:18:22Z,2024-04-17T08:58:46Z,1
CASE_00000357,SITE_A,WF_V1,ONCO_PANEL,ROUTINE,2024-05-08T03:59:07Z,2024-05-13T09:59:10Z,1
CASE_00000358,SITE_A,WF_V1,RARE_DISEASE,ROUTINE,2024-03-10T11:16:39Z,2024-03-18T04:13:18Z,1
CASE_00000359,SITE_A,WF_V1,ONCO_PANEL,STAT,2024-07-22T03:03:49Z,2024-07-24T13:57:26Z,1
CASE_00000360,SITE_A,WF_V1,ONCO_PANEL,ROUTINE,2024-05-02T05:26:13Z,2024-05-07T12:29:26Z,1
CASE_00000361,SITE_A,WF_V1,ONCO_PANEL,ROUTINE,2024-06-01T11:24:55Z,2024-06-07T08:21:14Z,1
CASE_00000362,SITE_A,WF_V1,ONCO_PANEL,ROUTINE,2024-04-13T08:45:25Z,2024-04-20T04:57:23Z,1
CASE_00000363,SITE_A,WF_V1,ONCO_PANEL,ROUTINE,2024-03-28T16:06:49Z,2024-04-04T09:39:25Z,1
CASE_00000364,SITE_A,WF_V1,ONCO_PANEL,ROUTINE,2024-01-28T17:47:17Z,2024-02-03T14:52:05Z,1
CASE_00000365,SITE_A,WF_V1,PHARMA,ROUTINE,2024-05-01T20:42:49Z,2024-05-07T04:30:46Z,1
CASE_00000366,SITE_A,WF_V1,GERMLINE,ROUTINE,2024-04-25T06:39:41Z,2024-05-02T19:32:33Z,1
CASE_00000367,SITE_A,WF_V1,RARE_DISEASE,ROUTINE,2024-01-24T12:06:47Z,2024-02-01T16:37:15Z,1
CASE_00000368,SITE_A,WF_V1,RARE_DISEASE,STAT,2024-07-10T09:10:41Z,2024-07-13T19:12:30Z,1
CASE_00000369,SITE_A,WF_V1,RARE_DISEASE,ROUTINE,2024-02-20T17:32:24Z,2024-02-27T13:27:51Z,1
CASE_00000370,SITE_A,WF_V1,ONCO_PANEL,ROUTINE,2024-06-15T16:30:54Z,2024-06-21T11:27:39Z,1
CASE_00000371,SITE_A,WF_V1,RARE_DISEASE,ROUTINE,2024-07-07T11:55:51Z,2024-07-14T06:32:25Z,1
CASE_00000372,SITE_A,WF_V1,RARE_DISEASE,ROUTINE,2024-07-29T13:51:24Z,2024-08-04T14:52:46Z,1
CASE_00000373,SITE_A,WF_V1,ONCO_PANEL,STAT,2024-01-27T23:02:57Z,2024-01-30T17:30:12Z,1
CASE_00000374,SITE_A,WF_V1,ONCO_PANEL,STAT,2024-02-14T17:51:14Z,2024-02-17T11:55:26Z,1
CASE_00000375,SITE_A,WF_V1,ONCO_PANEL,ROUTINE,2024-01-18T10:12:50Z,2024-01-24T21:10:02Z,1
CASE_00000376,SITE_A,WF_V1,GERMLINE,ROUTINE,2024-02-22T17:29:38Z,2024-03-02T01:25:03Z,1
CASE_00000377,SITE_A,WF_V1,ONCO_PANEL,ROUTINE,2024-01-22T06:50:03Z,2024-01-28T11:50:38Z,1
CASE_00000378,SITE_A,WF_V1,ONCO_PANEL,ROUTINE,2024-02-16T11:05:23Z,2024-02-22T00:17:41Z,1
CASE_00000379,SITE_A,WF_V1,ONCO_PANEL,ROUTINE,2024-07-20T21:03:40Z,2024-07-26T21:01:40Z,1
CASE_00000380,SITE_A,WF_V1,PHARMA,ROUTINE,2024-01-19T10:22:46Z,2024-01-25T01:42:51Z,1
CASE_00000381,SITE_A,WF_V1,RARE_DISEASE,STAT,2024-06-16T22:32:41Z,2024-06-19T21:40:57Z,1
CASE_00000382,SITE_A,WF_V1,ONCO_PANEL,ROUTINE,2024-03-11T22:48:17Z,2024-03-18T08:41:01Z,1
CASE_00000383,SITE_A,WF_V1,ONCO_PANEL,STAT,2024-04-30T11:24:04Z,2024-05-02T20:01:47Z,1
CASE_00000384,SITE_A,WF_V1,GERMLINE,ROUTINE,2024-04-05T10:13:54Z,2024-04-12T05:07:28Z,1
CASE_00000385,SITE_A,WF_V1,ONCO_PANEL,ROUTINE,2024-03-30T05:50:11Z,2024-04-05T08:16:49Z,1
CASE_00000386,SITE_A,WF_V1,RARE_DISEASE,ROUTINE,2024-02-06T16:42:46Z,2024-02-14T01:05:32Z,1
CASE_00000387,SITE_A,WF_V1,ONCO_PANEL,ROUTINE,2024-03-19T18:56:48Z,2024-03-29T19:49:23Z,1
CASE_00000388,SITE_A,WF_V1,ONCO_PANEL,ROUTINE,2024-01-17T19:37:50Z,2024-01-23T07:20:18Z,1
CASE_00000389,SITE_A,WF_V1,ONCO_PANEL,ROUTINE,2024-05-29T07:25:19Z,2024-06-04T03:00:04Z,1
CASE_00000390,SITE_A,WF_V1,RARE_DISEASE,ROUTINE,2024-07-04T20:23:54Z,2024-07-12T00:15:08Z,1
CASE_00000391,SITE_A,WF_V1,GERMLINE,STAT,2024-03-31T03:52:36Z,2024-04-03T17:47:41Z,1
CASE_00000392,SITE_A,WF_V1,PHARMA,ROUTINE,2024-04-16T10:05:00Z,2024-04-21T07:26:42Z,1
CASE_00000393,SITE_A,WF_V1,ONCO_PANEL,ROUTINE,2024-06-13T00:45:29Z,2024-06-19T01:47:34Z,1
CASE_00000394,SITE_A,WF_V1,GERMLINE,ROUTINE,2024-05-30T06:46:49Z,2024-06-06T17:15:11Z,1
CASE_00000395,SITE_A,WF_V1,RARE_DISEASE,ROUTINE,2024-07-02T12:23:48Z,2024-07-09T20:12:01Z,1
CASE_00000396,SITE_A,WF_V1,RARE_DISEASE,ROUTINE,2024-02-16T23:22:34Z,2024-02-24T02:24:07Z,1
CASE_00000397,SITE_A,WF_V1,GERMLINE,STAT,2024-03-26T12:51:37Z,2024-03-29T17:04:42Z,1
CASE_00000398,SITE_A,WF_V1,ONCO_PANEL,ROUTINE,2024-03-14T13:50:03Z,2024-03-20T00:27:23Z,1
CASE_00000399,SITE_A,WF_V1,RARE_DISEASE,STAT,2024-06-26T09:40:35Z,2024-06-30T17:50:42Z,1
CASE_00000400,SITE_A,WF_V1,PHARMA,STAT,2024-04-22T19:02:32Z,2024-04-24T19:07:37Z,1
CASE_00000401,SITE_A,WF_V1,ONCO_PANEL,ROUTINE,2024-08-01T03:26:30Z,2024-08-06T19:56:21Z,1
CASE_00000402,SITE_A,WF_V1,ONCO_PANEL,ROUTINE,2024-06-29T18:54:04Z,2024-07-04T17:08:58Z,1
CASE_00000403,SITE_A,WF_V1,RARE_DISEASE,ROUTINE,2024-02-02T15:35:00Z,2024-02-08T02:55:17Z,1
CASE_00000404,SITE_A,WF_V1,RARE_DISEASE,ROUTINE,2024-04-17T11:53:16Z,2024-04-25T12:40:23Z,1
CASE_00000405,SITE_A,WF_V1,PHARMA,ROUTINE,2024-04-13T14:51:56Z,2024-04-18T05:59:51Z,1
CASE_00000406,SITE_A,WF_V1,ONCO_PANEL,ROUTINE,2024-03-17T13:27:42Z,2024-03-24T03:38:31Z,1
CASE_00000407,SITE_A,WF_V1,RARE_DISEASE,ROUTINE,2024-07-11T03:28:24Z,2024-07-18T09:40:12Z,1
CASE_00000408,SITE_A,WF_V1,GERMLINE,ROUTINE,2024-02-26T11:20:36Z,2024-03-04T22:19:25Z,1
CASE_00000409,SITE_A,WF_V1,ONCO_PANEL,STAT,2024-06-02T01:51:22Z,2024-06-04T18:50:00Z,1
CASE_00000410,SITE_A,WF_V1,RARE_DISEASE,ROUTINE,2024-02-26T12:50:19Z,2024-03-29T18:32:57Z,1
CASE_00000411,SITE_A,WF_V1,ONCO_PANEL,ROUTINE,2024-05-21T00:05:09Z,2024-05-28T00:16:10Z,1
CASE_00000412,SITE_A,WF_V1,RARE_DISEASE,ROUTINE,2024-05-08T00:43:18Z,2024-05-14T20:57:23Z,1
CASE_00000413,SITE_A,WF_V1,RARE_DISEASE,ROUTINE,2024-03-14T21:29:01Z,2024-03-22T11:13:17Z,1
CASE_00000414,SITE_A,WF_V1,ONCO_PANEL,ROUTINE,2024-07-19T10:22:50Z,2024-07-26T03:50:48Z,1
CASE_00000415,SITE_A,WF_V1,GERMLINE,ROUTINE,2024-07-19T09:37:10Z,2024-07-28T01:02:18Z,1
CASE_00000416,SITE_A,WF_V1,RARE_DISEASE,ROUTINE,2024-02-17T01:41:49Z,2024-02-24T17:38:57Z,1
CASE_00000417,SITE_A,WF_V1,GERMLINE,ROUTINE,2024-04-22T13:31:46Z,2024-05-02T02:24:48Z,1
CASE_00000418,SITE_A,WF_V1,RARE_DISEASE,ROUTINE,2024-03-25T07:00:37Z,2024-03-31T23:49:40Z,1
CASE_00000419,SITE_A,WF_V1,RARE_DISEASE,STAT,2024-05-24T12:34:44Z,2024-05-27T19:42:48Z,1
CASE_00000420,SITE_A,WF_V1,GERMLINE,ROUTINE,2024-05-10T20:14:23Z,2024-05-17T20:03:34Z,1
CASE_00000421,SITE_A,WF_V1,RARE_DISEASE,STAT,2024-02-27T19:08:55Z,2024-03-01T10:20:41Z,1
CASE_00000422,SITE_A,WF_V1,ONCO_PANEL,STAT,2024-01-23T10:36:26Z,2024-01-26T06:50:10Z,1
CASE_00000423,SITE_A,WF_V1,PHARMA,ROUTINE,2024-06-27T09:39:11Z,2024-07-02T04:14:29Z,1
CASE_00000424,SITE_A,WF_V1,GERMLINE,STAT,2024-05-22T22:05:16Z,2024-05-26T06:36:24Z,1
CASE_00000425,SITE_A,WF_V1,GERMLINE,ROUTINE,2024-02-15T05:17:52Z,2024-02-23T03:41:37Z,1
CASE_00000426,SITE_A,WF_V1,GERMLINE,ROUTINE,2024-04-27T22:21:24Z,2024-05-05T19:41:09Z,1
CASE_00000427,SITE_A,WF_V1,ONCO_PANEL,ROUTINE,2024-01-30T20:43:01Z,2024-02-04T22:05:52Z,1
CASE_00000428,SITE_A,WF_V1,GERMLINE,ROUTINE,2024-01-22T12:14:38Z,2024-01-29T16:05:31Z,1
CASE_00000429,SITE_A,WF_V1,PHARMA,STAT,2024-02-22T08:02:23Z,2024-02-24T12:22:56Z,1
CASE_00000430,SITE_A,WF_V1,GERMLINE,ROUTINE,2024-07-18T03:21:04Z,2024-07-25T20:43:53Z,1
CASE_00000431,SITE_A,WF_V1,GERMLINE,ROUTINE,2024-03-30T01:34:19Z,2024-04-06T13:22:24Z,1
CASE_00000432,SITE_A,WF_V1,RARE_DISEASE,ROUTINE,2024-04-27T18:29:29Z,2024-05-05T10:14:16Z,1
CASE_00000433,SITE_A,WF_V1,RARE_DISEASE,STAT,2024-02-03T20:41:33Z,2024-02-06T16:14:50Z,1
CASE_00000434,SITE_A,WF_V2,PHARMA,ROUTINE,2025-04-12T12:50:57Z,2025-04-16T09:20:15Z,1
CASE_00000435,SITE_A,WF_V2,GERMLINE,ROUTINE,2025-01-04T02:21:06Z,2025-01-09T09:10:04Z,1
CASE_00000436,SITE_A,WF_V2,GERMLINE,ROUTINE,2024-12-10T13:29:36Z,2024-12-16T15:07:51Z,1
CASE_00000437,SITE_A,WF_V2,PHARMA,ROUTINE,2025-03-30T21:04:31Z,2025-04-03T17:29:41Z,1
CASE_00000438,SITE_A,WF_V2,ONCO_PANEL,ROUTINE,2025-03-02T01:45:46Z,2025-03-20T05:39:07Z,1
CASE_00000439,SITE_A,WF_V2,GERMLINE,ROUTINE,2024-10-28T17:21:31Z,2024-11-03T11:50:53Z,1
CASE_00000440,SITE_A,WF_V2,ONCO_PANEL,ROUTINE,2024-10-20T06:56:37Z,2024-10-27T19:22:18Z,1
CASE_00000441,SITE_A,WF_V2,GERMLINE,ROUTINE,2024-11-21T20:41:14Z,2024-11-27T20:13:04Z,1
CASE_00000442,SITE_A,WF_V2,PHARMA,STAT,2024-10-12T02:29:58Z,2024-10-14T07:55:34Z,1
CASE_00000443,SITE_A,WF_V2,RARE_DISEASE,ROUTINE,2025-03-25T09:47:09Z,2025-03-30T21:50:53Z,1
CASE_00000444,SITE_A,WF_V2,RARE_DISEASE,ROUTINE,2024-09-18T13:54:50Z,2024-09-23T19:50:33Z,1
CASE_00000445,SITE_A,WF_V2,ONCO_PANEL,ROUTINE,2025-03-22T12:06:25Z,2025-03-27T05:05:40Z,1
CASE_00000446,SITE_A,WF_V2,PHARMA,ROUTINE,2025-01-08T08:20:05Z,2025-01-11T19:58:43Z,1
CASE_00000447,SITE_A,WF_V2,GERMLINE,STAT,2025-04-29T03:00:20Z,2025-05-01T19:14:26Z,1
CASE_00000448,SITE_A,WF_V2,ONCO_PANEL,ROUTINE,2024-11-14T04:27:25Z,2024-11-19T01:14:08Z,1
CASE_00000449,SITE_A,WF_V2,GERMLINE,ROUTINE,2025-03-30T14:55:07Z,2025-04-05T11:43:12Z,1
CASE_00000450,SITE_A,WF_V2,PHARMA,ROUTINE,2025-01-31T19:01:55Z,2025-02-04T20:29:22Z,1
CASE_00000451,SITE_A,WF_V2,ONCO_PANEL,ROUTINE,2024-09-17T01:24:10Z,2024-09-21T12:13:15Z,1
CASE_00000452,SITE_A,WF_V2,ONCO_PANEL,ROUTINE,2024-09-20T17:51:22Z,2024-09-25T17:25:14Z,1
CASE_00000453,SITE_A,WF_V2,ONCO_PANEL,ROUTINE,2024-12-09T13:05:24Z,2024-12-15T04:19:18Z,1
CASE_00000454,SITE_A,WF_V2,ONCO_PANEL,STAT,2024-12-28T22:21:12Z,2024-12-31T03:26:55Z,1
CASE_00000455,SITE_A,WF_V2,ONCO_PANEL,ROUTINE,2024-11-20T18:34:19Z,2024-11-25T01:19:53Z,1
CASE_00000456,SITE_A,WF_V2,ONCO_PANEL,ROUTINE,2024-09-20T23:26:29Z,2024-09-26T04:24:39Z,1
CASE_00000457,SITE_A,WF_V2,ONCO_PANEL,ROUTINE,2025-04-24T12:55:44Z,2025-04-29T10:08:19Z,1
CASE_00000458,SITE_A,WF_V2,GERMLINE,STAT,2025-04-14T00:32:55Z,2025-04-17T03:49:25Z,1
CASE_00000459,SITE_A,WF_V2,RARE_DISEASE,ROUTINE,2024-12-11T12:37:01Z,2024-12-16T13:36:24Z,1
CASE_00000460,SITE_A,WF_V2,ONCO_PANEL,ROUTINE,2025-01-01T22:12:58Z,2025-01-05T22:29:38Z,1
CASE_00000461,SITE_A,WF_V2,ONCO_PANEL,ROUTINE,2025-04-24T20:15:41Z,2025-04-29T07:27:46Z,1
CASE_00000462,SITE_A,WF_V2,RARE_DISEASE,ROUTINE,2024-11-23T20:32:33Z,2024-11-30T05:39:19Z,1
CASE_00000463,SITE_A,WF_V2,RARE_DISEASE,STAT,2024-12-30T21:55:42Z,2025-01-02T11:43:01Z,1
CASE_00000464,SITE_A,WF_V2,ONCO_PANEL,ROUTINE,2025-01-03T09:42:37Z,2025-01-08T01:13:10Z,1
CASE_00000465,SITE_A,WF_V2,GERMLINE,STAT,2024-11-16T06:36:47Z,2024-11-19T08:49:46Z,1
CASE_00000466,SITE_A,WF_V2,PHARMA,ROUTINE,2024-11-08T20:03:41Z,2024-11-12T14:16:26Z,1
CASE_00000467,SITE_A,WF_V2,ONCO_PANEL,STAT,2025-04-03T04:53:15Z,2025-04-06T03:38:42Z,1
CASE_00000468,SITE_A,WF_V2,GERMLINE,ROUTINE,2025-01-08T02:04:50Z,2025-01-13T22:42:37Z,1
CASE_00000469,SITE_A,WF_V2,ONCO_PANEL,ROUTINE,2024-09-25T14:52:41Z,2024-09-30T04:29:23Z,1
CASE_00000470,SITE_A,WF_V2,RARE_DISEASE,ROUTINE,2024-12-20T15:30:12Z,2024-12-25T22:00:30Z,1
CASE_00000471,SITE_A,WF_V2,GERMLINE,STAT,2024-11-11T01:17:27Z,2024-11-13T12:19:48Z,1
CASE_00000472,SITE_A,WF_V2,ONCO_PANEL,ROUTINE,2024-10-28T00:52:05Z,2024-11-02T05:42:32Z,1
CASE_00000473,SITE_A,WF_V2,GERMLINE,ROUTINE,2025-01-07T22:01:16Z,2025-02-04T06:37:21Z,1
CASE_00000474,SITE_A,WF_V2,GERMLINE,STAT,2025-02-24T10:28:44Z,2025-02-27T13:26:14Z,1
CASE_00000475,SITE_A,WF_V2,ONCO_PANEL,ROUTINE,2025-02-19T09:34:48Z,2025-02-24T09:57:12Z,1
CASE_00000476,SITE_A,WF_V2,ONCO_PANEL,ROUTINE,2025-04-22T12:14:58Z,2025-04-27T02:13:39Z,1
CASE_00000477,SITE_A,WF_V2,RARE_DISEASE,STAT,2025-02-06T08:52:48Z,2025-02-08T18:28:58Z,1
CASE_00000478,SITE_A,WF_V2,ONCO_PANEL,ROUTINE,2025-03-22T03:32:26Z,2025-03-27T09:44:10Z,1
CASE_00000479,SITE_A,WF_V2,RARE_DISEASE,ROUTINE,2025-03-01T06:18:39Z,2025-03-07T02:14:45Z,1
CASE_00000480,SITE_A,WF_V2,ONCO_PANEL,ROUTINE,2024-11-07T04:04:14Z,2024-11-12T17:38:19Z,1
CASE_00000481,SITE_A,WF_V2,ONCO_PANEL,ROUTINE,2025-03-08T09:02:34Z,2025-03-13T05:37:47Z,1
CASE_00000482,SITE_A,WF_V2,GERMLINE,ROUTINE,2025-01-11T19:20:34Z,2025-01-18T13:25:46Z,1
CASE_00000483,SITE_A,WF_V2,GERMLINE,ROUTINE,2025-02-27T09:02:03Z,2025-03-04T16:12:40Z,1
CASE_00000484,SITE_A,WF_V2,ONCO_PANEL,ROUTINE,2024-10-08T18:21:00Z,2024-10-13T18:27:43Z,1
CASE_00000485,SITE_A,WF_V2,ONCO_PANEL,ROUTINE,2024-12-02T20:43:14Z,2024-12-07T09:28:40Z,1
CASE_00000486,SITE_A,WF_V2,PHARMA,ROUTINE,2024-09-09T03:23:53Z,2024-09-13T01:13:25Z,1
CASE_00000487,SITE_A,WF_V2,ONCO_PANEL,ROUTINE,2025-01-08T08:34:58Z,2025-01-13T03:04:48Z,1
CASE_00000488,SITE_A,WF_V2,RARE_DISEASE,ROUTINE,2025-04-24T12:29:47Z,2025-04-30T11:06:25Z,1
CASE_00000489,SITE_A,WF_V2,RARE_DISEASE,ROUTINE,2025-03-30T04:06:40Z,2025-04-05T06:17:10Z,1
CASE_00000490,SITE_A,WF_V2,GERMLINE,ROUTINE,2025-01-28T05:36:17Z,2025-02-03T10:41:48Z,1
CASE_00000491,SITE_A,WF_V2,ONCO_PANEL,ROUTINE,2025-04-28T20:57:14Z,2025-05-02T23:13:59Z,1
CASE_00000492,SITE_A,WF_V2,ONCO_PANEL,ROUTINE,2025-04-06T22:11:09Z,2025-04-11T14:07:24Z,1
CASE_00000493,SITE_A,WF_V2,RARE_DISEASE,ROUTINE,2024-09-08T05:42:25Z,2024-09-14T17:52:45Z,1
CASE_00000494,SITE_A,WF_V2,ONCO_PANEL,ROUTINE,2024-11-09T22:04:21Z,2024-11-28T15:24:04Z,1
CASE_00000495,SITE_A,WF_V2,PHARMA,ROUTINE,2025-03-27T01:10:51Z,2025-03-31T00:29:59Z,1
CASE_00000496,SITE_A,WF_V2,ONCO_PANEL,ROUTINE,2025-01-22T18:46:38Z,2025-01-27T16:19:48Z,1
CASE_00000497,SITE_A,WF_V2,GERMLINE,ROUTINE,2024-09-04T07:35:21Z,2024-09-10T12:10:28Z,1
CASE_00000498,SITE_A,WF_V2,GERMLINE,ROUTINE,2025-03-20T15:52:40Z,2025-03-26T19:28:28Z,1
CASE_00000499,SITE_A,WF_V2,ONCO_PANEL,ROUTINE,2024-10-08T13:52:56Z,2024-10-14T15:58:33Z,1
CASE_00000500,SITE_A,WF_V2,GERMLINE,ROUTINE,2025-03-08T15:22:15Z,2025-03-15T12:05:57Z,1
CASE_00000501,SITE_A,WF_V2,ONCO_PANEL,STAT,2024-12-11T11:34:32Z,2024-12-13T15:25:49Z,1
CASE_00000502,SITE_A,WF_V2,ONCO_PANEL,ROUTINE,2024-10-17T11:44:32Z,2024-10-23T05:09:56Z,1
CASE_00000503,SITE_A,WF_V2,GERMLINE,ROUTINE,2025-04-26T13:57:12Z,2025-05-02T19:07:53Z,1
CASE_00000504,SITE_A,WF_V2,ONCO_PANEL,ROUTINE,2025-04-30T09:11:04Z,2025-05-05T19:13:14Z,1
CASE_00000505,SITE_A,WF_V2,PHARMA,ROUTINE,2025-03-03T02:12:56Z,2025-03-07T01:18:07Z,1
CASE_00000506,SITE_A,WF_V2,PHARMA,ROUTINE,2024-12-18T22:33:40Z,2024-12-23T09:06:50Z,1
CASE_00000507,SITE_A,WF_V2,ONCO_PANEL,ROUTINE,2025-03-27T19:42:59Z,2025-04-01T06:35:48Z,1
CASE_00000508,SITE_A,WF_V2,ONCO_PANEL,ROUTINE,2024-09-05T12:37:15Z,2024-09-10T01:04:35Z,1
CASE_00000509,SITE_A,WF_V2,ONCO_PANEL,ROUTINE,2024-12-11T04:30:38Z,2024-12-16T14:12:50Z,1
CASE_00000510,SITE_A,WF_V2,ONCO_PANEL,ROUTINE,2024-12-02T02:50:51Z,2024-12-07T09:42:51Z,1
CASE_00000511,SITE_A,WF_V2,GERMLINE,ROUTINE,2025-04-06T06:59:01Z,2025-04-12T15:34:58Z,1
CASE_00000512,SITE_A,WF_V2,ONCO_PANEL,STAT,2025-02-21T02:32:17Z,2025-02-23T06:57:36Z,1
CASE_00000513,SITE_A,WF_V2,ONCO_PANEL,ROUTINE,2025-01-12T13:56:56Z,2025-01-17T13:43:36Z,1
CASE_00000514,SITE_A,WF_V2,PHARMA,ROUTINE,2024-11-01T03:12:58Z,2024-11-05T12:47:52Z,1
CASE_00000515,SITE_A,WF_V2,GERMLINE,ROUTINE,2024-09-24T04:26:15Z,2024-09-30T11:14:37Z,1
CASE_00000516,SITE_A,WF_V2,GERMLINE,ROUTINE,2024-12-14T05:00:02Z,2024-12-20T05:05:13Z,1
CASE_00000517,SITE_A,WF_V2,GERMLINE,STAT,2024-10-04T03:56:44Z,2024-10-07T05:48:40Z,1
CASE_00000518,SITE_A,WF_V2,RARE_DISEASE,ROUTINE,2024-11-23T05:25:06Z,2024-11-28T09:59:19Z,1
CASE_00000519,SITE_A,WF_V2,ONCO_PANEL,ROUTINE,2024-11-29T11:46:15Z,2024-12-03T11:31:35Z,1
CASE_00000520,SITE_A,WF_V2,PHARMA,ROUTINE,2024-10-24T18:33:51Z,2024-10-28T11:09:23Z,1
CASE_00000521,SITE_A,WF_V2,PHARMA,ROUTINE,2024-10-03T05:32:52Z,2024-10-07T13:52:00Z,1
CASE_00000522,SITE_A,WF_V2,ONCO_PANEL,ROUTINE,2024-11-26T23:25:21Z,2024-12-01T20:08:01Z,1
CASE_00000523,SITE_A,WF_V2,GERMLINE,ROUTINE,2025-03-14T07:35:10Z,2025-03-20T02:22:01Z,1
CASE_00000524,SITE_A,WF_V2,ONCO_PANEL,STAT,2024-11-03T06:36:33Z,2024-11-05T18:28:07Z,1
CASE_00000525,SITE_A,WF_V2,RARE_DISEASE,STAT,2025-04-17T08:28:35Z,2025-04-19T21:48:40Z,1
CASE_00000526,SITE_A,WF_V2,ONCO_PANEL,ROUTINE,2025-01-16T10:10:56Z,2025-01-20T03:08:57Z,1
CASE_00000527,SITE_A,WF_V2,GERMLINE,ROUTINE,2025-02-20T14:41:16Z,2025-02-25T12:36:50Z,1
CASE_00000528,SITE_A,WF_V2,ONCO_PANEL,ROUTINE,2025-01-07T13:59:30Z,2025-01-12T03:55:55Z,1
CASE_00000529,SITE_A,WF_V2,ONCO_PANEL,ROUTINE,2024-12-21T21:05:16Z,2024-12-26T21:29:13Z,1
CASE_00000530,SITE_A,WF_V2,ONCO_PANEL,STAT,2025-04-27T16:52:27Z,2025-04-29T20:23:35Z,1
CASE_00000531,SITE_A,WF_V2,RARE_DISEASE,ROUTINE,2024-12-05T03:29:11Z,2024-12-11T11:09:01Z,1
CASE_00000532,SITE_A,WF_V2,ONCO_PANEL,ROUTINE,2024-09-11T22:52:05Z,2024-09-16T11:20:09Z,1
CASE_00000533,SITE_A,WF_V2,ONCO_PANEL,STAT,2024-09-09T11:33:00Z,2024-09-11T20:37:12Z,1
CASE_00000534,SITE_A,WF_V2,ONCO_PANEL,ROUTINE,2025-01-30T18:19:40Z,2025-02-05T08:56:41Z,1
CASE_00000535,SITE_A,WF_V2,ONCO_PANEL,ROUTINE,2024-11-13T11:57:25Z,2024-11-17T14:27:52Z,1
CASE_00000536,SITE_A,WF_V2,GERMLINE,ROUTINE,2024-11-09T12:24:33Z,2024-11-16T04:37:24Z,1
CASE_00000537,SITE_A,WF_V2,RARE_DISEASE,STAT,2024-09-16T21:50:57Z,2024-09-19T12:04:39Z,1
CASE_00000538,SITE_A,WF_V2,ONCO_PANEL,ROUTINE,2024-10-27T03:59:21Z,2024-11-01T03:31:17Z,1
CASE_00000539,SITE_A,WF_V2,ONCO_PANEL,ROUTINE,2024-09-18T23:24:04Z,2024-09-23T17:19:47Z,1
CASE_00000540,SITE_A,WF_V2,PHARMA,ROUTINE,2025-01-17T14:43:50Z,2025-01-21T10:49:45Z,1
CASE_00000541,SITE_A,WF_V2,ONCO_PANEL,ROUTINE,2025-02-03T16:05:19Z,2025-02-08T23:20:35Z,1
CASE_00000542,SITE_A,WF_V2,PHARMA,ROUTINE,2024-12-23T05:13:44Z,2024-12-26T23:04:22Z,1
CASE_00000543,SITE_A,WF_V2,RARE_DISEASE,ROUTINE,2025-02-23T00:26:53Z,2025-03-01T18:47:37Z,1
CASE_00000544,SITE_A,WF_V2,PHARMA,ROUTINE,2025-04-27T01:09:50Z,2025-04-30T20:13:01Z,1
CASE_00000545,SITE_A,WF_V2,ONCO_PANEL,ROUTINE,2025-02-15T09:52:40Z,2025-02-20T18:21:52Z,1
CASE_00000546,SITE_A,WF_V2,ONCO_PANEL,ROUTINE,2025-03-17T20:35:55Z,2025-03-23T14:19:29Z,1
CASE_00000547,SITE_A,WF_V2,ONCO_PANEL,STAT,2025-01-27T17:10:00Z,2025-01-30T04:18:20Z,1
CASE_00000548,SITE_A,WF_V2,GERMLINE,STAT,2024-10-01T17:29:57Z,2024-10-04T04:55:08Z,1
CASE_00000549,SITE_A,WF_V2,RARE_DISEASE,STAT,2024-11-30T13:09:24Z,2024-12-02T17:33:49Z,1
CASE_00000550,SITE_A,WF_V2,GERMLINE,ROUTINE,2024-11-17T04:02:46Z,2024-11-25T01:39:14Z,1
CASE_00000551,SITE_A,WF_V2,RARE_DISEASE,ROUTINE,2025-03-12T16:00:29Z,2025-03-17T23:54:29Z,1
CASE_00000552,SITE_A,WF_V2,GERMLINE,ROUTINE,2025-04-18T14:58:49Z,2025-04-24T22:33:57Z,1
CASE_00000553,SITE_A,WF_V2,ONCO_PANEL,ROUTINE,2024-11-19T09:21:58Z,2024-11-24T13:43:17Z,1
CASE_00000554,SITE_A,WF_V2,PHARMA,ROUTINE,2024-10-07T16:24:31Z,2024-10-11T22:50:09Z,1
CASE_00000555,SITE_A,WF_V2,PHARMA,ROUTINE,2024-11-25T07:56:38Z,2024-11-29T16:15:49Z,1
CASE_00000556,SITE_A,WF_V2,GERMLINE,ROUTINE,2024-10-19T16:41:36Z,2024-10-26T01:53:08Z,1
CASE_00000557,SITE_A,WF_V2,PHARMA,ROUTINE,2024-09-19T09:36:10Z,2024-09-24T15:47:09Z,1
CASE_00000558,SITE_A,WF_V2,RARE_DISEASE,ROUTINE,2024-10-16T12:49:49Z,2024-10-22T09:59:14Z,1
CASE_00000559,SITE_A,WF_V2,ONCO_PANEL,ROUTINE,2024-11-22T23:00:10Z,2024-11-27T16:34:59Z,1
CASE_00000560,SITE_A,WF_V2,GERMLINE,ROUTINE,2025-03-21T02:36:52Z,2025-03-26T21:52:57Z,1
CASE_00000561,SITE_A,WF_V2,ONCO_PANEL,ROUTINE,2025-04-16T02:56:29Z,2025-04-20T10:20:06Z,1
CASE_00000562,SITE_A,WF_V2,GERMLINE,ROUTINE,2024-09-15T22:49:23Z,2024-09-22T06:33:29Z,1
CASE_00000563,SITE_A,WF_V2,RARE_DISEASE,STAT,2024-09-06T08:41:33Z,2024-09-09T12:56:28Z,1
CASE_00000564,SITE_A,WF_V2,ONCO_PANEL,ROUTINE,2025-04-12T09:56:19Z,2025-04-17T06:13:31Z,1
CASE_00000565,SITE_A,WF_V2,GERMLINE,ROUTINE,2025-01-23T02:39:28Z,2025-01-30T06:19:25Z,1
CASE_00000566,SITE_A,WF_V2,GERMLINE,STAT,2024-12-14T17:34:11Z,2024-12-17T17:10:21Z,1
CASE_00000567,SITE_A,WF_V2,ONCO_PANEL,STAT,2025-01-10T17:34:34Z,2025-01-12T23:48:04Z,1
CASE_00000568,SITE_A,WF_V2,GERMLINE,ROUTINE,2024-12-31T17:08:54Z,2025-01-07T22:35:34Z,1
CASE_00000569,SITE_A,WF_V2,PHARMA,ROUTINE,2025-02-08T06:19:42Z,2025-02-11T21:38:46Z,1
CASE_00000570,SITE_A,WF_V2,ONCO_PANEL,ROUTINE,2024-12-18T16:21:49Z,2024-12-23T03:19:30Z,1
CASE_00000571,SITE_A,WF_V2,RARE_DISEASE,STAT,2025-02-01T13:31:56Z,2025-02-04T10:21:27Z,1
CASE_00000572,SITE_A,WF_V2,PHARMA,ROUTINE,2024-09-29T09:55:15Z,2024-10-03T16:16:16Z,1
CASE_00000573,SITE_A,WF_V2,PHARMA,STAT,2024-11-18T02:52:25Z,2024-11-20T05:39:03Z,1
CASE_00000574,SITE_A,WF_V2,ONCO_PANEL,ROUTINE,2024-10-13T08:32:28Z,2024-10-18T02:08:56Z,1
CASE_00000575,SITE_A,WF_V2,ONCO_PANEL,ROUTINE,2025-03-12T21:37:00Z,2025-03-17T07:24:41Z,1
CASE_00000576,SITE_A,WF_V2,ONCO_PANEL,ROUTINE,2025-01-13T19:53:45Z,2025-01-19T04:42:38Z,1
CASE_00000577,SITE_A,WF_V2,ONCO_PANEL,STAT,2025-02-23T19:10:09Z,2025-02-26T02:37:57Z,1
CASE_00000578,SITE_A,WF_V2,RARE_DISEASE,ROUTINE,2024-12-17T08:41:15Z,2024-12-23T00:45:06Z,1
CASE_00000579,SITE_A,WF_V2,RARE_DISEASE,ROUTINE,2024-09-04T02:30:19Z,2024-09-10T23:25:32Z,1
CASE_00000580,SITE_A,WF_V2,ONCO_PANEL,ROUTINE,2024-11-13T01:54:14Z,2024-11-17T21:00:21Z,1
CASE_00000581,SITE_A,WF_V2,GERMLINE,ROUTINE,2024-10-15T21:37:48Z,2024-10-21T08:53:52Z,1
CASE_00000582,SITE_A,WF_V2,GERMLINE,ROUTINE,2024-12-16T08:01:05Z,2024-12-22T18:22:47Z,1
CASE_00000583,SITE_A,WF_V2,PHARMA,STAT,2025-01-12T18:15:38Z,2025-01-14T17:30:46Z,1
CASE_00000584,SITE_A,WF_V2,ONCO_PANEL,ROUTINE,2024-12-27T18:13:16Z,2025-01-01T23:59:33Z,1
CASE_00000585,SITE_A,WF_V2,ONCO_PANEL,ROUTINE,2024-11-07T22:03:42Z,2024-11-12T03:40:37Z,1
CASE_00000586,SITE_A,WF_V2,GERMLINE,STAT,2025-03-25T19:18:31Z,2025-03-28T13:33:06Z,1
CASE_00000587,SITE_A,WF_V2,ONCO_PANEL,ROUTINE,2024-09-24T02:40:37Z,2024-09-28T14:32:50Z,1
CASE_00000588,SITE_A,WF_V2,RARE_DISEASE,ROUTINE,2024-10-27T00:57:10Z,2024-11-01T11:45:15Z,1
CASE_00000589,SITE_A,WF_V2,ONCO_PANEL,ROUTINE,2025-01-08T02:23:08Z,2025-01-13T00:39:23Z,1
CASE_00000590,SITE_A,WF_V2,ONCO_PANEL,ROUTINE,2025-03-05T04:11:55Z,2025-03-08T23:21:11Z,1
CASE_00000591,SITE_A,WF_V2,RARE_DISEASE,ROUTINE,2024-12-08T05:41:42Z,2024-12-13T23:43:31Z,1
CASE_00000592,SITE_A,WF_V2,ONCO_PANEL,ROUTINE,2024-10-31T16:25:14Z,2024-11-05T07:14:24Z,1
CASE_00000593,SITE_A,WF_V2,GERMLINE,ROUTINE,2024-12-06T07:01:58Z,2024-12-13T02:05:44Z,1
CASE_00000594,SITE_A,WF_V2,GERMLINE,ROUTINE,2024-12-06T19:25:32Z,2024-12-12T09:37:09Z,1
CASE_00000595,SITE_A,WF_V2,ONCO_PANEL,ROUTINE,2024-11-15T05:34:57Z,2024-11-19T05:24:53Z,1
CASE_00000596,SITE_A,WF_V2,ONCO_PANEL,ROUTINE,2024-09-18T14:41:40Z,2024-09-24T03:16:55Z,1
CASE_00000597,SITE_A,WF_V2,GERMLINE,ROUTINE,2025-03-18T14:03:17Z,2025-03-24T15:32:21Z,1
CASE_00000598,SITE_A,WF_V2,GERMLINE,ROUTINE,2024-11-04T11:56:12Z,2024-11-10T13:26:01Z,1
CASE_00000599,SITE_A,WF_V2,RARE_DISEASE,ROUTINE,2025-04-27T14:44:57Z,2025-05-02T23:32:03Z,1
CASE_00000600,SITE_A,WF_V2,PHARMA,ROUTINE,2024-10-11T02:31:03Z,2024-10-15T09:15:20Z,1
CASE_00000601,SITE_A,WF_V2,PHARMA,ROUTINE,2024-10-23T20:54:47Z,2024-10-28T18:56:09Z,1
CASE_00000602,SITE_A,WF_V2,ONCO_PANEL,ROUTINE,2024-10-09T17:31:34Z,2024-10-14T01:28:14Z,1
CASE_00000603,SITE_A,WF_V2,RARE_DISEASE,ROUTINE,2025-02-17T11:08:41Z,2025-02-23T08:09:49Z,1
CASE_00000604,SITE_A,WF_V2,PHARMA,ROUTINE,2025-04-13T12:17:33Z,2025-04-17T17:55:07Z,1
CASE_00000605,SITE_A,WF_V2,RARE_DISEASE,ROUTINE,2025-01-13T18:45:48Z,2025-01-19T03:14:27Z,1
CASE_00000606,SITE_A,WF_V2,RARE_DISEASE,ROUTINE,2025-01-10T07:48:46Z,2025-01-14T23:55:57Z,1
CASE_00000607,SITE_A,WF_V2,RARE_DISEASE,ROUTINE,2025-02-09T10:33:02Z,2025-02-16T09:17:01Z,1
CASE_00000608,SITE_A,WF_V2,ONCO_PANEL,ROUTINE,2025-03-20T17:54:32Z,2025-03-25T07:42:59Z,1
CASE_00000609,SITE_A,WF_V2,GERMLINE,STAT,2024-11-08T03:09:22Z,2024-11-10T07:33:41Z,1
CASE_00000610,SITE_A,WF_V2,ONCO_PANEL,ROUTINE,2024-12-03T04:53:34Z,2024-12-07T15:14:40Z,1
CASE_00000611,SITE_A,WF_V2,PHARMA,ROUTINE,2025-03-08T06:20:37Z,2025-03-12T11:50:01Z,1
CASE_00000612,SITE_A,WF_V2,ONCO_PANEL,ROUTINE,2025-03-24T01:48:36Z,2025-03-28T22:42:46Z,1
CASE_00000613,SITE_A,WF_V2,GERMLINE,ROUTINE,2025-04-06T09:07:41Z,2025-04-12T05:39:29Z,1
CASE_00000614,SITE_A,WF_V2,ONCO_PANEL,ROUTINE,2024-10-05T10:28:02Z,2024-10-10T06:36:58Z,1
CASE_00000615,SITE_A,WF_V2,ONCO_PANEL,ROUTINE,2024-10-12T11:55:47Z,2024-10-17T17:50:26Z,1
CASE_00000616,SITE_A,WF_V2,RARE_DISEASE,ROUTINE,2025-03-26T00:30:16Z,2025-04-02T13:15:40Z,1
CASE_00000617,SITE_A,WF_V2,RARE_DISEASE,ROUTINE,2024-10-24T06:43:32Z,2024-10-28T15:11:50Z,1
CASE_00000618,SITE_A,WF_V2,GERMLINE,ROUTINE,2025-02-25T10:05:06Z,2025-03-03T06:11:49Z,1
CASE_00000619,SITE_A,WF_V2,ONCO_PANEL,ROUTINE,2024-09-25T15:43:12Z,2024-09-30T10:05:30Z,1
CASE_00000620,SITE_A,WF_V2,GERMLINE,STAT,2025-04-10T04:53:29Z,2025-04-12T18:26:18Z,1
CASE_00000621,SITE_A,WF_V2,RARE_DISEASE,ROUTINE,2024-09-25T11:52:10Z,2024-10-01T04:24:13Z,1
CASE_00000622,SITE_A,WF_V2,ONCO_PANEL,ROUTINE,2025-02-04T19:35:34Z,2025-02-09T13:47:50Z,1
CASE_00000623,SITE_A,WF_V2,ONCO_PANEL,STAT,2025-02-09T22:21:44Z,2025-02-11T22:06:56Z,1
CASE_00000624,SITE_A,WF_V2,ONCO_PANEL,ROUTINE,2025-02-19T11:59:29Z,2025-02-24T00:33:09Z,1
CASE_00000625,SITE_A,WF_V2,RARE_DISEASE,ROUTINE,2024-09-13T10:45:07Z,2024-09-18T23:39:54Z,1
CASE_00000626,SITE_A,WF_V2,PHARMA,ROUTINE,2024-09-08T14:42:31Z,2024-09-12T10:32:05Z,1
CASE_00000627,SITE_A,WF_V2,ONCO_PANEL,STAT,2025-04-03T15:01:55Z,2025-04-05T18:01:04Z,1
CASE_00000628,SITE_A,WF_V2,GERMLINE,STAT,2024-11-02T08:51:37Z,2024-11-04T20:01:47Z,1
CASE_00000629,SITE_A,WF_V2,GERMLINE,ROUTINE,2025-01-20T15:34:45Z,2025-01-26T20:13:50Z,1
CASE_00000630,SITE_A,WF_V2,GERMLINE,ROUTINE,2025-04-02T22:34:36Z,2025-04-09T02:14:58Z,1
CASE_00000631,SITE_A,WF_V2,ONCO_PANEL,ROUTINE,2025-03-24T13:00:17Z,2025-03-29T18:57:24Z,1
CASE_00000632,SITE_A,WF_V2,RARE_DISEASE,ROUTINE,2025-01-04T23:18:31Z,2025-01-10T08:11:16Z,1
CASE_00000633,SITE_A,WF_V2,RARE_DISEASE,ROUTINE,2024-12-24T03:27:41Z,2024-12-29T23:59:08Z,1
CASE_00000634,SITE_A,WF_V2,ONCO_PANEL,STAT,2024-10-20T12:11:38Z,2024-10-22T11:19:10Z,1
CASE_00000635,SITE_A,WF_V2,RARE_DISEASE,STAT,2025-02-12T20:40:52Z,2025-02-15T16:03:24Z,1
CASE_00000636,SITE_A,WF_V2,ONCO_PANEL,ROUTINE,2024-12-18T19:31:15Z,2024-12-23T15:34:27Z,1
CASE_00000637,SITE_A,WF_V2,RARE_DISEASE,ROUTINE,2025-02-18T17:47:51Z,2025-02-24T20:37:09Z,1
CASE_00000638,SITE_A,WF_V2,ONCO_PANEL,STAT,2025-02-03T12:54:53Z,2025-02-05T12:53:40Z,1
CASE_00000639,SITE_A,WF_V2,GERMLINE,ROUTINE,2024-10-02T09:00:36Z,2024-10-08T11:35:58Z,1
CASE_00000640,SITE_A,WF_V2,GERMLINE,STAT,2024-12-26T06:05:02Z,2024-12-28T22:46:46Z,1
CASE_00000641,SITE_A,WF_V2,GERMLINE,ROUTINE,2025-03-30T16:25:48Z,2025-04-06T12:16:47Z,1
CASE_00000642,SITE_A,WF_V2,ONCO_PANEL,STAT,2025-03-17T14:14:20Z,2025-03-19T19:35:54Z,1
CASE_00000643,SITE_A,WF_V2,RARE_DISEASE,ROUTINE,2024-11-15T18:25:46Z,2024-11-20T07:40:04Z,1
CASE_00000644,SITE_A,WF_V2,RARE_DISEASE,ROUTINE,2024-09-05T04:13:24Z,2024-09-10T09:09:26Z,1
CASE_00000645,SITE_A,WF_V2,ONCO_PANEL,ROUTINE,2025-01-04T06:25:29Z,2025-01-08T20:03:04Z,1
CASE_00000646,SITE_A,WF_V2,ONCO_PANEL,ROUTINE,2024-10-18T03:54:35Z,2024-10-23T05:20:40Z,1
CASE_00000647,SITE_A,WF_V2,GERMLINE,ROUTINE,2025-01-11T05:54:11Z,2025-01-16T12:35:55Z,1
CASE_00000648,SITE_A,WF_V2,GERMLINE,STAT,2024-11-23T13:39:34Z,2024-11-25T22:44:05Z,1
CASE_00000649,SITE_A,WF_V2,PHARMA,ROUTINE,2024-09-15T09:18:46Z,2024-09-19T08:38:48Z,1
CASE_00000650,SITE_A,WF_V2,ONCO_PANEL,ROUTINE,2024-12-13T11:20:22Z,2024-12-18T13:31:44Z,1
CASE_00000651,SITE_A,WF_V2,ONCO_PANEL,ROUTINE,2024-12-19T10:41:10Z,2024-12-23T17:39:58Z,1
CASE_00000652,SITE_A,WF_V2,GERMLINE,ROUTINE,2025-03-18T00:39:08Z,2025-03-23T04:27:21Z,1
CASE_00000653,SITE_A,WF_V2,ONCO_PANEL,ROUTINE,2025-02-24T08:05:49Z,2025-02-28T10:59:24Z,1
CASE_00000654,SITE_A,WF_V2,RARE_DISEASE,ROUTINE,2024-11-06T20:09:48Z,2024-11-13T10:48:46Z,1
CASE_00000655,SITE_A,WF_V2,ONCO_PANEL,ROUTINE,2024-12-12T02:40:10Z,2024-12-16T10:24:35Z,1
CASE_00000656,SITE_A,WF_V2,GERMLINE,ROUTINE,2024-12-18T20:16:57Z,2024-12-25T16:58:39Z,1
CASE_00000657,SITE_A,WF_V2,ONCO_PANEL,ROUTINE,2025-02-03T06:43:42Z,2025-02-08T18:07:36Z,1
CASE_00000658,SITE_A,WF_V2,ONCO_PANEL,ROUTINE,2025-04-17T09:32:02Z,2025-04-21T12:54:53Z,1
CASE_00000659,SITE_A,WF_V2,RARE_DISEASE,ROUTINE,2024-10-30T03:28:16Z,2024-11-04T12:22:38Z,1
CASE_00000660,SITE_A,WF_V2,GERMLINE,STAT,2024-10-22T12:22:49Z,2024-10-25T16:01:31Z,1
CASE_00000661,SITE_A,WF_V2,ONCO_PANEL,ROUTINE,2024-12-09T06:59:01Z,2024-12-14T07:16:07Z,1
CASE_00000662,SITE_A,WF_V2,RARE_DISEASE,ROUTINE,2025-04-08T04:32:00Z,2025-04-13T19:08:10Z,1
CASE_00000663,SITE_A,WF_V2,ONCO_PANEL,ROUTINE,2024-09-20T01:39:16Z,2024-09-24T05:42:19Z,1
CASE_00000664,SITE_A,WF_V2,RARE_DISEASE,ROUTINE,2025-03-09T07:55:07Z,2025-03-15T00:42:49Z,1
CASE_00000665,SITE_A,WF_V2,GERMLINE,ROUTINE,2025-01-17T21:48:16Z,2025-01-23T15:00:12Z,1
CASE_00000666,SITE_A,WF_V2,PHARMA,ROUTINE,2025-02-04T16:30:11Z,2025-02-09T09:26:49Z,1
CASE_00000667,SITE_A,WF_V2,RARE_DISEASE,ROUTINE,2024-10-22T00:43:11Z,2024-10-29T03:22:02Z,1
CASE_00000668,SITE_A,WF_V2,ONCO_PANEL,ROUTINE,2024-09-20T03:30:38Z,2024-09-24T21:45:16Z,1
CASE_00000669,SITE_A,WF_V2,ONCO_PANEL,STAT,2025-01-14T20:24:10Z,2025-01-17T08:24:09Z,1
CASE_00000670,SITE_A,WF_V2,ONCO_PANEL,ROUTINE,2024-12-24T21:28:46Z,2024-12-30T06:39:58Z,1
CASE_00000671,SITE_A,WF_V2,RARE_DISEASE,ROUTINE,2024-12-04T23:50:13Z,2024-12-10T18:37:18Z,1
CASE_00000672,SITE_A,WF_V2,ONCO_PANEL,ROUTINE,2024-09-02T09:24:00Z,2024-09-06T15:17:33Z,1
CASE_00000673,SITE_A,WF_V2,ONCO_PANEL,ROUTINE,2025-02-04T16:05:45Z,2025-02-09T16:52:58Z,1
CASE_00000674,SITE_A,WF_V2,PHARMA,ROUTINE,2024-10-08T16:42:46Z,2024-10-12T15:53:17Z,1
CASE_00000675,SITE_A,WF_V2,GERMLINE,ROUTINE,2025-03-08T17:01:20Z,2025-03-15T06:06:36Z,1
CASE_00000676,SITE_A,WF_V2,GERMLINE,ROUTINE,2025-04-28T12:34:23Z,2025-05-04T13:51:45Z,1
CASE_00000677,SITE_A,WF_V2,GERMLINE,ROUTINE,2024-10-26T16:20:14Z,2024-11-02T09:09:59Z,1
CASE_00000678,SITE_A,WF_V2,GERMLINE,ROUTINE,2025-01-05T06:15:46Z,2025-01-11T17:57:19Z,1
CASE_00000679,SITE_A,WF_V2,RARE_DISEASE,STAT,2025-02-26T00:20:37Z,2025-02-28T12:30:59Z,1
CASE_00000680,SITE_A,WF_V2,PHARMA,ROUTINE,2024-10-22T19:03:25Z,2024-10-27T01:05:38Z,1
CASE_00000681,SITE_A,WF_V2,RARE_DISEASE,ROUTINE,2024-09-09T08:38:35Z,2024-09-15T11:24:42Z,1
CASE_00000682,SITE_A,WF_V2,ONCO_PANEL,ROUTINE,2024-10-23T13:18:22Z,2024-10-28T01:56:28Z,1
CASE_00000683,SITE_A,WF_V2,RARE_DISEASE,STAT,2025-03-23T12:31:54Z,2025-03-26T00:47:56Z,1
CASE_00000684,SITE_A,WF_V2,RARE_DISEASE,ROUTINE,2025-03-06T06:46:19Z,2025-03-12T09:15:07Z,1
CASE_00000685,SITE_A,WF_V2,RARE_DISEASE,ROUTINE,2025-02-20T00:03:59Z,2025-02-26T15:33:49Z,1
CASE_00000686,SITE_A,WF_V2,ONCO_PANEL,ROUTINE,2024-11-30T01:45:12Z,2024-12-04T19:00:36Z,1
CASE_00000687,SITE_A,WF_V2,GERMLINE,STAT,2025-03-18T16:17:05Z,2025-03-21T03:55:59Z,1
CASE_00000688,SITE_A,WF_V2,ONCO_PANEL,STAT,2024-12-27T01:58:52Z,2024-12-29T09:15:54Z,1
CASE_00000689,SITE_A,WF_V2,GERMLINE,ROUTINE,2024-12-10T01:26:18Z,2024-12-16T09:12:40Z,1
CASE_00000690,SITE_A,WF_V2,RARE_DISEASE,ROUTINE,2024-12-01T02:59:10Z,2024-12-06T05:45:14Z,1
CASE_00000691,SITE_A,WF_V2,RARE_DISEASE,ROUTINE,2025-04-25T21:40:48Z,2025-05-02T02:59:20Z,1
CASE_00000692,SITE_A,WF_V2,GERMLINE,ROUTINE,2024-11-16T01:56:04Z,2024-11-22T07:09:33Z,1
CASE_00000693,SITE_A,WF_V2,RARE_DISEASE,ROUTINE,2024-11-03T17:50:20Z,2024-11-08T05:06:58Z,1
CASE_00000694,SITE_A,WF_V2,PHARMA,ROUTINE,2024-10-17T18:09:42Z,2024-10-22T02:05:09Z,1
CASE_00000695,SITE_A,WF_V2,PHARMA,ROUTINE,2025-01-10T17:43:38Z,2025-01-14T11:30:38Z,1
CASE_00000696,SITE_A,WF_V2,ONCO_PANEL,STAT,2024-12-25T23:32:17Z,2024-12-28T04:55:18Z,1
CASE_00000697,SITE_A,WF_V2,RARE_DISEASE,ROUTINE,2025-03-12T21:10:52Z,2025-03-19T11:50:12Z,1
CASE_00000698,SITE_A,WF_V2,ONCO_PANEL,ROUTINE,2024-10-20T12:05:36Z,2024-10-25T17:32:52Z,1
CASE_00000699,SITE_A,WF_V2,ONCO_PANEL,STAT,2025-01-21T03:35:12Z,2025-01-23T03:14:23Z,1
CASE_00000700,SITE_A,WF_V2,RARE_DISEASE,ROUTINE,2025-03-10T06:39:52Z,2025-03-15T01:55:52Z,1
CASE_00000701,SITE_A,WF_V2,ONCO_PANEL,STAT,2025-02-08T15:42:45Z,2025-02-10T18:58:09Z,1
CASE_00000702,SITE_A,WF_V2,GERMLINE,STAT,2024-10-26T00:10:24Z,2024-10-28T06:57:41Z,1
CASE_00000703,SITE_A,WF_V2,PHARMA,ROUTINE,2025-01-10T13:21:11Z,2025-01-14T05:43:03Z,1
CASE_00000704,SITE_A,WF_V2,GERMLINE,ROUTINE,2024-10-29T00:05:08Z,2024-11-05T02:28:34Z,1
CASE_00000705,SITE_A,WF_V2,ONCO_PANEL,ROUTINE,2024-10-06T11:15:24Z,2024-10-11T14:11:17Z,1
CASE_00000706,SITE_A,WF_V2,RARE_DISEASE,ROUTINE,2025-04-23T15:25:36Z,2025-04-29T12:38:30Z,1
CASE_00000707,SITE_A,WF_V2,ONCO_PANEL,ROUTINE,2025-04-06T03:24:16Z,2025-04-10T21:17:30Z,1
CASE_00000708,SITE_A,WF_V2,GERMLINE,ROUTINE,2025-03-04T17:59:30Z,2025-03-12T22:37:17Z,1
CASE_00000709,SITE_A,WF_V2,ONCO_PANEL,ROUTINE,2025-04-03T03:46:03Z,2025-04-08T18:42:30Z,1
CASE_00000710,SITE_A,WF_V2,RARE_DISEASE,ROUTINE,2025-03-11T06:24:27Z,2025-03-17T23:32:49Z,1
CASE_00000711,SITE_A,WF_V2,GERMLINE,ROUTINE,2025-02-18T04:53:29Z,2025-02-25T08:17:19Z,1
CASE_00000712,SITE_A,WF_V2,ONCO_PANEL,ROUTINE,2025-03-21T13:17:24Z,2025-03-26T06:06:29Z,1
CASE_00000713,SITE_A,WF_V2,PHARMA,ROUTINE,2025-03-21T08:40:00Z,2025-03-25T16:51:03Z,1
CASE_00000714,SITE_A,WF_V2,RARE_DISEASE,ROUTINE,2024-10-26T08:54:05Z,2024-10-31T10:19:23Z,1
CASE_00000715,SITE_A,WF_V2,ONCO_PANEL,ROUTINE,2024-10-22T11:29:47Z,2024-10-26T21:15:02Z,1
CASE_00000716,SITE_A,WF_V2,GERMLINE,ROUTINE,2024-09-26T15:01:25Z,2024-10-03T14:22:56Z,1
CASE_00000717,SITE_A,WF_V2,GERMLINE,ROUTINE,2024-09-14T01:13:37Z,2024-09-19T18:52:38Z,1
CASE_00000718,SITE_A,WF_V2,RARE_DISEASE,STAT,2025-04-01T07:59:00Z,2025-04-03T14:37:41Z,1
CASE_00000719,SITE_A,WF_V2,RARE_DISEASE,STAT,2025-01-30T17:43:36Z,2025-02-03T01:22:45Z,1
CASE_00000720,SITE_A,WF_V2,PHARMA,ROUTINE,2024-12-31T21:25:04Z,2025-01-05T05:42:13Z,1
CASE_00000721,SITE_A,WF_V2,ONCO_PANEL,ROUTINE,2025-01-26T15:41:59Z,2025-01-30T17:30:42Z,1
CASE_00000722,SITE_A,WF_V2,ONCO_PANEL,ROUTINE,2024-09-16T21:30:59Z,2024-09-22T06:13:06Z,1
CASE_00000723,SITE_A,WF_V2,GERMLINE,STAT,2024-09-08T14:30:29Z,2024-09-11T10:19:36Z,1
CASE_00000724,SITE_A,WF_V2,ONCO_PANEL,STAT,2025-04-09T07:46:31Z,2025-04-11T05:42:25Z,1
CASE_00000725,SITE_A,WF_V2,RARE_DISEASE,ROUTINE,2025-04-26T03:02:27Z,2025-05-01T20:34:13Z,1
CASE_00000726,SITE_A,WF_V2,ONCO_PANEL,ROUTINE,2025-04-06T01:18:33Z,2025-04-11T17:25:59Z,1
CASE_00000727,SITE_A,WF_V2,RARE_DISEASE,ROUTINE,2025-02-12T07:02:56Z,2025-02-18T05:22:18Z,1
CASE_00000728,SITE_A,WF_V2,RARE_DISEASE,ROUTINE,2024-11-04T13:14:06Z,2024-11-10T08:42:14Z,1
CASE_00000729,SITE_A,WF_V2,ONCO_PANEL,ROUTINE,2024-12-18T10:21:25Z,2024-12-22T08:50:26Z,1
CASE_00000730,SITE_A,WF_V2,RARE_DISEASE,ROUTINE,2025-02-07T01:40:58Z,2025-02-12T18:25:17Z,1
CASE_00000731,SITE_A,WF_V2,RARE_DISEASE,ROUTINE,2024-10-15T09:59:42Z,2024-10-22T12:35:56Z,1
CASE_00000732,SITE_A,WF_V2,GERMLINE,ROUTINE,2024-12-23T00:44:41Z,2024-12-29T04:22:13Z,1
CASE_00000733,SITE_A,WF_V2,ONCO_PANEL,ROUTINE,2024-12-14T12:34:17Z,2024-12-19T12:48:43Z,1
CASE_00000734,SITE_A,WF_V2,PHARMA,ROUTINE,2025-01-09T06:52:50Z,2025-01-12T22:00:32Z,1
CASE_00000735,SITE_A,WF_V2,PHARMA,ROUTINE,2024-09-29T14:53:28Z,2024-10-03T13:57:31Z,1
CASE_00000736,SITE_A,WF_V2,ONCO_PANEL,ROUTINE,2024-09-27T18:40:07Z,2024-10-02T14:51:23Z,1
CASE_00000737,SITE_A,WF_V2,ONCO_PANEL,ROUTINE,2024-09-21T11:43:16Z,2024-09-26T20:11:52Z,1
CASE_00000738,SITE_A,WF_V2,GERMLINE,ROUTINE,2024-10-28T17:23:23Z,2024-11-03T03:45:10Z,1
CASE_00000739,SITE_A,WF_V2,RARE_DISEASE,STAT,2025-03-26T05:01:41Z,2025-03-28T15:56:01Z,1
CASE_00000740,SITE_A,WF_V2,PHARMA,ROUTINE,2025-03-24T22:47:31Z,2025-03-28T21:30:10Z,1
CASE_00000741,SITE_A,WF_V2,ONCO_PANEL,ROUTINE,2024-12-09T13:56:48Z,2024-12-15T04:27:29Z,1
CASE_00000742,SITE_A,WF_V2,ONCO_PANEL,ROUTINE,2025-04-03T00:41:01Z,2025-04-09T09:58:52Z,1
CASE_00000743,SITE_A,WF_V2,ONCO_PANEL,ROUTINE,2025-02-21T10:48:33Z,2025-02-26T18:41:53Z,1
CASE_00000744,SITE_A,WF_V2,GERMLINE,ROUTINE,2024-11-22T04:09:42Z,2024-11-27T18:51:25Z,1
CASE_00000745,SITE_A,WF_V2,RARE_DISEASE,ROUTINE,2025-03-12T23:36:31Z,2025-03-18T18:17:36Z,1
CASE_00000746,SITE_A,WF_V2,ONCO_PANEL,ROUTINE,2025-04-12T21:11:35Z,2025-05-13T18:56:12Z,1
CASE_00000747,SITE_A,WF_V2,ONCO_PANEL,ROUTINE,2025-02-21T20:34:48Z,2025-02-26T09:38:45Z,1
CASE_00000748,SITE_A,WF_V2,RARE_DISEASE,STAT,2025-03-01T17:07:21Z,2025-03-04T09:11:58Z,1
CASE_00000749,SITE_A,WF_V2,GERMLINE,STAT,2025-01-15T15:03:30Z,2025-01-18T07:37:14Z,1
CASE_00000750,SITE_A,WF_V2,GERMLINE,ROUTINE,2025-04-02T23:15:56Z,2025-04-08T23:03:35Z,1
CASE_00000751,SITE_A,WF_V2,ONCO_PANEL,ROUTINE,2024-12-25T20:01:44Z,2024-12-29T23:53:05Z,1
CASE_00000752,SITE_A,WF_V2,ONCO_PANEL,STAT,2025-03-04T10:25:20Z,2025-03-06T16:43:57Z,1
CASE_00000753,SITE_A,WF_V2,RARE_DISEASE,ROUTINE,2025-02-16T16:26:42Z,2025-02-22T11:54:18Z,1
CASE_00000754,SITE_A,WF_V2,ONCO_PANEL,STAT,2024-09-04T03:58:20Z,2024-09-06T21:00:00Z,1
CASE_00000755,SITE_A,WF_V2,RARE_DISEASE,ROUTINE,2024-10-27T16:06:34Z,2024-11-01T20:06:18Z,1
CASE_00000756,SITE_A,WF_V2,ONCO_PANEL,ROUTINE,2025-03-27T17:07:01Z,2025-03-31T21:27:24Z,1
CASE_00000757,SITE_A,WF_V2,GERMLINE,ROUTINE,2025-04-09T09:20:56Z,2025-04-15T02:36:59Z,1
CASE_00000758,SITE_A,WF_V2,ONCO_PANEL,ROUTINE,2024-10-21T09:46:43Z,2024-10-26T04:27:06Z,1
CASE_00000759,SITE_A,WF_V2,ONCO_PANEL,ROUTINE,2024-12-17T01:14:16Z,2024-12-22T12:12:55Z,1
CASE_00000760,SITE_A,WF_V2,RARE_DISEASE,ROUTINE,2025-01-30T00:42:07Z,2025-02-05T15:39:57Z,1
CASE_00000761,SITE_A,WF_V2,ONCO_PANEL,ROUTINE,2024-10-01T04:58:15Z,2024-10-05T15:35:34Z,1
CASE_00000762,SITE_A,WF_V2,ONCO_PANEL,ROUTINE,2024-10-03T16:56:29Z,2024-10-08T02:56:47Z,1
CASE_00000763,SITE_A,WF_V2,ONCO_PANEL,ROUTINE,2024-10-13T12:28:40Z,2024-10-18T08:47:41Z,1
CASE_00000764,SITE_A,WF_V2,RARE_DISEASE,ROUTINE,2024-10-25T23:04:01Z,2024-10-31T18:34:35Z,1
CASE_00000765,SITE_A,WF_V2,RARE_DISEASE,ROUTINE,2024-10-22T03:07:00Z,2024-10-27T19:39:41Z,1
CASE_00000766,SITE_A,WF_V2,GERMLINE,ROUTINE,2024-12-18T04:07:41Z,2024-12-23T18:19:40Z,1
CASE_00000767,SITE_A,WF_V2,GERMLINE,STAT,2024-12-12T20:10:53Z,2024-12-15T06:34:18Z,1
CASE_00000768,SITE_A,WF_V2,RARE_DISEASE,ROUTINE,2024-09-17T16:08:42Z,2024-09-23T09:13:53Z,1
CASE_00000769,SITE_A,WF_V2,ONCO_PANEL,ROUTINE,2025-01-03T15:21:54Z,2025-01-07T21:44:52Z,1
CASE_00000770,SITE_A,WF_V2,RARE_DISEASE,ROUTINE,2025-03-08T09:46:12Z,2025-03-14T07:29:11Z,1
CASE_00000771,SITE_A,WF_V2,ONCO_PANEL,ROUTINE,2024-10-11T02:57:06Z,2024-10-15T09:20:42Z,1
CASE_00000772,SITE_A,WF_V2,GERMLINE,ROUTINE,2024-11-04T12:33:39Z,2024-11-09T21:15:41Z,1
CASE_00000773,SITE_A,WF_V2,GERMLINE,ROUTINE,2025-02-19T15:35:19Z,2025-02-26T00:34:33Z,1
CASE_00000774,SITE_A,WF_V2,GERMLINE,ROUTINE,2025-01-31T14:42:54Z,2025-02-07T00:27:13Z,1
CASE_00000775,SITE_A,WF_V2,GERMLINE,STAT,2025-02-28T19:46:40Z,2025-03-03T09:18:56Z,1
CASE_00000776,SITE_A,WF_V2,GERMLINE,ROUTINE,2024-09-11T09:49:02Z,2024-09-17T05:59:31Z,1
CASE_00000777,SITE_A,WF_V2,ONCO_PANEL,ROUTINE,2024-09-08T17:44:28Z,2024-09-13T12:04:45Z,1
CASE_00000778,SITE_A,WF_V2,ONCO_PANEL,ROUTINE,2025-01-16T09:39:14Z,2025-01-21T09:30:18Z,1
CASE_00000779,SITE_A,WF_V2,GERMLINE,ROUTINE,2024-09-19T10:14:20Z,2024-09-26T03:49:14Z,1
CASE_00000780,SITE_A,WF_V2,GERMLINE,ROUTINE,2025-02-08T23:17:42Z,2025-02-16T03:28:09Z,1
CASE_00000781,SITE_A,WF_V2,GERMLINE,STAT,2025-03-02T17:04:07Z,2025-03-05T13:48:33Z,1
CASE_00000782,SITE_A,WF_V2,RARE_DISEASE,STAT,2024-12-31T16:03:07Z,2025-01-03T05:33:27Z,1
CASE_00000783,SITE_A,WF_V2,ONCO_PANEL,STAT,2024-12-24T23:05:00Z,2024-12-27T10:48:56Z,1
CASE_00000784,SITE_A,WF_V2,RARE_DISEASE,ROUTINE,2025-03-11T15:59:35Z,2025-03-18T05:38:44Z,1
CASE_00000785,SITE_A,WF_V2,PHARMA,ROUTINE,2025-02-19T09:19:09Z,2025-02-24T02:30:04Z,1
CASE_00000786,SITE_A,WF_V2,PHARMA,ROUTINE,2025-02-03T21:00:37Z,2025-02-07T22:01:57Z,1
CASE_00000787,SITE_A,WF_V2,PHARMA,ROUTINE,2025-01-16T11:38:56Z,2025-01-20T20:57:57Z,1
CASE_00000788,SITE_A,WF_V2,ONCO_PANEL,STAT,2025-02-08T08:04:09Z,2025-02-10T11:37:03Z,1
CASE_00000789,SITE_A,WF_V2,ONCO_PANEL,STAT,2024-10-19T17:40:59Z,2024-10-21T19:04:55Z,1
CASE_00000790,SITE_A,WF_V2,GERMLINE,ROUTINE,2024-10-14T20:31:11Z,2024-10-21T21:25:53Z,1
CASE_00000791,SITE_A,WF_V2,RARE_DISEASE,ROUTINE,2024-11-10T11:35:28Z,2024-11-15T16:45:57Z,1
CASE_00000792,SITE_A,WF_V2,RARE_DISEASE,ROUTINE,2024-10-28T04:28:09Z,2024-11-03T06:28:28Z,1
CASE_00000793,SITE_A,WF_V2,ONCO_PANEL,STAT,2024-09-12T00:36:22Z,2024-09-13T22:02:58Z,1
CASE_00000794,SITE_A,WF_V2,RARE_DISEASE,ROUTINE,2024-09-17T11:34:22Z,2024-09-24T21:04:54Z,1
CASE_00000795,SITE_A,WF_V2,GERMLINE,ROUTINE,2024-10-24T01:00:22Z,2024-10-30T17:03:27Z,1
CASE_00000796,SITE_A,WF_V2,RARE_DISEASE,ROUTINE,2024-12-27T09:59:45Z,2025-01-02T11:57:27Z,1
CASE_00000797,SITE_A,WF_V2,GERMLINE,ROUTINE,2025-01-17T08:41:26Z,2025-01-23T11:27:19Z,1
CASE_00000798,SITE_A,WF_V2,ONCO_PANEL,ROUTINE,2025-01-05T14:12:06Z,2025-01-11T03:03:05Z,1
CASE_00000799,SITE_A,WF_V2,RARE_DISEASE,ROUTINE,2024-09-21T10:48:24Z,2024-09-26T05:37:35Z,1
CASE_00000800,SITE_A,WF_V2,ONCO_PANEL,STAT,2025-04-18T13:40:59Z,2025-04-20T15:21:56Z,1
CASE_00000801,SITE_A,WF_V2,ONCO_PANEL,STAT,2024-11-19T08:29:39Z,2024-11-21T10:40:20Z,1
CASE_00000802,SITE_A,WF_V2,ONCO_PANEL,ROUTINE,2025-03-19T04:38:10Z,2025-03-24T00:42:16Z,1
CASE_00000803,SITE_A,WF_V2,ONCO_PANEL,ROUTINE,2025-02-14T11:30:23Z,2025-02-18T12:16:51Z,1
CASE_00000804,SITE_A,WF_V2,ONCO_PANEL,ROUTINE,2024-12-26T08:59:34Z,2024-12-31T13:33:19Z,1
CASE_00000805,SITE_A,WF_V2,PHARMA,ROUTINE,2024-09-14T07:34:04Z,2024-09-18T00:37:27Z,1
CASE_00000806,SITE_A,WF_V2,ONCO_PANEL,ROUTINE,2025-02-18T08:29:41Z,2025-02-22T20:27:32Z,1
CASE_00000807,SITE_A,WF_V2,GERMLINE,ROUTINE,2025-02-16T09:08:05Z,2025-02-23T05:12:15Z,1
CASE_00000808,SITE_A,WF_V2,GERMLINE,STAT,2024-09-04T16:24:53Z,2024-09-08T08:21:56Z,1
CASE_00000809,SITE_A,WF_V2,ONCO_PANEL,STAT,2025-03-17T13:13:50Z,2025-03-19T21:40:27Z,1
CASE_00000810,SITE_A,WF_V2,PHARMA,ROUTINE,2024-09-14T01:56:22Z,2024-09-17T22:35:52Z,1
CASE_00000811,SITE_A,WF_V2,ONCO_PANEL,ROUTINE,2025-02-20T21:50:18Z,2025-02-25T11:37:48Z,1
CASE_00000812,SITE_A,WF_V2,RARE_DISEASE,ROUTINE,2024-11-16T16:20:29Z,2024-11-22T12:10:57Z,1
CASE_00000813,SITE_A,WF_V2,RARE_DISEASE,ROUTINE,2025-01-25T14:13:05Z,2025-03-09T09:59:16Z,1
CASE_00000814,SITE_A,WF_V2,ONCO_PANEL,ROUTINE,2025-01-31T02:35:04Z,2025-02-06T02:37:48Z,1
CASE_00000815,SITE_A,WF_V2,PHARMA,STAT,2024-11-11T15:11:14Z,2024-11-13T06:01:12Z,1
CASE_00000816,SITE_A,WF_V2,PHARMA,ROUTINE,2025-04-10T11:48:07Z,2025-04-14T23:06:48Z,1
CASE_00000817,SITE_A,WF_V2,RARE_DISEASE,ROUTINE,2024-09-28T06:11:08Z,2024-10-03T05:09:03Z,1
CASE_00000818,SITE_A,WF_V2,ONCO_PANEL,ROUTINE,2024-11-13T07:00:37Z,2024-11-17T21:59:24Z,1
CASE_00000819,SITE_A,WF_V2,GERMLINE,STAT,2025-03-15T01:57:28Z,2025-03-17T17:37:02Z,1
CASE_00000820,SITE_A,WF_V2,GERMLINE,ROUTINE,2024-10-26T21:02:00Z,2024-11-01T14:13:58Z,1
CASE_00000821,SITE_A,WF_V2,RARE_DISEASE,STAT,2024-09-25T18:50:28Z,2024-09-29T00:55:33Z,1
CASE_00000822,SITE_A,WF_V2,GERMLINE,ROUTINE,2025-04-19T16:54:27Z,2025-04-27T00:04:45Z,1
CASE_00000823,SITE_A,WF_V2,GERMLINE,ROUTINE,2024-10-25T04:49:51Z,2024-11-01T18:45:17Z,1
CASE_00000824,SITE_A,WF_V2,GERMLINE,ROUTINE,2025-04-19T17:56:36Z,2025-04-25T03:14:37Z,1
CASE_00000825,SITE_A,WF_V2,GERMLINE,ROUTINE,2024-11-20T22:33:02Z,2024-11-26T07:39:22Z,1
CASE_00000826,SITE_A,WF_V2,ONCO_PANEL,STAT,2024-11-15T15:53:52Z,2024-11-17T18:08:31Z,1
CASE_00000827,SITE_A,WF_V2,ONCO_PANEL,ROUTINE,2024-10-30T19:21:32Z,2024-11-04T08:10:50Z,1
CASE_00000828,SITE_A,WF_V2,ONCO_PANEL,ROUTINE,2025-01-21T15:00:43Z,2025-01-26T02:47:59Z,1
CASE_00000829,SITE_A,WF_V2,GERMLINE,ROUTINE,2024-09-23T09:04:47Z,2024-09-30T02:04:16Z,1
CASE_00000830,SITE_A,WF_V2,GERMLINE,ROUTINE,2025-04-27T11:02:22Z,2025-05-03T17:32:45Z,1
CASE_00000831,SITE_A,WF_V2,RARE_DISEASE,STAT,2025-03-13T01:49:47Z,2025-03-15T12:48:13Z,1
CASE_00000832,SITE_A,WF_V2,GERMLINE,ROUTINE,2025-03-26T10:13:37Z,2025-04-01T01:26:58Z,1
CASE_00000833,SITE_A,WF_V2,GERMLINE,ROUTINE,2025-02-07T21:56:41Z,2025-02-13T14:21:29Z,1
CASE_00000834,SITE_A,WF_V2,RARE_DISEASE,ROUTINE,2024-10-17T04:57:26Z,2024-10-24T22:45:05Z,1
CASE_00000835,SITE_A,WF_V2,GERMLINE,ROUTINE,2024-10-06T14:00:28Z,2024-10-12T13:05:19Z,1
CASE_00000836,SITE_A,WF_V2,GERMLINE,ROUTINE,2025-04-28T09:20:27Z,2025-05-04T21:35:12Z,1
CASE_00000837,SITE_A,WF_V2,GERMLINE,ROUTINE,2024-10-28T11:49:13Z,2024-11-03T21:49:29Z,1
CASE_00000838,SITE_A,WF_V2,ONCO_PANEL,ROUTINE,2025-01-07T16:59:31Z,2025-01-13T09:21:58Z,1
CASE_00000839,SITE_A,WF_V2,RARE_DISEASE,ROUTINE,2025-03-15T07:04:15Z,2025-03-21T06:37:51Z,1
CASE_00000840,SITE_A,WF_V2,ONCO_PANEL,ROUTINE,2024-12-20T08:11:21Z,2024-12-24T11:10:18Z,1
CASE_00000841,SITE_A,WF_V2,GERMLINE,ROUTINE,2025-03-11T19:45:58Z,2025-03-18T03:56:31Z,1
CASE_00000842,SITE_A,WF_V2,GERMLINE,STAT,2025-03-26T01:10:29Z,2025-03-31T08:19:50Z,1
CASE_00000843,SITE_A,WF_V2,GERMLINE,ROUTINE,2025-04-15T03:42:09Z,2025-04-21T03:36:19Z,1
CASE_00000844,SITE_A,WF_V2,RARE_DISEASE,ROUTINE,2024-12-25T08:14:13Z,2024-12-30T23:48:15Z,1
CASE_00000845,SITE_A,WF_V2,GERMLINE,STAT,2025-04-20T00:28:33Z,2025-04-23T19:21:21Z,1
CASE_00000846,SITE_A,WF_V2,ONCO_PANEL,STAT,2024-09-09T04:46:26Z,2024-09-10T22:42:09Z,1
CASE_00000847,SITE_A,WF_V2,ONCO_PANEL,ROUTINE,2025-01-06T23:00:14Z,2025-01-11T03:11:54Z,1
CASE_00000848,SITE_A,WF_V2,ONCO_PANEL,ROUTINE,2024-10-12T05:32:59Z,2024-10-16T22:41:10Z,1
CASE_00000849,SITE_A,WF_V2,RARE_DISEASE,ROUTINE,2024-10-19T22:37:05Z,2024-10-25T18:41:25Z,1
CASE_00000850,SITE_A,WF_V2,PHARMA,ROUTINE,2024-09-16T14:09:31Z,2024-09-20T10:37:24Z,1
CASE_00000851,SITE_A,WF_V2,ONCO_PANEL,ROUTINE,2025-01-27T22:01:30Z,2025-01-31T22:46:22Z,1
CASE_00000852,SITE_A,WF_V2,ONCO_PANEL,ROUTINE,2024-11-21T14:32:57Z,2024-11-27T06:25:54Z,1
CASE_00000853,SITE_A,WF_V2,PHARMA,ROUTINE,2024-10-04T16:28:37Z,2024-10-08T08:57:27Z,1
CASE_00000854,SITE_A,WF_V2,ONCO_PANEL,ROUTINE,2025-01-30T04:49:20Z,2025-02-04T08:41:34Z,1
CASE_00000855,SITE_A,WF_V2,PHARMA,ROUTINE,2025-03-21T12:45:47Z,2025-03-25T06:10:16Z,1
CASE_00000856,SITE_A,WF_V2,PHARMA,ROUTINE,2025-01-11T21:29:56Z,2025-01-16T07:45:31Z,1
CASE_00000857,SITE_A,WF_V2,GERMLINE,ROUTINE,2025-04-03T17:17:25Z,2025-04-09T15:12:20Z,1
CASE_00000858,SITE_A,WF_V2,GERMLINE,ROUTINE,2024-12-16T04:44:58Z,2024-12-21T23:42:15Z,1
CASE_00000859,SITE_A,WF_V2,RARE_DISEASE,ROUTINE,2025-01-03T07:46:32Z,2025-01-09T06:19:01Z,1
CASE_00000860,SITE_A,WF_V2,GERMLINE,ROUTINE,2025-01-11T00:47:14Z,2025-01-18T02:11:12Z,1
CASE_00000861,SITE_A,WF_V2,GERMLINE,ROUTINE,2025-05-01T19:36:10Z,2025-05-08T16:50:08Z,1
CASE_00000862,SITE_A,WF_V2,ONCO_PANEL,ROUTINE,2025-01-19T16:34:33Z,2025-01-24T13:53:49Z,1
CASE_00000863,SITE_A,WF_V2,PHARMA,ROUTINE,2025-03-03T21:58:20Z,2025-03-08T11:25:56Z,1
CASE_00000864,SITE_A,WF_V2,GERMLINE,ROUTINE,2025-04-05T02:54:40Z,2025-04-10T16:33:25Z,1
CASE_00000865,SITE_A,WF_V2,RARE_DISEASE,ROUTINE,2025-03-25T20:56:03Z,2025-03-31T16:25:56Z,1
CASE_00000866,SITE_A,WF_V2,GERMLINE,ROUTINE,2025-04-29T22:49:57Z,2025-05-05T17:21:08Z,1
CASE_00000867,SITE_A,WF_V2,PHARMA,STAT,2024-12-15T04:19:41Z,2024-12-17T22:29:37Z,1
CASE_00000868,SITE_A,WF_V2,RARE_DISEASE,ROUTINE,2025-04-27T10:26:29Z,2025-05-03T22:30:40Z,1
CASE_00000869,SITE_A,WF_V2,RARE_DISEASE,ROUTINE,2024-10-05T11:02:19Z,2024-10-11T01:53:21Z,1
CASE_00000870,SITE_A,WF_V2,ONCO_PANEL,ROUTINE,2024-12-15T04:43:20Z,2024-12-19T14:14:23Z,1
CASE_00000871,SITE_A,WF_V2,ONCO_PANEL,ROUTINE,2024-10-04T06:51:35Z,2024-10-09T17:00:10Z,1
CASE_00000872,SITE_A,WF_V2,ONCO_PANEL,ROUTINE,2024-12-05T05:44:29Z,2024-12-10T02:02:49Z,1
CASE_00000873,SITE_A,WF_V2,RARE_DISEASE,ROUTINE,2025-02-22T03:21:55Z,2025-02-26T22:45:28Z,1
CASE_00000874,SITE_A,WF_V2,ONCO_PANEL,ROUTINE,2025-03-29T23:07:48Z,2025-04-03T22:29:39Z,1
CASE_00000875,SITE_A,WF_V2,ONCO_PANEL,ROUTINE,2024-11-15T15:56:50Z,2024-11-20T10:21:05Z,1
CASE_00000876,SITE_A,WF_V2,RARE_DISEASE,ROUTINE,2025-04-30T18:48:52Z,2025-05-06T14:10:59Z,1
CASE_00000877,SITE_A,WF_V2,ONCO_PANEL,ROUTINE,2025-02-20T04:55:56Z,2025-02-25T18:36:32Z,1
CASE_00000878,SITE_A,WF_V2,GERMLINE,ROUTINE,2024-11-11T00:19:40Z,2024-11-16T15:20:10Z,1
CASE_00000879,SITE_A,WF_V2,RARE_DISEASE,ROUTINE,2025-04-14T09:19:28Z,2025-04-20T04:52:23Z,1
CASE_00000880,SITE_A,WF_V2,GERMLINE,STAT,2024-11-06T04:57:40Z,2024-11-08T19:40:10Z,1
CASE_00000881,SITE_A,WF_V2,RARE_DISEASE,STAT,2025-02-09T15:29:31Z,2025-02-12T08:46:08Z,1
CASE_00000882,SITE_A,WF_V2,ONCO_PANEL,STAT,2024-10-30T22:37:10Z,2024-11-02T13:53:03Z,1
CASE_00000883,SITE_A,WF_V2,ONCO_PANEL,ROUTINE,2025-04-06T07:54:13Z,2025-04-11T06:14:17Z,1
CASE_00000884,SITE_A,WF_V2,ONCO_PANEL,ROUTINE,2025-01-09T01:03:41Z,2025-01-13T19:19:19Z,1
CASE_00000885,SITE_A,WF_V2,ONCO_PANEL,ROUTINE,2024-09-09T14:33:00Z,2024-09-14T05:30:24Z,1
CASE_00000886,SITE_A,WF_V2,GERMLINE,ROUTINE,2024-12-05T10:20:18Z,2024-12-12T08:45:46Z,1
CASE_00000887,SITE_A,WF_V2,ONCO_PANEL,ROUTINE,2025-03-25T03:19:57Z,2025-03-29T18:28:14Z,1
CASE_00000888,SITE_A,WF_V2,GERMLINE,ROUTINE,2025-01-31T04:52:19Z,2025-02-06T10:48:55Z,1
CASE_00000889,SITE_A,WF_V2,GERMLINE,ROUTINE,2025-02-13T05:49:00Z,2025-02-19T14:54:54Z,1
CASE_00000890,SITE_A,WF_V2,PHARMA,ROUTINE,2025-04-30T20:14:38Z,2025-05-05T04:31:08Z,1
CASE_00000891,SITE_A,WF_V2,RARE_DISEASE,ROUTINE,2025-03-13T18:03:12Z,2025-03-19T14:55:09Z,1
CASE_00000892,SITE_A,WF_V2,GERMLINE,ROUTINE,2025-01-06T00:07:36Z,2025-01-12T23:52:13Z,1
CASE_00000893,SITE_A,WF_V2,ONCO_PANEL,ROUTINE,2025-01-21T03:53:28Z,2025-01-25T20:07:23Z,1
CASE_00000894,SITE_A,WF_V2,RARE_DISEASE,ROUTINE,2025-01-11T18:36:57Z,2025-01-18T00:37:29Z,1
CASE_00000895,SITE_A,WF_V2,ONCO_PANEL,ROUTINE,2024-12-03T11:51:18Z,2024-12-08T14:42:25Z,1
CASE_00000896,SITE_A,WF_V2,GERMLINE,ROUTINE,2024-11-19T20:20:25Z,2024-11-25T09:34:52Z,1
CASE_00000897,SITE_A,WF_V2,GERMLINE,ROUTINE,2024-10-15T10:35:07Z,2024-10-20T03:33:05Z,1
CASE_00000898,SITE_A,WF_V2,ONCO_PANEL,STAT,2025-04-12T11:23:38Z,2025-04-14T12:18:52Z,1
CASE_00000899,SITE_A,WF_V2,RARE_DISEASE,ROUTINE,2024-11-27T13:21:44Z,2024-12-04T02:45:31Z,1
CASE_00000900,SITE_A,WF_V2,ONCO_PANEL,ROUTINE,2025-03-12T15:45:20Z,2025-03-17T17:25:48Z,1
CASE_00000901,SITE_A,WF_V2,GERMLINE,ROUTINE,2025-03-02T14:03:47Z,2025-03-09T22:47:58Z,1
CASE_00000902,SITE_A,WF_V2,ONCO_PANEL,STAT,2025-03-29T16:24:38Z,2025-03-31T22:06:16Z,1
CASE_00000903,SITE_A,WF_V2,RARE_DISEASE,ROUTINE,2024-12-29T01:34:09Z,2025-01-03T18:55:44Z,1
CASE_00000904,SITE_A,WF_V2,RARE_DISEASE,STAT,2024-10-28T02:09:52Z,2024-10-30T13:47:28Z,1
CASE_00000905,SITE_A,WF_V2,RARE_DISEASE,ROUTINE,2024-12-22T00:24:41Z,2024-12-28T02:59:57Z,1
CASE_00000906,SITE_A,WF_V2,RARE_DISEASE,ROUTINE,2025-01-13T06:16:53Z,2025-01-19T03:00:41Z,1
CASE_00000907,SITE_A,WF_V2,ONCO_PANEL,ROUTINE,2025-02-19T00:31:11Z,2025-02-23T23:49:04Z,1
CASE_00000908,SITE_A,WF_V2,ONCO_PANEL,ROUTINE,2025-04-10T23:05:05Z,2025-04-17T20:32:30Z,1
CASE_00000909,SITE_A,WF_V2,RARE_DISEASE,ROUTINE,2024-10-01T11:06:28Z,2024-10-08T07:10:06Z,1
CASE_00000910,SITE_A,WF_V2,GERMLINE,ROUTINE,2025-04-13T12:01:20Z,2025-04-20T17:18:45Z,1
CASE_00000911,SITE_A,WF_V2,RARE_DISEASE,ROUTINE,2024-10-12T21:07:52Z,2024-10-19T00:42:36Z,1
CASE_00000912,SITE_A,WF_V2,PHARMA,ROUTINE,2024-10-16T01:19:01Z,2024-10-21T02:33:35Z,1
CASE_00000913,SITE_A,WF_V2,GERMLINE,ROUTINE,2025-02-02T11:36:51Z,2025-02-08T06:43:18Z,1
CASE_00000914,SITE_A,WF_V2,ONCO_PANEL,ROUTINE,2025-01-10T20:50:38Z,2025-01-15T15:49:51Z,1
CASE_00000915,SITE_A,WF_V2,GERMLINE,ROUTINE,2025-01-14T01:08:43Z,2025-01-20T00:06:03Z,1
CASE_00000916,SITE_A,WF_V2,RARE_DISEASE,ROUTINE,2024-09-15T22:56:38Z,2024-09-21T11:42:44Z,1
CASE_00000917,SITE_A,WF_V2,RARE_DISEASE,ROUTINE,2024-12-19T19:59:57Z,2024-12-26T15:14:23Z,1
CASE_00000918,SITE_A,WF_V2,GERMLINE,ROUTINE,2024-09-30T19:04:04Z,2024-10-07T04:30:10Z,1
CASE_00000919,SITE_A,WF_V2,RARE_DISEASE,ROUTINE,2025-01-07T16:55:57Z,2025-01-13T12:36:59Z,1
CASE_00000920,SITE_A,WF_V2,RARE_DISEASE,STAT,2025-03-18T09:35:38Z,2025-03-21T00:57:31Z,1
CASE_00000921,SITE_A,WF_V2,ONCO_PANEL,ROUTINE,2024-10-03T23:09:54Z,2024-10-08T18:20:41Z,1
CASE_00000922,SITE_A,WF_V2,RARE_DISEASE,ROUTINE,2024-12-26T08:40:14Z,2025-01-01T06:49:12Z,1
CASE_00000923,SITE_A,WF_V2,RARE_DISEASE,ROUTINE,2024-10-29T14:32:40Z,2024-11-04T18:23:36Z,1
CASE_00000924,SITE_A,WF_V2,ONCO_PANEL,ROUTINE,2024-10-20T11:08:54Z,2024-10-24T15:31:32Z,1
CASE_00000925,SITE_A,WF_V2,ONCO_PANEL,ROUTINE,2025-01-12T12:42:25Z,2025-01-18T01:35:41Z,1
CASE_00000926,SITE_A,WF_V2,GERMLINE,ROUTINE,2025-02-22T16:08:18Z,2025-02-28T11:01:44Z,1
CASE_00000927,SITE_A,WF_V2,ONCO_PANEL,ROUTINE,2025-03-12T09:38:03Z,2025-03-18T05:43:40Z,1
CASE_00000928,SITE_A,WF_V2,ONCO_PANEL,ROUTINE,2024-12-09T02:45:38Z,2024-12-14T01:51:56Z,1
CASE_00000929,SITE_A,WF_V2,GERMLINE,ROUTINE,2025-02-14T16:39:51Z,2025-02-21T01:32:00Z,1
CASE_00000930,SITE_A,WF_V2,PHARMA,ROUTINE,2024-12-07T23:19:33Z,2024-12-12T20:50:25Z,1
CASE_00000931,SITE_A,WF_V2,PHARMA,ROUTINE,2025-02-09T21:54:43Z,2025-02-14T05:31:15Z,1
CASE_00000932,SITE_A,WF_V2,ONCO_PANEL,STAT,2025-04-29T00:30:01Z,2025-05-01T10:29:10Z,1
CASE_00000933,SITE_A,WF_V2,ONCO_PANEL,ROUTINE,2024-10-15T07:39:53Z,2024-10-19T12:01:34Z,1
CASE_00000934,SITE_A,WF_V2,RARE_DISEASE,ROUTINE,2024-11-21T12:01:21Z,2024-11-27T16:29:06Z,1
CASE_00000935,SITE_A,WF_V2,PHARMA,ROUTINE,2025-01-22T18:22:51Z,2025-01-26T13:12:40Z,1
CASE_00000936,SITE_A,WF_V2,ONCO_PANEL,ROUTINE,2025-02-02T22:14:04Z,2025-02-07T13:11:49Z,1
CASE_00000937,SITE_A,WF_V2,ONCO_PANEL,ROUTINE,2024-09-27T16:31:50Z,2024-10-02T10:52:50Z,1
CASE_00000938,SITE_A,WF_V2,GERMLINE,ROUTINE,2025-02-28T11:18:48Z,2025-03-06T07:25:01Z,1
CASE_00000939,SITE_A,WF_V2,RARE_DISEASE,ROUTINE,2024-09-26T12:12:20Z,2024-10-02T03:13:27Z,1
CASE_00000940,SITE_A,WF_V2,PHARMA,ROUTINE,2025-02-17T22:25:19Z,2025-02-22T22:06:40Z,1
CASE_00000941,SITE_A,WF_V2,RARE_DISEASE,ROUTINE,2025-02-12T19:53:03Z,2025-02-19T07:21:33Z,1
CASE_00000942,SITE_A,WF_V2,ONCO_PANEL,ROUTINE,2024-12-24T11:07:37Z,2024-12-29T21:59:02Z,1
CASE_00000943,SITE_A,WF_V2,ONCO_PANEL,ROUTINE,2025-01-05T16:54:34Z,2025-01-10T15:09:11Z,1
CASE_00000944,SITE_A,WF_V2,RARE_DISEASE,ROUTINE,2025-02-24T15:09:00Z,2025-03-02T11:46:42Z,1
CASE_00000945,SITE_A,WF_V2,ONCO_PANEL,ROUTINE,2024-10-13T14:00:16Z,2024-10-18T12:17:36Z,1
CASE_00000946,SITE_A,WF_V2,RARE_DISEASE,STAT,2024-12-31T16:16:58Z,2025-01-03T06:53:11Z,1
CASE_00000947,SITE_A,WF_V2,ONCO_PANEL,ROUTINE,2024-10-29T14:30:14Z,2024-11-03T15:47:54Z,1
CASE_00000948,SITE_A,WF_V2,ONCO_PANEL,ROUTINE,2024-11-29T18:50:56Z,2024-12-06T02:08:55Z,1
CASE_00000949,SITE_A,WF_V2,ONCO_PANEL,ROUTINE,2025-01-24T06:26:32Z,2025-01-29T08:03:44Z,1
CASE_00000950,SITE_A,WF_V2,GERMLINE,ROUTINE,2024-12-14T18:34:11Z,2024-12-20T23:43:00Z,1
CASE_00000951,SITE_A,WF_V2,RARE_DISEASE,ROUTINE,2025-03-04T19:49:33Z,2025-03-10T08:12:27Z,1
CASE_00000952,SITE_A,WF_V2,PHARMA,ROUTINE,2025-01-31T08:28:54Z,2025-02-03T18:55:18Z,1
CASE_00000953,SITE_A,WF_V2,ONCO_PANEL,STAT,2025-02-22T16:39:50Z,2025-02-24T19:58:22Z,1
CASE_00000954,SITE_A,WF_V2,ONCO_PANEL,ROUTINE,2025-03-26T19:15:31Z,2025-03-31T23:14:54Z,1
CASE_00000955,SITE_A,WF_V2,GERMLINE,ROUTINE,2024-10-23T22:13:44Z,2024-10-29T20:09:01Z,1
CASE_00000956,SITE_A,WF_V2,ONCO_PANEL,ROUTINE,2025-04-20T14:46:20Z,,0
CASE_00000957,SITE_A,WF_V2,ONCO_PANEL,ROUTINE,2025-03-10T16:18:05Z,,0
CASE_00000958,SITE_A,WF_V2,RARE_DISEASE,ROUTINE,2025-03-13T23:25:34Z,,0
CASE_00000959,SITE_A,WF_V2,ONCO_PANEL,ROUTINE,2025-01-22T21:07:27Z,,0
CASE_00000960,SITE_A,WF_V2,GERMLINE,ROUTINE,2025-02-01T17:23:53Z,,0
CASE_00000961,SITE_A,WF_V2,ONCO_PANEL,STAT,2024-09-12T02:09:14Z,,0
CASE_00000962,SITE_A,WF_V2,ONCO_PANEL,ROUTINE,2024-11-07T20:47:34Z,,0
CASE_00000963,SITE_A,WF_V2,ONCO_PANEL,ROUTINE,2025-02-23T22:47:21Z,,0
CASE_00000964,SITE_A,WF_V2,PHARMA,ROUTINE,2025-03-18T13:32:52Z,,0
CASE_00000965,SITE_A,WF_V2,ONCO_PANEL,STAT,2025-02-03T06:15:31Z,,0
CASE_00000966,SITE_A,WF_V2,RARE_DISEASE,ROUTINE,2025-02-28T01:52:22Z,,0
CASE_00000967,SITE_A,WF_V2,GERMLINE,STAT,2024-10-28T01:32:28Z,,0
CASE_00000968,SITE_A,WF_V2,ONCO_PANEL,ROUTINE,2024-10-15T17:43:16Z,,0
CASE_00000969,SITE_A,WF_V2,ONCO_PANEL,ROUTINE,2025-04-15T04:31:47Z,,0
CASE_00000970,SITE_A,WF_V2,GERMLINE,ROUTINE,2024-12-16T05:18:22Z,,0
CASE_00000971,SITE_A,WF_V2,ONCO_PANEL,ROUTINE,2024-10-15T22:17:25Z,,0
CASE_00000972,SITE_A,WF_V2,RARE_DISEASE,ROUTINE,2025-04-18T01:21:49Z,,0
CASE_00000973,SITE_A,WF_V2,ONCO_PANEL,ROUTINE,2025-02-12T20:19:59Z,,0
CASE_00000974,SITE_A,WF_V2,GERMLINE,ROUTINE,2025-01-15T04:40:40Z,,0
CASE_00000975,SITE_A,WF_V2,RARE_DISEASE,STAT,2025-04-04T07:40:16Z,,0
CASE_00000976,SITE_A,WF_V2,GERMLINE,STAT,2024-12-26T15:27:48Z,,0
CASE_00000977,SITE_A,WF_V2,ONCO_PANEL,ROUTINE,2025-02-26T09:19:32Z,,0
CASE_00000978,SITE_A,WF_V2,ONCO_PANEL,ROUTINE,2024-09-29T20:22:49Z,,0
CASE_00000979,SITE_A,WF_V2,GERMLINE,ROUTINE,2024-12-07T22:19:52Z,,0
CASE_00000980,SITE_A,WF_V2,GERMLINE,STAT,2024-11-26T22:15:41Z,,0
CASE_00000981,SITE_A,WF_V2,ONCO_PANEL,ROUTINE,2025-01-21T01:48:58Z,,0
CASE_00000982,SITE_A,WF_V2,GERMLINE,ROUTINE,2024-10-24T00:50:28Z,,0
CASE_00000983,SITE_A,WF_V2,ONCO_PANEL,ROUTINE,2025-02-21T03:07:38Z,,0
CASE_00000984,SITE_A,WF_V2,PHARMA,ROUTINE,2025-03-25T08:33:57Z,,0
CASE_00000985,SITE_A,WF_V2,ONCO_PANEL,ROUTINE,2025-02-20T00:23:12Z,,0
CASE_00000986,SITE_A,WF_V2,GERMLINE,ROUTINE,2025-03-10T04:58:06Z,,0
CASE_00000987,SITE_A,WF_V2,ONCO_PANEL,ROUTINE,2024-09-04T18:38:01Z,,0
CASE_00000988,SITE_A,WF_V2,PHARMA,ROUTINE,2025-01-17T00:39:43Z,,0
CASE_00000989,SITE_A,WF_V2,PHARMA,STAT,2025-02-06T13:16:11Z,,0
CASE_00000990,SITE_A,WF_V2,RARE_DISEASE,ROUTINE,2025-01-16T18:09:21Z,,0
CASE_00000991,SITE_A,WF_V2,ONCO_PANEL,ROUTINE,2024-11-12T20:16:38Z,,0
CASE_00000992,SITE_A,WF_V2,ONCO_PANEL,STAT,2024-11-20T13:29:53Z,,0
CASE_00000993,SITE_A,WF_V2,ONCO_PANEL,STAT,2024-09-24T19:28:50Z,,0
CASE_00000994,SITE_A,WF_V2,GERMLINE,ROUTINE,2025-01-14T21:23:14Z,,0
CASE_00000995,SITE_A,WF_V2,RARE_DISEASE,ROUTINE,2024-09-29T16:48:51Z,,0
CASE_00000996,SITE_A,WF_V2,GERMLINE,ROUTINE,2025-02-19T00:09:38Z,,0
CASE_00000997,SITE_A,WF_V2,GERMLINE,STAT,2025-03-05T10:32:59Z,,0
CASE_00000998,SITE_A,WF_V3,ONCO_PANEL,ROUTINE,2026-02-19T06:22:20Z,2026-02-23T12:47:55Z,1
CASE_00000999,SITE_A,WF_V3,RARE_DISEASE,ROUTINE,2025-08-27T23:28:13Z,2025-09-02T05:23:31Z,1
CASE_00001000,SITE_A,WF_V3,RARE_DISEASE,ROUTINE,2026-01-21T05:21:51Z,2026-01-26T14:07:11Z,1
CASE_00001001,SITE_A,WF_V3,GERMLINE,STAT,2025-12-08T21:39:57Z,2025-12-11T04:21:55Z,1
CASE_00001002,SITE_A,WF_V3,ONCO_PANEL,ROUTINE,2025-12-01T21:23:35Z,2025-12-06T07:24:00Z,1
CASE_00001003,SITE_A,WF_V3,ONCO_PANEL,ROUTINE,2026-03-28T22:03:15Z,2026-04-02T09:45:59Z,1
CASE_00001004,SITE_A,WF_V3,GERMLINE,STAT,2025-06-28T22:13:10Z,2025-07-01T19:17:35Z,1
CASE_00001005,SITE_A,WF_V3,GERMLINE,ROUTINE,2026-04-18T06:25:07Z,2026-04-23T14:16:47Z,1
CASE_00001006,SITE_A,WF_V3,ONCO_PANEL,ROUTINE,2025-06-29T19:26:31Z,2025-07-04T02:09:20Z,1
CASE_00001007,SITE_A,WF_V3,RARE_DISEASE,STAT,2026-01-31T21:34:19Z,2026-02-03T01:44:19Z,1
CASE_00001008,SITE_A,WF_V3,ONCO_PANEL,ROUTINE,2025-08-21T12:23:39Z,2025-08-25T13:23:43Z,1
CASE_00001009,SITE_A,WF_V3,GERMLINE,ROUTINE,2026-02-25T11:20:33Z,2026-03-03T21:51:02Z,1
CASE_00001010,SITE_A,WF_V3,GERMLINE,ROUTINE,2025-09-09T09:16:01Z,2025-09-13T18:50:42Z,1
CASE_00001011,SITE_A,WF_V3,ONCO_PANEL,ROUTINE,2025-06-27T20:10:50Z,2025-07-01T09:40:01Z,1
CASE_00001012,SITE_A,WF_V3,GERMLINE,ROUTINE,2025-11-07T07:08:23Z,2025-11-11T13:24:14Z,1
CASE_00001013,SITE_A,WF_V3,GERMLINE,ROUTINE,2026-05-10T22:48:58Z,2026-05-15T20:33:43Z,1
CASE_00001014,SITE_A,WF_V3,RARE_DISEASE,STAT,2025-07-22T15:13:47Z,2025-07-24T21:32:13Z,1
CASE_00001015,SITE_A,WF_V3,RARE_DISEASE,ROUTINE,2025-07-23T18:35:06Z,2025-07-28T06:47:12Z,1
CASE_00001016,SITE_A,WF_V3,GERMLINE,ROUTINE,2026-02-23T15:18:49Z,2026-02-27T21:05:24Z,1
CASE_00001017,SITE_A,WF_V3,GERMLINE,ROUTINE,2025-07-02T10:42:12Z,2025-07-09T10:18:52Z,1
CASE_00001018,SITE_A,WF_V3,RARE_DISEASE,ROUTINE,2025-06-15T05:18:42Z,2025-06-20T20:02:36Z,1
CASE_00001019,SITE_A,WF_V3,GERMLINE,ROUTINE,2025-06-21T02:57:30Z,2025-06-26T08:14:38Z,1
CASE_00001020,SITE_A,WF_V3,RARE_DISEASE,ROUTINE,2025-11-21T04:30:28Z,2025-11-26T15:11:43Z,1
CASE_00001021,SITE_A,WF_V3,ONCO_PANEL,ROUTINE,2025-08-10T22:11:07Z,2025-08-14T16:59:14Z,1
CASE_00001022,SITE_A,WF_V3,GERMLINE,ROUTINE,2026-05-30T17:40:09Z,2026-06-05T12:04:11Z,1
CASE_00001023,SITE_A,WF_V3,GERMLINE,ROUTINE,2025-09-11T08:28:11Z,2025-09-17T14:41:00Z,1
CASE_00001024,SITE_A,WF_V3,RARE_DISEASE,ROUTINE,2026-05-30T11:59:58Z,2026-06-03T14:59:06Z,1
CASE_00001025,SITE_A,WF_V3,PHARMA,STAT,2025-12-31T14:29:55Z,2026-01-03T11:29:26Z,1
CASE_00001026,SITE_A,WF_V3,ONCO_PANEL,ROUTINE,2025-07-29T10:53:28Z,2025-08-02T17:25:49Z,1
CASE_00001027,SITE_A,WF_V3,GERMLINE,STAT,2025-10-07T09:08:16Z,2025-10-10T03:04:50Z,1
CASE_00001028,SITE_A,WF_V3,PHARMA,ROUTINE,2026-02-01T13:23:58Z,2026-02-05T04:43:42Z,1
CASE_00001029,SITE_A,WF_V3,ONCO_PANEL,ROUTINE,2026-03-26T04:49:36Z,2026-03-30T01:36:48Z,1
CASE_00001030,SITE_A,WF_V3,PHARMA,ROUTINE,2025-11-30T09:24:21Z,2025-12-04T16:55:38Z,1
CASE_00001031,SITE_A,WF_V3,GERMLINE,ROUTINE,2025-12-11T03:22:25Z,2025-12-15T15:59:02Z,1
CASE_00001032,SITE_A,WF_V3,ONCO_PANEL,ROUTINE,2026-03-11T20:13:21Z,2026-03-15T21:02:52Z,1
CASE_00001033,SITE_A,WF_V3,RARE_DISEASE,STAT,2025-09-05T21:01:04Z,2025-09-07T19:15:26Z,1
CASE_00001034,SITE_A,WF_V3,PHARMA,ROUTINE,2025-09-20T16:16:26Z,2025-09-24T14:49:10Z,1
CASE_00001035,SITE_A,WF_V3,RARE_DISEASE,ROUTINE,2025-10-04T15:40:03Z,2025-10-10T21:52:26Z,1
CASE_00001036,SITE_A,WF_V3,ONCO_PANEL,ROUTINE,2026-02-05T02:46:10Z,2026-02-08T14:09:58Z,1
CASE_00001037,SITE_A,WF_V3,PHARMA,ROUTINE,2025-12-09T11:03:53Z,2025-12-12T20:26:09Z,1
CASE_00001038,SITE_A,WF_V3,RARE_DISEASE,ROUTINE,2026-03-05T20:44:53Z,2026-03-11T23:10:39Z,1
CASE_00001039,SITE_A,WF_V3,RARE_DISEASE,ROUTINE,2026-04-17T20:54:22Z,2026-04-22T17:12:35Z,1
CASE_00001040,SITE_A,WF_V3,RARE_DISEASE,ROUTINE,2025-06-16T20:32:42Z,2025-06-22T06:05:01Z,1
CASE_00001041,SITE_A,WF_V3,RARE_DISEASE,STAT,2025-06-05T21:04:46Z,2025-06-08T20:13:51Z,1
CASE_00001042,SITE_A,WF_V3,RARE_DISEASE,ROUTINE,2025-11-13T18:23:14Z,2025-11-18T16:16:57Z,1
CASE_00001043,SITE_A,WF_V3,GERMLINE,ROUTINE,2025-07-03T20:58:09Z,2025-07-09T00:55:33Z,1
CASE_00001044,SITE_A,WF_V3,RARE_DISEASE,ROUTINE,2025-12-19T21:12:53Z,2025-12-24T15:59:43Z,1
CASE_00001045,SITE_A,WF_V3,GERMLINE,ROUTINE,2026-05-14T06:30:15Z,2026-05-19T20:25:55Z,1
CASE_00001046,SITE_A,WF_V3,RARE_DISEASE,STAT,2026-04-27T06:57:32Z,2026-04-29T19:41:39Z,1
CASE_00001047,SITE_A,WF_V3,RARE_DISEASE,ROUTINE,2026-01-01T01:55:29Z,2026-01-06T01:18:53Z,1
CASE_00001048,SITE_A,WF_V3,GERMLINE,ROUTINE,2025-10-02T19:43:40Z,2025-10-07T04:03:35Z,1
CASE_00001049,SITE_A,WF_V3,RARE_DISEASE,ROUTINE,2025-11-14T11:32:38Z,2025-11-19T04:58:28Z,1
CASE_00001050,SITE_A,WF_V3,GERMLINE,ROUTINE,2025-06-16T15:13:20Z,2025-06-21T12:04:30Z,1
CASE_00001051,SITE_A,WF_V3,RARE_DISEASE,ROUTINE,2025-08-07T06:58:30Z,2025-08-11T14:13:24Z,1
CASE_00001052,SITE_A,WF_V3,RARE_DISEASE,ROUTINE,2025-06-28T11:18:45Z,2025-07-03T21:31:09Z,1
CASE_00001053,SITE_A,WF_V3,ONCO_PANEL,ROUTINE,2026-01-09T06:47:45Z,2026-01-13T12:08:52Z,1
CASE_00001054,SITE_A,WF_V3,ONCO_PANEL,ROUTINE,2025-07-03T06:07:29Z,2025-07-07T18:14:41Z,1
CASE_00001055,SITE_A,WF_V3,PHARMA,ROUTINE,2026-03-19T13:27:21Z,2026-03-23T05:23:42Z,1
CASE_00001056,SITE_A,WF_V3,RARE_DISEASE,ROUTINE,2026-01-03T05:01:54Z,2026-01-08T09:15:37Z,1
CASE_00001057,SITE_A,WF_V3,ONCO_PANEL,ROUTINE,2026-04-29T08:36:51Z,2026-05-03T10:03:38Z,1
CASE_00001058,SITE_A,WF_V3,RARE_DISEASE,ROUTINE,2025-06-17T01:56:26Z,2025-06-21T21:15:48Z,1
CASE_00001059,SITE_A,WF_V3,ONCO_PANEL,STAT,2025-08-26T19:14:00Z,2025-08-28T09:42:02Z,1
CASE_00001060,SITE_A,WF_V3,RARE_DISEASE,STAT,2025-10-02T01:18:00Z,2025-10-04T02:35:41Z,1
CASE_00001061,SITE_A,WF_V3,ONCO_PANEL,ROUTINE,2025-06-24T13:41:57Z,2025-06-28T18:13:40Z,1
CASE_00001062,SITE_A,WF_V3,ONCO_PANEL,STAT,2025-06-04T07:57:16Z,2025-06-06T03:38:16Z,1
CASE_00001063,SITE_A,WF_V3,GERMLINE,ROUTINE,2025-11-04T18:11:41Z,2025-11-09T06:13:32Z,1
CASE_00001064,SITE_A,WF_V3,PHARMA,STAT,2026-01-01T05:51:41Z,2026-01-02T14:38:26Z,1
CASE_00001065,SITE_A,WF_V3,ONCO_PANEL,STAT,2026-03-29T21:25:34Z,2026-03-31T12:06:03Z,1
CASE_00001066,SITE_A,WF_V3,ONCO_PANEL,ROUTINE,2026-02-21T03:12:41Z,2026-02-25T20:17:26Z,1
CASE_00001067,SITE_A,WF_V3,RARE_DISEASE,ROUTINE,2025-12-18T14:14:21Z,2025-12-23T08:42:07Z,1
CASE_00001068,SITE_A,WF_V3,ONCO_PANEL,STAT,2025-07-05T08:15:11Z,2025-07-07T01:28:42Z,1
CASE_00001069,SITE_A,WF_V3,GERMLINE,ROUTINE,2025-06-27T08:10:57Z,2025-07-03T11:40:20Z,1
CASE_00001070,SITE_A,WF_V3,PHARMA,ROUTINE,2025-10-31T12:39:48Z,2025-11-04T00:38:23Z,1
CASE_00001071,SITE_A,WF_V3,GERMLINE,ROUTINE,2025-12-22T11:04:46Z,2025-12-28T02:05:56Z,1
CASE_00001072,SITE_A,WF_V3,RARE_DISEASE,ROUTINE,2026-02-21T20:19:44Z,2026-02-26T20:10:04Z,1
CASE_00001073,SITE_A,WF_V3,GERMLINE,ROUTINE,2026-01-27T02:54:32Z,2026-01-31T22:33:44Z,1
CASE_00001074,SITE_A,WF_V3,PHARMA,ROUTINE,2025-06-30T21:58:21Z,2025-07-04T11:43:02Z,1
CASE_00001075,SITE_A,WF_V3,RARE_DISEASE,ROUTINE,2025-12-19T14:27:37Z,2025-12-23T14:25:52Z,1
CASE_00001076,SITE_A,WF_V3,ONCO_PANEL,ROUTINE,2026-04-11T01:30:30Z,2026-04-15T12:47:43Z,1
CASE_00001077,SITE_A,WF_V3,RARE_DISEASE,ROUTINE,2025-09-13T09:00:52Z,2025-09-18T05:24:42Z,1
CASE_00001078,SITE_A,WF_V3,RARE_DISEASE,ROUTINE,2025-08-02T19:00:35Z,2025-08-07T10:00:30Z,1
CASE_00001079,SITE_A,WF_V3,ONCO_PANEL,ROUTINE,2026-03-13T01:19:33Z,2026-03-17T07:58:43Z,1
CASE_00001080,SITE_A,WF_V3,ONCO_PANEL,STAT,2025-06-18T05:31:50Z,2025-06-20T00:22:59Z,1
CASE_00001081,SITE_A,WF_V3,ONCO_PANEL,ROUTINE,2026-05-18T03:12:20Z,2026-05-21T17:08:10Z,1
CASE_00001082,SITE_A,WF_V3,GERMLINE,ROUTINE,2025-11-10T16:37:24Z,2025-11-16T17:14:55Z,1
CASE_00001083,SITE_A,WF_V3,RARE_DISEASE,ROUTINE,2025-11-18T13:35:14Z,2025-11-22T19:31:17Z,1
CASE_00001084,SITE_A,WF_V3,PHARMA,ROUTINE,2026-01-12T15:36:51Z,2026-01-15T19:47:17Z,1
CASE_00001085,SITE_A,WF_V3,ONCO_PANEL,ROUTINE,2025-12-31T16:26:34Z,2026-01-05T22:20:22Z,1
CASE_00001086,SITE_A,WF_V3,ONCO_PANEL,ROUTINE,2025-06-15T00:45:35Z,2025-06-18T17:39:31Z,1
CASE_00001087,SITE_A,WF_V3,ONCO_PANEL,ROUTINE,2025-09-22T04:16:00Z,2025-09-26T15:42:39Z,1
CASE_00001088,SITE_A,WF_V3,ONCO_PANEL,STAT,2026-03-30T13:20:17Z,2026-04-01T02:57:56Z,1
CASE_00001089,SITE_A,WF_V3,ONCO_PANEL,ROUTINE,2025-10-01T15:29:08Z,2025-10-05T11:51:29Z,1
CASE_00001090,SITE_A,WF_V3,ONCO_PANEL,STAT,2025-09-24T13:55:47Z,2025-09-26T09:51:18Z,1
CASE_00001091,SITE_A,WF_V3,RARE_DISEASE,ROUTINE,2025-09-14T05:53:20Z,2025-09-18T09:54:11Z,1
CASE_00001092,SITE_A,WF_V3,ONCO_PANEL,ROUTINE,2025-12-13T08:28:02Z,2025-12-18T07:39:06Z,1
CASE_00001093,SITE_A,WF_V3,PHARMA,ROUTINE,2025-12-11T14:43:38Z,2025-12-15T10:30:28Z,1
CASE_00001094,SITE_A,WF_V3,ONCO_PANEL,ROUTINE,2025-06-10T09:58:40Z,2025-06-14T14:41:10Z,1
CASE_00001095,SITE_A,WF_V3,ONCO_PANEL,ROUTINE,2026-03-08T03:54:05Z,2026-03-12T14:59:52Z,1
CASE_00001096,SITE_A,WF_V3,GERMLINE,ROUTINE,2025-07-26T15:33:43Z,2025-08-01T16:05:55Z,1
CASE_00001097,SITE_A,WF_V3,RARE_DISEASE,ROUTINE,2026-01-11T06:51:00Z,2026-01-16T04:35:04Z,1
CASE_00001098,SITE_A,WF_V3,RARE_DISEASE,ROUTINE,2025-09-26T07:49:20Z,2025-09-30T17:37:18Z,1
CASE_00001099,SITE_A,WF_V3,RARE_DISEASE,ROUTINE,2026-02-01T08:57:14Z,2026-02-06T19:05:08Z,1
CASE_00001100,SITE_A,WF_V3,RARE_DISEASE,STAT,2026-04-06T22:46:37Z,2026-04-09T04:00:24Z,1
CASE_00001101,SITE_A,WF_V3,RARE_DISEASE,ROUTINE,2025-12-20T15:09:01Z,2025-12-26T01:40:55Z,1
CASE_00001102,SITE_A,WF_V3,PHARMA,ROUTINE,2025-07-14T20:05:43Z,2025-07-18T00:00:43Z,1
CASE_00001103,SITE_A,WF_V3,RARE_DISEASE,ROUTINE,2025-09-18T12:05:26Z,2025-09-23T08:24:13Z,1
CASE_00001104,SITE_A,WF_V3,RARE_DISEASE,ROUTINE,2025-09-27T01:00:15Z,2025-10-01T21:53:26Z,1
CASE_00001105,SITE_A,WF_V3,ONCO_PANEL,ROUTINE,2026-02-25T09:23:55Z,2026-03-02T03:03:55Z,1
CASE_00001106,SITE_A,WF_V3,RARE_DISEASE,STAT,2025-06-13T03:13:28Z,2025-06-15T05:20:01Z,1
CASE_00001107,SITE_A,WF_V3,ONCO_PANEL,STAT,2025-09-07T01:57:54Z,2025-09-08T20:10:26Z,1
CASE_00001108,SITE_A,WF_V3,ONCO_PANEL,ROUTINE,2026-01-30T01:08:40Z,2026-02-02T20:09:02Z,1
CASE_00001109,SITE_A,WF_V3,GERMLINE,ROUTINE,2025-10-05T20:48:25Z,2025-10-10T10:34:36Z,1
CASE_00001110,SITE_A,WF_V3,GERMLINE,ROUTINE,2025-09-07T01:56:41Z,2025-09-11T23:19:17Z,1
CASE_00001111,SITE_A,WF_V3,RARE_DISEASE,STAT,2025-08-15T19:25:10Z,2025-08-17T23:43:12Z,1
CASE_00001112,SITE_A,WF_V3,PHARMA,ROUTINE,2026-05-01T00:15:00Z,2026-05-04T17:29:43Z,1
CASE_00001113,SITE_A,WF_V3,PHARMA,ROUTINE,2026-01-17T11:43:53Z,2026-01-21T00:44:27Z,1
CASE_00001114,SITE_A,WF_V3,GERMLINE,ROUTINE,2025-11-26T20:38:13Z,2025-12-02T05:22:49Z,1
CASE_00001115,SITE_A,WF_V3,ONCO_PANEL,STAT,2025-09-26T02:56:46Z,2025-09-27T19:52:04Z,1
CASE_00001116,SITE_A,WF_V3,ONCO_PANEL,ROUTINE,2025-10-17T20:40:00Z,2025-10-21T19:58:42Z,1
CASE_00001117,SITE_A,WF_V3,RARE_DISEASE,ROUTINE,2025-06-11T15:17:40Z,2025-06-16T00:44:55Z,1
CASE_00001118,SITE_A,WF_V3,GERMLINE,ROUTINE,2025-11-17T04:31:28Z,2025-11-22T16:19:16Z,1
CASE_00001119,SITE_A,WF_V3,ONCO_PANEL,ROUTINE,2025-11-30T11:56:21Z,2025-12-04T12:51:48Z,1
CASE_00001120,SITE_A,WF_V3,RARE_DISEASE,ROUTINE,2025-07-18T06:39:25Z,2025-07-23T10:47:44Z,1
CASE_00001121,SITE_A,WF_V3,ONCO_PANEL,ROUTINE,2025-06-22T21:49:24Z,2025-06-26T12:27:11Z,1
CASE_00001122,SITE_A,WF_V3,PHARMA,ROUTINE,2025-07-08T23:59:37Z,2025-07-12T00:51:57Z,1
CASE_00001123,SITE_A,WF_V3,ONCO_PANEL,ROUTINE,2025-12-20T06:56:37Z,2025-12-24T15:40:28Z,1
CASE_00001124,SITE_A,WF_V3,RARE_DISEASE,ROUTINE,2026-01-31T21:03:51Z,2026-02-05T17:31:49Z,1
CASE_00001125,SITE_A,WF_V3,ONCO_PANEL,ROUTINE,2026-01-02T08:22:46Z,2026-01-06T07:41:32Z,1
CASE_00001126,SITE_A,WF_V3,RARE_DISEASE,ROUTINE,2025-07-05T02:30:06Z,2025-07-09T11:12:08Z,1
CASE_00001127,SITE_A,WF_V3,GERMLINE,ROUTINE,2025-07-14T23:59:42Z,2025-07-20T12:51:45Z,1
CASE_00001128,SITE_A,WF_V3,RARE_DISEASE,ROUTINE,2025-12-26T05:06:30Z,2025-12-31T05:13:08Z,1
CASE_00001129,SITE_A,WF_V3,ONCO_PANEL,ROUTINE,2025-11-02T08:33:36Z,2025-11-06T03:46:00Z,1
CASE_00001130,SITE_A,WF_V3,RARE_DISEASE,ROUTINE,2026-02-23T17:53:58Z,2026-02-28T09:47:35Z,1
CASE_00001131,SITE_A,WF_V3,RARE_DISEASE,ROUTINE,2026-05-01T00:47:20Z,2026-05-06T09:56:14Z,1
CASE_00001132,SITE_A,WF_V3,RARE_DISEASE,ROUTINE,2026-02-10T21:12:45Z,2026-02-15T10:09:11Z,1
CASE_00001133,SITE_A,WF_V3,ONCO_PANEL,ROUTINE,2025-10-21T20:50:51Z,2025-10-26T01:47:01Z,1
CASE_00001134,SITE_A,WF_V3,ONCO_PANEL,ROUTINE,2025-11-09T05:38:52Z,2025-11-13T10:30:20Z,1
CASE_00001135,SITE_A,WF_V3,GERMLINE,ROUTINE,2025-12-10T01:31:33Z,2025-12-14T10:08:51Z,1
CASE_00001136,SITE_A,WF_V3,ONCO_PANEL,ROUTINE,2025-10-20T09:21:29Z,2025-10-24T05:20:07Z,1
CASE_00001137,SITE_A,WF_V3,PHARMA,ROUTINE,2026-04-21T05:31:37Z,2026-04-24T16:50:01Z,1
CASE_00001138,SITE_A,WF_V3,RARE_DISEASE,ROUTINE,2025-11-27T05:07:48Z,2025-12-02T05:58:17Z,1
CASE_00001139,SITE_A,WF_V3,PHARMA,STAT,2025-06-07T07:47:21Z,2025-06-09T02:40:16Z,1
CASE_00001140,SITE_A,WF_V3,GERMLINE,ROUTINE,2025-07-21T20:51:10Z,2025-07-27T12:22:42Z,1
CASE_00001141,SITE_A,WF_V3,RARE_DISEASE,ROUTINE,2026-03-05T20:15:58Z,2026-03-10T09:08:25Z,1
CASE_00001142,SITE_A,WF_V3,ONCO_PANEL,ROUTINE,2026-04-26T01:14:22Z,2026-04-29T16:20:35Z,1
CASE_00001143,SITE_A,WF_V3,RARE_DISEASE,ROUTINE,2025-11-20T23:31:57Z,2025-11-25T23:19:10Z,1
CASE_00001144,SITE_A,WF_V3,RARE_DISEASE,ROUTINE,2026-01-11T03:20:23Z,2026-01-15T19:42:48Z,1
CASE_00001145,SITE_A,WF_V3,RARE_DISEASE,ROUTINE,2025-12-14T19:02:01Z,2025-12-19T09:06:01Z,1
CASE_00001146,SITE_A,WF_V3,PHARMA,ROUTINE,2025-11-14T05:14:03Z,2025-11-18T04:03:30Z,1
CASE_00001147,SITE_A,WF_V3,PHARMA,ROUTINE,2025-08-14T08:18:24Z,2025-08-17T16:26:29Z,1
CASE_00001148,SITE_A,WF_V3,GERMLINE,ROUTINE,2026-01-09T08:28:57Z,2026-01-15T04:09:16Z,1
CASE_00001149,SITE_A,WF_V3,ONCO_PANEL,ROUTINE,2025-12-16T04:48:36Z,2025-12-20T11:50:35Z,1
CASE_00001150,SITE_A,WF_V3,RARE_DISEASE,ROUTINE,2025-08-10T06:29:09Z,2025-08-16T04:07:48Z,1
CASE_00001151,SITE_A,WF_V3,ONCO_PANEL,ROUTINE,2026-05-09T14:10:30Z,2026-05-13T22:18:40Z,1
CASE_00001152,SITE_A,WF_V3,RARE_DISEASE,ROUTINE,2025-07-03T20:07:20Z,2025-07-08T15:22:34Z,1
CASE_00001153,SITE_A,WF_V3,RARE_DISEASE,ROUTINE,2025-12-09T23:04:11Z,2025-12-14T15:05:40Z,1
CASE_00001154,SITE_A,WF_V3,ONCO_PANEL,ROUTINE,2025-09-07T13:58:22Z,2025-09-11T14:58:16Z,1
CASE_00001155,SITE_A,WF_V3,GERMLINE,ROUTINE,2025-12-30T04:49:30Z,2026-01-04T03:03:34Z,1
CASE_00001156,SITE_A,WF_V3,ONCO_PANEL,ROUTINE,2025-09-09T05:35:34Z,2025-09-13T10:39:14Z,1
CASE_00001157,SITE_A,WF_V3,RARE_DISEASE,ROUTINE,2025-06-10T03:13:00Z,2025-06-14T21:51:55Z,1
CASE_00001158,SITE_A,WF_V3,RARE_DISEASE,ROUTINE,2025-06-23T23:14:31Z,2025-06-29T02:57:42Z,1
CASE_00001159,SITE_A,WF_V3,ONCO_PANEL,ROUTINE,2026-02-03T01:32:41Z,2026-02-06T09:33:40Z,1
CASE_00001160,SITE_A,WF_V3,ONCO_PANEL,ROUTINE,2025-06-03T21:50:44Z,2025-06-08T14:00:57Z,1
CASE_00001161,SITE_A,WF_V3,GERMLINE,ROUTINE,2025-06-17T22:31:00Z,2025-06-23T12:52:35Z,1
CASE_00001162,SITE_A,WF_V3,RARE_DISEASE,ROUTINE,2026-01-17T11:52:28Z,2026-01-22T01:57:04Z,1
CASE_00001163,SITE_A,WF_V3,GERMLINE,ROUTINE,2025-06-16T08:05:17Z,2025-06-22T15:22:26Z,1
CASE_00001164,SITE_A,WF_V3,PHARMA,ROUTINE,2025-07-27T17:09:34Z,2025-07-31T23:01:08Z,1
CASE_00001165,SITE_A,WF_V3,GERMLINE,ROUTINE,2026-05-15T17:03:41Z,2026-05-20T16:48:25Z,1
CASE_00001166,SITE_A,WF_V3,PHARMA,ROUTINE,2026-05-01T16:17:37Z,2026-05-04T17:44:36Z,1
CASE_00001167,SITE_A,WF_V3,GERMLINE,ROUTINE,2025-12-31T09:33:01Z,2026-01-05T19:25:37Z,1
CASE_00001168,SITE_A,WF_V3,ONCO_PANEL,ROUTINE,2025-10-14T12:49:12Z,2025-10-18T16:11:43Z,1
CASE_00001169,SITE_A,WF_V3,GERMLINE,ROUTINE,2025-11-05T06:29:39Z,2025-11-11T02:00:27Z,1
CASE_00001170,SITE_A,WF_V3,PHARMA,ROUTINE,2025-09-20T07:13:16Z,2025-09-23T16:35:14Z,1
CASE_00001171,SITE_A,WF_V3,PHARMA,ROUTINE,2025-08-25T05:48:39Z,2025-08-28T14:45:20Z,1
CASE_00001172,SITE_A,WF_V3,RARE_DISEASE,STAT,2026-05-08T17:01:37Z,2026-05-10T17:45:59Z,1
CASE_00001173,SITE_A,WF_V3,GERMLINE,STAT,2026-05-11T10:47:44Z,2026-05-14T01:55:44Z,1
CASE_00001174,SITE_A,WF_V3,GERMLINE,ROUTINE,2025-12-20T17:52:48Z,2025-12-26T08:12:06Z,1
CASE_00001175,SITE_A,WF_V3,ONCO_PANEL,ROUTINE,2025-11-27T09:22:23Z,2025-12-01T23:21:34Z,1
CASE_00001176,SITE_A,WF_V3,GERMLINE,ROUTINE,2026-01-18T22:00:42Z,2026-01-23T12:52:59Z,1
CASE_00001177,SITE_A,WF_V3,ONCO_PANEL,ROUTINE,2026-01-14T09:45:33Z,2026-01-18T19:54:12Z,1
CASE_00001178,SITE_A,WF_V3,ONCO_PANEL,ROUTINE,2026-01-04T12:04:18Z,2026-01-09T08:52:33Z,1
CASE_00001179,SITE_A,WF_V3,ONCO_PANEL,ROUTINE,2026-01-17T05:08:42Z,2026-01-21T00:39:09Z,1
CASE_00001180,SITE_A,WF_V3,GERMLINE,ROUTINE,2025-11-04T01:11:45Z,2025-11-10T02:23:48Z,1
CASE_00001181,SITE_A,WF_V3,RARE_DISEASE,ROUTINE,2026-02-06T04:00:10Z,2026-02-10T12:09:14Z,1
CASE_00001182,SITE_A,WF_V3,ONCO_PANEL,ROUTINE,2025-10-20T05:40:13Z,2025-10-24T03:48:53Z,1
CASE_00001183,SITE_A,WF_V3,ONCO_PANEL,ROUTINE,2026-02-26T09:59:34Z,2026-03-02T01:35:14Z,1
CASE_00001184,SITE_A,WF_V3,ONCO_PANEL,ROUTINE,2026-03-25T10:57:48Z,2026-03-29T22:35:29Z,1
CASE_00001185,SITE_A,WF_V3,RARE_DISEASE,ROUTINE,2025-11-02T11:00:48Z,2025-11-07T20:00:04Z,1
CASE_00001186,SITE_A,WF_V3,RARE_DISEASE,ROUTINE,2026-01-26T17:54:43Z,2026-01-31T07:54:50Z,1
CASE_00001187,SITE_A,WF_V3,GERMLINE,ROUTINE,2025-09-02T23:32:24Z,2025-09-08T07:04:44Z,1
CASE_00001188,SITE_A,WF_V3,RARE_DISEASE,ROUTINE,2025-10-26T02:29:15Z,2025-10-30T23:05:57Z,1
CASE_00001189,SITE_A,WF_V3,GERMLINE,STAT,2026-02-13T07:48:29Z,2026-02-16T02:30:56Z,1
CASE_00001190,SITE_A,WF_V3,ONCO_PANEL,ROUTINE,2026-05-06T13:55:53Z,2026-05-11T05:37:38Z,1
CASE_00001191,SITE_A,WF_V3,RARE_DISEASE,ROUTINE,2025-08-02T06:43:24Z,2025-08-07T04:50:22Z,1
CASE_00001192,SITE_A,WF_V3,GERMLINE,STAT,2026-05-15T07:19:24Z,2026-05-17T13:27:17Z,1
CASE_00001193,SITE_A,WF_V3,ONCO_PANEL,ROUTINE,2025-08-06T07:26:40Z,2025-08-09T23:17:30Z,1
CASE_00001194,SITE_A,WF_V3,ONCO_PANEL,ROUTINE,2026-01-11T16:43:46Z,2026-01-31T23:14:42Z,1
CASE_00001195,SITE_A,WF_V3,RARE_DISEASE,ROUTINE,2026-05-08T10:49:20Z,2026-05-13T00:54:45Z,1
CASE_00001196,SITE_A,WF_V3,ONCO_PANEL,ROUTINE,2026-03-15T00:49:32Z,2026-03-18T18:48:09Z,1
CASE_00001197,SITE_A,WF_V3,ONCO_PANEL,ROUTINE,2025-10-26T01:18:41Z,2025-10-30T02:33:49Z,1
CASE_00001198,SITE_A,WF_V3,RARE_DISEASE,ROUTINE,2025-09-10T21:14:04Z,2025-09-15T13:16:28Z,1
CASE_00001199,SITE_A,WF_V3,RARE_DISEASE,ROUTINE,2026-04-05T11:17:36Z,2026-04-11T01:13:54Z,1
CASE_00001200,SITE_A,WF_V3,ONCO_PANEL,ROUTINE,2026-04-11T00:19:24Z,2026-04-15T01:12:15Z,1
CASE_00001201,SITE_A,WF_V3,ONCO_PANEL,ROUTINE,2026-03-16T03:30:58Z,2026-03-19T11:39:26Z,1
CASE_00001202,SITE_A,WF_V3,GERMLINE,ROUTINE,2025-10-12T06:49:19Z,2025-11-05T11:53:04Z,1
CASE_00001203,SITE_A,WF_V3,ONCO_PANEL,ROUTINE,2026-01-16T13:40:09Z,2026-01-20T12:20:08Z,1
CASE_00001204,SITE_A,WF_V3,PHARMA,STAT,2025-09-09T23:17:19Z,2025-09-11T16:13:33Z,1
CASE_00001205,SITE_A,WF_V3,GERMLINE,ROUTINE,2025-08-05T21:12:36Z,2025-08-12T09:15:34Z,1
CASE_00001206,SITE_A,WF_V3,GERMLINE,ROUTINE,2025-09-12T08:02:05Z,2025-09-17T05:13:04Z,1
CASE_00001207,SITE_A,WF_V3,ONCO_PANEL,ROUTINE,2025-10-12T16:04:42Z,2025-10-16T14:32:11Z,1
CASE_00001208,SITE_A,WF_V3,RARE_DISEASE,ROUTINE,2026-01-31T12:44:01Z,2026-02-05T04:05:57Z,1
CASE_00001209,SITE_A,WF_V3,ONCO_PANEL,ROUTINE,2025-12-14T15:04:12Z,2025-12-18T18:03:35Z,1
CASE_00001210,SITE_A,WF_V3,ONCO_PANEL,ROUTINE,2026-04-10T00:56:21Z,2026-04-14T17:46:49Z,1
CASE_00001211,SITE_A,WF_V3,RARE_DISEASE,STAT,2026-03-28T01:16:15Z,2026-03-29T23:53:05Z,1
CASE_00001212,SITE_A,WF_V3,GERMLINE,ROUTINE,2026-05-06T21:24:10Z,2026-05-11T21:05:58Z,1
CASE_00001213,SITE_A,WF_V3,ONCO_PANEL,ROUTINE,2026-05-06T00:10:11Z,2026-05-11T12:21:19Z,1
CASE_00001214,SITE_A,WF_V3,ONCO_PANEL,ROUTINE,2025-10-28T14:05:23Z,2025-11-04T06:29:48Z,1
CASE_00001215,SITE_A,WF_V3,PHARMA,ROUTINE,2026-04-09T03:08:01Z,2026-04-13T11:30:49Z,1
CASE_00001216,SITE_A,WF_V3,RARE_DISEASE,ROUTINE,2026-04-07T04:03:32Z,2026-04-12T14:41:03Z,1
CASE_00001217,SITE_A,WF_V3,ONCO_PANEL,ROUTINE,2025-10-11T01:20:52Z,2025-10-14T14:35:50Z,1
CASE_00001218,SITE_A,WF_V3,ONCO_PANEL,ROUTINE,2026-02-22T06:50:39Z,2026-02-25T22:37:00Z,1
CASE_00001219,SITE_A,WF_V3,RARE_DISEASE,ROUTINE,2026-05-26T01:07:07Z,2026-05-31T06:59:03Z,1
CASE_00001220,SITE_A,WF_V3,ONCO_PANEL,STAT,2025-09-08T23:41:04Z,2025-09-10T20:13:26Z,1
CASE_00001221,SITE_A,WF_V3,ONCO_PANEL,ROUTINE,2025-11-19T13:35:25Z,2025-11-23T10:53:48Z,1
CASE_00001222,SITE_A,WF_V3,RARE_DISEASE,ROUTINE,2025-12-23T17:33:53Z,2025-12-28T07:29:42Z,1
CASE_00001223,SITE_A,WF_V3,RARE_DISEASE,STAT,2026-02-02T01:37:50Z,2026-02-03T21:49:33Z,1
CASE_00001224,SITE_A,WF_V3,ONCO_PANEL,ROUTINE,2026-02-23T21:04:03Z,2026-02-27T12:49:09Z,1
CASE_00001225,SITE_A,WF_V3,RARE_DISEASE,ROUTINE,2025-09-11T20:30:22Z,2025-09-16T13:44:17Z,1
CASE_00001226,SITE_A,WF_V3,ONCO_PANEL,STAT,2025-08-21T14:33:29Z,2025-08-23T04:52:15Z,1
CASE_00001227,SITE_A,WF_V3,ONCO_PANEL,ROUTINE,2025-10-12T05:07:22Z,2025-10-16T22:04:00Z,1
CASE_00001228,SITE_A,WF_V3,ONCO_PANEL,ROUTINE,2026-04-08T03:23:32Z,2026-04-11T14:13:47Z,1
CASE_00001229,SITE_A,WF_V3,RARE_DISEASE,ROUTINE,2026-02-22T16:18:39Z,2026-02-27T15:36:22Z,1
CASE_00001230,SITE_A,WF_V3,RARE_DISEASE,ROUTINE,2026-05-03T03:41:59Z,2026-05-08T20:26:42Z,1
CASE_00001231,SITE_A,WF_V3,PHARMA,STAT,2026-04-10T02:49:04Z,2026-04-11T16:01:30Z,1
CASE_00001232,SITE_A,WF_V3,ONCO_PANEL,ROUTINE,2025-10-26T16:03:52Z,2025-10-30T04:54:40Z,1
CASE_00001233,SITE_A,WF_V3,ONCO_PANEL,ROUTINE,2025-11-26T13:07:53Z,2025-11-30T13:54:22Z,1
CASE_00001234,SITE_A,WF_V3,ONCO_PANEL,ROUTINE,2025-08-06T01:51:26Z,2025-08-10T21:52:18Z,1
CASE_00001235,SITE_A,WF_V3,ONCO_PANEL,ROUTINE,2025-09-26T10:26:27Z,2025-09-30T19:19:14Z,1
CASE_00001236,SITE_A,WF_V3,ONCO_PANEL,STAT,2025-10-06T22:20:53Z,2025-10-08T14:59:53Z,1
CASE_00001237,SITE_A,WF_V3,PHARMA,STAT,2025-07-03T06:54:28Z,2025-07-04T18:49:00Z,1
CASE_00001238,SITE_A,WF_V3,ONCO_PANEL,ROUTINE,2026-04-21T03:06:12Z,2026-05-20T06:25:58Z,1
CASE_00001239,SITE_A,WF_V3,RARE_DISEASE,ROUTINE,2026-03-09T20:30:59Z,2026-03-14T15:06:36Z,1
CASE_00001240,SITE_A,WF_V3,ONCO_PANEL,ROUTINE,2025-06-25T18:58:51Z,2025-06-30T10:24:26Z,1
CASE_00001241,SITE_A,WF_V3,ONCO_PANEL,ROUTINE,2025-08-07T10:49:17Z,2025-08-11T06:49:19Z,1
CASE_00001242,SITE_A,WF_V3,PHARMA,ROUTINE,2026-02-10T06:28:03Z,2026-02-13T09:25:37Z,1
CASE_00001243,SITE_A,WF_V3,ONCO_PANEL,ROUTINE,2025-12-13T20:02:23Z,2025-12-17T16:32:14Z,1
CASE_00001244,SITE_A,WF_V3,ONCO_PANEL,ROUTINE,2026-02-11T15:56:16Z,2026-02-14T22:31:56Z,1
CASE_00001245,SITE_A,WF_V3,GERMLINE,ROUTINE,2026-05-02T18:05:20Z,2026-05-07T13:48:02Z,1
CASE_00001246,SITE_A,WF_V3,ONCO_PANEL,ROUTINE,2025-07-29T08:50:21Z,2025-08-02T11:00:57Z,1
CASE_00001247,SITE_A,WF_V3,ONCO_PANEL,ROUTINE,2025-09-24T22:53:28Z,2025-09-28T22:25:08Z,1
CASE_00001248,SITE_A,WF_V3,ONCO_PANEL,ROUTINE,2026-03-06T19:27:28Z,2026-03-11T00:33:42Z,1
CASE_00001249,SITE_A,WF_V3,RARE_DISEASE,ROUTINE,2025-12-29T04:29:22Z,2026-01-02T19:11:35Z,1
CASE_00001250,SITE_A,WF_V3,RARE_DISEASE,ROUTINE,2025-06-20T15:35:24Z,2025-06-25T12:55:43Z,1
CASE_00001251,SITE_A,WF_V3,ONCO_PANEL,ROUTINE,2025-11-25T09:36:54Z,2025-11-29T07:03:00Z,1
CASE_00001252,SITE_A,WF_V3,RARE_DISEASE,ROUTINE,2025-08-16T21:02:09Z,2025-08-21T20:03:35Z,1
CASE_00001253,SITE_A,WF_V3,GERMLINE,ROUTINE,2025-06-29T20:10:00Z,2025-07-04T17:35:54Z,1
CASE_00001254,SITE_A,WF_V3,ONCO_PANEL,ROUTINE,2025-10-09T23:58:22Z,2025-10-14T01:38:31Z,1
CASE_00001255,SITE_A,WF_V3,ONCO_PANEL,ROUTINE,2026-04-09T21:36:43Z,2026-04-14T23:16:13Z,1
CASE_00001256,SITE_A,WF_V3,GERMLINE,ROUTINE,2025-12-29T06:22:30Z,2026-01-02T18:21:40Z,1
CASE_00001257,SITE_A,WF_V3,ONCO_PANEL,STAT,2025-11-09T06:43:08Z,2025-11-11T00:20:32Z,1
CASE_00001258,SITE_A,WF_V3,RARE_DISEASE,STAT,2025-07-20T11:12:12Z,2025-07-22T14:08:47Z,1
CASE_00001259,SITE_A,WF_V3,PHARMA,ROUTINE,2025-06-27T11:47:53Z,2025-06-30T13:40:47Z,1
CASE_00001260,SITE_A,WF_V3,ONCO_PANEL,ROUTINE,2026-03-23T07:59:24Z,2026-03-27T13:28:42Z,1
CASE_00001261,SITE_A,WF_V3,PHARMA,ROUTINE,2025-09-22T22:15:23Z,2025-09-29T04:13:39Z,1
CASE_00001262,SITE_A,WF_V3,GERMLINE,ROUTINE,2025-12-04T05:23:23Z,2025-12-10T03:02:07Z,1
CASE_00001263,SITE_A,WF_V3,ONCO_PANEL,ROUTINE,2026-03-31T17:13:09Z,2026-04-04T10:47:03Z,1
CASE_00001264,SITE_A,WF_V3,ONCO_PANEL,ROUTINE,2025-06-04T23:11:06Z,2025-06-09T06:20:56Z,1
CASE_00001265,SITE_A,WF_V3,ONCO_PANEL,ROUTINE,2026-01-18T21:12:49Z,2026-01-22T21:02:32Z,1
CASE_00001266,SITE_A,WF_V3,GERMLINE,ROUTINE,2025-07-15T23:08:35Z,2025-07-21T03:19:39Z,1
CASE_00001267,SITE_A,WF_V3,ONCO_PANEL,ROUTINE,2025-12-24T01:09:50Z,2025-12-27T20:36:41Z,1
CASE_00001268,SITE_A,WF_V3,GERMLINE,ROUTINE,2026-01-20T13:40:36Z,2026-01-26T08:56:41Z,1
CASE_00001269,SITE_A,WF_V3,RARE_DISEASE,ROUTINE,2026-05-18T02:33:42Z,2026-05-22T18:09:37Z,1
CASE_00001270,SITE_A,WF_V3,ONCO_PANEL,ROUTINE,2026-05-18T08:22:19Z,2026-05-22T01:52:26Z,1
CASE_00001271,SITE_A,WF_V3,RARE_DISEASE,ROUTINE,2025-10-31T00:14:43Z,2025-11-04T17:25:30Z,1
CASE_00001272,SITE_A,WF_V3,GERMLINE,STAT,2025-09-29T18:17:32Z,2025-10-01T22:52:00Z,1
CASE_00001273,SITE_A,WF_V3,RARE_DISEASE,STAT,2026-03-08T12:49:12Z,2026-03-10T23:24:23Z,1
CASE_00001274,SITE_A,WF_V3,ONCO_PANEL,ROUTINE,2025-09-14T03:22:11Z,2025-09-18T13:55:22Z,1
CASE_00001275,SITE_A,WF_V3,RARE_DISEASE,ROUTINE,2025-06-20T20:20:51Z,2025-06-26T06:35:32Z,1
CASE_00001276,SITE_A,WF_V3,PHARMA,ROUTINE,2025-07-05T07:14:31Z,2025-07-08T15:14:36Z,1
CASE_00001277,SITE_A,WF_V3,ONCO_PANEL,STAT,2026-01-26T12:48:57Z,2026-01-28T10:50:47Z,1
CASE_00001278,SITE_A,WF_V3,RARE_DISEASE,STAT,2026-02-28T23:46:49Z,2026-03-03T15:47:51Z,1
CASE_00001279,SITE_A,WF_V3,GERMLINE,ROUTINE,2025-06-22T20:17:08Z,2025-06-28T06:11:10Z,1
CASE_00001280,SITE_A,WF_V3,ONCO_PANEL,STAT,2025-09-03T13:59:55Z,2025-09-06T02:46:46Z,1
CASE_00001281,SITE_A,WF_V3,PHARMA,ROUTINE,2025-06-20T04:32:36Z,2025-06-24T00:10:53Z,1
CASE_00001282,SITE_A,WF_V3,ONCO_PANEL,STAT,2026-05-13T12:50:51Z,2026-05-15T11:58:25Z,1
CASE_00001283,SITE_A,WF_V3,RARE_DISEASE,STAT,2025-10-01T09:57:46Z,2025-10-03T17:44:52Z,1
CASE_00001284,SITE_A,WF_V3,ONCO_PANEL,ROUTINE,2026-02-26T02:32:14Z,2026-03-02T08:34:33Z,1
CASE_00001285,SITE_A,WF_V3,ONCO_PANEL,ROUTINE,2026-02-26T08:46:26Z,2026-03-02T09:45:13Z,1
CASE_00001286,SITE_A,WF_V3,ONCO_PANEL,ROUTINE,2025-06-15T22:45:51Z,2025-06-19T14:26:58Z,1
CASE_00001287,SITE_A,WF_V3,PHARMA,ROUTINE,2026-02-11T22:13:19Z,2026-02-15T09:42:55Z,1
CASE_00001288,SITE_A,WF_V3,GERMLINE,ROUTINE,2025-11-24T21:57:50Z,2025-11-30T06:03:26Z,1
CASE_00001289,SITE_A,WF_V3,ONCO_PANEL,ROUTINE,2025-10-23T03:36:28Z,2025-10-27T02:32:40Z,1
CASE_00001290,SITE_A,WF_V3,ONCO_PANEL,ROUTINE,2026-05-21T18:27:40Z,2026-05-25T17:47:58Z,1
CASE_00001291,SITE_A,WF_V3,PHARMA,ROUTINE,2025-07-08T06:01:00Z,2025-07-11T10:04:26Z,1
CASE_00001292,SITE_A,WF_V3,ONCO_PANEL,ROUTINE,2026-01-31T09:40:10Z,2026-02-04T15:59:46Z,1
CASE_00001293,SITE_A,WF_V3,RARE_DISEASE,ROUTINE,2026-05-23T07:55:11Z,2026-05-28T03:48:19Z,1
CASE_00001294,SITE_A,WF_V3,ONCO_PANEL,ROUTINE,2026-01-02T09:54:43Z,2026-01-06T07:48:08Z,1
CASE_00001295,SITE_A,WF_V3,RARE_DISEASE,ROUTINE,2025-08-12T17:54:42Z,2025-08-17T10:55:26Z,1
CASE_00001296,SITE_A,WF_V3,ONCO_PANEL,ROUTINE,2026-01-12T12:07:53Z,2026-01-17T00:25:34Z,1
CASE_00001297,SITE_A,WF_V3,GERMLINE,ROUTINE,2025-08-05T10:15:38Z,2025-09-04T13:33:14Z,1
CASE_00001298,SITE_A,WF_V3,PHARMA,ROUTINE,2026-02-23T17:22:59Z,2026-02-27T11:30:58Z,1
CASE_00001299,SITE_A,WF_V3,RARE_DISEASE,ROUTINE,2025-10-17T07:49:17Z,2025-10-21T03:09:09Z,1
CASE_00001300,SITE_A,WF_V3,ONCO_PANEL,ROUTINE,2026-02-23T08:50:52Z,2026-02-27T04:53:31Z,1
CASE_00001301,SITE_A,WF_V3,ONCO_PANEL,ROUTINE,2025-09-05T07:47:06Z,2025-09-09T08:41:12Z,1
CASE_00001302,SITE_A,WF_V3,GERMLINE,ROUTINE,2025-08-30T00:31:25Z,2025-09-05T00:44:37Z,1
CASE_00001303,SITE_A,WF_V3,RARE_DISEASE,ROUTINE,2026-01-06T07:46:18Z,2026-01-14T18:15:42Z,1
CASE_00001304,SITE_A,WF_V3,ONCO_PANEL,ROUTINE,2026-01-06T16:45:55Z,2026-01-10T20:44:06Z,1
CASE_00001305,SITE_A,WF_V3,ONCO_PANEL,ROUTINE,2025-06-15T04:33:32Z,2025-06-18T19:51:01Z,1
CASE_00001306,SITE_A,WF_V3,ONCO_PANEL,ROUTINE,2026-05-11T15:12:09Z,2026-05-15T19:02:01Z,1
CASE_00001307,SITE_A,WF_V3,GERMLINE,ROUTINE,2025-07-17T01:46:59Z,2025-07-23T15:02:16Z,1
CASE_00001308,SITE_A,WF_V3,RARE_DISEASE,ROUTINE,2026-04-11T14:04:45Z,2026-04-17T06:54:15Z,1
CASE_00001309,SITE_A,WF_V3,GERMLINE,STAT,2025-10-17T12:15:41Z,2025-10-19T18:10:40Z,1
CASE_00001310,SITE_A,WF_V3,ONCO_PANEL,ROUTINE,2025-12-14T15:05:28Z,2025-12-19T00:36:15Z,1
CASE_00001311,SITE_A,WF_V3,RARE_DISEASE,STAT,2026-05-19T16:52:31Z,2026-05-21T23:35:59Z,1
CASE_00001312,SITE_A,WF_V3,ONCO_PANEL,STAT,2026-02-12T22:08:35Z,2026-02-14T19:35:10Z,1
CASE_00001313,SITE_A,WF_V3,RARE_DISEASE,ROUTINE,2025-09-12T09:10:17Z,2025-09-17T05:46:02Z,1
CASE_00001314,SITE_A,WF_V3,RARE_DISEASE,ROUTINE,2025-09-02T13:37:38Z,2025-09-07T20:01:35Z,1
CASE_00001315,SITE_A,WF_V3,RARE_DISEASE,ROUTINE,2025-12-09T20:39:25Z,2025-12-15T03:00:26Z,1
CASE_00001316,SITE_A,WF_V3,GERMLINE,ROUTINE,2025-07-02T21:03:08Z,2025-07-11T00:11:32Z,1
CASE_00001317,SITE_A,WF_V3,GERMLINE,STAT,2026-02-22T17:35:49Z,2026-02-25T00:31:44Z,1
CASE_00001318,SITE_A,WF_V3,ONCO_PANEL,ROUTINE,2025-06-12T23:57:26Z,2025-06-16T21:41:27Z,1
CASE_00001319,SITE_A,WF_V3,RARE_DISEASE,ROUTINE,2026-04-22T16:25:56Z,2026-04-27T12:13:36Z,1
CASE_00001320,SITE_A,WF_V3,RARE_DISEASE,ROUTINE,2025-06-21T09:48:13Z,2025-06-28T03:34:57Z,1
CASE_00001321,SITE_A,WF_V3,ONCO_PANEL,STAT,2026-04-29T06:53:00Z,2026-05-01T08:12:25Z,1
CASE_00001322,SITE_A,WF_V3,GERMLINE,ROUTINE,2025-09-17T02:20:22Z,2025-09-24T06:27:09Z,1
CASE_00001323,SITE_A,WF_V3,ONCO_PANEL,ROUTINE,2026-03-04T00:19:20Z,2026-03-08T02:06:14Z,1
CASE_00001324,SITE_A,WF_V3,ONCO_PANEL,ROUTINE,2026-02-15T08:15:28Z,2026-02-19T00:54:06Z,1
CASE_00001325,SITE_A,WF_V3,ONCO_PANEL,ROUTINE,2025-11-11T22:56:38Z,2025-11-16T01:00:56Z,1
CASE_00001326,SITE_A,WF_V3,ONCO_PANEL,ROUTINE,2025-06-17T03:50:01Z,2025-06-20T22:04:32Z,1
CASE_00001327,SITE_A,WF_V3,PHARMA,ROUTINE,2025-10-21T09:59:46Z,2025-10-24T22:02:17Z,1
CASE_00001328,SITE_A,WF_V3,PHARMA,STAT,2025-10-26T18:18:19Z,2025-11-08T13:52:01Z,1
CASE_00001329,SITE_A,WF_V3,ONCO_PANEL,ROUTINE,2026-04-13T18:13:35Z,2026-04-17T23:29:22Z,1
CASE_00001330,SITE_A,WF_V3,ONCO_PANEL,ROUTINE,2025-09-03T21:50:24Z,2025-09-08T01:46:05Z,1
CASE_00001331,SITE_A,WF_V3,GERMLINE,ROUTINE,2026-03-03T15:35:40Z,2026-03-08T20:05:06Z,1
CASE_00001332,SITE_A,WF_V3,RARE_DISEASE,ROUTINE,2025-09-30T02:03:43Z,2025-10-04T08:17:18Z,1
CASE_00001333,SITE_A,WF_V3,GERMLINE,ROUTINE,2025-07-15T14:03:02Z,2025-07-20T18:20:53Z,1
CASE_00001334,SITE_A,WF_V3,RARE_DISEASE,ROUTINE,2026-03-31T15:38:15Z,2026-04-05T11:49:01Z,1
CASE_00001335,SITE_A,WF_V3,GERMLINE,STAT,2026-02-08T00:59:54Z,2026-02-10T15:57:09Z,1
CASE_00001336,SITE_A,WF_V3,RARE_DISEASE,ROUTINE,2025-08-12T02:15:41Z,2025-08-17T02:54:57Z,1
CASE_00001337,SITE_A,WF_V3,ONCO_PANEL,ROUTINE,2025-07-18T15:47:04Z,2025-07-22T18:04:23Z,1
CASE_00001338,SITE_A,WF_V3,RARE_DISEASE,ROUTINE,2025-07-14T07:44:08Z,2025-07-19T02:59:22Z,1
CASE_00001339,SITE_A,WF_V3,ONCO_PANEL,ROUTINE,2026-05-06T02:57:37Z,2026-05-10T06:26:10Z,1
CASE_00001340,SITE_A,WF_V3,ONCO_PANEL,ROUTINE,2025-08-29T04:48:25Z,2025-09-02T12:29:28Z,1
CASE_00001341,SITE_A,WF_V3,GERMLINE,STAT,2026-02-28T02:25:48Z,2026-03-02T07:46:57Z,1
CASE_00001342,SITE_A,WF_V3,ONCO_PANEL,ROUTINE,2026-05-03T00:56:47Z,2026-05-07T16:20:52Z,1
CASE_00001343,SITE_A,WF_V3,ONCO_PANEL,STAT,2026-02-07T06:54:35Z,2026-02-08T23:11:16Z,1
CASE_00001344,SITE_A,WF_V3,GERMLINE,ROUTINE,2026-04-12T12:55:13Z,2026-04-17T09:55:09Z,1
CASE_00001345,SITE_A,WF_V3,ONCO_PANEL,ROUTINE,2025-07-06T23:04:33Z,2025-07-10T22:09:25Z,1
CASE_00001346,SITE_A,WF_V3,RARE_DISEASE,ROUTINE,2026-04-11T06:20:57Z,2026-04-16T00:35:31Z,1
CASE_00001347,SITE_A,WF_V3,GERMLINE,ROUTINE,2025-12-30T14:46:38Z,2026-01-04T08:27:49Z,1
CASE_00001348,SITE_A,WF_V3,ONCO_PANEL,ROUTINE,2026-02-12T13:14:22Z,2026-02-16T13:37:47Z,1
CASE_00001349,SITE_A,WF_V3,GERMLINE,ROUTINE,2025-08-12T19:52:43Z,2025-08-17T16:23:11Z,1
CASE_00001350,SITE_A,WF_V3,RARE_DISEASE,ROUTINE,2026-02-04T19:07:38Z,2026-02-09T20:04:48Z,1
CASE_00001351,SITE_A,WF_V3,ONCO_PANEL,ROUTINE,2025-12-17T13:09:08Z,2025-12-21T14:04:21Z,1
CASE_00001352,SITE_A,WF_V3,RARE_DISEASE,ROUTINE,2025-07-31T16:03:38Z,2025-08-05T17:05:20Z,1
CASE_00001353,SITE_A,WF_V3,RARE_DISEASE,ROUTINE,2026-03-02T11:31:38Z,2026-03-06T16:36:27Z,1
CASE_00001354,SITE_A,WF_V3,ONCO_PANEL,ROUTINE,2025-11-15T09:09:38Z,2025-11-19T10:23:01Z,1
CASE_00001355,SITE_A,WF_V3,ONCO_PANEL,ROUTINE,2025-10-26T09:38:08Z,2025-10-29T17:05:50Z,1
CASE_00001356,SITE_A,WF_V3,GERMLINE,STAT,2025-07-20T08:39:10Z,2025-07-22T14:59:26Z,1
CASE_00001357,SITE_A,WF_V3,ONCO_PANEL,ROUTINE,2026-03-26T09:46:12Z,2026-03-30T08:16:25Z,1
CASE_00001358,SITE_A,WF_V3,RARE_DISEASE,ROUTINE,2026-05-16T07:11:03Z,2026-05-21T04:22:57Z,1
CASE_00001359,SITE_A,WF_V3,ONCO_PANEL,STAT,2026-05-26T12:45:11Z,2026-05-28T10:58:57Z,1
CASE_00001360,SITE_A,WF_V3,PHARMA,STAT,2025-07-20T05:43:12Z,2025-07-21T19:18:13Z,1
CASE_00001361,SITE_A,WF_V3,RARE_DISEASE,ROUTINE,2026-03-11T03:08:16Z,2026-03-16T16:29:07Z,1
CASE_00001362,SITE_A,WF_V3,ONCO_PANEL,ROUTINE,2026-03-17T14:36:24Z,2026-03-22T23:21:16Z,1
CASE_00001363,SITE_A,WF_V3,RARE_DISEASE,STAT,2026-02-16T03:58:36Z,2026-02-18T17:47:40Z,1
CASE_00001364,SITE_A,WF_V3,GERMLINE,ROUTINE,2025-11-02T08:19:17Z,2025-11-07T06:16:23Z,1
CASE_00001365,SITE_A,WF_V3,ONCO_PANEL,ROUTINE,2026-04-10T10:20:42Z,2026-04-14T11:51:12Z,1
CASE_00001366,SITE_A,WF_V3,ONCO_PANEL,ROUTINE,2025-07-24T13:39:43Z,2025-07-28T01:41:09Z,1
CASE_00001367,SITE_A,WF_V3,GERMLINE,STAT,2025-11-24T07:25:48Z,2025-11-26T19:01:40Z,1
CASE_00001368,SITE_A,WF_V3,ONCO_PANEL,STAT,2025-08-21T02:07:40Z,2025-08-22T20:43:35Z,1
CASE_00001369,SITE_A,WF_V3,ONCO_PANEL,ROUTINE,2025-08-05T21:26:09Z,2025-08-10T02:38:56Z,1
CASE_00001370,SITE_A,WF_V3,RARE_DISEASE,ROUTINE,2026-05-15T23:57:56Z,2026-05-20T21:45:50Z,1
CASE_00001371,SITE_A,WF_V3,GERMLINE,ROUTINE,2025-08-01T00:25:33Z,2025-08-06T13:47:53Z,1
CASE_00001372,SITE_A,WF_V3,ONCO_PANEL,ROUTINE,2026-01-10T23:37:43Z,2026-01-14T14:11:26Z,1
CASE_00001373,SITE_A,WF_V3,GERMLINE,ROUTINE,2026-03-19T13:00:05Z,2026-03-24T11:01:39Z,1
CASE_00001374,SITE_A,WF_V3,GERMLINE,ROUTINE,2025-10-12T04:31:09Z,2025-10-17T02:06:02Z,1
CASE_00001375,SITE_A,WF_V3,ONCO_PANEL,ROUTINE,2025-11-18T01:59:02Z,2025-11-22T12:10:26Z,1
CASE_00001376,SITE_A,WF_V3,ONCO_PANEL,ROUTINE,2026-04-13T01:02:35Z,2026-04-17T11:07:52Z,1
CASE_00001377,SITE_A,WF_V3,ONCO_PANEL,ROUTINE,2025-12-16T07:04:22Z,2025-12-19T22:59:53Z,1
CASE_00001378,SITE_A,WF_V3,GERMLINE,ROUTINE,2025-10-17T06:09:37Z,2025-10-22T18:00:05Z,1
CASE_00001379,SITE_A,WF_V3,ONCO_PANEL,ROUTINE,2026-03-26T19:56:57Z,2026-03-31T12:03:01Z,1
CASE_00001380,SITE_A,WF_V3,GERMLINE,ROUTINE,2025-09-13T17:40:46Z,2025-09-18T08:17:33Z,1
CASE_00001381,SITE_A,WF_V3,ONCO_PANEL,ROUTINE,2025-09-22T12:53:58Z,2025-09-26T16:41:59Z,1
CASE_00001382,SITE_A,WF_V3,RARE_DISEASE,ROUTINE,2026-05-30T10:25:13Z,2026-06-03T14:34:53Z,1
CASE_00001383,SITE_A,WF_V3,GERMLINE,ROUTINE,2026-02-10T03:50:22Z,2026-02-15T14:38:54Z,1
CASE_00001384,SITE_A,WF_V3,ONCO_PANEL,ROUTINE,2026-04-08T01:32:49Z,2026-04-12T13:28:50Z,1
CASE_00001385,SITE_A,WF_V3,GERMLINE,STAT,2025-08-22T15:19:46Z,2025-08-25T00:56:30Z,1
CASE_00001386,SITE_A,WF_V3,RARE_DISEASE,ROUTINE,2025-08-01T09:29:20Z,2025-08-06T16:10:12Z,1
CASE_00001387,SITE_A,WF_V3,ONCO_PANEL,ROUTINE,2025-11-06T09:53:37Z,2025-11-10T14:22:30Z,1
CASE_00001388,SITE_A,WF_V3,ONCO_PANEL,ROUTINE,2025-11-17T18:52:38Z,2025-11-20T19:08:43Z,1
CASE_00001389,SITE_A,WF_V3,ONCO_PANEL,ROUTINE,2026-05-12T23:59:55Z,2026-05-16T22:06:22Z,1
CASE_00001390,SITE_A,WF_V3,PHARMA,ROUTINE,2025-08-01T12:35:43Z,2025-08-05T00:35:44Z,1
CASE_00001391,SITE_A,WF_V3,RARE_DISEASE,ROUTINE,2026-03-19T23:15:54Z,2026-03-24T16:11:32Z,1
CASE_00001392,SITE_A,WF_V3,GERMLINE,ROUTINE,2025-10-21T23:19:40Z,2025-10-26T18:27:58Z,1
CASE_00001393,SITE_A,WF_V3,RARE_DISEASE,ROUTINE,2026-03-24T04:41:38Z,2026-03-29T04:22:09Z,1
CASE_00001394,SITE_A,WF_V3,ONCO_PANEL,STAT,2025-08-02T04:49:18Z,2025-08-03T20:02:40Z,1
CASE_00001395,SITE_A,WF_V3,GERMLINE,ROUTINE,2025-09-17T04:57:22Z,2025-09-22T16:26:27Z,1
CASE_00001396,SITE_A,WF_V3,ONCO_PANEL,ROUTINE,2025-11-13T07:41:08Z,2025-11-17T05:47:41Z,1
CASE_00001397,SITE_A,WF_V3,ONCO_PANEL,ROUTINE,2025-12-08T22:24:12Z,2025-12-13T01:33:21Z,1
CASE_00001398,SITE_A,WF_V3,RARE_DISEASE,ROUTINE,2025-11-25T17:09:36Z,2025-11-30T10:02:58Z,1
CASE_00001399,SITE_A,WF_V3,ONCO_PANEL,STAT,2026-05-19T04:17:30Z,2026-05-20T21:15:58Z,1
CASE_00001400,SITE_A,WF_V3,GERMLINE,ROUTINE,2025-07-26T17:21:31Z,2025-08-02T05:34:29Z,1
CASE_00001401,SITE_A,WF_V3,GERMLINE,STAT,2025-11-16T18:46:31Z,2025-11-19T06:10:04Z,1
CASE_00001402,SITE_A,WF_V3,RARE_DISEASE,ROUTINE,2026-05-10T06:05:28Z,2026-05-14T05:48:42Z,1
CASE_00001403,SITE_A,WF_V3,RARE_DISEASE,ROUTINE,2025-08-29T06:59:22Z,2025-09-03T03:43:26Z,1
CASE_00001404,SITE_A,WF_V3,RARE_DISEASE,ROUTINE,2026-03-20T17:44:32Z,2026-03-25T17:26:38Z,1
CASE_00001405,SITE_A,WF_V3,ONCO_PANEL,ROUTINE,2025-06-22T12:29:58Z,2025-06-25T18:20:31Z,1
CASE_00001406,SITE_A,WF_V3,ONCO_PANEL,ROUTINE,2025-08-04T14:32:52Z,2025-08-08T22:22:13Z,1
CASE_00001407,SITE_A,WF_V3,GERMLINE,ROUTINE,2026-01-28T00:40:44Z,2026-02-02T09:56:34Z,1
CASE_00001408,SITE_A,WF_V3,GERMLINE,ROUTINE,2025-11-03T05:55:57Z,2025-11-08T15:49:47Z,1
CASE_00001409,SITE_A,WF_V3,RARE_DISEASE,ROUTINE,2025-07-02T09:24:25Z,2025-07-06T16:38:35Z,1
CASE_00001410,SITE_A,WF_V3,ONCO_PANEL,ROUTINE,2026-04-23T07:39:51Z,2026-05-09T19:09:55Z,1
CASE_00001411,SITE_A,WF_V3,GERMLINE,ROUTINE,2026-04-21T02:51:07Z,2026-04-26T01:13:49Z,1
CASE_00001412,SITE_A,WF_V3,ONCO_PANEL,ROUTINE,2026-03-06T11:15:43Z,2026-03-10T10:28:36Z,1
CASE_00001413,SITE_A,WF_V3,ONCO_PANEL,ROUTINE,2026-02-14T11:51:04Z,2026-02-18T15:40:11Z,1
CASE_00001414,SITE_A,WF_V3,GERMLINE,STAT,2025-06-18T01:17:11Z,2025-06-20T13:48:46Z,1
CASE_00001415,SITE_A,WF_V3,ONCO_PANEL,ROUTINE,2025-10-07T01:04:51Z,2025-10-11T13:24:31Z,1
CASE_00001416,SITE_A,WF_V3,ONCO_PANEL,ROUTINE,2026-05-22T21:31:53Z,2026-05-27T01:03:28Z,1
CASE_00001417,SITE_A,WF_V3,RARE_DISEASE,STAT,2025-07-14T20:23:20Z,2025-07-16T21:42:38Z,1
CASE_00001418,SITE_A,WF_V3,RARE_DISEASE,ROUTINE,2025-09-20T06:28:37Z,2025-09-25T13:31:46Z,1
CASE_00001419,SITE_A,WF_V3,GERMLINE,ROUTINE,2025-10-09T14:14:30Z,2025-10-15T10:16:28Z,1
CASE_00001420,SITE_A,WF_V3,ONCO_PANEL,ROUTINE,2026-04-27T14:02:03Z,2026-05-01T11:27:02Z,1
CASE_00001421,SITE_A,WF_V3,ONCO_PANEL,ROUTINE,2025-09-01T13:32:11Z,2025-09-05T17:04:26Z,1
CASE_00001422,SITE_A,WF_V3,GERMLINE,ROUTINE,2025-11-29T09:52:31Z,2025-12-05T08:03:51Z,1
CASE_00001423,SITE_A,WF_V3,GERMLINE,ROUTINE,2026-05-10T16:33:33Z,2026-05-15T07:32:17Z,1
CASE_00001424,SITE_A,WF_V3,ONCO_PANEL,ROUTINE,2025-09-05T10:01:30Z,2025-09-10T03:27:15Z,1
CASE_00001425,SITE_A,WF_V3,GERMLINE,ROUTINE,2025-11-24T13:09:18Z,2025-11-30T06:23:01Z,1
CASE_00001426,SITE_A,WF_V3,RARE_DISEASE,ROUTINE,2026-05-17T01:24:08Z,2026-05-22T01:52:16Z,1
CASE_00001427,SITE_A,WF_V3,RARE_DISEASE,ROUTINE,2026-05-04T22:03:40Z,2026-05-09T16:05:10Z,1
CASE_00001428,SITE_A,WF_V3,ONCO_PANEL,ROUTINE,2026-05-28T11:34:12Z,2026-06-01T11:23:51Z,1
CASE_00001429,SITE_A,WF_V3,RARE_DISEASE,ROUTINE,2026-03-17T18:19:43Z,2026-03-22T01:36:48Z,1
CASE_00001430,SITE_A,WF_V3,RARE_DISEASE,ROUTINE,2025-10-17T11:01:23Z,2025-10-22T08:12:59Z,1
CASE_00001431,SITE_A,WF_V3,GERMLINE,ROUTINE,2025-06-04T02:36:45Z,2025-06-10T22:57:52Z,1
CASE_00001432,SITE_A,WF_V3,RARE_DISEASE,ROUTINE,2025-12-03T13:30:54Z,2025-12-31T02:30:50Z,1
CASE_00001433,SITE_A,WF_V3,ONCO_PANEL,STAT,2026-03-18T16:00:12Z,2026-03-21T18:10:02Z,1
CASE_00001434,SITE_A,WF_V3,ONCO_PANEL,ROUTINE,2026-05-03T12:17:51Z,2026-05-08T15:35:41Z,1
CASE_00001435,SITE_A,WF_V3,ONCO_PANEL,ROUTINE,2025-09-17T22:49:23Z,2025-09-22T03:34:26Z,1
CASE_00001436,SITE_A,WF_V3,RARE_DISEASE,ROUTINE,2025-11-28T11:44:35Z,2025-12-03T03:26:00Z,1
CASE_00001437,SITE_A,WF_V3,ONCO_PANEL,ROUTINE,2026-03-20T13:10:27Z,2026-03-24T09:39:38Z,1
CASE_00001438,SITE_A,WF_V3,GERMLINE,STAT,2026-01-02T08:14:21Z,2026-01-04T15:39:01Z,1
CASE_00001439,SITE_A,WF_V3,ONCO_PANEL,STAT,2026-05-04T21:42:11Z,2026-05-06T21:48:44Z,1
CASE_00001440,SITE_A,WF_V3,ONCO_PANEL,STAT,2025-12-30T00:51:04Z,2025-12-31T18:48:40Z,1
CASE_00001441,SITE_A,WF_V3,RARE_DISEASE,ROUTINE,2025-06-10T02:56:31Z,2025-06-14T22:00:02Z,1
CASE_00001442,SITE_A,WF_V3,ONCO_PANEL,STAT,2026-04-16T22:11:38Z,2026-04-18T22:29:34Z,1
CASE_00001443,SITE_A,WF_V3,RARE_DISEASE,STAT,2026-01-23T19:49:21Z,2026-01-26T04:03:33Z,1
CASE_00001444,SITE_A,WF_V3,ONCO_PANEL,ROUTINE,2026-05-04T08:08:47Z,2026-05-08T18:44:08Z,1
CASE_00001445,SITE_A,WF_V3,ONCO_PANEL,ROUTINE,2025-07-04T06:50:58Z,2025-07-08T06:26:40Z,1
CASE_00001446,SITE_A,WF_V3,PHARMA,ROUTINE,2025-08-24T00:21:14Z,2025-08-27T18:49:38Z,1
CASE_00001447,SITE_A,WF_V3,RARE_DISEASE,STAT,2026-05-07T10:04:02Z,2026-05-09T17:18:17Z,1
CASE_00001448,SITE_A,WF_V3,PHARMA,ROUTINE,2025-11-18T14:15:31Z,2025-11-22T09:51:44Z,1
CASE_00001449,SITE_A,WF_V3,GERMLINE,STAT,2025-10-05T14:48:21Z,2025-10-08T15:45:09Z,1
CASE_00001450,SITE_A,WF_V3,ONCO_PANEL,STAT,2025-12-07T07:59:36Z,2025-12-09T08:32:36Z,1
CASE_00001451,SITE_A,WF_V3,GERMLINE,ROUTINE,2025-11-12T06:39:16Z,2025-11-16T23:58:28Z,1
CASE_00001452,SITE_A,WF_V3,GERMLINE,ROUTINE,2025-09-24T16:11:01Z,2025-09-30T21:38:49Z,1
CASE_00001453,SITE_A,WF_V3,ONCO_PANEL,ROUTINE,2025-08-03T00:01:43Z,2025-08-07T13:35:15Z,1
CASE_00001454,SITE_A,WF_V3,ONCO_PANEL,ROUTINE,2026-04-15T06:12:39Z,2026-04-18T19:38:56Z,1
CASE_00001455,SITE_A,WF_V3,GERMLINE,ROUTINE,2026-04-08T20:49:12Z,2026-04-14T12:53:07Z,1
CASE_00001456,SITE_A,WF_V3,ONCO_PANEL,STAT,2025-06-16T12:12:07Z,2025-06-18T18:53:15Z,1
CASE_00001457,SITE_A,WF_V3,GERMLINE,ROUTINE,2025-11-07T20:02:03Z,2025-12-13T11:39:58Z,1
CASE_00001458,SITE_A,WF_V3,GERMLINE,ROUTINE,2025-07-19T03:14:58Z,2025-07-24T13:10:43Z,1
CASE_00001459,SITE_A,WF_V3,PHARMA,ROUTINE,2025-10-01T20:41:42Z,2025-10-04T20:56:36Z,1
CASE_00001460,SITE_A,WF_V3,PHARMA,ROUTINE,2025-06-18T17:31:04Z,2025-06-21T23:52:53Z,1
CASE_00001461,SITE_A,WF_V3,ONCO_PANEL,ROUTINE,2025-12-25T21:55:26Z,2025-12-29T21:25:14Z,1
CASE_00001462,SITE_A,WF_V3,RARE_DISEASE,ROUTINE,2026-01-25T01:06:46Z,2026-01-29T08:42:11Z,1
CASE_00001463,SITE_A,WF_V3,GERMLINE,STAT,2025-06-02T12:11:29Z,2025-06-04T15:55:03Z,1
CASE_00001464,SITE_A,WF_V3,ONCO_PANEL,ROUTINE,2025-08-31T15:16:21Z,2025-09-04T13:17:15Z,1
CASE_00001465,SITE_A,WF_V3,ONCO_PANEL,ROUTINE,2026-05-10T06:17:27Z,2026-05-15T03:17:32Z,1
CASE_00001466,SITE_A,WF_V3,ONCO_PANEL,STAT,2026-01-16T13:08:48Z,2026-01-18T06:11:03Z,1
CASE_00001467,SITE_A,WF_V3,GERMLINE,ROUTINE,2025-06-03T01:21:30Z,2025-06-07T11:39:51Z,1
CASE_00001468,SITE_A,WF_V3,ONCO_PANEL,ROUTINE,2026-02-16T14:00:16Z,2026-02-20T11:06:32Z,1
CASE_00001469,SITE_A,WF_V3,GERMLINE,ROUTINE,2025-12-09T03:30:09Z,2025-12-15T21:50:44Z,1
CASE_00001470,SITE_A,WF_V3,ONCO_PANEL,ROUTINE,2025-12-30T00:05:31Z,2026-01-03T14:15:12Z,1
CASE_00001471,SITE_A,WF_V3,PHARMA,ROUTINE,2026-04-05T07:35:44Z,2026-04-08T08:40:34Z,1
CASE_00001472,SITE_A,WF_V3,GERMLINE,ROUTINE,2025-12-05T22:26:41Z,2025-12-10T18:08:18Z,1
CASE_00001473,SITE_A,WF_V3,ONCO_PANEL,STAT,2025-06-12T07:59:33Z,2025-06-14T19:39:01Z,1
CASE_00001474,SITE_A,WF_V3,ONCO_PANEL,ROUTINE,2026-02-26T09:10:15Z,2026-03-02T11:27:08Z,1
CASE_00001475,SITE_A,WF_V3,ONCO_PANEL,STAT,2025-07-01T01:58:59Z,2025-07-02T19:07:49Z,1
CASE_00001476,SITE_A,WF_V3,RARE_DISEASE,ROUTINE,2025-08-01T14:08:09Z,2025-08-06T19:15:47Z,1
CASE_00001477,SITE_A,WF_V3,ONCO_PANEL,ROUTINE,2025-06-04T03:54:57Z,2025-06-07T12:17:42Z,1
CASE_00001478,SITE_A,WF_V3,GERMLINE,ROUTINE,2026-04-25T00:33:57Z,2026-04-29T23:11:22Z,1
CASE_00001479,SITE_A,WF_V3,ONCO_PANEL,ROUTINE,2025-12-17T17:33:19Z,2025-12-22T05:27:49Z,1
CASE_00001480,SITE_A,WF_V3,ONCO_PANEL,ROUTINE,2025-10-21T11:27:00Z,2025-10-25T17:39:46Z,1
CASE_00001481,SITE_A,WF_V3,ONCO_PANEL,STAT,2025-09-13T05:59:05Z,2025-09-15T09:34:19Z,1
CASE_00001482,SITE_A,WF_V3,ONCO_PANEL,ROUTINE,2026-05-02T17:52:12Z,2026-05-07T01:23:09Z,1
CASE_00001483,SITE_A,WF_V3,ONCO_PANEL,ROUTINE,2025-06-17T19:57:26Z,2025-06-21T22:58:12Z,1
CASE_00001484,SITE_A,WF_V3,RARE_DISEASE,ROUTINE,2025-06-08T18:34:38Z,2025-06-13T15:05:52Z,1
CASE_00001485,SITE_A,WF_V3,ONCO_PANEL,STAT,2026-04-01T07:19:12Z,2026-04-02T19:31:09Z,1
CASE_00001486,SITE_A,WF_V3,RARE_DISEASE,STAT,2026-02-07T08:34:54Z,2026-02-09T11:53:40Z,1
CASE_00001487,SITE_A,WF_V3,ONCO_PANEL,ROUTINE,2025-08-17T16:25:15Z,2025-08-21T04:41:39Z,1
CASE_00001488,SITE_A,WF_V3,PHARMA,STAT,2026-03-04T00:40:21Z,2026-03-05T19:06:48Z,1
CASE_00001489,SITE_A,WF_V3,ONCO_PANEL,STAT,2026-04-01T10:34:30Z,2026-04-02T20:22:33Z,1
CASE_00001490,SITE_A,WF_V3,RARE_DISEASE,ROUTINE,2026-02-24T04:50:13Z,2026-03-01T03:21:29Z,1
CASE_00001491,SITE_A,WF_V3,ONCO_PANEL,ROUTINE,2026-05-27T09:26:09Z,2026-06-01T01:57:47Z,1
CASE_00001492,SITE_A,WF_V3,PHARMA,ROUTINE,2025-10-03T11:50:26Z,2025-10-07T00:22:38Z,1
CASE_00001493,SITE_A,WF_V3,RARE_DISEASE,ROUTINE,2025-11-04T21:02:53Z,2025-11-09T07:26:19Z,1
CASE_00001494,SITE_A,WF_V3,ONCO_PANEL,ROUTINE,2025-11-11T02:28:02Z,2025-11-14T18:35:57Z,1
CASE_00001495,SITE_A,WF_V3,ONCO_PANEL,ROUTINE,2025-06-15T10:14:01Z,2025-06-19T18:56:10Z,1
CASE_00001496,SITE_A,WF_V3,ONCO_PANEL,STAT,2026-02-25T13:30:01Z,2026-02-27T02:56:41Z,1
CASE_00001497,SITE_A,WF_V3,RARE_DISEASE,ROUTINE,2025-09-02T00:07:51Z,2025-09-07T00:39:23Z,1
CASE_00001498,SITE_A,WF_V3,GERMLINE,ROUTINE,2025-09-02T05:13:33Z,2025-09-07T12:16:12Z,1
CASE_00001499,SITE_A,WF_V3,RARE_DISEASE,ROUTINE,2026-01-13T21:42:08Z,2026-01-19T08:54:05Z,1
CASE_00001500,SITE_A,WF_V3,ONCO_PANEL,ROUTINE,2025-12-28T19:44:12Z,2026-01-01T15:55:02Z,1
CASE_00001501,SITE_A,WF_V3,PHARMA,ROUTINE,2025-10-03T23:28:05Z,2025-10-07T03:46:46Z,1
CASE_00001502,SITE_A,WF_V3,PHARMA,ROUTINE,2026-02-17T00:24:38Z,2026-02-20T08:28:47Z,1
CASE_00001503,SITE_A,WF_V3,ONCO_PANEL,ROUTINE,2025-11-27T17:32:49Z,2025-12-01T22:20:49Z,1
CASE_00001504,SITE_A,WF_V3,ONCO_PANEL,ROUTINE,2025-10-08T13:21:03Z,2025-10-12T19:35:01Z,1
CASE_00001505,SITE_A,WF_V3,ONCO_PANEL,STAT,2025-07-28T01:22:44Z,2025-07-29T22:09:45Z,1
CASE_00001506,SITE_A,WF_V3,GERMLINE,ROUTINE,2026-04-15T13:10:05Z,2026-04-21T18:16:32Z,1
CASE_00001507,SITE_A,WF_V3,RARE_DISEASE,ROUTINE,2025-11-22T04:09:49Z,2025-11-26T06:00:58Z,1
CASE_00001508,SITE_A,WF_V3,RARE_DISEASE,ROUTINE,2025-08-29T14:36:18Z,2025-09-02T17:52:32Z,1
CASE_00001509,SITE_A,WF_V3,RARE_DISEASE,ROUTINE,2026-02-20T06:30:26Z,2026-02-25T01:59:43Z,1
CASE_00001510,SITE_A,WF_V3,ONCO_PANEL,ROUTINE,2025-11-21T06:05:48Z,2025-11-25T04:34:35Z,1
CASE_00001511,SITE_A,WF_V3,ONCO_PANEL,ROUTINE,2025-07-19T05:17:48Z,2025-07-24T00:43:58Z,1
CASE_00001512,SITE_A,WF_V3,ONCO_PANEL,STAT,2025-08-15T05:52:38Z,2025-08-17T02:41:50Z,1
CASE_00001513,SITE_A,WF_V3,GERMLINE,ROUTINE,2025-11-16T09:34:06Z,2025-11-20T14:02:14Z,1
CASE_00001514,SITE_A,WF_V3,GERMLINE,ROUTINE,2026-05-15T06:14:50Z,2026-05-21T07:19:21Z,1
CASE_00001515,SITE_A,WF_V3,GERMLINE,ROUTINE,2026-01-20T13:06:28Z,2026-01-27T10:38:58Z,1
CASE_00001516,SITE_A,WF_V3,ONCO_PANEL,ROUTINE,2025-10-02T05:34:17Z,2025-10-06T14:36:18Z,1
CASE_00001517,SITE_A,WF_V3,ONCO_PANEL,ROUTINE,2026-04-08T16:32:57Z,2026-04-12T07:44:40Z,1
CASE_00001518,SITE_A,WF_V3,PHARMA,ROUTINE,2025-12-07T02:50:04Z,2025-12-10T16:05:50Z,1
CASE_00001519,SITE_A,WF_V3,PHARMA,ROUTINE,2026-03-05T12:00:58Z,2026-03-09T04:18:39Z,1
CASE_00001520,SITE_A,WF_V3,GERMLINE,ROUTINE,2025-09-07T13:44:37Z,2025-09-12T16:16:45Z,1
CASE_00001521,SITE_A,WF_V3,ONCO_PANEL,ROUTINE,2026-04-10T09:05:11Z,2026-04-14T10:15:21Z,1
CASE_00001522,SITE_A,WF_V3,ONCO_PANEL,ROUTINE,2026-02-22T07:13:02Z,2026-02-27T02:56:57Z,1
CASE_00001523,SITE_A,WF_V3,GERMLINE,STAT,2025-10-04T11:16:08Z,2025-10-06T20:06:53Z,1
CASE_00001524,SITE_A,WF_V3,RARE_DISEASE,ROUTINE,2025-10-06T21:55:09Z,2025-10-11T23:41:24Z,1
CASE_00001525,SITE_A,WF_V3,ONCO_PANEL,ROUTINE,2026-04-17T13:35:48Z,2026-04-22T14:03:22Z,1
CASE_00001526,SITE_A,WF_V3,RARE_DISEASE,ROUTINE,2025-10-19T02:59:30Z,2025-10-23T14:27:28Z,1
CASE_00001527,SITE_A,WF_V3,RARE_DISEASE,ROUTINE,2026-01-23T02:26:55Z,2026-01-27T19:51:14Z,1
CASE_00001528,SITE_A,WF_V3,GERMLINE,ROUTINE,2026-04-12T05:17:05Z,2026-04-16T11:31:27Z,1
CASE_00001529,SITE_A,WF_V3,GERMLINE,ROUTINE,2026-02-27T18:06:59Z,2026-03-05T01:42:21Z,1
CASE_00001530,SITE_A,WF_V3,ONCO_PANEL,ROUTINE,2025-06-14T08:36:27Z,2025-06-18T17:38:24Z,1
CASE_00001531,SITE_A,WF_V3,ONCO_PANEL,ROUTINE,2025-11-14T17:43:21Z,2025-11-18T11:30:27Z,1
CASE_00001532,SITE_A,WF_V3,GERMLINE,ROUTINE,2025-06-04T12:48:04Z,2025-06-09T14:10:01Z,1
CASE_00001533,SITE_A,WF_V3,ONCO_PANEL,ROUTINE,2026-04-30T20:27:38Z,2026-05-04T14:08:44Z,1
CASE_00001534,SITE_A,WF_V3,PHARMA,ROUTINE,2025-10-20T04:25:05Z,2025-10-23T22:34:56Z,1
CASE_00001535,SITE_A,WF_V3,ONCO_PANEL,ROUTINE,2025-10-10T04:21:53Z,2025-10-13T18:04:34Z,1
CASE_00001536,SITE_A,WF_V3,GERMLINE,ROUTINE,2025-09-05T23:45:45Z,2025-09-10T23:32:36Z,1
CASE_00001537,SITE_A,WF_V3,ONCO_PANEL,ROUTINE,2025-11-16T23:52:06Z,2025-11-20T21:43:44Z,1
CASE_00001538,SITE_A,WF_V3,ONCO_PANEL,ROUTINE,2026-04-29T23:02:37Z,2026-05-03T20:56:31Z,1
CASE_00001539,SITE_A,WF_V3,ONCO_PANEL,ROUTINE,2025-07-28T16:46:48Z,2025-08-01T05:40:25Z,1
CASE_00001540,SITE_A,WF_V3,ONCO_PANEL,ROUTINE,2025-12-07T06:39:01Z,2025-12-10T21:40:29Z,1
CASE_00001541,SITE_A,WF_V3,ONCO_PANEL,ROUTINE,2025-09-04T14:48:13Z,2025-09-08T19:55:54Z,1
CASE_00001542,SITE_A,WF_V3,GERMLINE,ROUTINE,2026-04-20T03:18:35Z,2026-04-25T17:25:39Z,1
CASE_00001543,SITE_A,WF_V3,RARE_DISEASE,STAT,2025-07-15T02:40:10Z,2025-07-17T10:36:12Z,1
CASE_00001544,SITE_A,WF_V3,GERMLINE,ROUTINE,2025-08-29T22:34:15Z,2025-09-03T18:28:55Z,1
CASE_00001545,SITE_A,WF_V3,ONCO_PANEL,ROUTINE,2025-06-01T19:34:11Z,2025-06-05T04:52:07Z,1
CASE_00001546,SITE_A,WF_V3,GERMLINE,ROUTINE,2025-08-23T14:23:56Z,2025-08-29T21:06:59Z,1
CASE_00001547,SITE_A,WF_V3,RARE_DISEASE,ROUTINE,2026-01-07T02:27:10Z,2026-01-12T23:22:28Z,1
CASE_00001548,SITE_A,WF_V3,GERMLINE,ROUTINE,2025-06-23T12:46:01Z,2025-06-28T21:51:55Z,1
CASE_00001549,SITE_A,WF_V3,ONCO_PANEL,ROUTINE,2025-10-07T14:53:49Z,2025-10-11T06:56:33Z,1
CASE_00001550,SITE_A,WF_V3,RARE_DISEASE,STAT,2026-03-21T02:08:22Z,2026-03-23T19:17:06Z,1
CASE_00001551,SITE_A,WF_V3,RARE_DISEASE,ROUTINE,2025-09-04T11:36:52Z,2025-09-09T06:59:32Z,1
CASE_00001552,SITE_A,WF_V3,GERMLINE,ROUTINE,2026-01-18T16:58:27Z,2026-01-25T07:30:28Z,1
CASE_00001553,SITE_A,WF_V3,RARE_DISEASE,ROUTINE,2026-02-11T23:49:12Z,2026-02-16T06:15:09Z,1
CASE_00001554,SITE_A,WF_V3,RARE_DISEASE,ROUTINE,2025-12-11T20:44:49Z,2025-12-16T13:56:49Z,1
CASE_00001555,SITE_A,WF_V3,RARE_DISEASE,STAT,2025-08-27T07:33:48Z,2025-08-29T11:37:22Z,1
CASE_00001556,SITE_A,WF_V3,ONCO_PANEL,ROUTINE,2026-05-04T17:08:14Z,2026-05-09T11:05:49Z,1
CASE_00001557,SITE_A,WF_V3,ONCO_PANEL,ROUTINE,2025-12-17T20:04:46Z,2025-12-22T07:17:52Z,1
CASE_00001558,SITE_A,WF_V3,GERMLINE,STAT,2026-05-28T01:52:35Z,2026-05-30T08:49:44Z,1
CASE_00001559,SITE_A,WF_V3,PHARMA,ROUTINE,2026-04-12T23:38:23Z,2026-04-16T20:26:21Z,1
CASE_00001560,SITE_A,WF_V3,PHARMA,ROUTINE,2025-09-21T13:06:47Z,2025-09-25T08:12:46Z,1
CASE_00001561,SITE_A,WF_V3,ONCO_PANEL,ROUTINE,2025-07-15T19:00:01Z,2025-07-20T03:33:52Z,1
CASE_00001562,SITE_A,WF_V3,ONCO_PANEL,ROUTINE,2026-02-22T16:35:35Z,2026-02-27T04:26:11Z,1
CASE_00001563,SITE_A,WF_V3,ONCO_PANEL,ROUTINE,2026-03-04T11:40:58Z,2026-03-08T12:45:56Z,1
CASE_00001564,SITE_A,WF_V3,RARE_DISEASE,ROUTINE,2025-12-11T04:34:09Z,2025-12-15T19:39:15Z,1
CASE_00001565,SITE_A,WF_V3,RARE_DISEASE,ROUTINE,2025-06-22T12:11:25Z,2025-06-27T14:46:35Z,1
CASE_00001566,SITE_A,WF_V3,GERMLINE,ROUTINE,2026-01-26T08:04:06Z,2026-02-01T14:39:34Z,1
CASE_00001567,SITE_A,WF_V3,RARE_DISEASE,ROUTINE,2025-12-07T10:55:18Z,2025-12-12T22:28:45Z,1
CASE_00001568,SITE_A,WF_V3,RARE_DISEASE,STAT,2026-04-02T00:04:17Z,2026-04-03T20:21:22Z,1
CASE_00001569,SITE_A,WF_V3,ONCO_PANEL,ROUTINE,2025-12-02T09:43:39Z,2025-12-06T17:30:55Z,1
CASE_00001570,SITE_A,WF_V3,GERMLINE,ROUTINE,2026-01-20T16:34:27Z,2026-01-25T00:09:00Z,1
CASE_00001571,SITE_A,WF_V3,ONCO_PANEL,ROUTINE,2025-12-24T15:09:47Z,2025-12-29T19:23:51Z,1
CASE_00001572,SITE_A,WF_V3,ONCO_PANEL,ROUTINE,2026-03-01T19:42:04Z,2026-03-06T01:29:45Z,1
CASE_00001573,SITE_A,WF_V3,ONCO_PANEL,STAT,2025-11-29T19:26:22Z,2025-12-02T01:11:23Z,1
CASE_00001574,SITE_A,WF_V3,RARE_DISEASE,ROUTINE,2026-02-12T09:28:09Z,2026-02-16T15:17:00Z,1
CASE_00001575,SITE_A,WF_V3,PHARMA,ROUTINE,2025-06-15T03:47:20Z,2025-06-18T20:08:45Z,1
CASE_00001576,SITE_A,WF_V3,ONCO_PANEL,ROUTINE,2026-05-26T11:29:59Z,2026-05-29T23:45:39Z,1
CASE_00001577,SITE_A,WF_V3,RARE_DISEASE,ROUTINE,2025-11-18T09:20:58Z,2025-11-22T22:12:57Z,1
CASE_00001578,SITE_A,WF_V3,ONCO_PANEL,ROUTINE,2025-12-05T12:13:21Z,2025-12-09T19:04:41Z,1
CASE_00001579,SITE_A,WF_V3,PHARMA,ROUTINE,2025-07-02T20:56:10Z,2025-07-06T11:10:10Z,1
CASE_00001580,SITE_A,WF_V3,RARE_DISEASE,ROUTINE,2026-03-19T17:09:47Z,2026-03-24T03:24:57Z,1
CASE_00001581,SITE_A,WF_V3,ONCO_PANEL,ROUTINE,2025-09-02T21:18:47Z,2025-09-07T10:16:03Z,1
CASE_00001582,SITE_A,WF_V3,GERMLINE,ROUTINE,2026-01-21T21:01:21Z,2026-01-27T13:38:51Z,1
CASE_00001583,SITE_A,WF_V3,RARE_DISEASE,ROUTINE,2025-12-15T23:35:57Z,2025-12-20T12:10:13Z,1
CASE_00001584,SITE_A,WF_V3,GERMLINE,ROUTINE,2025-11-08T01:55:35Z,2025-11-13T11:45:22Z,1
CASE_00001585,SITE_A,WF_V3,ONCO_PANEL,ROUTINE,2026-01-08T21:08:50Z,2026-01-12T02:56:58Z,1
CASE_00001586,SITE_A,WF_V3,ONCO_PANEL,ROUTINE,2025-10-11T04:45:09Z,2025-10-14T14:49:31Z,1
CASE_00001587,SITE_A,WF_V3,PHARMA,ROUTINE,2026-03-23T11:42:42Z,2026-03-26T17:11:08Z,1
CASE_00001588,SITE_A,WF_V3,GERMLINE,ROUTINE,2025-11-08T22:56:08Z,2025-11-13T17:27:57Z,1
CASE_00001589,SITE_A,WF_V3,ONCO_PANEL,ROUTINE,2025-07-11T19:31:08Z,2025-07-15T03:30:30Z,1
CASE_00001590,SITE_A,WF_V3,ONCO_PANEL,ROUTINE,2026-03-25T04:03:09Z,2026-03-29T13:03:23Z,1
CASE_00001591,SITE_A,WF_V3,RARE_DISEASE,ROUTINE,2025-08-17T17:32:01Z,2025-08-22T17:28:46Z,1
CASE_00001592,SITE_A,WF_V3,ONCO_PANEL,ROUTINE,2025-09-06T06:02:36Z,2025-09-09T22:15:12Z,1
CASE_00001593,SITE_A,WF_V3,RARE_DISEASE,ROUTINE,2026-03-12T17:24:26Z,2026-03-17T03:25:29Z,1
CASE_00001594,SITE_A,WF_V3,GERMLINE,ROUTINE,2025-06-08T02:49:00Z,,0
CASE_00001595,SITE_A,WF_V3,GERMLINE,ROUTINE,2025-07-24T06:58:59Z,,0
CASE_00001596,SITE_A,WF_V3,ONCO_PANEL,ROUTINE,2026-04-03T09:26:58Z,,0
CASE_00001597,SITE_A,WF_V3,RARE_DISEASE,ROUTINE,2026-05-01T08:32:55Z,,0
CASE_00001598,SITE_A,WF_V3,ONCO_PANEL,ROUTINE,2026-02-20T01:19:58Z,,0
CASE_00001599,SITE_A,WF_V3,RARE_DISEASE,ROUTINE,2025-10-11T02:36:52Z,,0
CASE_00001600,SITE_A,WF_V3,ONCO_PANEL,ROUTINE,2025-09-16T04:46:18Z,,0
CASE_00001601,SITE_A,WF_V3,ONCO_PANEL,ROUTINE,2025-08-31T18:01:24Z,,0
CASE_00001602,SITE_A,WF_V3,ONCO_PANEL,ROUTINE,2025-07-08T11:50:14Z,,0
CASE_00001603,SITE_A,WF_V3,ONCO_PANEL,STAT,2025-12-08T19:03:37Z,,0
CASE_00001604,SITE_A,WF_V3,ONCO_PANEL,ROUTINE,2025-09-28T05:53:39Z,,0
CASE_00001605,SITE_A,WF_V3,GERMLINE,STAT,2025-08-22T07:21:21Z,,0
CASE_00001606,SITE_A,WF_V3,PHARMA,ROUTINE,2025-06-16T04:29:51Z,,0
CASE_00001607,SITE_A,WF_V3,ONCO_PANEL,ROUTINE,2025-08-06T23:47:23Z,,0
CASE_00001608,SITE_A,WF_V3,GERMLINE,ROUTINE,2025-11-26T07:08:58Z,,0
CASE_00001609,SITE_A,WF_V3,ONCO_PANEL,ROUTINE,2025-08-18T00:41:30Z,,0
CASE_00001610,SITE_A,WF_V3,ONCO_PANEL,ROUTINE,2025-08-14T18:52:32Z,,0
CASE_00001611,SITE_A,WF_V3,RARE_DISEASE,ROUTINE,2025-10-10T02:26:06Z,,0
CASE_00001612,SITE_A,WF_V3,ONCO_PANEL,ROUTINE,2025-06-29T13:43:55Z,,0
CASE_00001613,SITE_A,WF_V3,RARE_DISEASE,ROUTINE,2025-10-03T19:55:50Z,,0
CASE_00001614,SITE_A,WF_V3,PHARMA,ROUTINE,2025-11-18T00:48:13Z,,0
CASE_00001615,SITE_A,WF_V3,RARE_DISEASE,STAT,2025-07-14T05:41:55Z,,0
CASE_00001616,SITE_A,WF_V3,ONCO_PANEL,ROUTINE,2025-10-21T20:53:28Z,,0
CASE_00001617,SITE_A,WF_V3,ONCO_PANEL,ROUTINE,2025-09-08T17:50:06Z,,0
CASE_00001618,SITE_A,WF_V3,RARE_DISEASE,ROUTINE,2025-08-16T19:41:02Z,,0
CASE_00001619,SITE_A,WF_V3,RARE_DISEASE,ROUTINE,2026-03-24T20:11:22Z,,0
CASE_00001620,SITE_A,WF_V3,GERMLINE,ROUTINE,2025-08-04T11:25:42Z,,0
CASE_00001621,SITE_A,WF_V3,RARE_DISEASE,ROUTINE,2025-11-03T11:18:42Z,,0
CASE_00001622,SITE_A,WF_V3,RARE_DISEASE,ROUTINE,2025-06-24T09:57:42Z,,0
CASE_00001623,SITE_A,WF_V3,GERMLINE,ROUTINE,2025-09-17T06:22:04Z,,0
CASE_00001624,SITE_A,WF_V3,RARE_DISEASE,ROUTINE,2025-09-06T07:25:31Z,,0
CASE_00001625,SITE_A,WF_V3,RARE_DISEASE,ROUTINE,2025-07-16T18:59:57Z,,0
CASE_00001626,SITE_A,WF_V3,RARE_DISEASE,ROUTINE,2025-11-21T22:33:24Z,,0
CASE_00001627,SITE_A,WF_V3,ONCO_PANEL,ROUTINE,2026-01-31T05:08:19Z,,0
CASE_00001628,SITE_A,WF_V3,GERMLINE,ROUTINE,2026-01-11T16:00:06Z,,0
CASE_00001629,SITE_A,WF_V3,ONCO_PANEL,ROUTINE,2025-11-27T18:15:31Z,,0
CASE_00001630,SITE_A,WF_V3,RARE_DISEASE,ROUTINE,2025-10-25T08:37:47Z,,0
CASE_00001631,SITE_A,WF_V3,ONCO_PANEL,ROUTINE,2025-11-20T00:42:31Z,,0
CASE_00001632,SITE_A,WF_V3,RARE_DISEASE,ROUTINE,2026-03-04T09:58:20Z,,0
CASE_00001633,SITE_A,WF_V3,ONCO_PANEL,STAT,2025-09-25T13:33:46Z,,0
CASE_00001634,SITE_A,WF_V3,RARE_DISEASE,ROUTINE,2025-09-16T09:13:00Z,,0
CASE_00001635,SITE_A,WF_V3,GERMLINE,ROUTINE,2025-11-18T01:04:29Z,,0
CASE_00001636,SITE_A,WF_V3,ONCO_PANEL,ROUTINE,2025-09-15T10:20:37Z,,0
CASE_00001637,SITE_A,WF_V3,PHARMA,ROUTINE,2025-12-29T12:51:41Z,,0
CASE_00001638,SITE_A,WF_V3,ONCO_PANEL,ROUTINE,2025-09-09T10:27:31Z,,0
CASE_00001639,SITE_A,WF_V3,PHARMA,ROUTINE,2025-08-31T12:41:31Z,,0
CASE_00001640,SITE_A,WF_V3,GERMLINE,STAT,2026-05-20T07:19:59Z,,0
CASE_00001641,SITE_A,WF_V3,PHARMA,ROUTINE,2025-07-23T16:19:27Z,,0
CASE_00001642,SITE_A,WF_V3,ONCO_PANEL,ROUTINE,2025-11-05T03:31:18Z,,0
CASE_00001643,SITE_A,WF_V3,ONCO_PANEL,STAT,2026-03-01T21:44:08Z,,0
CASE_00001644,SITE_A,WF_V3,RARE_DISEASE,ROUTINE,2025-11-23T13:21:58Z,,0
CASE_00001645,SITE_A,WF_V3,ONCO_PANEL,ROUTINE,2026-05-25T08:50:05Z,,0
CASE_00001646,SITE_A,WF_V3,ONCO_PANEL,ROUTINE,2026-04-10T02:48:06Z,,0
CASE_00001647,SITE_A,WF_V3,ONCO_PANEL,ROUTINE,2025-07-10T17:55:02Z,,0
CASE_00001648,SITE_A,WF_V3,RARE_DISEASE,ROUTINE,2025-12-04T07:00:12Z,,0
CASE_00001649,SITE_A,WF_V3,PHARMA,ROUTINE,2025-11-26T11:26:43Z,,0
CASE_00001650,SITE_A,WF_V3,PHARMA,ROUTINE,2026-01-31T20:55:42Z,,0
CASE_00001651,SITE_A,WF_V3,GERMLINE,ROUTINE,2026-01-22T18:25:31Z,,0
CASE_00001652,SITE_A,WF_V3,RARE_DISEASE,STAT,2025-10-30T06:49:04Z,,0
CASE_00001653,SITE_A,WF_V3,GERMLINE,ROUTINE,2025-06-15T01:46:16Z,,0
CASE_00001654,SITE_A,WF_V3,ONCO_PANEL,STAT,2025-08-01T12:49:28Z,,0
CASE_00001655,SITE_A,WF_V3,ONCO_PANEL,ROUTINE,2026-03-23T21:15:15Z,,0
CASE_00001656,SITE_A,WF_V3,GERMLINE,ROUTINE,2026-05-09T06:45:13Z,,0
CASE_00001657,SITE_A,WF_V3,GERMLINE,ROUTINE,2026-05-25T23:59:51Z,,0
CASE_00001658,SITE_A,WF_V3,GERMLINE,ROUTINE,2026-01-13T09:56:54Z,,0
CASE_00001659,SITE_A,WF_V3,RARE_DISEASE,STAT,2025-06-24T11:21:13Z,,0
CASE_00001660,SITE_A,WF_V3,GERMLINE,ROUTINE,2025-07-09T18:23:11Z,,0
CASE_00001661,SITE_A,WF_V3,GERMLINE,STAT,2025-11-08T20:41:02Z,,0
CASE_00001662,SITE_A,WF_V3,ONCO_PANEL,STAT,2025-10-21T16:12:07Z,,0
CASE_00001663,SITE_A,WF_V3,GERMLINE,ROUTINE,2025-09-01T16:13:50Z,,0
CASE_00001664,SITE_A,WF_V3,GERMLINE,ROUTINE,2026-04-02T22:06:54Z,,0
CASE_00001665,SITE_A,WF_V3,PHARMA,ROUTINE,2025-07-27T03:02:10Z,,0
CASE_00001666,SITE_A,WF_V3,GERMLINE,ROUTINE,2026-04-26T21:52:54Z,,0
CASE_00001667,SITE_A,WF_V3,GERMLINE,ROUTINE,2025-10-11T08:40:59Z,,0
CASE_00001668,SITE_A,WF_V3,PHARMA,ROUTINE,2026-05-25T11:00:55Z,,0
CASE_00001669,SITE_A,WF_V3,RARE_DISEASE,ROUTINE,2026-01-11T10:25:43Z,,0
CASE_00001670,SITE_A,WF_V3,RARE_DISEASE,ROUTINE,2026-02-23T07:12:01Z,,0
CASE_00001671,SITE_A,WF_V3,ONCO_PANEL,ROUTINE,2026-04-06T08:55:14Z,,0
CASE_00001672,SITE_A,WF_V3,RARE_DISEASE,ROUTINE,2026-02-01T23:08:14Z,,0
CASE_00001673,SITE_A,WF_V3,PHARMA,STAT,2026-01-25T02:08:00Z,,0
CASE_00001674,SITE_A,WF_V3,PHARMA,ROUTINE,2025-06-17T00:59:28Z,,0
CASE_00001675,SITE_A,WF_V3,ONCO_PANEL,ROUTINE,2025-10-29T02:36:29Z,,0
CASE_00001676,SITE_A,WF_V3,PHARMA,ROUTINE,2026-04-25T21:19:12Z,,0
CASE_00001677,SITE_A,WF_V3,GERMLINE,ROUTINE,2026-03-07T05:10:26Z,,0
CASE_00001678,SITE_A,WF_V3,GERMLINE,ROUTINE,2025-09-25T23:50:32Z,,0
CASE_00001679,SITE_A,WF_V3,ONCO_PANEL,ROUTINE,2025-09-04T05:48:30Z,,0
CASE_00001680,SITE_A,WF_V3,RARE_DISEASE,ROUTINE,2025-10-02T07:13:11Z,,0
CASE_00001681,SITE_A,WF_V3,ONCO_PANEL,ROUTINE,2025-09-18T02:46:05Z,,0
CASE_00001682,SITE_A,WF_V3,ONCO_PANEL,STAT,2026-03-18T10:51:54Z,,0
CASE_00001683,SITE_A,WF_V3,GERMLINE,ROUTINE,2026-03-30T12:18:30Z,,0
CASE_00001684,SITE_A,WF_V3,PHARMA,ROUTINE,2025-12-02T08:13:21Z,,0
CASE_00001685,SITE_A,WF_V3,RARE_DISEASE,ROUTINE,2026-01-29T06:24:54Z,,0
CASE_00001686,SITE_A,WF_V3,ONCO_PANEL,ROUTINE,2026-04-08T18:38:51Z,,0
CASE_00001687,SITE_A,WF_V3,ONCO_PANEL,ROUTINE,2026-03-30T07:56:24Z,,0
CASE_00001688,SITE_A,WF_V3,ONCO_PANEL,ROUTINE,2026-01-15T23:45:13Z,,0
CASE_00001689,SITE_A,WF_V3,GERMLINE,ROUTINE,2025-06-12T00:54:57Z,,0
CASE_00001690,SITE_A,WF_V3,GERMLINE,ROUTINE,2025-07-03T12:22:05Z,,0
CASE_00001691,SITE_A,WF_V3,ONCO_PANEL,ROUTINE,2025-07-11T13:06:06Z,,0
CASE_00001692,SITE_A,WF_V3,RARE_DISEASE,ROUTINE,2026-03-03T16:45:06Z,,0
CASE_00001693,SITE_A,WF_V3,ONCO_PANEL,ROUTINE,2026-01-18T22:14:09Z,,0
CASE_00001694,SITE_A,WF_V3,RARE_DISEASE,ROUTINE,2025-07-25T07:57:41Z,,0
CASE_00001695,SITE_A,WF_V3,GERMLINE,ROUTINE,2026-03-13T19:19:07Z,,0
CASE_00001696,SITE_A,WF_V3,ONCO_PANEL,ROUTINE,2025-09-25T18:17:35Z,,0
CASE_00001697,SITE_A,WF_V3,RARE_DISEASE,ROUTINE,2026-05-09T03:01:05Z,,0
CASE_00001698,SITE_A,WF_V3,PHARMA,ROUTINE,2026-05-09T11:55:30Z,,0
CASE_00001699,SITE_A,WF_V3,GERMLINE,ROUTINE,2025-11-20T11:05:48Z,,0
CASE_00001700,SITE_A,WF_V3,ONCO_PANEL,ROUTINE,2026-03-14T04:17:32Z,,0
CASE_00001701,SITE_A,WF_V3,PHARMA,ROUTINE,2026-05-12T17:33:00Z,,0
CASE_00001702,SITE_A,WF_V3,ONCO_PANEL,ROUTINE,2025-08-25T14:54:22Z,,0
CASE_00001703,SITE_A,WF_V3,RARE_DISEASE,ROUTINE,2026-04-07T14:25:28Z,,0
CASE_00001704,SITE_A,WF_V3,ONCO_PANEL,STAT,2025-12-21T16:57:12Z,,0
CASE_00001705,SITE_A,WF_V3,RARE_DISEASE,STAT,2025-06-18T08:07:41Z,,0
CASE_00001706,SITE_A,WF_V3,GERMLINE,ROUTINE,2026-04-08T18:37:11Z,,0
CASE_00001707,SITE_A,WF_V3,RARE_DISEASE,STAT,2025-06-26T01:26:08Z,,0
CASE_00001708,SITE_A,WF_V3,RARE_DISEASE,ROUTINE,2025-09-22T08:21:17Z,,0
CASE_00001709,SITE_A,WF_V3,ONCO_PANEL,ROUTINE,2026-05-07T00:52:25Z,,0
CASE_00001710,SITE_A,WF_V3,ONCO_PANEL,STAT,2026-04-27T03:15:18Z,,0
CASE_00001711,SITE_A,WF_V3,GERMLINE,ROUTINE,2025-07-26T19:46:53Z,,0
CASE_00001712,SITE_A,WF_V3,ONCO_PANEL,STAT,2025-07-29T04:48:01Z,,0
CASE_00001713,SITE_A,WF_V3,GERMLINE,ROUTINE,2026-03-25T10:16:08Z,,0
CASE_00001714,SITE_A,WF_V3,RARE_DISEASE,ROUTINE,2025-10-22T05:28:23Z,,0
CASE_00001715,SITE_A,WF_V3,RARE_DISEASE,ROUTINE,2026-05-28T13:20:34Z,,0
CASE_00001716,SITE_A,WF_V3,RARE_DISEASE,ROUTINE,2026-02-04T22:35:21Z,,0
CASE_00001717,SITE_A,WF_V3,ONCO_PANEL,ROUTINE,2026-02-25T15:48:55Z,,0
CASE_00001718,SITE_A,WF_V3,GERMLINE,ROUTINE,2025-06-11T03:39:19Z,,0
CASE_00001719,SITE_A,WF_V3,PHARMA,ROUTINE,2026-05-12T23:17:19Z,,0
CASE_00001720,SITE_A,WF_V3,RARE_DISEASE,ROUTINE,2025-08-26T12:03:51Z,,0
CASE_00001721,SITE_A,WF_V3,GERMLINE,ROUTINE,2025-07-28T20:15:57Z,,0
CASE_00001722,SITE_A,WF_V3,ONCO_PANEL,ROUTINE,2025-11-22T14:42:54Z,,0
CASE_00001723,SITE_A,WF_V3,RARE_DISEASE,ROUTINE,2025-08-13T09:33:17Z,,0
CASE_00001724,SITE_A,WF_V3,RARE_DISEASE,ROUTINE,2025-08-06T11:14:45Z,,0
CASE_00001725,SITE_A,WF_V3,RARE_DISEASE,ROUTINE,2026-03-28T13:25:32Z,,0
CASE_00001726,SITE_A,WF_V3,GERMLINE,ROUTINE,2026-05-23T17:08:27Z,,0
CASE_00001727,SITE_A,WF_V3,GERMLINE,ROUTINE,2025-07-27T10:36:00Z,,0
CASE_00001728,SITE_A,WF_V3,PHARMA,ROUTINE,2025-10-28T10:16:06Z,,0
CASE_00001729,SITE_A,WF_V3,RARE_DISEASE,ROUTINE,2025-10-30T07:44:44Z,,0
CASE_00001730,SITE_A,WF_V3,RARE_DISEASE,STAT,2026-03-09T13:44:06Z,,0
CASE_00001731,SITE_A,WF_V3,RARE_DISEASE,ROUTINE,2025-07-21T03:35:56Z,,0
CASE_00001732,SITE_A,WF_V3,RARE_DISEASE,ROUTINE,2025-11-26T07:25:03Z,,0
CASE_00001733,SITE_A,WF_V3,RARE_DISEASE,ROUTINE,2025-08-16T13:35:03Z,,0
CASE_00001734,SITE_A,WF_V3,GERMLINE,ROUTINE,2026-05-19T16:02:51Z,,0
CASE_00001735,SITE_A,WF_V3,ONCO_PANEL,ROUTINE,2025-09-23T23:34:10Z,,0
CASE_00001736,SITE_A,WF_V3,ONCO_PANEL,ROUTINE,2025-12-21T06:13:42Z,,0
CASE_00001737,SITE_A,WF_V3,ONCO_PANEL,ROUTINE,2025-07-25T08:17:08Z,,0
CASE_00001738,SITE_A,WF_V3,GERMLINE,STAT,2025-11-02T00:05:18Z,,0
CASE_00001739,SITE_A,WF_V3,ONCO_PANEL,ROUTINE,2025-11-25T20:31:10Z,,0
CASE_00001740,SITE_A,WF_V3,GERMLINE,ROUTINE,2026-04-15T19:20:03Z,,0
CASE_00001741,SITE_A,WF_V3,RARE_DISEASE,ROUTINE,2025-09-04T05:32:42Z,,0
CASE_00001742,SITE_A,WF_V3,PHARMA,ROUTINE,2025-07-07T11:06:45Z,,0
CASE_00001743,SITE_A,WF_V3,PHARMA,ROUTINE,2026-02-24T08:35:04Z,,0
CASE_00001744,SITE_A,WF_V3,RARE_DISEASE,STAT,2025-11-14T18:21:24Z,,0
CASE_00001745,SITE_A,WF_V3,RARE_DISEASE,ROUTINE,2025-07-13T09:37:33Z,,0
CASE_00001746,SITE_A,WF_V3,ONCO_PANEL,ROUTINE,2026-02-16T18:01:34Z,,0
CASE_00001747,SITE_A,WF_V4,RARE_DISEASE,ROUTINE,2026-02-02T20:59:54Z,2026-02-07T22:28:36Z,1
CASE_00001748,SITE_A,WF_V4,RARE_DISEASE,ROUTINE,2026-01-14T03:41:24Z,2026-01-19T09:25:18Z,1
CASE_00001749,SITE_A,WF_V4,ONCO_PANEL,ROUTINE,2026-04-21T12:26:42Z,2026-04-26T10:58:08Z,1
CASE_00001750,SITE_A,WF_V4,RARE_DISEASE,ROUTINE,2026-03-20T03:13:34Z,2026-03-24T13:17:17Z,1
CASE_00001751,SITE_A,WF_V4,ONCO_PANEL,STAT,2026-04-12T02:27:03Z,2026-04-14T06:38:25Z,1
CASE_00001752,SITE_A,WF_V4,GERMLINE,STAT,2026-03-07T18:00:25Z,2026-03-10T06:18:24Z,1
CASE_00001753,SITE_A,WF_V4,GERMLINE,ROUTINE,2026-02-17T01:07:41Z,2026-02-22T17:31:10Z,1
CASE_00001754,SITE_A,WF_V4,ONCO_PANEL,STAT,2026-04-06T19:01:59Z,2026-04-09T05:52:54Z,1
CASE_00001755,SITE_B,WF_V1,GERMLINE,STAT,2024-04-05T23:23:38Z,2024-04-10T08:06:05Z,1
CASE_00001756,SITE_B,WF_V1,GERMLINE,ROUTINE,2024-01-29T22:21:05Z,2024-02-06T16:08:27Z,1
CASE_00001757,SITE_B,WF_V1,GERMLINE,ROUTINE,2024-03-09T13:56:43Z,2024-03-17T06:06:32Z,1
CASE_00001758,SITE_B,WF_V1,GERMLINE,ROUTINE,2024-04-05T12:54:32Z,2024-04-13T21:25:41Z,1
CASE_00001759,SITE_B,WF_V1,ONCO_PANEL,ROUTINE,2024-06-18T19:44:39Z,2024-06-25T05:07:42Z,1
CASE_00001760,SITE_B,WF_V1,GERMLINE,ROUTINE,2024-05-17T19:08:10Z,2024-05-26T02:50:38Z,1
CASE_00001761,SITE_B,WF_V1,ONCO_PANEL,ROUTINE,2024-07-20T15:01:46Z,2024-07-27T20:27:15Z,1
CASE_00001762,SITE_B,WF_V1,ONCO_PANEL,ROUTINE,2024-02-09T20:44:56Z,2024-02-15T16:24:45Z,1
CASE_00001763,SITE_B,WF_V1,RARE_DISEASE,ROUTINE,2024-07-16T09:51:44Z,2024-07-24T14:00:23Z,1
CASE_00001764,SITE_B,WF_V1,GERMLINE,ROUTINE,2024-07-27T18:23:33Z,2024-08-05T16:04:41Z,1
CASE_00001765,SITE_B,WF_V1,GERMLINE,ROUTINE,2024-02-24T04:35:12Z,2024-03-02T21:07:20Z,1
CASE_00001766,SITE_B,WF_V1,GERMLINE,ROUTINE,2024-02-23T03:48:59Z,2024-03-02T04:28:03Z,1
CASE_00001767,SITE_B,WF_V1,RARE_DISEASE,ROUTINE,2024-07-07T19:49:48Z,2024-07-14T11:48:19Z,1
CASE_00001768,SITE_B,WF_V1,ONCO_PANEL,ROUTINE,2024-01-24T06:37:17Z,2024-01-29T02:52:03Z,1
CASE_00001769,SITE_B,WF_V1,PHARMA,STAT,2024-01-26T21:16:17Z,2024-01-29T01:10:56Z,1
CASE_00001770,SITE_B,WF_V1,RARE_DISEASE,ROUTINE,2024-06-27T20:58:58Z,2024-07-05T10:37:19Z,1
CASE_00001771,SITE_B,WF_V1,PHARMA,ROUTINE,2024-07-23T01:05:46Z,2024-07-29T08:38:14Z,1
CASE_00001772,SITE_B,WF_V1,ONCO_PANEL,ROUTINE,2024-03-21T23:04:42Z,2024-03-30T13:33:03Z,1
CASE_00001773,SITE_B,WF_V1,GERMLINE,ROUTINE,2024-07-08T02:45:01Z,2024-07-17T02:34:11Z,1
CASE_00001774,SITE_B,WF_V1,GERMLINE,ROUTINE,2024-01-22T00:59:02Z,2024-01-31T13:15:50Z,1
CASE_00001775,SITE_B,WF_V1,GERMLINE,ROUTINE,2024-04-10T19:45:01Z,2024-04-18T21:09:28Z,1
CASE_00001776,SITE_B,WF_V1,RARE_DISEASE,ROUTINE,2024-06-21T04:07:01Z,2024-06-27T02:49:16Z,1
CASE_00001777,SITE_B,WF_V1,GERMLINE,ROUTINE,2024-02-02T22:26:47Z,2024-02-15T14:21:22Z,1
CASE_00001778,SITE_B,WF_V1,RARE_DISEASE,STAT,2024-04-30T11:42:01Z,2024-05-04T00:35:38Z,1
CASE_00001779,SITE_B,WF_V1,ONCO_PANEL,ROUTINE,2024-02-12T08:39:45Z,2024-02-18T16:31:36Z,1
CASE_00001780,SITE_B,WF_V1,ONCO_PANEL,ROUTINE,2024-03-25T01:08:50Z,2024-03-30T18:03:19Z,1
CASE_00001781,SITE_B,WF_V1,GERMLINE,ROUTINE,2024-02-28T07:32:40Z,2024-03-07T11:50:23Z,1
CASE_00001782,SITE_B,WF_V1,ONCO_PANEL,ROUTINE,2024-05-03T03:01:24Z,2024-06-09T19:54:48Z,1
CASE_00001783,SITE_B,WF_V1,ONCO_PANEL,ROUTINE,2024-01-19T04:33:00Z,2024-01-25T03:04:54Z,1
CASE_00001784,SITE_B,WF_V1,ONCO_PANEL,ROUTINE,2024-06-25T05:05:57Z,2024-07-01T17:38:12Z,1
CASE_00001785,SITE_B,WF_V1,ONCO_PANEL,ROUTINE,2024-04-02T07:25:55Z,2024-04-08T22:09:51Z,1
CASE_00001786,SITE_B,WF_V1,RARE_DISEASE,ROUTINE,2024-01-20T17:00:59Z,2024-01-28T03:08:21Z,1
CASE_00001787,SITE_B,WF_V1,RARE_DISEASE,ROUTINE,2024-05-18T02:14:46Z,2024-05-25T10:44:14Z,1
CASE_00001788,SITE_B,WF_V1,RARE_DISEASE,ROUTINE,2024-04-30T09:45:49Z,2024-05-07T18:40:02Z,1
CASE_00001789,SITE_B,WF_V1,RARE_DISEASE,STAT,2024-03-15T22:17:03Z,2024-03-19T07:37:11Z,1
CASE_00001790,SITE_B,WF_V1,ONCO_PANEL,STAT,2024-03-23T21:14:52Z,2024-03-26T14:24:40Z,1
CASE_00001791,SITE_B,WF_V1,ONCO_PANEL,ROUTINE,2024-02-10T10:49:07Z,2024-02-15T20:29:06Z,1
CASE_00001792,SITE_B,WF_V1,ONCO_PANEL,ROUTINE,2024-06-29T10:52:11Z,2024-07-06T17:25:12Z,1
CASE_00001793,SITE_B,WF_V1,ONCO_PANEL,ROUTINE,2024-04-22T13:59:24Z,2024-04-28T14:38:10Z,1
CASE_00001794,SITE_B,WF_V1,ONCO_PANEL,STAT,2024-05-12T09:29:51Z,2024-05-15T02:57:32Z,1
CASE_00001795,SITE_B,WF_V1,ONCO_PANEL,ROUTINE,2024-03-05T10:06:34Z,2024-03-11T13:24:21Z,1
CASE_00001796,SITE_B,WF_V1,ONCO_PANEL,ROUTINE,2024-05-07T02:26:47Z,2024-05-13T03:46:34Z,1
CASE_00001797,SITE_B,WF_V1,PHARMA,ROUTINE,2024-07-08T16:54:17Z,2024-07-15T16:14:58Z,1
CASE_00001798,SITE_B,WF_V1,ONCO_PANEL,ROUTINE,2024-03-19T04:29:24Z,2024-03-25T07:49:43Z,1
CASE_00001799,SITE_B,WF_V1,RARE_DISEASE,ROUTINE,2024-05-05T17:46:15Z,2024-05-12T22:47:21Z,1
CASE_00001800,SITE_B,WF_V1,ONCO_PANEL,ROUTINE,2024-04-17T17:11:27Z,2024-04-24T05:37:16Z,1
CASE_00001801,SITE_B,WF_V1,ONCO_PANEL,STAT,2024-02-17T00:52:34Z,2024-02-19T17:57:33Z,1
CASE_00001802,SITE_B,WF_V1,PHARMA,ROUTINE,2024-06-06T06:54:55Z,2024-06-11T03:53:09Z,1
CASE_00001803,SITE_B,WF_V1,GERMLINE,ROUTINE,2024-04-03T17:17:40Z,2024-04-16T17:49:52Z,1
CASE_00001804,SITE_B,WF_V1,ONCO_PANEL,ROUTINE,2024-04-09T00:36:48Z,2024-04-14T19:13:06Z,1
CASE_00001805,SITE_B,WF_V1,GERMLINE,ROUTINE,2024-05-26T05:45:43Z,2024-06-03T11:02:40Z,1
CASE_00001806,SITE_B,WF_V1,ONCO_PANEL,ROUTINE,2024-04-05T23:04:00Z,2024-04-13T07:39:06Z,1
CASE_00001807,SITE_B,WF_V1,RARE_DISEASE,STAT,2024-01-20T23:24:49Z,2024-01-24T16:29:21Z,1
CASE_00001808,SITE_B,WF_V1,RARE_DISEASE,ROUTINE,2024-06-28T18:06:14Z,2024-07-06T16:04:18Z,1
CASE_00001809,SITE_B,WF_V1,ONCO_PANEL,ROUTINE,2024-07-24T05:38:55Z,2024-07-30T14:49:32Z,1
CASE_00001810,SITE_B,WF_V1,ONCO_PANEL,ROUTINE,2024-03-01T22:44:29Z,2024-03-09T11:52:03Z,1
CASE_00001811,SITE_B,WF_V1,PHARMA,ROUTINE,2024-04-10T22:19:54Z,2024-04-16T23:30:24Z,1
CASE_00001812,SITE_B,WF_V1,RARE_DISEASE,ROUTINE,2024-05-06T21:50:32Z,2024-05-15T00:28:57Z,1
CASE_00001813,SITE_B,WF_V1,RARE_DISEASE,ROUTINE,2024-06-03T06:30:18Z,2024-06-10T13:50:58Z,1
CASE_00001814,SITE_B,WF_V1,ONCO_PANEL,STAT,2024-01-31T04:52:38Z,2024-02-03T04:51:37Z,1
CASE_00001815,SITE_B,WF_V1,ONCO_PANEL,ROUTINE,2024-05-12T07:32:32Z,2024-05-19T17:57:30Z,1
CASE_00001816,SITE_B,WF_V1,ONCO_PANEL,ROUTINE,2024-07-26T02:11:20Z,2024-08-01T10:13:02Z,1
CASE_00001817,SITE_B,WF_V1,GERMLINE,STAT,2024-07-02T01:09:44Z,2024-07-06T07:35:14Z,1
CASE_00001818,SITE_B,WF_V1,RARE_DISEASE,STAT,2024-02-16T08:02:18Z,2024-02-20T00:36:11Z,1
CASE_00001819,SITE_B,WF_V1,RARE_DISEASE,ROUTINE,2024-07-22T00:07:46Z,2024-07-30T15:01:03Z,1
CASE_00001820,SITE_B,WF_V1,RARE_DISEASE,ROUTINE,2024-02-22T09:31:49Z,2024-03-01T15:43:32Z,1
CASE_00001821,SITE_B,WF_V1,ONCO_PANEL,ROUTINE,2024-04-16T07:22:06Z,2024-04-22T18:54:32Z,1
CASE_00001822,SITE_B,WF_V1,ONCO_PANEL,ROUTINE,2024-06-08T19:37:26Z,2024-06-14T17:40:24Z,1
CASE_00001823,SITE_B,WF_V1,ONCO_PANEL,STAT,2024-03-28T19:34:11Z,2024-03-31T08:36:23Z,1
CASE_00001824,SITE_B,WF_V1,ONCO_PANEL,ROUTINE,2024-05-02T15:14:11Z,2024-05-10T06:10:40Z,1
CASE_00001825,SITE_B,WF_V1,ONCO_PANEL,ROUTINE,2024-03-15T16:13:19Z,2024-03-21T13:26:52Z,1
CASE_00001826,SITE_B,WF_V1,GERMLINE,ROUTINE,2024-02-18T02:12:45Z,2024-02-27T11:56:14Z,1
CASE_00001827,SITE_B,WF_V1,RARE_DISEASE,ROUTINE,2024-03-01T07:28:41Z,2024-03-10T05:27:22Z,1
CASE_00001828,SITE_B,WF_V1,GERMLINE,STAT,2024-06-07T15:08:10Z,2024-06-11T08:39:06Z,1
CASE_00001829,SITE_B,WF_V1,ONCO_PANEL,ROUTINE,2024-04-19T04:13:19Z,2024-04-25T22:47:01Z,1
CASE_00001830,SITE_B,WF_V1,RARE_DISEASE,ROUTINE,2024-07-06T18:50:13Z,2024-07-14T16:07:32Z,1
CASE_00001831,SITE_B,WF_V1,ONCO_PANEL,STAT,2024-05-17T20:18:08Z,2024-05-20T17:39:33Z,1
CASE_00001832,SITE_B,WF_V1,PHARMA,ROUTINE,2024-05-26T02:55:44Z,2024-05-31T06:49:58Z,1
CASE_00001833,SITE_B,WF_V1,ONCO_PANEL,ROUTINE,2024-02-17T13:31:55Z,2024-02-23T14:41:25Z,1
CASE_00001834,SITE_B,WF_V1,GERMLINE,STAT,2024-04-10T21:42:43Z,2024-04-14T18:35:12Z,1
CASE_00001835,SITE_B,WF_V1,GERMLINE,ROUTINE,2024-03-07T06:29:51Z,2024-03-14T22:43:34Z,1
CASE_00001836,SITE_B,WF_V1,RARE_DISEASE,STAT,2024-02-13T08:15:28Z,2024-02-17T03:36:55Z,1
CASE_00001837,SITE_B,WF_V1,GERMLINE,ROUTINE,2024-06-18T08:55:35Z,2024-06-27T02:31:36Z,1
CASE_00001838,SITE_B,WF_V1,RARE_DISEASE,ROUTINE,2024-05-29T02:29:23Z,2024-06-05T17:11:34Z,1
CASE_00001839,SITE_B,WF_V1,ONCO_PANEL,ROUTINE,2024-02-14T01:25:42Z,2024-02-21T05:18:27Z,1
CASE_00001840,SITE_B,WF_V1,GERMLINE,ROUTINE,2024-03-02T02:50:09Z,2024-03-10T16:17:41Z,1
CASE_00001841,SITE_B,WF_V1,ONCO_PANEL,ROUTINE,2024-05-10T13:48:05Z,2024-05-17T05:20:42Z,1
CASE_00001842,SITE_B,WF_V1,ONCO_PANEL,ROUTINE,2024-06-01T05:56:27Z,2024-06-06T23:33:32Z,1
CASE_00001843,SITE_B,WF_V1,PHARMA,STAT,2024-01-18T20:49:37Z,2024-01-22T00:32:21Z,1
CASE_00001844,SITE_B,WF_V1,ONCO_PANEL,ROUTINE,2024-02-09T21:03:58Z,2024-02-17T04:07:27Z,1
CASE_00001845,SITE_B,WF_V1,GERMLINE,ROUTINE,2024-06-07T21:46:40Z,2024-06-16T05:17:37Z,1
CASE_00001846,SITE_B,WF_V1,GERMLINE,ROUTINE,2024-06-20T19:45:26Z,2024-06-29T01:59:31Z,1
CASE_00001847,SITE_B,WF_V1,RARE_DISEASE,ROUTINE,2024-02-04T12:33:15Z,2024-02-12T03:41:29Z,1
CASE_00001848,SITE_B,WF_V1,ONCO_PANEL,ROUTINE,2024-05-17T03:18:01Z,2024-05-23T07:51:50Z,1
CASE_00001849,SITE_B,WF_V1,RARE_DISEASE,ROUTINE,2024-04-29T17:42:20Z,2024-05-06T21:33:35Z,1
CASE_00001850,SITE_B,WF_V1,GERMLINE,ROUTINE,2024-01-30T17:28:55Z,2024-02-08T07:47:55Z,1
CASE_00001851,SITE_B,WF_V1,ONCO_PANEL,ROUTINE,2024-04-19T12:55:48Z,2024-04-25T21:33:01Z,1
CASE_00001852,SITE_B,WF_V1,GERMLINE,ROUTINE,2024-04-27T10:37:28Z,2024-05-06T02:20:27Z,1
CASE_00001853,SITE_B,WF_V1,RARE_DISEASE,ROUTINE,2024-01-22T22:59:09Z,2024-01-30T06:17:36Z,1
CASE_00001854,SITE_B,WF_V1,ONCO_PANEL,STAT,2024-06-01T21:12:45Z,2024-06-04T11:03:53Z,1
CASE_00001855,SITE_B,WF_V1,ONCO_PANEL,ROUTINE,2024-05-17T17:47:08Z,2024-05-24T00:19:09Z,1
CASE_00001856,SITE_B,WF_V1,RARE_DISEASE,ROUTINE,2024-05-22T08:36:47Z,2024-05-29T19:56:18Z,1
CASE_00001857,SITE_B,WF_V1,RARE_DISEASE,ROUTINE,2024-05-06T13:33:00Z,2024-05-13T17:23:55Z,1
CASE_00001858,SITE_B,WF_V1,ONCO_PANEL,ROUTINE,2024-05-05T10:33:53Z,2024-05-12T12:31:02Z,1
CASE_00001859,SITE_B,WF_V1,GERMLINE,ROUTINE,2024-02-04T19:03:45Z,2024-02-15T04:54:25Z,1
CASE_00001860,SITE_B,WF_V1,RARE_DISEASE,STAT,2024-05-10T03:38:57Z,2024-05-13T22:21:56Z,1
CASE_00001861,SITE_B,WF_V1,PHARMA,STAT,2024-01-31T06:42:02Z,2024-02-02T06:28:00Z,1
CASE_00001862,SITE_B,WF_V1,ONCO_PANEL,ROUTINE,2024-04-25T21:03:48Z,2024-05-01T12:04:03Z,1
CASE_00001863,SITE_B,WF_V1,RARE_DISEASE,ROUTINE,2024-07-26T12:23:28Z,2024-08-02T12:54:58Z,1
CASE_00001864,SITE_B,WF_V1,GERMLINE,ROUTINE,2024-04-20T00:23:49Z,2024-04-27T01:13:49Z,1
CASE_00001865,SITE_B,WF_V1,ONCO_PANEL,STAT,2024-06-17T02:03:39Z,2024-06-20T07:48:32Z,1
CASE_00001866,SITE_B,WF_V1,PHARMA,ROUTINE,2024-04-04T06:35:03Z,2024-04-09T21:51:03Z,1
CASE_00001867,SITE_B,WF_V1,ONCO_PANEL,ROUTINE,2024-03-08T23:28:30Z,2024-03-15T12:21:11Z,1
CASE_00001868,SITE_B,WF_V1,RARE_DISEASE,STAT,2024-05-11T18:14:12Z,2024-05-15T16:34:09Z,1
CASE_00001869,SITE_B,WF_V1,PHARMA,ROUTINE,2024-05-15T20:51:07Z,2024-05-21T15:52:15Z,1
CASE_00001870,SITE_B,WF_V1,ONCO_PANEL,ROUTINE,2024-06-04T21:15:08Z,2024-06-11T21:17:54Z,1
CASE_00001871,SITE_B,WF_V1,ONCO_PANEL,ROUTINE,2024-02-03T05:09:04Z,2024-02-10T09:24:02Z,1
CASE_00001872,SITE_B,WF_V1,GERMLINE,ROUTINE,2024-02-27T21:55:28Z,2024-03-06T11:12:55Z,1
CASE_00001873,SITE_B,WF_V1,ONCO_PANEL,ROUTINE,2024-04-17T21:03:11Z,2024-04-24T08:25:12Z,1
CASE_00001874,SITE_B,WF_V1,RARE_DISEASE,ROUTINE,2024-03-24T03:51:17Z,2024-03-30T22:24:57Z,1
CASE_00001875,SITE_B,WF_V1,RARE_DISEASE,ROUTINE,2024-01-28T17:37:50Z,2024-02-04T23:01:14Z,1
CASE_00001876,SITE_B,WF_V1,GERMLINE,ROUTINE,2024-05-01T18:45:32Z,2024-05-11T09:12:40Z,1
CASE_00001877,SITE_B,WF_V1,ONCO_PANEL,ROUTINE,2024-04-09T20:08:28Z,2024-04-16T21:36:14Z,1
CASE_00001878,SITE_B,WF_V1,RARE_DISEASE,ROUTINE,2024-02-11T19:18:34Z,2024-02-19T07:07:53Z,1
CASE_00001879,SITE_B,WF_V1,PHARMA,ROUTINE,2024-02-11T21:55:08Z,2024-02-18T04:33:36Z,1
CASE_00001880,SITE_B,WF_V1,GERMLINE,ROUTINE,2024-03-06T12:37:53Z,2024-03-15T16:51:34Z,1
CASE_00001881,SITE_B,WF_V1,RARE_DISEASE,ROUTINE,2024-01-26T20:15:45Z,2024-03-20T22:47:12Z,1
CASE_00001882,SITE_B,WF_V1,RARE_DISEASE,ROUTINE,2024-04-11T23:34:21Z,2024-05-12T11:24:44Z,1
CASE_00001883,SITE_B,WF_V1,RARE_DISEASE,ROUTINE,2024-02-13T00:36:00Z,2024-02-21T00:18:18Z,1
CASE_00001884,SITE_B,WF_V1,PHARMA,ROUTINE,2024-05-10T01:19:11Z,2024-05-15T02:40:20Z,1
CASE_00001885,SITE_B,WF_V1,GERMLINE,ROUTINE,2024-03-15T01:23:48Z,2024-03-23T10:23:01Z,1
CASE_00001886,SITE_B,WF_V1,PHARMA,ROUTINE,2024-06-21T12:49:33Z,2024-06-27T02:43:36Z,1
CASE_00001887,SITE_B,WF_V1,RARE_DISEASE,STAT,2024-03-29T10:49:49Z,2024-04-01T12:31:17Z,1
CASE_00001888,SITE_B,WF_V1,ONCO_PANEL,ROUTINE,2024-02-26T10:07:25Z,2024-03-04T12:12:38Z,1
CASE_00001889,SITE_B,WF_V1,PHARMA,ROUTINE,2024-02-16T13:55:08Z,2024-02-22T05:32:38Z,1
CASE_00001890,SITE_B,WF_V1,ONCO_PANEL,ROUTINE,2024-01-17T20:40:10Z,2024-01-24T09:57:38Z,1
CASE_00001891,SITE_B,WF_V1,ONCO_PANEL,STAT,2024-04-11T15:12:03Z,2024-04-14T11:06:42Z,1
CASE_00001892,SITE_B,WF_V1,ONCO_PANEL,ROUTINE,2024-01-26T12:23:57Z,2024-02-01T16:28:23Z,1
CASE_00001893,SITE_B,WF_V1,GERMLINE,ROUTINE,2024-04-14T14:01:55Z,2024-04-22T07:57:42Z,1
CASE_00001894,SITE_B,WF_V1,ONCO_PANEL,ROUTINE,2024-04-08T17:17:11Z,2024-04-15T02:02:03Z,1
CASE_00001895,SITE_B,WF_V1,ONCO_PANEL,ROUTINE,2024-05-07T22:08:19Z,2024-05-13T16:34:21Z,1
CASE_00001896,SITE_B,WF_V1,ONCO_PANEL,ROUTINE,2024-06-25T00:49:44Z,2024-07-02T04:22:16Z,1
CASE_00001897,SITE_B,WF_V1,RARE_DISEASE,ROUTINE,2024-03-23T01:27:37Z,2024-03-29T13:29:21Z,1
CASE_00001898,SITE_B,WF_V1,ONCO_PANEL,ROUTINE,2024-07-15T21:38:48Z,2024-07-22T21:58:07Z,1
CASE_00001899,SITE_B,WF_V1,PHARMA,ROUTINE,2024-06-23T19:46:32Z,2024-06-29T00:20:06Z,1
CASE_00001900,SITE_B,WF_V1,GERMLINE,ROUTINE,2024-07-21T12:09:21Z,2024-07-29T10:20:32Z,1
CASE_00001901,SITE_B,WF_V1,ONCO_PANEL,STAT,2024-06-19T01:32:47Z,2024-06-21T20:16:28Z,1
CASE_00001902,SITE_B,WF_V1,GERMLINE,ROUTINE,2024-04-27T08:50:10Z,2024-05-05T09:10:48Z,1
CASE_00001903,SITE_B,WF_V1,RARE_DISEASE,ROUTINE,2024-06-21T23:41:30Z,2024-06-30T01:39:40Z,1
CASE_00001904,SITE_B,WF_V1,RARE_DISEASE,ROUTINE,2024-07-20T13:29:45Z,2024-07-28T17:14:58Z,1
CASE_00001905,SITE_B,WF_V1,ONCO_PANEL,ROUTINE,2024-07-01T12:59:05Z,2024-07-07T11:47:35Z,1
CASE_00001906,SITE_B,WF_V1,ONCO_PANEL,ROUTINE,2024-05-22T10:01:35Z,2024-05-29T00:50:06Z,1
CASE_00001907,SITE_B,WF_V1,PHARMA,ROUTINE,2024-06-27T10:00:40Z,2024-07-03T05:35:35Z,1
CASE_00001908,SITE_B,WF_V1,GERMLINE,ROUTINE,2024-03-15T02:00:44Z,2024-03-24T03:05:49Z,1
CASE_00001909,SITE_B,WF_V1,ONCO_PANEL,ROUTINE,2024-01-20T11:11:31Z,2024-01-27T04:40:46Z,1
CASE_00001910,SITE_B,WF_V1,GERMLINE,ROUTINE,2024-04-29T16:10:35Z,2024-05-07T13:20:27Z,1
CASE_00001911,SITE_B,WF_V1,PHARMA,ROUTINE,2024-05-27T02:14:46Z,2024-06-01T10:15:39Z,1
CASE_00001912,SITE_B,WF_V1,RARE_DISEASE,ROUTINE,2024-03-11T19:01:26Z,2024-03-20T05:33:52Z,1
CASE_00001913,SITE_B,WF_V1,GERMLINE,ROUTINE,2024-07-22T21:14:05Z,2024-08-01T22:29:05Z,1
CASE_00001914,SITE_B,WF_V1,RARE_DISEASE,ROUTINE,2024-06-02T04:14:44Z,2024-06-10T09:59:56Z,1
CASE_00001915,SITE_B,WF_V1,ONCO_PANEL,STAT,2024-06-18T00:36:13Z,2024-06-21T20:26:02Z,1
CASE_00001916,SITE_B,WF_V1,ONCO_PANEL,STAT,2024-07-14T00:44:29Z,2024-07-17T01:48:36Z,1
CASE_00001917,SITE_B,WF_V1,RARE_DISEASE,ROUTINE,2024-06-12T00:48:32Z,2024-06-20T07:27:23Z,1
CASE_00001918,SITE_B,WF_V1,GERMLINE,ROUTINE,2024-06-13T23:32:15Z,2024-06-21T06:37:06Z,1
CASE_00001919,SITE_B,WF_V1,PHARMA,ROUTINE,2024-04-22T05:01:51Z,2024-04-28T04:24:15Z,1
CASE_00001920,SITE_B,WF_V1,ONCO_PANEL,ROUTINE,2024-02-29T05:40:22Z,2024-03-05T19:23:28Z,1
CASE_00001921,SITE_B,WF_V1,RARE_DISEASE,ROUTINE,2024-03-12T04:59:10Z,2024-03-20T05:05:16Z,1
CASE_00001922,SITE_B,WF_V1,GERMLINE,ROUTINE,2024-07-19T20:09:29Z,2024-07-27T08:15:40Z,1
CASE_00001923,SITE_B,WF_V1,ONCO_PANEL,ROUTINE,2024-03-14T07:21:27Z,2024-03-22T03:47:34Z,1
CASE_00001924,SITE_B,WF_V1,PHARMA,ROUTINE,2024-06-13T08:41:17Z,2024-06-19T10:49:54Z,1
CASE_00001925,SITE_B,WF_V1,ONCO_PANEL,ROUTINE,2024-03-11T20:20:54Z,2024-03-18T19:52:29Z,1
CASE_00001926,SITE_B,WF_V1,RARE_DISEASE,ROUTINE,2024-03-29T01:10:53Z,2024-04-05T13:00:10Z,1
CASE_00001927,SITE_B,WF_V1,GERMLINE,ROUTINE,2024-04-02T09:40:04Z,2024-04-10T07:48:45Z,1
CASE_00001928,SITE_B,WF_V1,RARE_DISEASE,ROUTINE,2024-06-27T10:04:51Z,2024-07-05T17:05:30Z,1
CASE_00001929,SITE_B,WF_V1,ONCO_PANEL,ROUTINE,2024-03-27T01:13:39Z,2024-04-02T06:06:24Z,1
CASE_00001930,SITE_B,WF_V1,GERMLINE,ROUTINE,2024-04-02T12:34:54Z,2024-04-09T13:48:06Z,1
CASE_00001931,SITE_B,WF_V1,GERMLINE,ROUTINE,2024-01-19T22:17:25Z,2024-01-27T18:17:47Z,1
CASE_00001932,SITE_B,WF_V1,ONCO_PANEL,ROUTINE,2024-04-21T12:26:00Z,2024-04-28T01:48:59Z,1
CASE_00001933,SITE_B,WF_V1,ONCO_PANEL,ROUTINE,2024-05-29T08:09:44Z,2024-06-04T22:20:21Z,1
CASE_00001934,SITE_B,WF_V1,GERMLINE,ROUTINE,2024-03-13T23:15:00Z,2024-03-22T02:55:50Z,1
CASE_00001935,SITE_B,WF_V1,ONCO_PANEL,ROUTINE,2024-03-15T00:42:15Z,2024-03-20T20:40:39Z,1
CASE_00001936,SITE_B,WF_V1,GERMLINE,ROUTINE,2024-02-12T01:19:35Z,2024-02-19T23:40:59Z,1
CASE_00001937,SITE_B,WF_V1,RARE_DISEASE,ROUTINE,2024-01-21T11:09:10Z,2024-01-29T18:31:19Z,1
CASE_00001938,SITE_B,WF_V1,GERMLINE,ROUTINE,2024-06-04T00:53:39Z,2024-06-11T14:47:55Z,1
CASE_00001939,SITE_B,WF_V1,GERMLINE,ROUTINE,2024-05-22T08:03:40Z,2024-05-31T09:03:05Z,1
CASE_00001940,SITE_B,WF_V1,ONCO_PANEL,STAT,2024-02-23T19:31:43Z,2024-02-27T11:06:02Z,1
CASE_00001941,SITE_B,WF_V1,GERMLINE,STAT,2024-02-01T10:58:07Z,2024-02-05T13:37:15Z,1
CASE_00001942,SITE_B,WF_V1,ONCO_PANEL,ROUTINE,2024-05-17T05:49:42Z,2024-05-22T23:33:17Z,1
CASE_00001943,SITE_B,WF_V1,RARE_DISEASE,STAT,2024-07-08T12:28:39Z,2024-07-11T16:53:31Z,1
CASE_00001944,SITE_B,WF_V1,RARE_DISEASE,ROUTINE,2024-08-01T01:34:32Z,2024-08-09T20:30:16Z,1
CASE_00001945,SITE_B,WF_V1,GERMLINE,ROUTINE,2024-06-08T04:54:20Z,2024-06-16T00:52:58Z,1
CASE_00001946,SITE_B,WF_V1,RARE_DISEASE,ROUTINE,2024-02-12T05:40:56Z,2024-02-20T19:27:44Z,1
CASE_00001947,SITE_B,WF_V1,ONCO_PANEL,ROUTINE,2024-06-15T11:58:05Z,2024-06-21T16:06:04Z,1
CASE_00001948,SITE_B,WF_V1,RARE_DISEASE,ROUTINE,2024-06-27T17:48:32Z,2024-07-04T20:18:35Z,1
CASE_00001949,SITE_B,WF_V1,RARE_DISEASE,ROUTINE,2024-02-25T02:06:49Z,2024-03-03T23:59:51Z,1
CASE_00001950,SITE_B,WF_V1,ONCO_PANEL,ROUTINE,2024-03-17T13:09:00Z,2024-03-23T23:54:34Z,1
CASE_00001951,SITE_B,WF_V1,RARE_DISEASE,ROUTINE,2024-05-07T11:58:11Z,2024-05-15T17:40:49Z,1
CASE_00001952,SITE_B,WF_V1,ONCO_PANEL,ROUTINE,2024-03-23T02:19:13Z,2024-03-29T11:35:31Z,1
CASE_00001953,SITE_B,WF_V1,RARE_DISEASE,ROUTINE,2024-02-24T12:02:48Z,2024-03-02T18:11:53Z,1
CASE_00001954,SITE_B,WF_V1,ONCO_PANEL,ROUTINE,2024-04-28T08:15:09Z,2024-05-04T18:02:39Z,1
CASE_00001955,SITE_B,WF_V1,PHARMA,ROUTINE,2024-07-15T06:55:05Z,2024-07-20T14:51:31Z,1
CASE_00001956,SITE_B,WF_V1,GERMLINE,ROUTINE,2024-01-19T03:12:17Z,2024-01-27T06:55:09Z,1
CASE_00001957,SITE_B,WF_V1,ONCO_PANEL,STAT,2024-07-14T12:21:55Z,2024-07-18T04:37:40Z,1
CASE_00001958,SITE_B,WF_V1,RARE_DISEASE,ROUTINE,2024-03-12T17:26:06Z,2024-03-19T18:32:51Z,1
CASE_00001959,SITE_B,WF_V1,ONCO_PANEL,ROUTINE,2024-07-23T22:38:03Z,2024-07-30T16:16:03Z,1
CASE_00001960,SITE_B,WF_V1,RARE_DISEASE,ROUTINE,2024-02-12T09:51:52Z,2024-02-21T14:20:37Z,1
CASE_00001961,SITE_B,WF_V1,RARE_DISEASE,ROUTINE,2024-01-19T13:12:56Z,2024-01-27T04:19:59Z,1
CASE_00001962,SITE_B,WF_V1,RARE_DISEASE,ROUTINE,2024-05-21T19:43:07Z,2024-05-29T23:36:01Z,1
CASE_00001963,SITE_B,WF_V1,ONCO_PANEL,ROUTINE,2024-04-01T23:48:42Z,2024-04-07T20:00:12Z,1
CASE_00001964,SITE_B,WF_V1,RARE_DISEASE,ROUTINE,2024-05-21T11:24:50Z,2024-05-29T06:31:31Z,1
CASE_00001965,SITE_B,WF_V1,RARE_DISEASE,STAT,2024-02-06T02:56:15Z,2024-02-09T15:16:44Z,1
CASE_00001966,SITE_B,WF_V1,GERMLINE,ROUTINE,2024-05-21T10:11:55Z,2024-05-28T17:08:49Z,1
CASE_00001967,SITE_B,WF_V1,RARE_DISEASE,ROUTINE,2024-06-15T07:31:11Z,2024-06-22T19:19:44Z,1
CASE_00001968,SITE_B,WF_V1,PHARMA,ROUTINE,2024-07-19T11:02:00Z,2024-07-25T06:52:24Z,1
CASE_00001969,SITE_B,WF_V1,PHARMA,ROUTINE,2024-07-08T17:15:45Z,2024-07-14T01:27:07Z,1
CASE_00001970,SITE_B,WF_V1,RARE_DISEASE,ROUTINE,2024-06-18T15:35:26Z,2024-06-26T03:12:52Z,1
CASE_00001971,SITE_B,WF_V1,RARE_DISEASE,ROUTINE,2024-02-21T14:33:59Z,2024-02-28T21:22:06Z,1
CASE_00001972,SITE_B,WF_V1,GERMLINE,STAT,2024-02-23T16:31:24Z,2024-02-27T18:27:15Z,1
CASE_00001973,SITE_B,WF_V1,RARE_DISEASE,ROUTINE,2024-06-17T10:04:59Z,2024-06-25T06:37:16Z,1
CASE_00001974,SITE_B,WF_V1,GERMLINE,ROUTINE,2024-04-14T18:40:54Z,2024-04-23T17:34:18Z,1
CASE_00001975,SITE_B,WF_V1,GERMLINE,ROUTINE,2024-07-17T01:49:46Z,2024-07-26T14:17:05Z,1
CASE_00001976,SITE_B,WF_V1,PHARMA,STAT,2024-01-16T00:14:15Z,2024-01-18T15:22:18Z,1
CASE_00001977,SITE_B,WF_V1,ONCO_PANEL,ROUTINE,2024-06-06T03:46:21Z,2024-06-12T21:18:17Z,1
CASE_00001978,SITE_B,WF_V1,ONCO_PANEL,STAT,2024-07-29T02:36:36Z,2024-08-01T05:05:52Z,1
CASE_00001979,SITE_B,WF_V1,GERMLINE,ROUTINE,2024-01-15T17:02:04Z,2024-01-23T19:43:16Z,1
CASE_00001980,SITE_B,WF_V1,PHARMA,STAT,2024-01-31T03:29:59Z,2024-02-03T01:52:15Z,1
CASE_00001981,SITE_B,WF_V1,ONCO_PANEL,ROUTINE,2024-04-16T00:54:01Z,2024-04-22T03:28:42Z,1
CASE_00001982,SITE_B,WF_V1,RARE_DISEASE,ROUTINE,2024-05-08T01:51:24Z,2024-05-14T11:59:47Z,1
CASE_00001983,SITE_B,WF_V1,RARE_DISEASE,ROUTINE,2024-03-11T20:42:52Z,2024-03-19T13:49:59Z,1
CASE_00001984,SITE_B,WF_V1,ONCO_PANEL,ROUTINE,2024-04-17T20:11:39Z,2024-04-24T15:47:32Z,1
CASE_00001985,SITE_B,WF_V1,ONCO_PANEL,ROUTINE,2024-04-10T19:05:44Z,2024-04-17T21:01:19Z,1
CASE_00001986,SITE_B,WF_V1,RARE_DISEASE,STAT,2024-01-20T00:34:11Z,2024-01-23T06:33:33Z,1
CASE_00001987,SITE_B,WF_V1,GERMLINE,ROUTINE,2024-04-03T23:12:26Z,2024-04-12T04:39:32Z,1
CASE_00001988,SITE_B,WF_V1,RARE_DISEASE,ROUTINE,2024-02-22T01:37:45Z,2024-03-01T09:18:40Z,1
CASE_00001989,SITE_B,WF_V1,RARE_DISEASE,ROUTINE,2024-07-29T11:16:47Z,2024-08-05T10:45:30Z,1
CASE_00001990,SITE_B,WF_V1,ONCO_PANEL,ROUTINE,2024-03-10T05:27:18Z,2024-03-16T08:56:19Z,1
CASE_00001991,SITE_B,WF_V1,ONCO_PANEL,ROUTINE,2024-05-13T04:01:41Z,2024-05-18T19:30:43Z,1
CASE_00001992,SITE_B,WF_V1,ONCO_PANEL,STAT,2024-03-16T15:57:09Z,2024-03-20T06:50:28Z,1
CASE_00001993,SITE_B,WF_V1,RARE_DISEASE,ROUTINE,2024-03-26T00:03:58Z,2024-04-02T21:18:34Z,1
CASE_00001994,SITE_B,WF_V1,ONCO_PANEL,ROUTINE,2024-02-27T16:28:44Z,2024-03-05T12:58:26Z,1
CASE_00001995,SITE_B,WF_V1,RARE_DISEASE,STAT,2024-04-13T08:53:26Z,2024-04-17T10:09:18Z,1
CASE_00001996,SITE_B,WF_V1,GERMLINE,ROUTINE,2024-03-10T04:30:25Z,2024-03-19T08:36:55Z,1
CASE_00001997,SITE_B,WF_V1,GERMLINE,ROUTINE,2024-03-02T16:41:54Z,2024-03-10T13:03:17Z,1
CASE_00001998,SITE_B,WF_V1,RARE_DISEASE,ROUTINE,2024-04-20T01:30:19Z,2024-04-29T01:42:20Z,1
CASE_00001999,SITE_B,WF_V1,ONCO_PANEL,ROUTINE,2024-07-22T13:54:29Z,2024-07-29T01:52:57Z,1
CASE_00002000,SITE_B,WF_V1,ONCO_PANEL,ROUTINE,2024-03-17T02:57:32Z,2024-03-23T18:21:15Z,1
CASE_00002001,SITE_B,WF_V1,GERMLINE,ROUTINE,2024-06-16T05:34:57Z,2024-06-24T19:25:57Z,1
CASE_00002002,SITE_B,WF_V1,GERMLINE,ROUTINE,2024-05-27T04:48:06Z,2024-06-04T17:13:07Z,1
CASE_00002003,SITE_B,WF_V1,GERMLINE,STAT,2024-04-27T20:55:00Z,2024-05-01T16:38:46Z,1
CASE_00002004,SITE_B,WF_V1,ONCO_PANEL,STAT,2024-05-05T21:36:08Z,2024-05-09T05:39:34Z,1
CASE_00002005,SITE_B,WF_V1,GERMLINE,ROUTINE,2024-02-05T01:38:10Z,2024-02-13T11:20:54Z,1
CASE_00002006,SITE_B,WF_V1,ONCO_PANEL,ROUTINE,2024-03-23T23:23:38Z,2024-03-31T14:43:59Z,1
CASE_00002007,SITE_B,WF_V1,ONCO_PANEL,ROUTINE,2024-01-21T07:27:00Z,2024-01-26T20:39:22Z,1
CASE_00002008,SITE_B,WF_V1,PHARMA,ROUTINE,2024-05-26T02:11:20Z,2024-05-31T08:24:40Z,1
CASE_00002009,SITE_B,WF_V1,GERMLINE,ROUTINE,2024-05-13T18:34:42Z,2024-05-21T16:43:16Z,1
CASE_00002010,SITE_B,WF_V1,GERMLINE,ROUTINE,2024-02-09T15:37:47Z,2024-02-17T05:54:59Z,1
CASE_00002011,SITE_B,WF_V1,ONCO_PANEL,ROUTINE,2024-02-04T05:31:40Z,2024-02-11T05:03:59Z,1
CASE_00002012,SITE_B,WF_V1,ONCO_PANEL,ROUTINE,2024-07-28T22:09:33Z,2024-08-03T18:51:31Z,1
CASE_00002013,SITE_B,WF_V1,ONCO_PANEL,ROUTINE,2024-05-09T18:25:11Z,2024-05-16T23:35:53Z,1
CASE_00002014,SITE_B,WF_V1,GERMLINE,ROUTINE,2024-07-01T09:07:41Z,2024-07-09T06:13:45Z,1
CASE_00002015,SITE_B,WF_V1,GERMLINE,ROUTINE,2024-05-05T03:02:39Z,2024-05-14T07:44:46Z,1
CASE_00002016,SITE_B,WF_V1,ONCO_PANEL,ROUTINE,2024-02-25T00:42:42Z,2024-03-01T22:03:32Z,1
CASE_00002017,SITE_B,WF_V1,RARE_DISEASE,ROUTINE,2024-05-25T05:19:05Z,2024-06-03T07:03:33Z,1
CASE_00002018,SITE_B,WF_V1,RARE_DISEASE,STAT,2024-06-10T19:10:13Z,2024-06-14T12:21:58Z,1
CASE_00002019,SITE_B,WF_V1,GERMLINE,ROUTINE,2024-06-29T09:37:25Z,2024-07-07T23:41:04Z,1
CASE_00002020,SITE_B,WF_V1,RARE_DISEASE,ROUTINE,2024-04-03T23:01:00Z,2024-04-11T22:35:19Z,1
CASE_00002021,SITE_B,WF_V1,RARE_DISEASE,ROUTINE,2024-03-23T17:06:48Z,2024-04-01T11:42:36Z,1
CASE_00002022,SITE_B,WF_V1,PHARMA,ROUTINE,2024-04-26T02:22:41Z,2024-05-02T20:04:46Z,1
CASE_00002023,SITE_B,WF_V1,ONCO_PANEL,ROUTINE,2024-05-31T22:18:24Z,2024-06-07T19:09:58Z,1
CASE_00002024,SITE_B,WF_V1,ONCO_PANEL,ROUTINE,2024-06-03T09:42:17Z,2024-06-09T13:10:40Z,1
CASE_00002025,SITE_B,WF_V1,ONCO_PANEL,STAT,2024-07-04T04:45:34Z,2024-07-06T18:38:09Z,1
CASE_00002026,SITE_B,WF_V1,RARE_DISEASE,ROUTINE,2024-05-12T22:59:41Z,2024-05-20T21:18:21Z,1
CASE_00002027,SITE_B,WF_V1,RARE_DISEASE,ROUTINE,2024-05-25T11:29:53Z,2024-06-02T06:18:05Z,1
CASE_00002028,SITE_B,WF_V1,ONCO_PANEL,ROUTINE,2024-03-16T17:35:10Z,2024-03-22T06:04:59Z,1
CASE_00002029,SITE_B,WF_V1,ONCO_PANEL,ROUTINE,2024-03-14T15:22:04Z,2024-03-21T00:05:40Z,1
CASE_00002030,SITE_B,WF_V1,GERMLINE,ROUTINE,2024-06-08T00:59:45Z,2024-06-16T08:47:16Z,1
CASE_00002031,SITE_B,WF_V1,ONCO_PANEL,STAT,2024-07-16T20:50:22Z,2024-07-19T16:39:46Z,1
CASE_00002032,SITE_B,WF_V1,PHARMA,ROUTINE,2024-01-30T23:03:49Z,2024-02-05T22:39:10Z,1
CASE_00002033,SITE_B,WF_V1,RARE_DISEASE,ROUTINE,2024-04-21T13:32:42Z,2024-04-29T14:37:52Z,1
CASE_00002034,SITE_B,WF_V1,ONCO_PANEL,ROUTINE,2024-03-24T19:52:44Z,2024-03-31T04:21:08Z,1
CASE_00002035,SITE_B,WF_V1,RARE_DISEASE,ROUTINE,2024-02-07T19:39:49Z,2024-02-15T20:48:10Z,1
CASE_00002036,SITE_B,WF_V1,ONCO_PANEL,ROUTINE,2024-05-15T15:29:28Z,2024-05-21T07:09:56Z,1
CASE_00002037,SITE_B,WF_V1,GERMLINE,ROUTINE,2024-03-13T22:11:42Z,2024-03-21T03:07:09Z,1
CASE_00002038,SITE_B,WF_V1,RARE_DISEASE,ROUTINE,2024-02-03T07:00:56Z,2024-02-16T07:09:09Z,1
CASE_00002039,SITE_B,WF_V1,RARE_DISEASE,ROUTINE,2024-07-03T05:11:19Z,2024-07-12T05:24:12Z,1
CASE_00002040,SITE_B,WF_V1,ONCO_PANEL,STAT,2024-03-03T22:50:54Z,2024-03-06T22:47:35Z,1
CASE_00002041,SITE_B,WF_V1,ONCO_PANEL,ROUTINE,2024-04-30T09:23:55Z,2024-05-06T16:42:02Z,1
CASE_00002042,SITE_B,WF_V1,ONCO_PANEL,STAT,2024-04-15T15:48:39Z,2024-04-18T14:54:46Z,1
CASE_00002043,SITE_B,WF_V1,ONCO_PANEL,ROUTINE,2024-05-14T22:03:31Z,2024-05-21T14:48:47Z,1
CASE_00002044,SITE_B,WF_V1,GERMLINE,ROUTINE,2024-01-24T02:41:59Z,2024-02-01T20:04:30Z,1
CASE_00002045,SITE_B,WF_V1,GERMLINE,ROUTINE,2024-07-06T07:55:57Z,2024-07-15T00:30:01Z,1
CASE_00002046,SITE_B,WF_V1,ONCO_PANEL,ROUTINE,2024-06-02T06:35:32Z,2024-06-08T00:42:44Z,1
CASE_00002047,SITE_B,WF_V1,PHARMA,ROUTINE,2024-06-18T15:58:54Z,2024-06-24T13:26:35Z,1
CASE_00002048,SITE_B,WF_V1,ONCO_PANEL,ROUTINE,2024-02-01T12:20:31Z,2024-02-07T22:12:41Z,1
CASE_00002049,SITE_B,WF_V1,ONCO_PANEL,STAT,2024-02-13T15:04:24Z,2024-02-16T08:50:09Z,1
CASE_00002050,SITE_B,WF_V1,ONCO_PANEL,ROUTINE,2024-06-28T19:52:08Z,2024-07-05T16:38:15Z,1
CASE_00002051,SITE_B,WF_V1,ONCO_PANEL,ROUTINE,2024-06-21T09:17:34Z,2024-06-28T07:20:02Z,1
CASE_00002052,SITE_B,WF_V1,RARE_DISEASE,ROUTINE,2024-03-04T23:00:44Z,2024-03-14T00:31:53Z,1
CASE_00002053,SITE_B,WF_V1,GERMLINE,ROUTINE,2024-03-20T15:05:45Z,2024-03-30T05:51:24Z,1
CASE_00002054,SITE_B,WF_V1,ONCO_PANEL,STAT,2024-05-27T09:45:31Z,2024-05-30T00:45:40Z,1
CASE_00002055,SITE_B,WF_V1,GERMLINE,ROUTINE,2024-02-04T13:35:32Z,2024-02-12T22:30:51Z,1
CASE_00002056,SITE_B,WF_V1,ONCO_PANEL,STAT,2024-01-16T00:11:09Z,2024-01-18T23:03:17Z,1
CASE_00002057,SITE_B,WF_V1,RARE_DISEASE,STAT,2024-04-24T15:09:11Z,2024-04-27T23:40:14Z,1
CASE_00002058,SITE_B,WF_V1,ONCO_PANEL,ROUTINE,2024-06-17T10:57:38Z,2024-06-24T18:51:00Z,1
CASE_00002059,SITE_B,WF_V1,RARE_DISEASE,ROUTINE,2024-02-22T03:04:43Z,2024-02-29T10:58:58Z,1
CASE_00002060,SITE_B,WF_V1,ONCO_PANEL,STAT,2024-05-20T13:21:09Z,2024-05-24T09:20:22Z,1
CASE_00002061,SITE_B,WF_V1,RARE_DISEASE,ROUTINE,2024-02-11T04:04:37Z,2024-02-18T20:55:39Z,1
CASE_00002062,SITE_B,WF_V1,RARE_DISEASE,ROUTINE,2024-03-23T02:30:22Z,2024-03-31T04:06:47Z,1
CASE_00002063,SITE_B,WF_V1,ONCO_PANEL,ROUTINE,2024-03-05T06:41:32Z,2024-03-12T20:23:07Z,1
CASE_00002064,SITE_B,WF_V1,PHARMA,ROUTINE,2024-02-06T05:02:21Z,2024-02-11T10:42:01Z,1
CASE_00002065,SITE_B,WF_V1,RARE_DISEASE,ROUTINE,2024-03-21T02:04:28Z,2024-04-02T07:01:18Z,1
CASE_00002066,SITE_B,WF_V1,PHARMA,ROUTINE,2024-05-05T20:45:24Z,2024-05-10T19:37:43Z,1
CASE_00002067,SITE_B,WF_V1,ONCO_PANEL,ROUTINE,2024-03-24T04:59:37Z,2024-03-30T17:43:37Z,1
CASE_00002068,SITE_B,WF_V1,GERMLINE,ROUTINE,2024-05-01T12:10:20Z,2024-06-04T10:31:57Z,1
CASE_00002069,SITE_B,WF_V1,PHARMA,ROUTINE,2024-07-13T07:01:57Z,2024-07-20T09:59:16Z,1
CASE_00002070,SITE_B,WF_V1,RARE_DISEASE,ROUTINE,2024-06-12T20:03:51Z,2024-06-20T18:12:58Z,1
CASE_00002071,SITE_B,WF_V1,GERMLINE,ROUTINE,2024-05-10T16:25:39Z,2024-05-19T06:49:15Z,1
CASE_00002072,SITE_B,WF_V1,ONCO_PANEL,ROUTINE,2024-01-19T22:42:34Z,2024-01-25T22:51:27Z,1
CASE_00002073,SITE_B,WF_V1,GERMLINE,ROUTINE,2024-03-12T16:20:24Z,2024-04-10T18:49:08Z,1
CASE_00002074,SITE_B,WF_V1,RARE_DISEASE,ROUTINE,2024-06-23T18:09:10Z,2024-07-01T04:09:36Z,1
CASE_00002075,SITE_B,WF_V1,ONCO_PANEL,ROUTINE,2024-04-16T10:49:58Z,2024-04-23T14:17:00Z,1
CASE_00002076,SITE_B,WF_V1,PHARMA,ROUTINE,2024-02-09T12:21:17Z,2024-02-15T05:56:37Z,1
CASE_00002077,SITE_B,WF_V1,ONCO_PANEL,ROUTINE,2024-03-09T19:28:00Z,2024-03-16T07:37:32Z,1
CASE_00002078,SITE_B,WF_V1,GERMLINE,ROUTINE,2024-02-22T09:35:20Z,2024-03-02T12:43:09Z,1
CASE_00002079,SITE_B,WF_V1,ONCO_PANEL,STAT,2024-06-04T14:25:59Z,2024-06-07T17:36:08Z,1
CASE_00002080,SITE_B,WF_V1,PHARMA,ROUTINE,2024-03-03T06:48:46Z,2024-03-08T06:43:56Z,1
CASE_00002081,SITE_B,WF_V1,ONCO_PANEL,ROUTINE,2024-04-11T10:29:54Z,2024-04-18T10:36:54Z,1
CASE_00002082,SITE_B,WF_V1,ONCO_PANEL,ROUTINE,2024-07-12T18:26:46Z,2024-07-19T07:18:33Z,1
CASE_00002083,SITE_B,WF_V1,ONCO_PANEL,ROUTINE,2024-03-12T16:00:52Z,2024-03-19T04:57:08Z,1
CASE_00002084,SITE_B,WF_V1,RARE_DISEASE,ROUTINE,2024-02-07T10:40:11Z,2024-02-14T18:24:40Z,1
CASE_00002085,SITE_B,WF_V1,ONCO_PANEL,ROUTINE,2024-06-07T11:46:23Z,2024-06-13T07:47:52Z,1
CASE_00002086,SITE_B,WF_V1,RARE_DISEASE,ROUTINE,2024-03-21T16:17:22Z,2024-03-29T12:34:10Z,1
CASE_00002087,SITE_B,WF_V1,GERMLINE,ROUTINE,2024-04-05T20:52:36Z,2024-04-14T10:30:14Z,1
CASE_00002088,SITE_B,WF_V1,ONCO_PANEL,ROUTINE,2024-03-02T08:08:09Z,2024-03-08T13:17:51Z,1
CASE_00002089,SITE_B,WF_V1,GERMLINE,ROUTINE,2024-07-09T01:22:56Z,2024-07-16T10:26:49Z,1
CASE_00002090,SITE_B,WF_V1,ONCO_PANEL,ROUTINE,2024-06-16T21:54:48Z,2024-06-24T12:31:24Z,1
CASE_00002091,SITE_B,WF_V1,ONCO_PANEL,ROUTINE,2024-02-05T15:56:22Z,2024-02-12T10:16:51Z,1
CASE_00002092,SITE_B,WF_V1,RARE_DISEASE,ROUTINE,2024-03-09T19:19:35Z,2024-03-17T14:25:33Z,1
CASE_00002093,SITE_B,WF_V1,RARE_DISEASE,STAT,2024-06-11T03:51:40Z,2024-06-14T05:09:49Z,1
CASE_00002094,SITE_B,WF_V1,RARE_DISEASE,ROUTINE,2024-07-10T16:23:52Z,2024-07-19T03:13:08Z,1
CASE_00002095,SITE_B,WF_V1,ONCO_PANEL,ROUTINE,2024-01-27T13:28:51Z,2024-02-03T05:25:41Z,1
CASE_00002096,SITE_B,WF_V1,GERMLINE,ROUTINE,2024-02-26T21:21:50Z,2024-03-06T20:53:37Z,1
CASE_00002097,SITE_B,WF_V1,GERMLINE,ROUTINE,2024-01-29T21:46:23Z,2024-02-07T01:16:27Z,1
CASE_00002098,SITE_B,WF_V1,ONCO_PANEL,ROUTINE,2024-07-07T22:21:59Z,2024-07-14T21:40:19Z,1
CASE_00002099,SITE_B,WF_V1,RARE_DISEASE,STAT,2024-05-02T11:56:56Z,2024-05-05T21:35:36Z,1
CASE_00002100,SITE_B,WF_V1,ONCO_PANEL,ROUTINE,2024-03-17T06:16:13Z,2024-03-23T18:45:33Z,1
CASE_00002101,SITE_B,WF_V1,RARE_DISEASE,ROUTINE,2024-06-07T17:34:07Z,2024-06-14T20:09:44Z,1
CASE_00002102,SITE_B,WF_V1,GERMLINE,ROUTINE,2024-05-03T02:44:39Z,2024-05-11T15:59:06Z,1
CASE_00002103,SITE_B,WF_V1,RARE_DISEASE,ROUTINE,2024-03-31T19:38:50Z,2024-04-07T23:55:06Z,1
CASE_00002104,SITE_B,WF_V1,RARE_DISEASE,ROUTINE,2024-07-19T16:51:56Z,2024-07-28T15:51:50Z,1
CASE_00002105,SITE_B,WF_V1,ONCO_PANEL,STAT,2024-03-24T05:44:18Z,2024-03-27T19:07:26Z,1
CASE_00002106,SITE_B,WF_V1,RARE_DISEASE,ROUTINE,2024-07-21T17:23:39Z,2024-07-29T01:46:58Z,1
CASE_00002107,SITE_B,WF_V1,ONCO_PANEL,ROUTINE,2024-05-08T17:09:47Z,2024-05-27T20:46:27Z,1
CASE_00002108,SITE_B,WF_V1,ONCO_PANEL,ROUTINE,2024-05-20T04:38:18Z,2024-05-26T10:52:25Z,1
CASE_00002109,SITE_B,WF_V1,ONCO_PANEL,ROUTINE,2024-03-30T01:59:40Z,2024-04-06T18:34:32Z,1
CASE_00002110,SITE_B,WF_V1,ONCO_PANEL,STAT,2024-05-07T20:00:58Z,2024-05-10T08:06:28Z,1
CASE_00002111,SITE_B,WF_V1,ONCO_PANEL,ROUTINE,2024-05-16T12:49:11Z,2024-05-23T02:21:45Z,1
CASE_00002112,SITE_B,WF_V1,ONCO_PANEL,ROUTINE,2024-05-24T06:11:04Z,2024-05-30T15:48:05Z,1
CASE_00002113,SITE_B,WF_V1,ONCO_PANEL,ROUTINE,2024-06-10T02:28:58Z,2024-06-16T17:36:28Z,1
CASE_00002114,SITE_B,WF_V1,ONCO_PANEL,ROUTINE,2024-01-15T13:57:16Z,2024-01-22T08:27:27Z,1
CASE_00002115,SITE_B,WF_V1,ONCO_PANEL,ROUTINE,2024-06-18T12:49:51Z,2024-06-25T09:19:23Z,1
CASE_00002116,SITE_B,WF_V1,RARE_DISEASE,ROUTINE,2024-05-17T19:25:32Z,2024-05-26T03:30:54Z,1
CASE_00002117,SITE_B,WF_V1,RARE_DISEASE,ROUTINE,2024-07-06T07:12:02Z,2024-07-12T21:15:35Z,1
CASE_00002118,SITE_B,WF_V1,GERMLINE,STAT,2024-04-25T08:18:05Z,2024-04-29T00:03:40Z,1
CASE_00002119,SITE_B,WF_V1,GERMLINE,STAT,2024-04-11T06:12:04Z,2024-04-15T07:23:36Z,1
CASE_00002120,SITE_B,WF_V1,ONCO_PANEL,ROUTINE,2024-04-30T23:06:32Z,2024-05-07T01:31:51Z,1
CASE_00002121,SITE_B,WF_V1,GERMLINE,ROUTINE,2024-03-15T01:45:59Z,2024-03-23T09:49:36Z,1
CASE_00002122,SITE_B,WF_V1,RARE_DISEASE,ROUTINE,2024-05-20T11:40:40Z,2024-05-28T09:36:07Z,1
CASE_00002123,SITE_B,WF_V1,ONCO_PANEL,ROUTINE,2024-03-24T11:35:17Z,2024-03-30T02:38:45Z,1
CASE_00002124,SITE_B,WF_V1,RARE_DISEASE,ROUTINE,2024-04-27T18:17:01Z,2024-05-04T21:54:43Z,1
CASE_00002125,SITE_B,WF_V1,RARE_DISEASE,ROUTINE,2024-06-23T22:13:10Z,2024-07-02T00:10:27Z,1
CASE_00002126,SITE_B,WF_V1,ONCO_PANEL,STAT,2024-01-28T08:16:04Z,2024-01-31T17:53:58Z,1
CASE_00002127,SITE_B,WF_V1,ONCO_PANEL,STAT,2024-06-30T15:15:13Z,2024-07-03T06:23:01Z,1
CASE_00002128,SITE_B,WF_V1,RARE_DISEASE,STAT,2024-07-15T14:18:21Z,2024-07-19T07:54:55Z,1
CASE_00002129,SITE_B,WF_V1,ONCO_PANEL,ROUTINE,2024-04-06T09:53:21Z,2024-04-13T01:16:45Z,1
CASE_00002130,SITE_B,WF_V1,RARE_DISEASE,ROUTINE,2024-01-31T12:34:30Z,2024-02-08T16:52:00Z,1
CASE_00002131,SITE_B,WF_V1,ONCO_PANEL,ROUTINE,2024-01-28T06:02:33Z,2024-02-03T18:01:41Z,1
CASE_00002132,SITE_B,WF_V1,GERMLINE,ROUTINE,2024-02-24T04:59:54Z,2024-03-02T15:14:03Z,1
CASE_00002133,SITE_B,WF_V1,GERMLINE,ROUTINE,2024-06-04T13:42:29Z,2024-06-13T08:37:58Z,1
CASE_00002134,SITE_B,WF_V1,RARE_DISEASE,ROUTINE,2024-03-15T03:39:55Z,2024-03-22T21:13:05Z,1
CASE_00002135,SITE_B,WF_V1,GERMLINE,STAT,2024-04-15T15:39:00Z,2024-04-19T10:52:49Z,1
CASE_00002136,SITE_B,WF_V1,GERMLINE,ROUTINE,2024-03-27T21:26:36Z,2024-04-04T07:30:08Z,1
CASE_00002137,SITE_B,WF_V1,PHARMA,ROUTINE,2024-05-08T05:29:11Z,2024-05-13T21:15:08Z,1
CASE_00002138,SITE_B,WF_V1,ONCO_PANEL,ROUTINE,2024-03-16T11:21:32Z,2024-03-23T10:12:59Z,1
CASE_00002139,SITE_B,WF_V1,PHARMA,ROUTINE,2024-04-28T09:06:31Z,2024-05-03T23:25:49Z,1
CASE_00002140,SITE_B,WF_V1,RARE_DISEASE,ROUTINE,2024-07-03T02:30:11Z,2024-07-10T07:13:19Z,1
CASE_00002141,SITE_B,WF_V1,ONCO_PANEL,ROUTINE,2024-02-06T00:04:06Z,2024-02-12T10:46:18Z,1
CASE_00002142,SITE_B,WF_V1,GERMLINE,ROUTINE,2024-04-20T13:49:57Z,2024-04-28T12:20:52Z,1
CASE_00002143,SITE_B,WF_V1,ONCO_PANEL,ROUTINE,2024-04-04T14:11:47Z,2024-04-10T14:29:58Z,1
CASE_00002144,SITE_B,WF_V1,ONCO_PANEL,ROUTINE,2024-05-02T01:27:51Z,2024-05-08T09:30:37Z,1
CASE_00002145,SITE_B,WF_V1,RARE_DISEASE,ROUTINE,2024-04-22T20:50:27Z,2024-05-01T15:06:12Z,1
CASE_00002146,SITE_B,WF_V1,GERMLINE,ROUTINE,2024-02-05T08:39:09Z,2024-02-14T10:56:09Z,1
CASE_00002147,SITE_B,WF_V1,ONCO_PANEL,ROUTINE,2024-06-20T16:54:10Z,2024-06-27T13:31:00Z,1
CASE_00002148,SITE_B,WF_V1,PHARMA,ROUTINE,2024-03-20T19:51:37Z,2024-03-26T03:41:35Z,1
CASE_00002149,SITE_B,WF_V1,ONCO_PANEL,ROUTINE,2024-04-11T18:03:12Z,2024-04-17T22:25:16Z,1
CASE_00002150,SITE_B,WF_V1,PHARMA,ROUTINE,2024-04-09T00:21:03Z,2024-04-14T13:52:27Z,1
CASE_00002151,SITE_B,WF_V1,GERMLINE,STAT,2024-04-17T14:29:05Z,2024-04-21T16:17:13Z,1
CASE_00002152,SITE_B,WF_V1,RARE_DISEASE,ROUTINE,2024-04-27T14:52:58Z,2024-05-04T09:02:15Z,1
CASE_00002153,SITE_B,WF_V1,RARE_DISEASE,ROUTINE,2024-07-19T16:28:13Z,2024-07-28T05:50:43Z,1
CASE_00002154,SITE_B,WF_V1,ONCO_PANEL,ROUTINE,2024-05-15T22:16:42Z,2024-05-22T14:44:51Z,1
CASE_00002155,SITE_B,WF_V1,RARE_DISEASE,ROUTINE,2024-07-05T01:56:57Z,2024-07-13T00:56:18Z,1
CASE_00002156,SITE_B,WF_V1,RARE_DISEASE,STAT,2024-02-12T04:38:54Z,2024-02-15T19:27:33Z,1
CASE_00002157,SITE_B,WF_V1,GERMLINE,ROUTINE,2024-02-25T01:41:30Z,2024-04-09T18:49:26Z,1
CASE_00002158,SITE_B,WF_V1,RARE_DISEASE,ROUTINE,2024-04-11T13:57:54Z,2024-04-18T10:08:35Z,1
CASE_00002159,SITE_B,WF_V1,RARE_DISEASE,ROUTINE,2024-06-20T11:23:37Z,2024-06-28T10:48:45Z,1
CASE_00002160,SITE_B,WF_V1,GERMLINE,STAT,2024-01-18T23:07:57Z,2024-01-22T22:27:18Z,1
CASE_00002161,SITE_B,WF_V1,RARE_DISEASE,ROUTINE,2024-07-23T02:05:48Z,2024-07-30T08:07:41Z,1
CASE_00002162,SITE_B,WF_V1,GERMLINE,ROUTINE,2024-07-31T11:41:42Z,2024-08-08T16:26:14Z,1
CASE_00002163,SITE_B,WF_V1,RARE_DISEASE,ROUTINE,2024-07-15T21:25:39Z,2024-07-22T17:23:19Z,1
CASE_00002164,SITE_B,WF_V1,ONCO_PANEL,ROUTINE,2024-02-11T00:42:14Z,2024-02-17T19:52:15Z,1
CASE_00002165,SITE_B,WF_V1,ONCO_PANEL,STAT,2024-07-25T22:09:42Z,2024-07-29T07:16:19Z,1
CASE_00002166,SITE_B,WF_V1,ONCO_PANEL,ROUTINE,2024-04-09T08:23:02Z,2024-04-15T23:47:38Z,1
CASE_00002167,SITE_B,WF_V1,ONCO_PANEL,ROUTINE,2024-07-14T12:16:42Z,2024-07-20T21:17:18Z,1
CASE_00002168,SITE_B,WF_V1,GERMLINE,ROUTINE,2024-04-22T09:16:56Z,2024-05-01T16:14:49Z,1
CASE_00002169,SITE_B,WF_V1,GERMLINE,ROUTINE,2024-05-06T19:51:44Z,2024-05-16T01:25:52Z,1
CASE_00002170,SITE_B,WF_V1,RARE_DISEASE,ROUTINE,2024-02-12T09:03:16Z,2024-02-20T10:14:00Z,1
CASE_00002171,SITE_B,WF_V1,GERMLINE,ROUTINE,2024-04-19T09:39:36Z,2024-04-27T06:23:42Z,1
CASE_00002172,SITE_B,WF_V1,ONCO_PANEL,ROUTINE,2024-05-25T18:24:02Z,2024-06-01T06:24:15Z,1
CASE_00002173,SITE_B,WF_V1,RARE_DISEASE,ROUTINE,2024-04-20T03:54:36Z,2024-04-27T02:49:47Z,1
CASE_00002174,SITE_B,WF_V1,ONCO_PANEL,ROUTINE,2024-06-07T05:56:40Z,2024-06-13T01:20:07Z,1
CASE_00002175,SITE_B,WF_V1,ONCO_PANEL,STAT,2024-07-09T12:54:48Z,2024-07-13T05:03:20Z,1
CASE_00002176,SITE_B,WF_V1,ONCO_PANEL,ROUTINE,2024-05-17T02:05:56Z,2024-05-23T14:37:16Z,1
CASE_00002177,SITE_B,WF_V1,ONCO_PANEL,ROUTINE,2024-01-17T12:36:23Z,2024-01-23T21:57:19Z,1
CASE_00002178,SITE_B,WF_V1,RARE_DISEASE,ROUTINE,2024-03-19T16:57:35Z,2024-03-27T18:09:17Z,1
CASE_00002179,SITE_B,WF_V1,ONCO_PANEL,ROUTINE,2024-07-25T09:16:55Z,2024-08-01T16:53:36Z,1
CASE_00002180,SITE_B,WF_V1,RARE_DISEASE,STAT,2024-04-23T09:28:32Z,2024-04-26T23:17:12Z,1
CASE_00002181,SITE_B,WF_V1,ONCO_PANEL,STAT,2024-05-18T05:39:28Z,2024-05-21T04:08:57Z,1
CASE_00002182,SITE_B,WF_V1,ONCO_PANEL,ROUTINE,2024-07-13T10:37:00Z,2024-07-19T09:44:21Z,1
CASE_00002183,SITE_B,WF_V1,GERMLINE,ROUTINE,2024-01-16T12:51:59Z,2024-01-26T03:41:20Z,1
CASE_00002184,SITE_B,WF_V1,ONCO_PANEL,ROUTINE,2024-02-11T07:25:02Z,2024-02-18T02:05:10Z,1
CASE_00002185,SITE_B,WF_V1,ONCO_PANEL,ROUTINE,2024-07-08T19:34:49Z,2024-07-15T22:10:47Z,1
CASE_00002186,SITE_B,WF_V1,ONCO_PANEL,ROUTINE,2024-06-12T13:50:49Z,2024-06-18T18:46:07Z,1
CASE_00002187,SITE_B,WF_V1,GERMLINE,ROUTINE,2024-05-21T10:09:32Z,2024-05-29T20:10:07Z,1
CASE_00002188,SITE_B,WF_V1,ONCO_PANEL,ROUTINE,2024-04-09T04:03:50Z,2024-04-14T16:40:00Z,1
CASE_00002189,SITE_B,WF_V1,ONCO_PANEL,ROUTINE,2024-02-15T05:16:41Z,2024-02-22T09:43:38Z,1
CASE_00002190,SITE_B,WF_V1,GERMLINE,ROUTINE,2024-06-22T16:53:11Z,2024-06-29T13:30:37Z,1
CASE_00002191,SITE_B,WF_V1,GERMLINE,ROUTINE,2024-06-17T20:22:46Z,2024-06-26T03:19:55Z,1
CASE_00002192,SITE_B,WF_V1,GERMLINE,ROUTINE,2024-03-11T07:33:46Z,2024-03-20T02:56:10Z,1
CASE_00002193,SITE_B,WF_V1,ONCO_PANEL,ROUTINE,2024-02-10T02:10:48Z,2024-02-16T15:48:15Z,1
CASE_00002194,SITE_B,WF_V1,GERMLINE,ROUTINE,2024-07-03T12:43:08Z,2024-07-11T02:59:47Z,1
CASE_00002195,SITE_B,WF_V1,ONCO_PANEL,ROUTINE,2024-04-09T02:23:20Z,2024-04-15T14:43:27Z,1
CASE_00002196,SITE_B,WF_V1,PHARMA,STAT,2024-05-27T21:10:35Z,2024-05-30T10:35:04Z,1
CASE_00002197,SITE_B,WF_V1,ONCO_PANEL,ROUTINE,2024-04-14T06:14:28Z,2024-04-20T21:10:14Z,1
CASE_00002198,SITE_B,WF_V1,GERMLINE,ROUTINE,2024-08-01T09:59:11Z,2024-08-10T11:18:53Z,1
CASE_00002199,SITE_B,WF_V1,ONCO_PANEL,ROUTINE,2024-04-28T01:13:29Z,2024-05-04T12:11:10Z,1
CASE_00002200,SITE_B,WF_V1,RARE_DISEASE,ROUTINE,2024-03-30T07:52:46Z,2024-04-07T11:37:24Z,1
CASE_00002201,SITE_B,WF_V1,ONCO_PANEL,ROUTINE,2024-04-19T13:34:11Z,2024-04-26T11:49:45Z,1
CASE_00002202,SITE_B,WF_V1,RARE_DISEASE,ROUTINE,2024-07-06T13:09:48Z,2024-07-15T22:19:41Z,1
CASE_00002203,SITE_B,WF_V1,GERMLINE,STAT,2024-07-03T09:58:10Z,2024-07-06T18:31:31Z,1
CASE_00002204,SITE_B,WF_V1,ONCO_PANEL,ROUTINE,2024-06-27T16:11:07Z,2024-07-03T16:33:20Z,1
CASE_00002205,SITE_B,WF_V1,PHARMA,ROUTINE,2024-07-09T13:03:59Z,2024-07-15T01:01:01Z,1
CASE_00002206,SITE_B,WF_V1,RARE_DISEASE,ROUTINE,2024-06-20T07:31:36Z,2024-06-28T14:23:58Z,1
CASE_00002207,SITE_B,WF_V1,ONCO_PANEL,STAT,2024-04-25T15:48:20Z,2024-04-28T06:39:52Z,1
CASE_00002208,SITE_B,WF_V1,GERMLINE,ROUTINE,2024-01-30T00:01:01Z,2024-02-07T11:46:41Z,1
CASE_00002209,SITE_B,WF_V1,RARE_DISEASE,ROUTINE,2024-02-27T14:57:43Z,2024-03-06T09:41:03Z,1
CASE_00002210,SITE_B,WF_V1,RARE_DISEASE,ROUTINE,2024-02-15T03:00:21Z,2024-02-22T11:20:35Z,1
CASE_00002211,SITE_B,WF_V1,RARE_DISEASE,STAT,2024-03-07T03:15:29Z,2024-03-10T00:58:00Z,1
CASE_00002212,SITE_B,WF_V1,ONCO_PANEL,ROUTINE,2024-04-22T17:20:28Z,2024-04-29T04:07:10Z,1
CASE_00002213,SITE_B,WF_V1,RARE_DISEASE,ROUTINE,2024-05-10T22:25:00Z,2024-05-18T11:15:18Z,1
CASE_00002214,SITE_B,WF_V1,ONCO_PANEL,ROUTINE,2024-04-01T04:59:01Z,2024-04-07T03:00:18Z,1
CASE_00002215,SITE_B,WF_V1,GERMLINE,ROUTINE,2024-01-28T21:05:09Z,2024-02-06T21:56:00Z,1
CASE_00002216,SITE_B,WF_V1,ONCO_PANEL,ROUTINE,2024-05-15T11:27:26Z,2024-05-22T05:18:25Z,1
CASE_00002217,SITE_B,WF_V1,ONCO_PANEL,ROUTINE,2024-03-03T21:07:59Z,2024-03-09T08:40:12Z,1
CASE_00002218,SITE_B,WF_V1,GERMLINE,ROUTINE,2024-05-31T03:13:01Z,2024-06-09T03:33:11Z,1
CASE_00002219,SITE_B,WF_V1,ONCO_PANEL,STAT,2024-01-29T08:55:29Z,2024-02-01T09:12:01Z,1
CASE_00002220,SITE_B,WF_V1,PHARMA,ROUTINE,2024-07-31T13:59:33Z,2024-08-05T20:33:30Z,1
CASE_00002221,SITE_B,WF_V1,ONCO_PANEL,STAT,2024-06-05T05:12:57Z,2024-06-07T19:13:16Z,1
CASE_00002222,SITE_B,WF_V1,ONCO_PANEL,ROUTINE,2024-02-18T08:28:37Z,2024-02-24T03:31:40Z,1
CASE_00002223,SITE_B,WF_V1,ONCO_PANEL,ROUTINE,2024-01-15T04:47:06Z,2024-01-22T06:54:12Z,1
CASE_00002224,SITE_B,WF_V1,ONCO_PANEL,ROUTINE,2024-04-30T06:07:48Z,2024-05-07T13:52:13Z,1
CASE_00002225,SITE_B,WF_V1,ONCO_PANEL,ROUTINE,2024-07-03T07:02:13Z,2024-07-10T20:49:01Z,1
CASE_00002226,SITE_B,WF_V1,ONCO_PANEL,ROUTINE,2024-01-30T06:25:13Z,2024-02-05T09:07:07Z,1
CASE_00002227,SITE_B,WF_V1,GERMLINE,ROUTINE,2024-03-03T10:19:04Z,2024-03-11T12:19:07Z,1
CASE_00002228,SITE_B,WF_V1,ONCO_PANEL,ROUTINE,2024-07-11T21:19:49Z,2024-07-18T11:41:17Z,1
CASE_00002229,SITE_B,WF_V1,RARE_DISEASE,ROUTINE,2024-02-11T13:16:16Z,2024-02-18T08:10:45Z,1
CASE_00002230,SITE_B,WF_V1,ONCO_PANEL,ROUTINE,2024-05-17T17:57:47Z,2024-05-23T18:42:26Z,1
CASE_00002231,SITE_B,WF_V1,PHARMA,ROUTINE,2024-05-04T22:44:59Z,2024-05-10T03:06:12Z,1
CASE_00002232,SITE_B,WF_V1,RARE_DISEASE,STAT,2024-01-23T07:43:21Z,2024-01-27T04:10:22Z,1
CASE_00002233,SITE_B,WF_V1,GERMLINE,ROUTINE,2024-03-07T02:21:49Z,2024-03-14T14:48:02Z,1
CASE_00002234,SITE_B,WF_V1,ONCO_PANEL,STAT,2024-03-01T18:13:34Z,2024-03-04T15:14:20Z,1
CASE_00002235,SITE_B,WF_V1,RARE_DISEASE,ROUTINE,2024-07-26T03:04:51Z,2024-08-01T22:58:09Z,1
CASE_00002236,SITE_B,WF_V1,GERMLINE,STAT,2024-07-26T22:11:08Z,2024-07-30T18:59:16Z,1
CASE_00002237,SITE_B,WF_V1,ONCO_PANEL,ROUTINE,2024-04-03T17:37:28Z,2024-04-10T16:56:16Z,1
CASE_00002238,SITE_B,WF_V1,ONCO_PANEL,ROUTINE,2024-06-30T19:26:08Z,2024-07-07T18:23:08Z,1
CASE_00002239,SITE_B,WF_V1,ONCO_PANEL,ROUTINE,2024-06-01T02:36:58Z,2024-06-06T21:49:25Z,1
CASE_00002240,SITE_B,WF_V1,RARE_DISEASE,ROUTINE,2024-03-29T02:29:41Z,2024-04-04T12:45:06Z,1
CASE_00002241,SITE_B,WF_V1,ONCO_PANEL,ROUTINE,2024-02-14T21:27:29Z,2024-02-22T21:04:22Z,1
CASE_00002242,SITE_B,WF_V1,PHARMA,ROUTINE,2024-01-24T10:16:25Z,2024-01-29T13:24:42Z,1
CASE_00002243,SITE_B,WF_V1,GERMLINE,ROUTINE,2024-07-31T21:39:33Z,2024-08-09T22:28:33Z,1
CASE_00002244,SITE_B,WF_V1,RARE_DISEASE,ROUTINE,2024-04-02T09:49:23Z,2024-04-10T08:28:13Z,1
CASE_00002245,SITE_B,WF_V1,ONCO_PANEL,STAT,2024-02-06T19:16:36Z,2024-02-09T10:22:47Z,1
CASE_00002246,SITE_B,WF_V1,ONCO_PANEL,ROUTINE,2024-02-15T18:59:49Z,2024-02-22T14:50:25Z,1
CASE_00002247,SITE_B,WF_V1,RARE_DISEASE,ROUTINE,2024-05-03T20:27:04Z,2024-05-10T21:24:08Z,1
CASE_00002248,SITE_B,WF_V1,ONCO_PANEL,ROUTINE,2024-06-23T07:15:54Z,2024-06-30T14:44:58Z,1
CASE_00002249,SITE_B,WF_V1,GERMLINE,ROUTINE,2024-02-29T10:21:09Z,2024-03-09T07:29:18Z,1
CASE_00002250,SITE_B,WF_V1,ONCO_PANEL,ROUTINE,2024-04-11T11:57:33Z,2024-04-17T12:05:54Z,1
CASE_00002251,SITE_B,WF_V1,ONCO_PANEL,ROUTINE,2024-03-03T06:30:55Z,2024-03-09T22:23:31Z,1
CASE_00002252,SITE_B,WF_V1,RARE_DISEASE,STAT,2024-04-12T19:32:28Z,2024-04-16T12:21:21Z,1
CASE_00002253,SITE_B,WF_V1,ONCO_PANEL,ROUTINE,2024-05-16T06:15:36Z,2024-05-22T05:39:38Z,1
CASE_00002254,SITE_B,WF_V1,ONCO_PANEL,STAT,2024-01-31T15:53:16Z,2024-02-03T15:53:14Z,1
CASE_00002255,SITE_B,WF_V1,GERMLINE,STAT,2024-02-20T10:24:40Z,2024-02-24T03:43:34Z,1
CASE_00002256,SITE_B,WF_V1,ONCO_PANEL,ROUTINE,2024-06-19T19:44:39Z,2024-06-26T10:25:10Z,1
CASE_00002257,SITE_B,WF_V1,GERMLINE,ROUTINE,2024-06-23T04:01:33Z,2024-07-03T03:16:35Z,1
CASE_00002258,SITE_B,WF_V1,ONCO_PANEL,STAT,2024-05-04T14:04:48Z,2024-05-07T19:32:55Z,1
CASE_00002259,SITE_B,WF_V1,RARE_DISEASE,ROUTINE,2024-06-15T05:47:02Z,2024-06-22T00:57:43Z,1
CASE_00002260,SITE_B,WF_V1,ONCO_PANEL,ROUTINE,2024-04-22T15:25:14Z,2024-04-30T04:25:41Z,1
CASE_00002261,SITE_B,WF_V1,ONCO_PANEL,ROUTINE,2024-07-20T21:30:46Z,2024-07-27T10:27:59Z,1
CASE_00002262,SITE_B,WF_V1,ONCO_PANEL,ROUTINE,2024-02-07T17:34:48Z,2024-02-13T18:27:59Z,1
CASE_00002263,SITE_B,WF_V1,GERMLINE,ROUTINE,2024-03-24T10:57:12Z,2024-03-31T12:14:16Z,1
CASE_00002264,SITE_B,WF_V1,RARE_DISEASE,ROUTINE,2024-02-20T20:51:25Z,2024-02-28T16:35:24Z,1
CASE_00002265,SITE_B,WF_V1,RARE_DISEASE,STAT,2024-03-21T01:31:59Z,2024-03-24T12:00:54Z,1
CASE_00002266,SITE_B,WF_V1,ONCO_PANEL,ROUTINE,2024-03-24T14:24:47Z,2024-04-02T01:34:36Z,1
CASE_00002267,SITE_B,WF_V1,GERMLINE,ROUTINE,2024-02-14T11:53:18Z,2024-02-24T01:26:01Z,1
CASE_00002268,SITE_B,WF_V1,GERMLINE,STAT,2024-03-14T19:27:09Z,2024-03-18T18:25:32Z,1
CASE_00002269,SITE_B,WF_V1,PHARMA,ROUTINE,2024-06-24T02:15:39Z,2024-06-28T16:28:26Z,1
CASE_00002270,SITE_B,WF_V1,GERMLINE,ROUTINE,2024-05-07T17:24:14Z,2024-05-16T00:27:57Z,1
CASE_00002271,SITE_B,WF_V1,RARE_DISEASE,ROUTINE,2024-05-28T15:36:39Z,2024-06-04T22:10:47Z,1
CASE_00002272,SITE_B,WF_V1,GERMLINE,ROUTINE,2024-03-09T23:46:34Z,2024-03-17T13:25:21Z,1
CASE_00002273,SITE_B,WF_V1,RARE_DISEASE,ROUTINE,2024-05-25T14:21:23Z,2024-06-02T12:35:32Z,1
CASE_00002274,SITE_B,WF_V1,ONCO_PANEL,ROUTINE,2024-03-01T05:16:45Z,2024-03-07T21:25:35Z,1
CASE_00002275,SITE_B,WF_V1,ONCO_PANEL,ROUTINE,2024-07-13T17:18:08Z,2024-07-20T19:10:14Z,1
CASE_00002276,SITE_B,WF_V1,GERMLINE,ROUTINE,2024-07-26T11:38:21Z,2024-08-03T03:12:39Z,1
CASE_00002277,SITE_B,WF_V1,ONCO_PANEL,ROUTINE,2024-04-29T06:39:27Z,2024-05-05T13:50:41Z,1
CASE_00002278,SITE_B,WF_V1,GERMLINE,ROUTINE,2024-06-20T09:42:41Z,2024-06-29T12:50:45Z,1
CASE_00002279,SITE_B,WF_V1,GERMLINE,ROUTINE,2024-06-14T17:23:34Z,2024-06-21T21:24:39Z,1
CASE_00002280,SITE_B,WF_V1,ONCO_PANEL,ROUTINE,2024-06-22T10:02:33Z,2024-06-28T13:47:53Z,1
CASE_00002281,SITE_B,WF_V1,ONCO_PANEL,ROUTINE,2024-04-17T12:09:15Z,2024-04-24T12:36:48Z,1
CASE_00002282,SITE_B,WF_V1,ONCO_PANEL,ROUTINE,2024-02-12T00:20:49Z,2024-02-19T15:50:50Z,1
CASE_00002283,SITE_B,WF_V1,ONCO_PANEL,ROUTINE,2024-05-19T19:09:13Z,2024-05-25T19:45:13Z,1
CASE_00002284,SITE_B,WF_V1,ONCO_PANEL,ROUTINE,2024-05-01T08:31:31Z,2024-05-26T13:38:50Z,1
CASE_00002285,SITE_B,WF_V1,ONCO_PANEL,ROUTINE,2024-03-19T01:08:53Z,2024-03-25T18:24:52Z,1
CASE_00002286,SITE_B,WF_V1,ONCO_PANEL,ROUTINE,2024-06-12T20:47:38Z,2024-06-18T11:04:37Z,1
CASE_00002287,SITE_B,WF_V1,ONCO_PANEL,ROUTINE,2024-03-01T15:47:33Z,2024-03-08T06:13:32Z,1
CASE_00002288,SITE_B,WF_V1,RARE_DISEASE,ROUTINE,2024-06-12T10:44:18Z,2024-06-20T08:43:34Z,1
CASE_00002289,SITE_B,WF_V1,PHARMA,ROUTINE,2024-03-04T23:36:29Z,2024-03-10T13:51:44Z,1
CASE_00002290,SITE_B,WF_V1,RARE_DISEASE,ROUTINE,2024-01-26T03:49:02Z,2024-02-02T13:43:40Z,1
CASE_00002291,SITE_B,WF_V1,ONCO_PANEL,ROUTINE,2024-02-27T22:56:15Z,2024-03-04T21:00:17Z,1
CASE_00002292,SITE_B,WF_V1,ONCO_PANEL,ROUTINE,2024-01-17T14:25:49Z,2024-01-23T11:35:43Z,1
CASE_00002293,SITE_B,WF_V1,ONCO_PANEL,ROUTINE,2024-07-11T14:54:59Z,2024-07-18T07:37:19Z,1
CASE_00002294,SITE_B,WF_V1,ONCO_PANEL,ROUTINE,2024-03-15T19:41:55Z,2024-03-22T10:43:09Z,1
CASE_00002295,SITE_B,WF_V1,PHARMA,ROUTINE,2024-05-13T19:56:38Z,2024-05-18T22:20:51Z,1
CASE_00002296,SITE_B,WF_V1,RARE_DISEASE,ROUTINE,2024-04-03T01:30:36Z,2024-04-09T22:55:45Z,1
CASE_00002297,SITE_B,WF_V1,RARE_DISEASE,ROUTINE,2024-04-05T15:21:17Z,2024-04-13T17:48:39Z,1
CASE_00002298,SITE_B,WF_V1,ONCO_PANEL,ROUTINE,2024-03-10T00:53:12Z,2024-03-16T23:59:35Z,1
CASE_00002299,SITE_B,WF_V1,RARE_DISEASE,ROUTINE,2024-05-11T14:59:37Z,2024-05-19T12:17:32Z,1
CASE_00002300,SITE_B,WF_V1,GERMLINE,ROUTINE,2024-07-03T15:35:14Z,2024-07-12T05:01:15Z,1
CASE_00002301,SITE_B,WF_V1,GERMLINE,ROUTINE,2024-06-09T13:41:27Z,2024-06-17T22:25:33Z,1
CASE_00002302,SITE_B,WF_V1,RARE_DISEASE,ROUTINE,2024-06-09T04:04:20Z,2024-06-16T08:56:43Z,1
CASE_00002303,SITE_B,WF_V1,ONCO_PANEL,ROUTINE,2024-06-11T22:06:01Z,2024-06-17T15:53:30Z,1
CASE_00002304,SITE_B,WF_V1,ONCO_PANEL,ROUTINE,2024-06-03T18:28:27Z,2024-06-10T20:45:50Z,1
CASE_00002305,SITE_B,WF_V1,GERMLINE,ROUTINE,2024-01-19T20:58:33Z,2024-01-27T20:08:49Z,1
CASE_00002306,SITE_B,WF_V1,GERMLINE,ROUTINE,2024-07-12T14:08:17Z,2024-07-20T17:30:21Z,1
CASE_00002307,SITE_B,WF_V1,ONCO_PANEL,ROUTINE,2024-07-08T21:35:22Z,2024-07-14T17:00:21Z,1
CASE_00002308,SITE_B,WF_V1,RARE_DISEASE,ROUTINE,2024-02-04T08:51:03Z,2024-02-12T08:28:19Z,1
CASE_00002309,SITE_B,WF_V1,ONCO_PANEL,STAT,2024-05-24T20:14:38Z,2024-05-27T12:39:57Z,1
CASE_00002310,SITE_B,WF_V1,GERMLINE,ROUTINE,2024-01-31T01:03:51Z,2024-02-08T09:45:55Z,1
CASE_00002311,SITE_B,WF_V1,ONCO_PANEL,ROUTINE,2024-02-09T11:01:40Z,2024-02-15T18:37:52Z,1
CASE_00002312,SITE_B,WF_V1,GERMLINE,ROUTINE,2024-07-29T19:42:18Z,2024-08-07T05:16:36Z,1
CASE_00002313,SITE_B,WF_V1,ONCO_PANEL,ROUTINE,2024-06-15T02:45:20Z,2024-06-20T20:41:52Z,1
CASE_00002314,SITE_B,WF_V1,PHARMA,ROUTINE,2024-06-10T20:59:30Z,2024-06-15T19:31:43Z,1
CASE_00002315,SITE_B,WF_V1,RARE_DISEASE,ROUTINE,2024-07-03T09:28:17Z,2024-07-11T14:57:08Z,1
CASE_00002316,SITE_B,WF_V1,ONCO_PANEL,ROUTINE,2024-06-12T21:39:06Z,2024-06-19T06:46:26Z,1
CASE_00002317,SITE_B,WF_V1,GERMLINE,ROUTINE,2024-02-10T07:39:39Z,2024-02-18T14:08:27Z,1
CASE_00002318,SITE_B,WF_V1,GERMLINE,ROUTINE,2024-02-04T13:12:20Z,2024-02-12T06:29:57Z,1
CASE_00002319,SITE_B,WF_V1,ONCO_PANEL,ROUTINE,2024-04-21T09:03:56Z,2024-04-27T06:25:40Z,1
CASE_00002320,SITE_B,WF_V1,RARE_DISEASE,ROUTINE,2024-04-11T21:15:31Z,2024-04-20T03:43:22Z,1
CASE_00002321,SITE_B,WF_V1,GERMLINE,ROUTINE,2024-06-18T05:03:38Z,2024-06-26T17:05:48Z,1
CASE_00002322,SITE_B,WF_V1,ONCO_PANEL,STAT,2024-02-11T21:36:24Z,2024-02-14T19:27:37Z,1
CASE_00002323,SITE_B,WF_V1,ONCO_PANEL,ROUTINE,2024-06-16T02:54:01Z,2024-06-23T06:36:03Z,1
CASE_00002324,SITE_B,WF_V1,GERMLINE,ROUTINE,2024-02-11T23:58:08Z,2024-02-20T20:38:42Z,1
CASE_00002325,SITE_B,WF_V1,GERMLINE,ROUTINE,2024-03-24T02:51:43Z,2024-04-01T07:06:11Z,1
CASE_00002326,SITE_B,WF_V1,ONCO_PANEL,STAT,2024-06-27T15:04:09Z,2024-07-01T00:06:08Z,1
CASE_00002327,SITE_B,WF_V1,ONCO_PANEL,ROUTINE,2024-03-23T01:37:47Z,2024-03-29T04:42:47Z,1
CASE_00002328,SITE_B,WF_V1,ONCO_PANEL,ROUTINE,2024-02-23T19:58:57Z,2024-03-01T02:08:02Z,1
CASE_00002329,SITE_B,WF_V1,ONCO_PANEL,ROUTINE,2024-06-25T12:26:47Z,2024-07-02T14:34:11Z,1
CASE_00002330,SITE_B,WF_V1,RARE_DISEASE,STAT,2024-06-15T00:03:22Z,2024-06-18T09:43:58Z,1
CASE_00002331,SITE_B,WF_V1,ONCO_PANEL,ROUTINE,2024-07-24T20:34:46Z,2024-07-31T22:11:00Z,1
CASE_00002332,SITE_B,WF_V1,GERMLINE,ROUTINE,2024-02-05T08:55:46Z,2024-02-14T17:20:12Z,1
CASE_00002333,SITE_B,WF_V1,GERMLINE,ROUTINE,2024-01-22T02:44:30Z,2024-01-30T06:49:22Z,1
CASE_00002334,SITE_B,WF_V1,ONCO_PANEL,ROUTINE,2024-05-18T23:13:46Z,2024-05-24T15:52:22Z,1
CASE_00002335,SITE_B,WF_V1,RARE_DISEASE,ROUTINE,2024-02-08T11:26:04Z,2024-02-16T16:34:50Z,1
CASE_00002336,SITE_B,WF_V1,ONCO_PANEL,ROUTINE,2024-03-20T05:16:42Z,2024-03-27T04:47:24Z,1
CASE_00002337,SITE_B,WF_V1,ONCO_PANEL,ROUTINE,2024-04-18T11:16:56Z,2024-04-25T06:48:24Z,1
CASE_00002338,SITE_B,WF_V1,GERMLINE,ROUTINE,2024-07-19T15:37:18Z,2024-07-28T05:46:03Z,1
CASE_00002339,SITE_B,WF_V1,RARE_DISEASE,ROUTINE,2024-05-13T00:01:42Z,2024-05-21T09:27:03Z,1
CASE_00002340,SITE_B,WF_V1,RARE_DISEASE,STAT,2024-05-17T02:55:30Z,2024-05-20T13:37:09Z,1
CASE_00002341,SITE_B,WF_V1,RARE_DISEASE,ROUTINE,2024-06-25T16:46:33Z,2024-07-03T18:44:08Z,1
CASE_00002342,SITE_B,WF_V1,RARE_DISEASE,ROUTINE,2024-04-23T13:55:58Z,2024-05-01T08:49:12Z,1
CASE_00002343,SITE_B,WF_V1,ONCO_PANEL,STAT,2024-07-11T22:00:54Z,2024-07-14T15:05:21Z,1
CASE_00002344,SITE_B,WF_V1,ONCO_PANEL,ROUTINE,2024-01-28T03:36:05Z,2024-02-03T09:28:54Z,1
CASE_00002345,SITE_B,WF_V1,RARE_DISEASE,ROUTINE,2024-04-10T13:31:54Z,2024-04-18T06:59:52Z,1
CASE_00002346,SITE_B,WF_V1,GERMLINE,ROUTINE,2024-06-13T15:30:52Z,2024-06-21T21:15:02Z,1
CASE_00002347,SITE_B,WF_V1,ONCO_PANEL,ROUTINE,2024-07-25T07:25:39Z,2024-07-31T07:40:52Z,1
CASE_00002348,SITE_B,WF_V1,GERMLINE,ROUTINE,2024-05-08T02:37:39Z,2024-05-16T19:51:31Z,1
CASE_00002349,SITE_B,WF_V1,ONCO_PANEL,STAT,2024-01-23T13:14:32Z,2024-01-26T16:36:20Z,1
CASE_00002350,SITE_B,WF_V1,ONCO_PANEL,ROUTINE,2024-03-13T14:35:06Z,2024-03-19T17:33:50Z,1
CASE_00002351,SITE_B,WF_V1,ONCO_PANEL,ROUTINE,2024-01-29T15:55:52Z,2024-02-03T22:13:17Z,1
CASE_00002352,SITE_B,WF_V1,ONCO_PANEL,ROUTINE,2024-07-03T16:08:34Z,2024-07-10T11:32:19Z,1
CASE_00002353,SITE_B,WF_V1,GERMLINE,ROUTINE,2024-06-02T21:20:09Z,2024-06-11T12:44:40Z,1
CASE_00002354,SITE_B,WF_V1,ONCO_PANEL,ROUTINE,2024-02-22T16:27:21Z,2024-02-29T15:31:53Z,1
CASE_00002355,SITE_B,WF_V1,ONCO_PANEL,ROUTINE,2024-06-20T12:16:42Z,2024-06-26T23:30:12Z,1
CASE_00002356,SITE_B,WF_V1,ONCO_PANEL,ROUTINE,2024-01-28T08:39:22Z,2024-02-03T10:11:24Z,1
CASE_00002357,SITE_B,WF_V1,ONCO_PANEL,ROUTINE,2024-03-07T11:41:06Z,2024-03-14T03:17:51Z,1
CASE_00002358,SITE_B,WF_V1,RARE_DISEASE,ROUTINE,2024-01-22T16:21:15Z,2024-01-31T01:10:43Z,1
CASE_00002359,SITE_B,WF_V1,RARE_DISEASE,ROUTINE,2024-02-22T08:17:59Z,2024-03-02T05:45:19Z,1
CASE_00002360,SITE_B,WF_V1,PHARMA,ROUTINE,2024-07-14T05:05:24Z,2024-07-20T01:40:04Z,1
CASE_00002361,SITE_B,WF_V1,PHARMA,ROUTINE,2024-05-25T12:02:00Z,2024-05-31T11:44:43Z,1
CASE_00002362,SITE_B,WF_V1,ONCO_PANEL,ROUTINE,2024-03-15T07:26:55Z,2024-03-22T03:49:38Z,1
CASE_00002363,SITE_B,WF_V1,GERMLINE,ROUTINE,2024-05-07T13:31:51Z,2024-05-16T01:00:52Z,1
CASE_00002364,SITE_B,WF_V1,PHARMA,STAT,2024-03-31T01:19:25Z,2024-04-02T07:11:47Z,1
CASE_00002365,SITE_B,WF_V1,ONCO_PANEL,ROUTINE,2024-05-13T16:47:34Z,2024-05-19T14:46:46Z,1
CASE_00002366,SITE_B,WF_V1,RARE_DISEASE,ROUTINE,2024-04-01T03:36:57Z,2024-04-09T13:52:03Z,1
CASE_00002367,SITE_B,WF_V1,RARE_DISEASE,ROUTINE,2024-02-05T23:32:49Z,2024-03-17T22:47:11Z,1
CASE_00002368,SITE_B,WF_V1,RARE_DISEASE,STAT,2024-05-24T04:42:56Z,2024-05-28T08:48:16Z,1
CASE_00002369,SITE_B,WF_V1,PHARMA,ROUTINE,2024-07-21T15:56:16Z,2024-07-27T07:14:18Z,1
CASE_00002370,SITE_B,WF_V2,RARE_DISEASE,ROUTINE,2025-02-01T02:23:23Z,2025-02-07T01:31:32Z,1
CASE_00002371,SITE_B,WF_V2,RARE_DISEASE,ROUTINE,2024-09-19T03:04:16Z,2024-09-25T09:49:23Z,1
CASE_00002372,SITE_B,WF_V2,GERMLINE,ROUTINE,2024-11-14T02:55:18Z,2024-11-20T21:12:10Z,1
CASE_00002373,SITE_B,WF_V2,GERMLINE,ROUTINE,2025-01-19T05:34:41Z,2025-01-26T02:20:57Z,1
CASE_00002374,SITE_B,WF_V2,GERMLINE,ROUTINE,2025-01-01T20:36:30Z,2025-01-09T06:25:06Z,1
CASE_00002375,SITE_B,WF_V2,RARE_DISEASE,ROUTINE,2024-11-18T15:56:28Z,2024-11-24T05:51:10Z,1
CASE_00002376,SITE_B,WF_V2,PHARMA,ROUTINE,2024-09-04T04:26:53Z,2024-09-08T04:23:41Z,1
CASE_00002377,SITE_B,WF_V2,GERMLINE,ROUTINE,2024-11-11T03:58:06Z,2024-11-17T22:09:40Z,1
CASE_00002378,SITE_B,WF_V2,ONCO_PANEL,ROUTINE,2025-01-08T00:22:23Z,2025-01-13T04:53:19Z,1
CASE_00002379,SITE_B,WF_V2,RARE_DISEASE,ROUTINE,2024-09-23T06:09:59Z,2024-09-28T20:53:49Z,1
CASE_00002380,SITE_B,WF_V2,GERMLINE,ROUTINE,2024-12-23T06:04:46Z,2024-12-30T14:23:07Z,1
CASE_00002381,SITE_B,WF_V2,ONCO_PANEL,ROUTINE,2024-11-08T09:50:31Z,2024-11-14T06:31:26Z,1
CASE_00002382,SITE_B,WF_V2,GERMLINE,ROUTINE,2025-03-11T04:46:41Z,2025-03-19T15:31:50Z,1
CASE_00002383,SITE_B,WF_V2,ONCO_PANEL,ROUTINE,2024-12-11T03:09:03Z,2024-12-16T08:01:10Z,1
CASE_00002384,SITE_B,WF_V2,RARE_DISEASE,ROUTINE,2024-10-01T19:12:38Z,2024-10-08T14:00:54Z,1
CASE_00002385,SITE_B,WF_V2,GERMLINE,STAT,2024-12-14T01:09:52Z,2024-12-18T08:04:34Z,1
CASE_00002386,SITE_B,WF_V2,ONCO_PANEL,ROUTINE,2025-03-02T21:27:15Z,2025-03-08T05:50:14Z,1
CASE_00002387,SITE_B,WF_V2,GERMLINE,STAT,2024-11-23T22:57:03Z,2024-11-26T19:01:02Z,1
CASE_00002388,SITE_B,WF_V2,ONCO_PANEL,ROUTINE,2025-01-26T12:36:52Z,2025-01-31T11:24:10Z,1
CASE_00002389,SITE_B,WF_V2,ONCO_PANEL,ROUTINE,2025-01-20T04:58:43Z,2025-01-26T15:04:23Z,1
CASE_00002390,SITE_B,WF_V2,ONCO_PANEL,ROUTINE,2024-12-15T09:37:45Z,2024-12-20T15:13:56Z,1
CASE_00002391,SITE_B,WF_V2,ONCO_PANEL,ROUTINE,2024-10-11T10:48:53Z,2024-10-16T13:49:20Z,1
CASE_00002392,SITE_B,WF_V2,ONCO_PANEL,ROUTINE,2024-09-12T20:22:17Z,2024-09-18T04:28:14Z,1
CASE_00002393,SITE_B,WF_V2,RARE_DISEASE,STAT,2025-01-09T01:45:53Z,2025-01-11T12:57:04Z,1
CASE_00002394,SITE_B,WF_V2,RARE_DISEASE,ROUTINE,2024-10-08T11:23:33Z,2024-10-14T07:05:57Z,1
CASE_00002395,SITE_B,WF_V2,ONCO_PANEL,ROUTINE,2025-02-12T03:40:43Z,2025-02-17T23:56:31Z,1
CASE_00002396,SITE_B,WF_V2,GERMLINE,ROUTINE,2024-10-18T05:53:23Z,2024-10-25T17:52:03Z,1
CASE_00002397,SITE_B,WF_V2,GERMLINE,STAT,2024-10-25T21:44:28Z,2024-10-28T17:47:24Z,1
CASE_00002398,SITE_B,WF_V2,RARE_DISEASE,ROUTINE,2024-11-30T19:34:51Z,2024-12-06T20:31:02Z,1
CASE_00002399,SITE_B,WF_V2,ONCO_PANEL,STAT,2025-02-01T13:57:45Z,2025-02-04T14:47:57Z,1
CASE_00002400,SITE_B,WF_V2,PHARMA,ROUTINE,2024-12-02T21:45:32Z,2024-12-07T09:25:53Z,1
CASE_00002401,SITE_B,WF_V2,GERMLINE,ROUTINE,2024-11-27T16:01:24Z,2024-12-04T17:16:10Z,1
CASE_00002402,SITE_B,WF_V2,ONCO_PANEL,STAT,2025-01-11T14:05:27Z,2025-01-13T22:29:29Z,1
CASE_00002403,SITE_B,WF_V2,GERMLINE,STAT,2025-01-16T04:36:12Z,2025-01-19T00:37:05Z,1
CASE_00002404,SITE_B,WF_V2,ONCO_PANEL,STAT,2025-03-25T05:25:37Z,2025-03-27T12:09:01Z,1
CASE_00002405,SITE_B,WF_V2,ONCO_PANEL,STAT,2024-09-09T22:54:38Z,2024-09-12T06:33:09Z,1
CASE_00002406,SITE_B,WF_V2,PHARMA,ROUTINE,2024-11-06T09:21:52Z,2024-11-10T08:26:31Z,1
CASE_00002407,SITE_B,WF_V2,GERMLINE,ROUTINE,2025-01-13T09:58:46Z,2025-01-24T18:42:47Z,1
CASE_00002408,SITE_B,WF_V2,GERMLINE,ROUTINE,2025-03-11T13:51:04Z,2025-03-18T13:01:39Z,1
CASE_00002409,SITE_B,WF_V2,GERMLINE,ROUTINE,2025-02-03T14:35:10Z,2025-02-10T16:14:30Z,1
CASE_00002410,SITE_B,WF_V2,RARE_DISEASE,ROUTINE,2024-12-13T19:28:44Z,2024-12-20T05:07:17Z,1
CASE_00002411,SITE_B,WF_V2,RARE_DISEASE,STAT,2025-01-25T15:31:45Z,2025-01-28T06:09:13Z,1
CASE_00002412,SITE_B,WF_V2,PHARMA,ROUTINE,2024-11-11T09:24:07Z,2024-11-15T06:21:59Z,1
CASE_00002413,SITE_B,WF_V2,GERMLINE,ROUTINE,2024-11-12T00:07:08Z,2024-11-18T05:13:43Z,1
CASE_00002414,SITE_B,WF_V2,PHARMA,ROUTINE,2024-10-03T18:44:59Z,2024-10-08T07:01:01Z,1
CASE_00002415,SITE_B,WF_V2,RARE_DISEASE,ROUTINE,2025-03-11T03:27:33Z,2025-03-17T22:18:53Z,1
CASE_00002416,SITE_B,WF_V2,RARE_DISEASE,STAT,2024-09-17T05:50:38Z,2024-09-20T13:32:55Z,1
CASE_00002417,SITE_B,WF_V2,RARE_DISEASE,ROUTINE,2025-02-25T18:47:21Z,2025-03-04T21:34:02Z,1
CASE_00002418,SITE_B,WF_V2,PHARMA,STAT,2025-04-23T02:09:20Z,2025-04-25T02:26:20Z,1
CASE_00002419,SITE_B,WF_V2,ONCO_PANEL,ROUTINE,2025-02-04T02:02:14Z,2025-02-08T20:28:33Z,1
CASE_00002420,SITE_B,WF_V2,ONCO_PANEL,STAT,2025-04-09T20:49:28Z,2025-04-11T22:32:28Z,1
CASE_00002421,SITE_B,WF_V2,GERMLINE,ROUTINE,2024-12-10T18:35:07Z,2024-12-17T12:02:21Z,1
CASE_00002422,SITE_B,WF_V2,GERMLINE,STAT,2025-02-24T21:52:17Z,2025-02-28T17:10:38Z,1
CASE_00002423,SITE_B,WF_V2,RARE_DISEASE,STAT,2025-02-15T12:32:35Z,2025-02-18T13:33:36Z,1
CASE_00002424,SITE_B,WF_V2,PHARMA,ROUTINE,2024-09-01T00:02:08Z,2024-09-05T10:26:48Z,1
CASE_00002425,SITE_B,WF_V2,GERMLINE,ROUTINE,2025-02-21T04:24:23Z,2025-02-28T06:27:28Z,1
CASE_00002426,SITE_B,WF_V2,RARE_DISEASE,STAT,2025-03-11T17:14:10Z,2025-03-14T05:02:53Z,1
CASE_00002427,SITE_B,WF_V2,RARE_DISEASE,ROUTINE,2025-02-24T01:28:57Z,2025-03-02T20:28:26Z,1
CASE_00002428,SITE_B,WF_V2,RARE_DISEASE,ROUTINE,2025-04-27T07:43:57Z,2025-05-03T16:25:50Z,1
CASE_00002429,SITE_B,WF_V2,GERMLINE,STAT,2025-02-02T14:53:42Z,2025-02-05T13:46:35Z,1
CASE_00002430,SITE_B,WF_V2,ONCO_PANEL,ROUTINE,2024-09-08T03:41:40Z,2024-09-13T09:32:15Z,1
CASE_00002431,SITE_B,WF_V2,ONCO_PANEL,STAT,2025-04-01T12:40:01Z,2025-04-03T22:30:48Z,1
CASE_00002432,SITE_B,WF_V2,GERMLINE,ROUTINE,2024-10-09T12:07:26Z,2024-10-17T02:34:54Z,1
CASE_00002433,SITE_B,WF_V2,RARE_DISEASE,ROUTINE,2024-12-27T23:37:39Z,2025-01-02T20:07:34Z,1
CASE_00002434,SITE_B,WF_V2,ONCO_PANEL,ROUTINE,2024-10-09T15:12:02Z,2024-10-15T10:11:58Z,1
CASE_00002435,SITE_B,WF_V2,ONCO_PANEL,ROUTINE,2024-10-05T23:15:49Z,2024-10-10T00:32:03Z,1
CASE_00002436,SITE_B,WF_V2,RARE_DISEASE,STAT,2024-12-04T07:45:42Z,2024-12-07T10:52:55Z,1
CASE_00002437,SITE_B,WF_V2,ONCO_PANEL,STAT,2024-12-28T19:48:27Z,2024-12-31T05:27:37Z,1
CASE_00002438,SITE_B,WF_V2,RARE_DISEASE,ROUTINE,2025-03-13T00:08:21Z,2025-04-20T06:53:49Z,1
CASE_00002439,SITE_B,WF_V2,ONCO_PANEL,ROUTINE,2025-04-27T23:03:46Z,2025-05-02T22:10:44Z,1
CASE_00002440,SITE_B,WF_V2,RARE_DISEASE,ROUTINE,2024-10-08T08:53:49Z,2024-10-13T23:11:33Z,1
CASE_00002441,SITE_B,WF_V2,RARE_DISEASE,STAT,2025-02-28T16:51:18Z,2025-03-03T14:39:07Z,1
CASE_00002442,SITE_B,WF_V2,GERMLINE,ROUTINE,2024-09-24T03:06:04Z,2024-10-01T06:32:53Z,1
CASE_00002443,SITE_B,WF_V2,ONCO_PANEL,ROUTINE,2024-11-26T07:52:04Z,2024-11-30T09:57:41Z,1
CASE_00002444,SITE_B,WF_V2,GERMLINE,STAT,2024-10-28T00:27:16Z,2024-10-30T20:53:51Z,1
CASE_00002445,SITE_B,WF_V2,ONCO_PANEL,ROUTINE,2024-10-27T18:56:45Z,2024-11-02T22:43:14Z,1
CASE_00002446,SITE_B,WF_V2,RARE_DISEASE,ROUTINE,2024-10-09T02:50:31Z,2024-10-14T22:02:02Z,1
CASE_00002447,SITE_B,WF_V2,ONCO_PANEL,ROUTINE,2024-11-12T07:38:50Z,2024-11-18T09:42:23Z,1
CASE_00002448,SITE_B,WF_V2,ONCO_PANEL,ROUTINE,2025-01-07T23:40:01Z,2025-01-13T00:59:01Z,1
CASE_00002449,SITE_B,WF_V2,RARE_DISEASE,ROUTINE,2024-09-01T22:53:56Z,2024-09-08T20:47:09Z,1
CASE_00002450,SITE_B,WF_V2,PHARMA,ROUTINE,2025-01-31T11:09:29Z,2025-02-04T14:34:52Z,1
CASE_00002451,SITE_B,WF_V2,RARE_DISEASE,STAT,2024-11-03T04:22:21Z,2024-11-05T16:17:51Z,1
CASE_00002452,SITE_B,WF_V2,GERMLINE,ROUTINE,2024-09-08T06:10:21Z,2024-09-15T03:50:06Z,1
CASE_00002453,SITE_B,WF_V2,RARE_DISEASE,ROUTINE,2024-11-20T10:25:14Z,2024-11-27T08:05:54Z,1
CASE_00002454,SITE_B,WF_V2,GERMLINE,ROUTINE,2024-09-04T07:36:55Z,2024-09-11T11:31:00Z,1
CASE_00002455,SITE_B,WF_V2,RARE_DISEASE,ROUTINE,2024-10-31T03:43:35Z,2024-11-06T13:58:56Z,1
CASE_00002456,SITE_B,WF_V2,RARE_DISEASE,ROUTINE,2024-12-21T16:47:48Z,2025-01-27T22:02:06Z,1
CASE_00002457,SITE_B,WF_V2,RARE_DISEASE,ROUTINE,2024-12-25T10:55:53Z,2024-12-30T23:16:37Z,1
CASE_00002458,SITE_B,WF_V2,RARE_DISEASE,ROUTINE,2025-02-16T04:42:23Z,2025-02-22T22:02:20Z,1
CASE_00002459,SITE_B,WF_V2,GERMLINE,ROUTINE,2025-03-03T15:19:35Z,2025-03-10T00:20:34Z,1
CASE_00002460,SITE_B,WF_V2,ONCO_PANEL,ROUTINE,2024-12-17T17:34:52Z,2024-12-23T08:45:08Z,1
CASE_00002461,SITE_B,WF_V2,PHARMA,STAT,2025-03-22T15:25:37Z,2025-03-24T12:46:07Z,1
CASE_00002462,SITE_B,WF_V2,GERMLINE,ROUTINE,2024-12-25T13:49:08Z,2025-01-01T03:07:19Z,1
CASE_00002463,SITE_B,WF_V2,GERMLINE,STAT,2024-12-09T21:51:05Z,2024-12-12T10:41:43Z,1
CASE_00002464,SITE_B,WF_V2,ONCO_PANEL,ROUTINE,2025-04-15T09:16:10Z,2025-04-20T01:17:56Z,1
CASE_00002465,SITE_B,WF_V2,GERMLINE,ROUTINE,2025-02-13T23:48:04Z,2025-02-20T09:33:52Z,1
CASE_00002466,SITE_B,WF_V2,ONCO_PANEL,ROUTINE,2024-10-16T17:36:45Z,2024-10-21T14:32:27Z,1
CASE_00002467,SITE_B,WF_V2,GERMLINE,ROUTINE,2024-10-30T12:32:35Z,2024-11-06T09:09:03Z,1
CASE_00002468,SITE_B,WF_V2,GERMLINE,ROUTINE,2024-09-16T11:29:34Z,2024-09-22T04:50:39Z,1
CASE_00002469,SITE_B,WF_V2,RARE_DISEASE,ROUTINE,2024-09-18T19:36:45Z,2024-09-24T15:09:27Z,1
CASE_00002470,SITE_B,WF_V2,GERMLINE,ROUTINE,2025-03-13T09:13:58Z,2025-03-19T06:40:10Z,1
CASE_00002471,SITE_B,WF_V2,PHARMA,ROUTINE,2024-12-16T07:53:43Z,2024-12-20T08:42:20Z,1
CASE_00002472,SITE_B,WF_V2,GERMLINE,ROUTINE,2025-01-06T03:49:30Z,2025-01-13T08:58:44Z,1
CASE_00002473,SITE_B,WF_V2,GERMLINE,ROUTINE,2024-12-06T12:10:02Z,2024-12-14T13:50:06Z,1
CASE_00002474,SITE_B,WF_V2,GERMLINE,ROUTINE,2025-03-30T16:25:09Z,2025-04-06T18:35:36Z,1
CASE_00002475,SITE_B,WF_V2,PHARMA,ROUTINE,2024-09-10T19:32:09Z,2024-09-14T14:53:52Z,1
CASE_00002476,SITE_B,WF_V2,RARE_DISEASE,ROUTINE,2024-12-31T10:33:49Z,2025-01-06T13:25:40Z,1
CASE_00002477,SITE_B,WF_V2,PHARMA,ROUTINE,2024-11-18T00:12:55Z,2024-11-23T01:47:18Z,1
CASE_00002478,SITE_B,WF_V2,GERMLINE,STAT,2025-04-26T08:23:51Z,2025-04-29T10:30:00Z,1
CASE_00002479,SITE_B,WF_V2,ONCO_PANEL,ROUTINE,2024-09-29T01:37:20Z,2024-10-04T22:17:50Z,1
CASE_00002480,SITE_B,WF_V2,ONCO_PANEL,ROUTINE,2024-09-12T16:17:08Z,2024-09-17T20:40:59Z,1
CASE_00002481,SITE_B,WF_V2,GERMLINE,ROUTINE,2025-02-23T03:39:02Z,2025-02-28T23:50:31Z,1
CASE_00002482,SITE_B,WF_V2,ONCO_PANEL,ROUTINE,2024-09-02T02:12:27Z,2024-09-06T10:13:19Z,1
CASE_00002483,SITE_B,WF_V2,RARE_DISEASE,ROUTINE,2024-11-02T18:48:24Z,2024-11-08T12:09:02Z,1
CASE_00002484,SITE_B,WF_V2,GERMLINE,ROUTINE,2024-11-23T19:54:51Z,2024-11-29T19:28:31Z,1
CASE_00002485,SITE_B,WF_V2,PHARMA,ROUTINE,2025-03-15T09:53:39Z,2025-03-19T06:30:27Z,1
CASE_00002486,SITE_B,WF_V2,GERMLINE,ROUTINE,2024-11-11T14:01:24Z,2024-11-19T13:55:07Z,1
CASE_00002487,SITE_B,WF_V2,RARE_DISEASE,ROUTINE,2024-12-25T20:48:19Z,2025-01-01T07:53:20Z,1
CASE_00002488,SITE_B,WF_V2,RARE_DISEASE,ROUTINE,2024-10-04T13:25:11Z,2024-10-11T08:23:29Z,1
CASE_00002489,SITE_B,WF_V2,RARE_DISEASE,STAT,2025-02-14T06:43:56Z,2025-02-17T04:52:40Z,1
CASE_00002490,SITE_B,WF_V2,GERMLINE,ROUTINE,2024-10-02T03:23:54Z,2024-10-08T21:38:49Z,1
CASE_00002491,SITE_B,WF_V2,ONCO_PANEL,ROUTINE,2024-09-06T01:20:11Z,2024-09-11T23:17:24Z,1
CASE_00002492,SITE_B,WF_V2,PHARMA,ROUTINE,2024-11-11T15:30:29Z,2024-11-16T00:28:16Z,1
CASE_00002493,SITE_B,WF_V2,ONCO_PANEL,ROUTINE,2025-03-25T08:09:57Z,2025-03-31T03:47:36Z,1
CASE_00002494,SITE_B,WF_V2,ONCO_PANEL,ROUTINE,2024-10-07T22:10:04Z,2024-10-13T04:51:51Z,1
CASE_00002495,SITE_B,WF_V2,RARE_DISEASE,ROUTINE,2025-03-27T04:54:02Z,2025-04-02T10:33:47Z,1
CASE_00002496,SITE_B,WF_V2,RARE_DISEASE,ROUTINE,2025-03-13T22:59:42Z,2025-03-19T13:30:56Z,1
CASE_00002497,SITE_B,WF_V2,ONCO_PANEL,ROUTINE,2025-04-27T07:59:31Z,2025-05-01T23:31:16Z,1
CASE_00002498,SITE_B,WF_V2,ONCO_PANEL,ROUTINE,2025-01-21T00:43:44Z,2025-01-27T01:42:17Z,1
CASE_00002499,SITE_B,WF_V2,ONCO_PANEL,ROUTINE,2024-10-23T06:52:34Z,2024-10-28T11:22:42Z,1
CASE_00002500,SITE_B,WF_V2,PHARMA,ROUTINE,2025-03-21T05:45:19Z,2025-03-26T03:31:51Z,1
CASE_00002501,SITE_B,WF_V2,ONCO_PANEL,ROUTINE,2024-11-19T19:55:52Z,2024-11-24T07:49:12Z,1
CASE_00002502,SITE_B,WF_V2,ONCO_PANEL,ROUTINE,2024-10-20T22:46:38Z,2024-10-26T09:02:34Z,1
CASE_00002503,SITE_B,WF_V2,RARE_DISEASE,ROUTINE,2024-12-31T17:32:05Z,2025-01-06T17:07:33Z,1
CASE_00002504,SITE_B,WF_V2,RARE_DISEASE,ROUTINE,2025-04-23T19:01:39Z,2025-04-29T14:27:15Z,1
CASE_00002505,SITE_B,WF_V2,GERMLINE,ROUTINE,2024-09-08T03:58:42Z,2024-09-14T19:43:49Z,1
CASE_00002506,SITE_B,WF_V2,ONCO_PANEL,ROUTINE,2024-10-20T20:37:46Z,2024-10-26T00:09:17Z,1
CASE_00002507,SITE_B,WF_V2,ONCO_PANEL,ROUTINE,2025-02-13T12:51:49Z,2025-02-18T17:16:03Z,1
CASE_00002508,SITE_B,WF_V2,ONCO_PANEL,STAT,2025-01-19T04:02:15Z,2025-01-21T18:52:45Z,1
CASE_00002509,SITE_B,WF_V2,ONCO_PANEL,STAT,2024-10-09T02:46:01Z,2024-10-11T06:23:06Z,1
CASE_00002510,SITE_B,WF_V2,RARE_DISEASE,ROUTINE,2024-11-05T00:59:38Z,2024-11-11T10:17:03Z,1
CASE_00002511,SITE_B,WF_V2,RARE_DISEASE,STAT,2025-02-11T22:27:31Z,2025-02-15T11:48:28Z,1
CASE_00002512,SITE_B,WF_V2,ONCO_PANEL,ROUTINE,2024-12-05T09:22:30Z,2024-12-10T20:49:49Z,1
CASE_00002513,SITE_B,WF_V2,RARE_DISEASE,STAT,2024-12-14T00:26:22Z,2024-12-16T19:17:46Z,1
CASE_00002514,SITE_B,WF_V2,RARE_DISEASE,ROUTINE,2025-04-04T16:21:07Z,2025-04-10T15:10:14Z,1
CASE_00002515,SITE_B,WF_V2,ONCO_PANEL,ROUTINE,2024-09-11T02:26:40Z,2024-09-16T13:31:19Z,1
CASE_00002516,SITE_B,WF_V2,RARE_DISEASE,STAT,2025-04-09T16:27:56Z,2025-04-13T00:52:12Z,1
CASE_00002517,SITE_B,WF_V2,ONCO_PANEL,ROUTINE,2024-10-02T00:06:08Z,2024-10-07T01:18:01Z,1
CASE_00002518,SITE_B,WF_V2,RARE_DISEASE,STAT,2024-09-29T06:26:56Z,2024-10-02T09:09:53Z,1
CASE_00002519,SITE_B,WF_V2,ONCO_PANEL,ROUTINE,2024-10-04T11:20:15Z,2024-10-10T09:17:57Z,1
CASE_00002520,SITE_B,WF_V2,ONCO_PANEL,ROUTINE,2025-01-13T14:57:16Z,2025-01-19T04:44:59Z,1
CASE_00002521,SITE_B,WF_V2,RARE_DISEASE,ROUTINE,2024-12-05T19:02:31Z,2024-12-12T22:10:16Z,1
CASE_00002522,SITE_B,WF_V2,RARE_DISEASE,ROUTINE,2025-01-01T12:39:04Z,2025-01-07T03:03:04Z,1
CASE_00002523,SITE_B,WF_V2,RARE_DISEASE,ROUTINE,2024-12-20T09:45:22Z,2024-12-26T13:05:11Z,1
CASE_00002524,SITE_B,WF_V2,RARE_DISEASE,ROUTINE,2024-12-27T03:35:40Z,2025-01-02T18:36:32Z,1
CASE_00002525,SITE_B,WF_V2,ONCO_PANEL,ROUTINE,2025-01-06T04:22:05Z,2025-01-11T08:53:18Z,1
CASE_00002526,SITE_B,WF_V2,GERMLINE,ROUTINE,2025-03-20T07:53:02Z,2025-03-26T17:06:46Z,1
CASE_00002527,SITE_B,WF_V2,RARE_DISEASE,STAT,2024-10-22T00:50:40Z,2024-10-24T21:26:27Z,1
CASE_00002528,SITE_B,WF_V2,GERMLINE,ROUTINE,2025-01-18T11:56:13Z,2025-01-25T01:47:51Z,1
CASE_00002529,SITE_B,WF_V2,ONCO_PANEL,ROUTINE,2025-02-06T15:09:12Z,2025-02-11T14:00:31Z,1
CASE_00002530,SITE_B,WF_V2,RARE_DISEASE,ROUTINE,2025-04-13T20:58:38Z,2025-04-19T04:52:12Z,1
CASE_00002531,SITE_B,WF_V2,GERMLINE,ROUTINE,2025-02-15T09:35:43Z,2025-02-21T03:35:15Z,1
CASE_00002532,SITE_B,WF_V2,RARE_DISEASE,ROUTINE,2024-12-20T16:40:16Z,2024-12-27T10:03:52Z,1
CASE_00002533,SITE_B,WF_V2,ONCO_PANEL,ROUTINE,2024-09-22T00:00:02Z,2024-09-26T23:54:11Z,1
CASE_00002534,SITE_B,WF_V2,ONCO_PANEL,ROUTINE,2024-10-27T22:50:14Z,2024-11-02T13:56:45Z,1
CASE_00002535,SITE_B,WF_V2,RARE_DISEASE,STAT,2025-04-06T16:57:52Z,2025-04-09T18:53:28Z,1
CASE_00002536,SITE_B,WF_V2,GERMLINE,ROUTINE,2025-03-27T16:49:34Z,2025-04-03T07:02:23Z,1
CASE_00002537,SITE_B,WF_V2,GERMLINE,ROUTINE,2025-01-09T15:56:14Z,2025-01-16T20:54:01Z,1
CASE_00002538,SITE_B,WF_V2,GERMLINE,ROUTINE,2025-03-28T09:11:36Z,2025-04-04T10:20:45Z,1
CASE_00002539,SITE_B,WF_V2,ONCO_PANEL,ROUTINE,2025-02-17T04:04:13Z,2025-02-22T04:23:16Z,1
CASE_00002540,SITE_B,WF_V2,ONCO_PANEL,ROUTINE,2024-12-14T01:41:28Z,2024-12-19T13:51:57Z,1
CASE_00002541,SITE_B,WF_V2,ONCO_PANEL,ROUTINE,2025-04-12T17:27:59Z,2025-04-17T14:19:22Z,1
CASE_00002542,SITE_B,WF_V2,GERMLINE,ROUTINE,2025-02-15T12:00:10Z,2025-02-21T21:50:02Z,1
CASE_00002543,SITE_B,WF_V2,ONCO_PANEL,ROUTINE,2025-02-12T13:43:49Z,2025-02-17T06:24:45Z,1
CASE_00002544,SITE_B,WF_V2,ONCO_PANEL,ROUTINE,2025-02-06T01:21:05Z,2025-02-11T17:03:28Z,1
CASE_00002545,SITE_B,WF_V2,GERMLINE,ROUTINE,2024-10-25T08:07:41Z,2024-11-01T01:56:38Z,1
CASE_00002546,SITE_B,WF_V2,RARE_DISEASE,ROUTINE,2025-03-30T07:39:21Z,2025-04-05T21:42:41Z,1
CASE_00002547,SITE_B,WF_V2,RARE_DISEASE,STAT,2025-04-07T12:17:26Z,2025-04-10T05:54:36Z,1
CASE_00002548,SITE_B,WF_V2,ONCO_PANEL,ROUTINE,2025-02-23T22:17:24Z,2025-02-28T23:26:12Z,1
CASE_00002549,SITE_B,WF_V2,RARE_DISEASE,ROUTINE,2025-03-04T16:13:46Z,2025-03-12T00:29:11Z,1
CASE_00002550,SITE_B,WF_V2,ONCO_PANEL,ROUTINE,2025-02-20T23:07:54Z,2025-02-25T17:03:18Z,1
CASE_00002551,SITE_B,WF_V2,GERMLINE,ROUTINE,2025-02-11T21:52:21Z,2025-02-17T15:39:27Z,1
CASE_00002552,SITE_B,WF_V2,ONCO_PANEL,ROUTINE,2025-04-17T14:40:26Z,2025-04-22T14:32:44Z,1
CASE_00002553,SITE_B,WF_V2,PHARMA,STAT,2024-09-10T09:01:54Z,2024-09-16T08:09:03Z,1
CASE_00002554,SITE_B,WF_V2,ONCO_PANEL,ROUTINE,2024-12-14T16:41:47Z,2024-12-22T16:42:03Z,1
CASE_00002555,SITE_B,WF_V2,ONCO_PANEL,ROUTINE,2024-09-02T10:52:00Z,2024-09-07T00:57:36Z,1
CASE_00002556,SITE_B,WF_V2,RARE_DISEASE,STAT,2025-03-05T00:39:50Z,2025-03-07T22:39:11Z,1
CASE_00002557,SITE_B,WF_V2,ONCO_PANEL,ROUTINE,2024-12-31T11:40:08Z,2025-01-05T22:10:58Z,1
CASE_00002558,SITE_B,WF_V2,GERMLINE,ROUTINE,2025-01-28T23:13:03Z,2025-02-05T06:48:53Z,1
CASE_00002559,SITE_B,WF_V2,ONCO_PANEL,ROUTINE,2025-02-04T01:18:17Z,2025-02-09T07:39:10Z,1
CASE_00002560,SITE_B,WF_V2,RARE_DISEASE,ROUTINE,2025-03-19T05:29:24Z,2025-03-26T16:59:41Z,1
CASE_00002561,SITE_B,WF_V2,RARE_DISEASE,STAT,2024-12-01T22:22:02Z,2024-12-04T15:42:30Z,1
CASE_00002562,SITE_B,WF_V2,GERMLINE,ROUTINE,2025-03-25T03:01:51Z,2025-03-30T23:10:39Z,1
CASE_00002563,SITE_B,WF_V2,ONCO_PANEL,ROUTINE,2025-04-14T12:08:29Z,2025-04-19T13:00:33Z,1
CASE_00002564,SITE_B,WF_V2,GERMLINE,ROUTINE,2024-12-10T23:58:54Z,2024-12-17T21:58:19Z,1
CASE_00002565,SITE_B,WF_V2,PHARMA,ROUTINE,2024-12-06T07:09:59Z,2024-12-10T21:25:00Z,1
CASE_00002566,SITE_B,WF_V2,ONCO_PANEL,ROUTINE,2025-02-11T18:21:43Z,2025-02-16T16:11:37Z,1
CASE_00002567,SITE_B,WF_V2,RARE_DISEASE,ROUTINE,2024-12-23T20:36:21Z,2024-12-30T09:07:11Z,1
CASE_00002568,SITE_B,WF_V2,GERMLINE,ROUTINE,2025-01-20T04:00:17Z,2025-01-26T09:13:58Z,1
CASE_00002569,SITE_B,WF_V2,ONCO_PANEL,ROUTINE,2024-11-20T06:52:29Z,2024-11-25T09:21:03Z,1
CASE_00002570,SITE_B,WF_V2,GERMLINE,STAT,2024-12-24T01:42:08Z,2024-12-27T12:44:20Z,1
CASE_00002571,SITE_B,WF_V2,ONCO_PANEL,ROUTINE,2025-01-29T15:23:07Z,2025-02-03T07:44:23Z,1
CASE_00002572,SITE_B,WF_V2,PHARMA,ROUTINE,2025-03-02T01:34:28Z,2025-03-06T17:31:43Z,1
CASE_00002573,SITE_B,WF_V2,ONCO_PANEL,STAT,2024-10-31T14:08:24Z,2024-11-02T22:51:45Z,1
CASE_00002574,SITE_B,WF_V2,GERMLINE,ROUTINE,2025-01-28T19:18:05Z,2025-02-04T00:05:15Z,1
CASE_00002575,SITE_B,WF_V2,RARE_DISEASE,ROUTINE,2025-03-05T10:06:52Z,2025-03-11T02:49:02Z,1
CASE_00002576,SITE_B,WF_V2,ONCO_PANEL,ROUTINE,2024-11-09T02:17:14Z,2024-11-14T06:47:49Z,1
CASE_00002577,SITE_B,WF_V2,RARE_DISEASE,ROUTINE,2025-01-28T17:16:59Z,2025-02-02T18:08:00Z,1
CASE_00002578,SITE_B,WF_V2,ONCO_PANEL,ROUTINE,2025-02-08T15:22:29Z,2025-02-14T04:28:23Z,1
CASE_00002579,SITE_B,WF_V2,PHARMA,ROUTINE,2024-12-09T23:49:16Z,2024-12-14T05:17:41Z,1
CASE_00002580,SITE_B,WF_V2,ONCO_PANEL,ROUTINE,2024-12-23T10:46:03Z,2024-12-28T19:55:30Z,1
CASE_00002581,SITE_B,WF_V2,GERMLINE,ROUTINE,2025-02-09T03:35:19Z,2025-02-15T09:57:42Z,1
CASE_00002582,SITE_B,WF_V2,GERMLINE,ROUTINE,2025-01-15T07:19:31Z,2025-01-22T01:41:18Z,1
CASE_00002583,SITE_B,WF_V2,ONCO_PANEL,ROUTINE,2025-01-05T06:21:13Z,2025-01-11T06:59:27Z,1
CASE_00002584,SITE_B,WF_V2,GERMLINE,ROUTINE,2025-02-04T15:57:40Z,2025-02-12T12:07:39Z,1
CASE_00002585,SITE_B,WF_V2,RARE_DISEASE,ROUTINE,2025-04-13T03:03:59Z,2025-04-18T02:02:51Z,1
CASE_00002586,SITE_B,WF_V2,ONCO_PANEL,ROUTINE,2024-11-25T08:15:51Z,2024-11-30T13:28:11Z,1
CASE_00002587,SITE_B,WF_V2,RARE_DISEASE,ROUTINE,2025-03-14T00:04:14Z,2025-03-20T01:47:13Z,1
CASE_00002588,SITE_B,WF_V2,ONCO_PANEL,ROUTINE,2024-09-25T12:43:51Z,2024-10-01T08:41:45Z,1
CASE_00002589,SITE_B,WF_V2,ONCO_PANEL,ROUTINE,2024-11-11T09:34:47Z,2024-11-16T18:58:36Z,1
CASE_00002590,SITE_B,WF_V2,ONCO_PANEL,ROUTINE,2024-11-11T08:10:23Z,2024-11-15T18:02:25Z,1
CASE_00002591,SITE_B,WF_V2,GERMLINE,ROUTINE,2024-10-23T22:17:12Z,2024-10-31T16:14:12Z,1
CASE_00002592,SITE_B,WF_V2,RARE_DISEASE,ROUTINE,2025-04-19T00:18:33Z,2025-04-24T20:14:41Z,1
CASE_00002593,SITE_B,WF_V2,ONCO_PANEL,ROUTINE,2024-09-06T09:43:09Z,2024-09-11T23:10:36Z,1
CASE_00002594,SITE_B,WF_V2,ONCO_PANEL,ROUTINE,2025-03-22T01:35:38Z,2025-03-27T10:35:27Z,1
CASE_00002595,SITE_B,WF_V2,RARE_DISEASE,ROUTINE,2024-09-09T15:22:35Z,2024-09-15T21:02:52Z,1
CASE_00002596,SITE_B,WF_V2,ONCO_PANEL,ROUTINE,2024-11-12T22:37:44Z,2024-11-18T02:54:37Z,1
CASE_00002597,SITE_B,WF_V2,RARE_DISEASE,ROUTINE,2025-03-27T03:49:22Z,2025-04-01T19:32:45Z,1
CASE_00002598,SITE_B,WF_V2,ONCO_PANEL,ROUTINE,2024-11-19T20:52:04Z,2024-11-25T16:17:56Z,1
CASE_00002599,SITE_B,WF_V2,PHARMA,STAT,2025-01-21T18:11:37Z,2025-01-23T15:11:27Z,1
CASE_00002600,SITE_B,WF_V2,ONCO_PANEL,ROUTINE,2024-10-05T22:06:40Z,2024-10-11T02:13:02Z,1
CASE_00002601,SITE_B,WF_V2,RARE_DISEASE,ROUTINE,2025-01-19T07:56:07Z,2025-01-25T17:24:36Z,1
CASE_00002602,SITE_B,WF_V2,ONCO_PANEL,ROUTINE,2025-04-10T02:12:21Z,2025-04-14T20:10:01Z,1
CASE_00002603,SITE_B,WF_V2,ONCO_PANEL,ROUTINE,2025-03-17T20:04:12Z,2025-03-22T12:21:01Z,1
CASE_00002604,SITE_B,WF_V2,ONCO_PANEL,ROUTINE,2025-04-30T16:24:17Z,2025-05-05T22:40:46Z,1
CASE_00002605,SITE_B,WF_V2,ONCO_PANEL,ROUTINE,2024-12-10T22:18:36Z,2024-12-15T05:19:49Z,1
CASE_00002606,SITE_B,WF_V2,GERMLINE,STAT,2024-11-04T14:02:28Z,2024-11-07T11:57:20Z,1
CASE_00002607,SITE_B,WF_V2,RARE_DISEASE,ROUTINE,2025-04-26T04:57:37Z,2025-05-01T19:57:50Z,1
CASE_00002608,SITE_B,WF_V2,RARE_DISEASE,ROUTINE,2025-03-16T08:36:15Z,2025-03-21T17:54:32Z,1
CASE_00002609,SITE_B,WF_V2,RARE_DISEASE,ROUTINE,2025-02-21T15:19:59Z,2025-02-27T16:12:28Z,1
CASE_00002610,SITE_B,WF_V2,RARE_DISEASE,ROUTINE,2025-04-29T01:37:17Z,2025-05-05T02:28:13Z,1
CASE_00002611,SITE_B,WF_V2,RARE_DISEASE,ROUTINE,2025-02-10T19:45:43Z,2025-02-17T18:51:21Z,1
CASE_00002612,SITE_B,WF_V2,RARE_DISEASE,ROUTINE,2025-02-04T15:58:44Z,2025-02-11T08:59:01Z,1
CASE_00002613,SITE_B,WF_V2,ONCO_PANEL,STAT,2025-02-27T17:21:46Z,2025-03-02T01:28:17Z,1
CASE_00002614,SITE_B,WF_V2,ONCO_PANEL,ROUTINE,2025-04-06T02:29:03Z,2025-04-11T03:56:35Z,1
CASE_00002615,SITE_B,WF_V2,RARE_DISEASE,ROUTINE,2024-11-25T11:02:12Z,2024-12-02T11:53:43Z,1
CASE_00002616,SITE_B,WF_V2,GERMLINE,ROUTINE,2025-01-27T08:49:21Z,2025-02-02T23:45:51Z,1
CASE_00002617,SITE_B,WF_V2,GERMLINE,ROUTINE,2024-12-08T08:42:28Z,2024-12-15T06:07:38Z,1
CASE_00002618,SITE_B,WF_V2,ONCO_PANEL,ROUTINE,2025-04-06T00:00:54Z,2025-04-10T11:44:20Z,1
CASE_00002619,SITE_B,WF_V2,ONCO_PANEL,STAT,2024-11-05T23:37:12Z,2024-11-08T03:54:53Z,1
CASE_00002620,SITE_B,WF_V2,ONCO_PANEL,STAT,2025-03-21T21:53:02Z,2025-03-24T11:58:34Z,1
CASE_00002621,SITE_B,WF_V2,ONCO_PANEL,STAT,2024-12-28T10:30:08Z,2024-12-31T06:48:22Z,1
CASE_00002622,SITE_B,WF_V2,ONCO_PANEL,ROUTINE,2025-01-13T22:48:02Z,2025-01-18T18:14:43Z,1
CASE_00002623,SITE_B,WF_V2,RARE_DISEASE,ROUTINE,2024-12-06T16:26:26Z,2024-12-12T12:14:09Z,1
CASE_00002624,SITE_B,WF_V2,PHARMA,ROUTINE,2025-01-14T22:24:47Z,2025-01-19T14:28:58Z,1
CASE_00002625,SITE_B,WF_V2,RARE_DISEASE,ROUTINE,2024-12-17T06:26:43Z,2024-12-24T18:42:17Z,1
CASE_00002626,SITE_B,WF_V2,GERMLINE,STAT,2024-11-05T17:46:25Z,2024-11-08T20:32:10Z,1
CASE_00002627,SITE_B,WF_V2,ONCO_PANEL,ROUTINE,2025-04-11T03:07:57Z,2025-04-16T14:48:19Z,1
CASE_00002628,SITE_B,WF_V2,RARE_DISEASE,ROUTINE,2024-10-21T02:14:33Z,2024-10-27T06:58:08Z,1
CASE_00002629,SITE_B,WF_V2,GERMLINE,ROUTINE,2024-09-21T23:42:52Z,2024-09-28T15:18:16Z,1
CASE_00002630,SITE_B,WF_V2,GERMLINE,ROUTINE,2024-09-14T05:31:17Z,2024-09-20T20:42:51Z,1
CASE_00002631,SITE_B,WF_V2,ONCO_PANEL,ROUTINE,2025-04-26T03:49:43Z,2025-05-01T15:30:36Z,1
CASE_00002632,SITE_B,WF_V2,GERMLINE,ROUTINE,2025-04-03T08:15:24Z,2025-04-09T23:12:11Z,1
CASE_00002633,SITE_B,WF_V2,ONCO_PANEL,STAT,2024-09-13T02:04:03Z,2024-09-15T11:23:18Z,1
CASE_00002634,SITE_B,WF_V2,GERMLINE,ROUTINE,2024-09-23T10:44:46Z,2024-10-01T08:35:39Z,1
CASE_00002635,SITE_B,WF_V2,ONCO_PANEL,ROUTINE,2025-04-06T08:07:57Z,2025-04-11T16:33:44Z,1
CASE_00002636,SITE_B,WF_V2,ONCO_PANEL,STAT,2025-01-23T22:59:31Z,2025-01-26T14:47:58Z,1
CASE_00002637,SITE_B,WF_V2,RARE_DISEASE,ROUTINE,2024-11-20T10:55:41Z,2024-11-26T04:07:20Z,1
CASE_00002638,SITE_B,WF_V2,ONCO_PANEL,ROUTINE,2024-10-29T16:43:00Z,2024-11-03T18:17:18Z,1
CASE_00002639,SITE_B,WF_V2,ONCO_PANEL,ROUTINE,2025-01-31T05:32:52Z,2025-02-04T21:09:27Z,1
CASE_00002640,SITE_B,WF_V2,GERMLINE,ROUTINE,2024-10-08T01:46:30Z,2024-10-14T11:55:31Z,1
CASE_00002641,SITE_B,WF_V2,RARE_DISEASE,STAT,2025-04-22T17:07:04Z,2025-04-25T01:41:51Z,1
CASE_00002642,SITE_B,WF_V2,RARE_DISEASE,ROUTINE,2025-03-08T23:50:21Z,2025-03-18T05:45:03Z,1
CASE_00002643,SITE_B,WF_V2,GERMLINE,ROUTINE,2024-11-21T13:14:22Z,2024-11-28T11:45:13Z,1
CASE_00002644,SITE_B,WF_V2,ONCO_PANEL,ROUTINE,2024-11-14T22:16:47Z,2024-11-19T16:26:08Z,1
CASE_00002645,SITE_B,WF_V2,PHARMA,STAT,2025-03-03T06:45:13Z,2025-03-05T05:50:21Z,1
CASE_00002646,SITE_B,WF_V2,RARE_DISEASE,ROUTINE,2025-02-26T14:59:11Z,2025-03-04T16:03:06Z,1
CASE_00002647,SITE_B,WF_V2,GERMLINE,STAT,2025-02-03T12:39:02Z,2025-02-16T04:13:18Z,1
CASE_00002648,SITE_B,WF_V2,PHARMA,ROUTINE,2024-09-09T16:30:51Z,2024-09-13T13:31:44Z,1
CASE_00002649,SITE_B,WF_V2,PHARMA,ROUTINE,2024-12-20T09:48:11Z,2024-12-24T08:31:54Z,1
CASE_00002650,SITE_B,WF_V2,ONCO_PANEL,ROUTINE,2024-09-25T02:28:45Z,2024-09-30T04:21:36Z,1
CASE_00002651,SITE_B,WF_V2,RARE_DISEASE,ROUTINE,2025-03-27T21:55:18Z,2025-04-02T16:55:09Z,1
CASE_00002652,SITE_B,WF_V2,ONCO_PANEL,ROUTINE,2024-09-30T15:09:24Z,2024-10-05T16:43:12Z,1
CASE_00002653,SITE_B,WF_V2,GERMLINE,ROUTINE,2025-01-11T12:14:54Z,2025-01-18T20:25:44Z,1
CASE_00002654,SITE_B,WF_V2,ONCO_PANEL,STAT,2025-03-15T09:24:39Z,2025-03-17T10:34:43Z,1
CASE_00002655,SITE_B,WF_V2,ONCO_PANEL,STAT,2025-04-26T10:07:47Z,2025-04-29T03:51:05Z,1
CASE_00002656,SITE_B,WF_V2,GERMLINE,ROUTINE,2025-01-30T11:13:11Z,2025-02-05T20:43:02Z,1
CASE_00002657,SITE_B,WF_V2,ONCO_PANEL,ROUTINE,2025-01-18T19:46:48Z,2025-01-24T08:30:41Z,1
CASE_00002658,SITE_B,WF_V2,ONCO_PANEL,ROUTINE,2025-03-20T04:04:36Z,2025-03-26T05:42:03Z,1
CASE_00002659,SITE_B,WF_V2,RARE_DISEASE,ROUTINE,2025-03-07T15:50:03Z,2025-03-13T06:28:16Z,1
CASE_00002660,SITE_B,WF_V2,ONCO_PANEL,ROUTINE,2025-03-18T10:18:28Z,2025-03-23T03:09:18Z,1
CASE_00002661,SITE_B,WF_V2,ONCO_PANEL,ROUTINE,2025-02-24T01:54:22Z,2025-03-01T02:02:28Z,1
CASE_00002662,SITE_B,WF_V2,PHARMA,ROUTINE,2025-03-09T08:38:41Z,2025-03-13T20:04:03Z,1
CASE_00002663,SITE_B,WF_V2,ONCO_PANEL,ROUTINE,2024-09-21T16:37:54Z,2024-09-27T01:14:09Z,1
CASE_00002664,SITE_B,WF_V2,RARE_DISEASE,ROUTINE,2024-11-18T17:15:36Z,2024-11-25T01:55:27Z,1
CASE_00002665,SITE_B,WF_V2,RARE_DISEASE,ROUTINE,2024-09-30T15:39:45Z,2024-10-06T13:05:30Z,1
CASE_00002666,SITE_B,WF_V2,ONCO_PANEL,ROUTINE,2025-04-30T06:44:14Z,2025-05-05T09:36:46Z,1
CASE_00002667,SITE_B,WF_V2,ONCO_PANEL,STAT,2025-01-29T09:15:15Z,2025-01-31T19:15:57Z,1
CASE_00002668,SITE_B,WF_V2,PHARMA,ROUTINE,2024-12-04T14:17:18Z,2024-12-08T16:44:26Z,1
CASE_00002669,SITE_B,WF_V2,ONCO_PANEL,ROUTINE,2024-09-21T16:14:16Z,2024-09-26T03:32:47Z,1
CASE_00002670,SITE_B,WF_V2,RARE_DISEASE,ROUTINE,2025-04-27T08:56:16Z,2025-05-03T14:31:08Z,1
CASE_00002671,SITE_B,WF_V2,GERMLINE,ROUTINE,2025-03-16T18:12:42Z,2025-03-23T00:58:15Z,1
CASE_00002672,SITE_B,WF_V2,GERMLINE,ROUTINE,2024-11-01T11:32:17Z,2024-11-07T12:46:48Z,1
CASE_00002673,SITE_B,WF_V2,GERMLINE,STAT,2024-10-23T05:13:45Z,2024-10-26T02:12:49Z,1
CASE_00002674,SITE_B,WF_V2,ONCO_PANEL,ROUTINE,2025-01-16T05:48:38Z,2025-01-20T20:50:05Z,1
CASE_00002675,SITE_B,WF_V2,ONCO_PANEL,ROUTINE,2024-10-29T16:41:24Z,2024-11-03T15:51:31Z,1
CASE_00002676,SITE_B,WF_V2,ONCO_PANEL,ROUTINE,2025-01-30T13:44:36Z,2025-02-04T10:05:46Z,1
CASE_00002677,SITE_B,WF_V2,RARE_DISEASE,ROUTINE,2024-12-10T08:46:57Z,2024-12-15T21:31:30Z,1
CASE_00002678,SITE_B,WF_V2,GERMLINE,ROUTINE,2024-10-25T02:04:58Z,2024-11-01T19:32:16Z,1
CASE_00002679,SITE_B,WF_V2,ONCO_PANEL,ROUTINE,2024-12-02T23:21:45Z,2024-12-07T05:54:11Z,1
CASE_00002680,SITE_B,WF_V2,RARE_DISEASE,ROUTINE,2024-09-21T11:10:25Z,2024-09-27T08:47:40Z,1
CASE_00002681,SITE_B,WF_V2,ONCO_PANEL,ROUTINE,2025-02-15T23:34:43Z,2025-02-20T16:07:53Z,1
CASE_00002682,SITE_B,WF_V2,ONCO_PANEL,ROUTINE,2025-02-08T01:55:21Z,2025-02-13T01:09:33Z,1
CASE_00002683,SITE_B,WF_V2,PHARMA,ROUTINE,2024-11-22T17:22:26Z,2024-11-26T11:53:33Z,1
CASE_00002684,SITE_B,WF_V2,RARE_DISEASE,ROUTINE,2025-03-30T22:29:14Z,2025-04-07T18:22:37Z,1
CASE_00002685,SITE_B,WF_V2,ONCO_PANEL,ROUTINE,2024-09-24T20:14:31Z,2024-09-29T09:23:50Z,1
CASE_00002686,SITE_B,WF_V2,GERMLINE,ROUTINE,2025-04-20T20:00:10Z,2025-04-27T17:36:14Z,1
CASE_00002687,SITE_B,WF_V2,PHARMA,ROUTINE,2024-10-06T16:14:20Z,2024-10-11T05:05:42Z,1
CASE_00002688,SITE_B,WF_V2,RARE_DISEASE,ROUTINE,2025-03-31T21:40:36Z,2025-04-06T10:56:25Z,1
CASE_00002689,SITE_B,WF_V2,GERMLINE,ROUTINE,2025-04-05T03:03:57Z,2025-04-11T17:32:28Z,1
CASE_00002690,SITE_B,WF_V2,PHARMA,ROUTINE,2025-04-23T00:02:10Z,2025-04-27T09:51:05Z,1
CASE_00002691,SITE_B,WF_V2,GERMLINE,ROUTINE,2025-04-04T01:18:07Z,2025-04-10T02:03:32Z,1
CASE_00002692,SITE_B,WF_V2,RARE_DISEASE,ROUTINE,2025-03-26T16:06:27Z,2025-04-02T19:07:49Z,1
CASE_00002693,SITE_B,WF_V2,RARE_DISEASE,ROUTINE,2025-01-30T03:13:40Z,2025-02-04T12:36:03Z,1
CASE_00002694,SITE_B,WF_V2,RARE_DISEASE,ROUTINE,2025-01-09T04:52:46Z,2025-01-16T08:49:17Z,1
CASE_00002695,SITE_B,WF_V2,GERMLINE,ROUTINE,2024-12-23T00:34:29Z,2024-12-30T04:11:14Z,1
CASE_00002696,SITE_B,WF_V2,GERMLINE,ROUTINE,2024-11-05T18:48:40Z,2024-11-13T03:15:36Z,1
CASE_00002697,SITE_B,WF_V2,PHARMA,ROUTINE,2025-02-21T21:32:09Z,2025-02-26T19:39:44Z,1
CASE_00002698,SITE_B,WF_V2,ONCO_PANEL,STAT,2025-04-18T08:46:03Z,2025-04-21T01:44:17Z,1
CASE_00002699,SITE_B,WF_V2,ONCO_PANEL,ROUTINE,2025-01-28T04:12:50Z,2025-02-02T01:55:54Z,1
CASE_00002700,SITE_B,WF_V2,ONCO_PANEL,ROUTINE,2025-04-03T20:15:41Z,2025-04-09T01:01:39Z,1
CASE_00002701,SITE_B,WF_V2,PHARMA,ROUTINE,2024-10-28T20:48:33Z,2024-11-02T07:49:08Z,1
CASE_00002702,SITE_B,WF_V2,ONCO_PANEL,STAT,2024-09-21T14:14:36Z,2024-09-24T19:11:27Z,1
CASE_00002703,SITE_B,WF_V2,ONCO_PANEL,ROUTINE,2024-09-06T03:01:05Z,2024-09-11T08:11:06Z,1
CASE_00002704,SITE_B,WF_V2,GERMLINE,ROUTINE,2024-09-04T04:08:38Z,2024-09-11T18:35:04Z,1
CASE_00002705,SITE_B,WF_V2,ONCO_PANEL,ROUTINE,2025-03-07T10:05:45Z,2025-03-12T16:06:44Z,1
CASE_00002706,SITE_B,WF_V2,PHARMA,ROUTINE,2025-04-30T02:34:42Z,2025-05-04T06:13:36Z,1
CASE_00002707,SITE_B,WF_V2,ONCO_PANEL,ROUTINE,2025-04-16T12:54:27Z,2025-04-22T12:37:31Z,1
CASE_00002708,SITE_B,WF_V2,ONCO_PANEL,ROUTINE,2024-12-03T05:38:51Z,2024-12-08T09:22:09Z,1
CASE_00002709,SITE_B,WF_V2,ONCO_PANEL,ROUTINE,2024-09-22T07:21:37Z,2024-09-28T05:31:05Z,1
CASE_00002710,SITE_B,WF_V2,RARE_DISEASE,STAT,2025-01-03T10:31:54Z,2025-01-05T19:18:48Z,1
CASE_00002711,SITE_B,WF_V2,GERMLINE,ROUTINE,2024-12-09T20:55:43Z,2024-12-16T23:51:07Z,1
CASE_00002712,SITE_B,WF_V2,GERMLINE,ROUTINE,2024-09-16T13:09:16Z,2024-09-22T08:10:53Z,1
CASE_00002713,SITE_B,WF_V2,RARE_DISEASE,ROUTINE,2024-09-11T20:54:57Z,2024-09-18T11:25:49Z,1
CASE_00002714,SITE_B,WF_V2,RARE_DISEASE,ROUTINE,2024-11-22T23:30:54Z,2024-11-29T11:03:18Z,1
CASE_00002715,SITE_B,WF_V2,RARE_DISEASE,ROUTINE,2024-12-08T06:23:06Z,2024-12-15T09:13:01Z,1
CASE_00002716,SITE_B,WF_V2,GERMLINE,ROUTINE,2025-01-06T13:35:24Z,2025-01-12T06:13:32Z,1
CASE_00002717,SITE_B,WF_V2,ONCO_PANEL,ROUTINE,2025-01-04T23:41:47Z,2025-01-09T09:26:14Z,1
CASE_00002718,SITE_B,WF_V2,RARE_DISEASE,ROUTINE,2025-02-06T16:55:23Z,2025-02-12T21:35:27Z,1
CASE_00002719,SITE_B,WF_V2,GERMLINE,ROUTINE,2024-10-27T22:18:03Z,2024-11-03T11:26:56Z,1
CASE_00002720,SITE_B,WF_V2,GERMLINE,ROUTINE,2024-11-26T11:21:32Z,2024-12-04T10:38:12Z,1
CASE_00002721,SITE_B,WF_V2,ONCO_PANEL,ROUTINE,2025-02-11T05:00:48Z,2025-02-16T07:58:31Z,1
CASE_00002722,SITE_B,WF_V2,ONCO_PANEL,ROUTINE,2024-09-14T05:44:56Z,2024-09-18T22:48:19Z,1
CASE_00002723,SITE_B,WF_V2,PHARMA,ROUTINE,2024-10-18T15:06:44Z,2024-10-23T11:52:59Z,1
CASE_00002724,SITE_B,WF_V2,ONCO_PANEL,ROUTINE,2025-03-09T03:46:59Z,2025-03-13T12:08:38Z,1
CASE_00002725,SITE_B,WF_V2,ONCO_PANEL,ROUTINE,2024-10-19T01:13:30Z,2024-10-24T21:21:26Z,1
CASE_00002726,SITE_B,WF_V2,ONCO_PANEL,ROUTINE,2025-02-16T08:17:42Z,2025-02-22T03:30:01Z,1
CASE_00002727,SITE_B,WF_V2,PHARMA,ROUTINE,2025-03-19T08:40:17Z,2025-03-24T04:45:39Z,1
CASE_00002728,SITE_B,WF_V2,RARE_DISEASE,STAT,2024-10-20T03:58:14Z,2024-10-23T06:19:41Z,1
CASE_00002729,SITE_B,WF_V2,ONCO_PANEL,STAT,2024-11-19T15:04:33Z,2024-11-22T04:25:53Z,1
CASE_00002730,SITE_B,WF_V2,PHARMA,ROUTINE,2024-11-30T16:55:53Z,2024-12-05T09:50:56Z,1
CASE_00002731,SITE_B,WF_V2,GERMLINE,ROUTINE,2025-03-08T22:32:21Z,2025-03-15T14:43:31Z,1
CASE_00002732,SITE_B,WF_V2,ONCO_PANEL,ROUTINE,2024-12-13T08:26:11Z,2024-12-18T09:29:35Z,1
CASE_00002733,SITE_B,WF_V2,ONCO_PANEL,ROUTINE,2025-03-04T14:17:34Z,2025-03-10T09:18:55Z,1
CASE_00002734,SITE_B,WF_V2,GERMLINE,ROUTINE,2024-11-24T09:33:54Z,2024-12-01T15:05:59Z,1
CASE_00002735,SITE_B,WF_V2,GERMLINE,ROUTINE,2025-03-27T08:13:30Z,2025-04-03T13:15:29Z,1
CASE_00002736,SITE_B,WF_V2,RARE_DISEASE,ROUTINE,2024-09-24T05:07:23Z,2024-09-30T12:38:14Z,1
CASE_00002737,SITE_B,WF_V2,PHARMA,ROUTINE,2025-03-09T21:47:52Z,2025-03-14T05:00:41Z,1
CASE_00002738,SITE_B,WF_V2,GERMLINE,ROUTINE,2025-02-27T06:04:49Z,2025-03-07T07:48:25Z,1
CASE_00002739,SITE_B,WF_V2,GERMLINE,ROUTINE,2024-10-22T20:43:15Z,2024-10-28T06:20:02Z,1
CASE_00002740,SITE_B,WF_V2,ONCO_PANEL,ROUTINE,2024-10-14T20:34:44Z,2024-10-19T21:56:44Z,1
CASE_00002741,SITE_B,WF_V2,GERMLINE,ROUTINE,2024-10-14T16:43:06Z,2024-10-21T06:41:13Z,1
CASE_00002742,SITE_B,WF_V2,GERMLINE,ROUTINE,2025-03-18T18:55:12Z,2025-03-25T11:15:33Z,1
CASE_00002743,SITE_B,WF_V2,PHARMA,ROUTINE,2025-02-24T13:58:26Z,2025-03-01T04:38:18Z,1
CASE_00002744,SITE_B,WF_V2,ONCO_PANEL,ROUTINE,2025-03-08T09:01:52Z,2025-03-13T15:35:40Z,1
CASE_00002745,SITE_B,WF_V2,RARE_DISEASE,ROUTINE,2024-10-25T08:04:50Z,2024-11-02T05:31:21Z,1
CASE_00002746,SITE_B,WF_V2,RARE_DISEASE,ROUTINE,2025-03-17T01:09:27Z,2025-03-23T20:23:03Z,1
CASE_00002747,SITE_B,WF_V2,RARE_DISEASE,ROUTINE,2025-02-28T07:46:46Z,2025-03-07T11:32:16Z,1
CASE_00002748,SITE_B,WF_V2,ONCO_PANEL,ROUTINE,2024-11-08T20:33:03Z,2024-11-13T17:17:49Z,1
CASE_00002749,SITE_B,WF_V2,ONCO_PANEL,ROUTINE,2025-03-01T03:05:57Z,2025-03-06T22:41:21Z,1
CASE_00002750,SITE_B,WF_V2,ONCO_PANEL,ROUTINE,2025-01-14T14:13:54Z,2025-01-18T22:46:35Z,1
CASE_00002751,SITE_B,WF_V2,RARE_DISEASE,ROUTINE,2024-11-25T18:48:38Z,2024-12-01T20:02:48Z,1
CASE_00002752,SITE_B,WF_V2,ONCO_PANEL,STAT,2025-04-30T21:03:51Z,2025-05-03T14:47:58Z,1
CASE_00002753,SITE_B,WF_V2,RARE_DISEASE,ROUTINE,2025-01-13T20:32:39Z,2025-01-20T14:28:01Z,1
CASE_00002754,SITE_B,WF_V2,PHARMA,ROUTINE,2024-12-29T23:45:41Z,2025-01-03T15:09:25Z,1
CASE_00002755,SITE_B,WF_V2,ONCO_PANEL,ROUTINE,2024-11-01T23:52:49Z,2024-11-07T09:10:25Z,1
CASE_00002756,SITE_B,WF_V2,ONCO_PANEL,ROUTINE,2024-10-20T12:01:51Z,2024-10-25T14:49:07Z,1
CASE_00002757,SITE_B,WF_V2,PHARMA,ROUTINE,2024-12-08T14:41:34Z,2024-12-13T09:11:24Z,1
CASE_00002758,SITE_B,WF_V2,PHARMA,ROUTINE,2025-02-26T18:11:00Z,2025-03-03T22:31:19Z,1
CASE_00002759,SITE_B,WF_V2,ONCO_PANEL,STAT,2024-09-27T23:33:51Z,2024-09-30T08:52:15Z,1
CASE_00002760,SITE_B,WF_V2,GERMLINE,STAT,2024-11-07T16:54:33Z,2024-11-10T19:37:08Z,1
CASE_00002761,SITE_B,WF_V2,RARE_DISEASE,STAT,2025-03-04T22:21:37Z,2025-03-08T01:33:32Z,1
CASE_00002762,SITE_B,WF_V2,ONCO_PANEL,ROUTINE,2025-04-19T00:02:14Z,2025-04-23T12:58:36Z,1
CASE_00002763,SITE_B,WF_V2,GERMLINE,STAT,2024-09-04T13:17:34Z,2024-09-07T11:24:11Z,1
CASE_00002764,SITE_B,WF_V2,ONCO_PANEL,ROUTINE,2025-01-23T05:32:50Z,2025-01-27T19:57:14Z,1
CASE_00002765,SITE_B,WF_V2,ONCO_PANEL,ROUTINE,2025-03-11T17:52:47Z,2025-03-16T06:04:41Z,1
CASE_00002766,SITE_B,WF_V2,GERMLINE,ROUTINE,2025-02-13T03:31:36Z,2025-02-19T20:58:05Z,1
CASE_00002767,SITE_B,WF_V2,ONCO_PANEL,ROUTINE,2025-04-02T17:30:22Z,2025-04-07T15:29:18Z,1
CASE_00002768,SITE_B,WF_V2,ONCO_PANEL,ROUTINE,2025-04-13T04:08:01Z,2025-04-17T22:15:52Z,1
CASE_00002769,SITE_B,WF_V2,RARE_DISEASE,ROUTINE,2025-04-10T12:47:53Z,2025-04-15T22:12:28Z,1
CASE_00002770,SITE_B,WF_V2,GERMLINE,ROUTINE,2025-04-25T11:14:34Z,2025-05-08T16:18:42Z,1
CASE_00002771,SITE_B,WF_V2,ONCO_PANEL,ROUTINE,2025-03-06T21:26:48Z,2025-03-12T02:46:36Z,1
CASE_00002772,SITE_B,WF_V2,ONCO_PANEL,ROUTINE,2025-02-06T08:22:03Z,2025-02-11T07:26:20Z,1
CASE_00002773,SITE_B,WF_V2,ONCO_PANEL,ROUTINE,2024-10-31T16:56:22Z,2024-11-05T22:50:40Z,1
CASE_00002774,SITE_B,WF_V2,GERMLINE,ROUTINE,2025-03-16T22:33:26Z,2025-03-23T11:39:01Z,1
CASE_00002775,SITE_B,WF_V2,GERMLINE,ROUTINE,2025-02-19T22:24:11Z,2025-02-25T18:33:29Z,1
CASE_00002776,SITE_B,WF_V2,ONCO_PANEL,ROUTINE,2024-09-05T02:55:43Z,2024-09-09T18:03:39Z,1
CASE_00002777,SITE_B,WF_V2,RARE_DISEASE,ROUTINE,2024-11-21T20:39:51Z,2024-11-27T22:27:51Z,1
CASE_00002778,SITE_B,WF_V2,GERMLINE,ROUTINE,2024-10-23T14:49:47Z,2024-10-29T23:08:08Z,1
CASE_00002779,SITE_B,WF_V2,ONCO_PANEL,ROUTINE,2025-01-01T02:37:24Z,2025-01-05T17:57:56Z,1
CASE_00002780,SITE_B,WF_V2,RARE_DISEASE,ROUTINE,2025-02-26T03:30:07Z,2025-03-04T15:15:34Z,1
CASE_00002781,SITE_B,WF_V2,GERMLINE,ROUTINE,2025-02-20T08:10:36Z,2025-02-26T20:03:47Z,1
CASE_00002782,SITE_B,WF_V2,PHARMA,ROUTINE,2024-10-10T17:26:09Z,2024-10-15T00:10:49Z,1
CASE_00002783,SITE_B,WF_V2,RARE_DISEASE,ROUTINE,2024-09-28T11:25:30Z,2024-10-05T02:57:45Z,1
CASE_00002784,SITE_B,WF_V2,PHARMA,ROUTINE,2024-12-17T06:36:22Z,2024-12-21T18:52:48Z,1
CASE_00002785,SITE_B,WF_V2,PHARMA,STAT,2024-09-16T21:28:05Z,2024-09-18T21:35:19Z,1
CASE_00002786,SITE_B,WF_V2,GERMLINE,ROUTINE,2025-03-28T06:53:06Z,2025-04-03T20:45:52Z,1
CASE_00002787,SITE_B,WF_V2,GERMLINE,ROUTINE,2024-11-01T15:44:00Z,2024-11-07T12:48:00Z,1
CASE_00002788,SITE_B,WF_V2,ONCO_PANEL,STAT,2024-10-17T03:34:17Z,2024-10-19T05:53:38Z,1
CASE_00002789,SITE_B,WF_V2,ONCO_PANEL,ROUTINE,2024-11-09T20:55:21Z,2024-11-15T07:21:56Z,1
CASE_00002790,SITE_B,WF_V2,GERMLINE,ROUTINE,2024-09-23T08:23:13Z,2024-09-30T15:02:25Z,1
CASE_00002791,SITE_B,WF_V2,GERMLINE,ROUTINE,2024-11-01T04:26:54Z,2024-11-07T19:02:42Z,1
CASE_00002792,SITE_B,WF_V2,RARE_DISEASE,ROUTINE,2024-12-30T07:56:43Z,2025-01-05T12:43:37Z,1
CASE_00002793,SITE_B,WF_V2,ONCO_PANEL,ROUTINE,2025-04-08T00:08:58Z,2025-04-12T22:44:09Z,1
CASE_00002794,SITE_B,WF_V2,RARE_DISEASE,ROUTINE,2025-03-11T14:18:56Z,2025-03-18T19:42:47Z,1
CASE_00002795,SITE_B,WF_V2,ONCO_PANEL,ROUTINE,2025-02-09T16:22:23Z,2025-02-14T15:57:29Z,1
CASE_00002796,SITE_B,WF_V2,PHARMA,ROUTINE,2024-11-16T00:53:32Z,2024-11-20T05:11:52Z,1
CASE_00002797,SITE_B,WF_V2,RARE_DISEASE,ROUTINE,2025-02-02T09:00:44Z,2025-02-08T05:14:50Z,1
CASE_00002798,SITE_B,WF_V2,RARE_DISEASE,ROUTINE,2025-02-28T05:43:09Z,2025-03-06T06:00:59Z,1
CASE_00002799,SITE_B,WF_V2,RARE_DISEASE,ROUTINE,2025-04-25T22:27:26Z,2025-05-01T19:56:58Z,1
CASE_00002800,SITE_B,WF_V2,ONCO_PANEL,ROUTINE,2025-01-07T01:56:45Z,2025-01-12T13:56:01Z,1
CASE_00002801,SITE_B,WF_V2,ONCO_PANEL,ROUTINE,2024-10-02T02:33:29Z,2024-10-07T15:04:56Z,1
CASE_00002802,SITE_B,WF_V2,RARE_DISEASE,ROUTINE,2025-04-28T11:00:48Z,2025-05-05T19:18:07Z,1
CASE_00002803,SITE_B,WF_V2,RARE_DISEASE,ROUTINE,2024-09-10T07:28:33Z,2024-09-20T17:12:35Z,1
CASE_00002804,SITE_B,WF_V2,ONCO_PANEL,ROUTINE,2025-02-12T14:48:26Z,2025-02-17T01:31:44Z,1
CASE_00002805,SITE_B,WF_V2,PHARMA,ROUTINE,2024-11-28T16:05:17Z,2024-12-02T18:36:29Z,1
CASE_00002806,SITE_B,WF_V2,RARE_DISEASE,ROUTINE,2025-03-16T06:07:30Z,2025-03-21T14:23:29Z,1
CASE_00002807,SITE_B,WF_V2,GERMLINE,ROUTINE,2024-12-03T17:01:58Z,2024-12-10T12:25:13Z,1
CASE_00002808,SITE_B,WF_V2,GERMLINE,ROUTINE,2025-01-23T21:29:40Z,2025-01-31T00:33:16Z,1
CASE_00002809,SITE_B,WF_V2,ONCO_PANEL,STAT,2024-12-03T01:42:35Z,2024-12-05T23:42:46Z,1
CASE_00002810,SITE_B,WF_V2,GERMLINE,ROUTINE,2024-10-05T14:57:39Z,2024-11-04T05:41:30Z,1
CASE_00002811,SITE_B,WF_V2,GERMLINE,ROUTINE,2025-04-26T20:56:48Z,2025-05-04T10:53:45Z,1
CASE_00002812,SITE_B,WF_V2,RARE_DISEASE,ROUTINE,2025-02-02T18:33:24Z,2025-02-09T02:46:38Z,1
CASE_00002813,SITE_B,WF_V2,GERMLINE,ROUTINE,2025-03-15T03:29:52Z,2025-03-21T03:11:38Z,1
CASE_00002814,SITE_B,WF_V2,RARE_DISEASE,ROUTINE,2024-11-07T01:40:19Z,2024-11-13T00:42:10Z,1
CASE_00002815,SITE_B,WF_V2,ONCO_PANEL,STAT,2024-10-11T08:01:06Z,2024-10-13T14:08:18Z,1
CASE_00002816,SITE_B,WF_V2,ONCO_PANEL,ROUTINE,2024-11-10T08:44:51Z,2024-11-16T16:40:50Z,1
CASE_00002817,SITE_B,WF_V2,ONCO_PANEL,ROUTINE,2024-11-07T06:12:06Z,2024-11-13T13:05:22Z,1
CASE_00002818,SITE_B,WF_V2,RARE_DISEASE,STAT,2025-04-19T00:55:58Z,2025-04-22T05:18:58Z,1
CASE_00002819,SITE_B,WF_V2,RARE_DISEASE,ROUTINE,2024-12-03T12:33:59Z,2024-12-09T20:21:32Z,1
CASE_00002820,SITE_B,WF_V2,PHARMA,ROUTINE,2024-09-14T21:59:42Z,2024-09-23T08:15:28Z,1
CASE_00002821,SITE_B,WF_V2,ONCO_PANEL,ROUTINE,2025-04-13T09:58:21Z,2025-04-18T17:00:21Z,1
CASE_00002822,SITE_B,WF_V2,ONCO_PANEL,ROUTINE,2024-11-16T22:28:35Z,2024-11-22T01:05:23Z,1
CASE_00002823,SITE_B,WF_V2,RARE_DISEASE,ROUTINE,2025-03-08T23:16:41Z,2025-03-14T17:45:24Z,1
CASE_00002824,SITE_B,WF_V2,ONCO_PANEL,ROUTINE,2025-03-29T23:15:57Z,2025-04-06T03:22:07Z,1
CASE_00002825,SITE_B,WF_V2,PHARMA,ROUTINE,2024-10-11T16:13:58Z,2024-10-15T09:34:39Z,1
CASE_00002826,SITE_B,WF_V2,PHARMA,ROUTINE,2024-10-28T10:57:55Z,2024-11-02T00:18:20Z,1
CASE_00002827,SITE_B,WF_V2,ONCO_PANEL,ROUTINE,2025-05-01T02:04:13Z,2025-05-05T13:03:13Z,1
CASE_00002828,SITE_B,WF_V2,ONCO_PANEL,ROUTINE,2024-12-10T12:00:10Z,2024-12-15T06:00:43Z,1
CASE_00002829,SITE_B,WF_V2,GERMLINE,ROUTINE,2024-10-09T14:33:38Z,2024-10-15T16:35:38Z,1
CASE_00002830,SITE_B,WF_V2,ONCO_PANEL,ROUTINE,2024-11-12T13:57:07Z,2024-11-17T05:16:43Z,1
CASE_00002831,SITE_B,WF_V2,RARE_DISEASE,ROUTINE,2024-10-29T19:17:09Z,2024-11-05T09:27:08Z,1
CASE_00002832,SITE_B,WF_V2,RARE_DISEASE,ROUTINE,2025-01-09T07:46:44Z,2025-01-15T06:49:05Z,1
CASE_00002833,SITE_B,WF_V2,GERMLINE,ROUTINE,2025-02-28T13:12:57Z,2025-03-07T09:04:59Z,1
CASE_00002834,SITE_B,WF_V2,ONCO_PANEL,ROUTINE,2025-03-09T06:13:04Z,2025-03-14T09:40:14Z,1
CASE_00002835,SITE_B,WF_V2,GERMLINE,ROUTINE,2025-04-14T10:05:31Z,2025-04-21T02:31:32Z,1
CASE_00002836,SITE_B,WF_V2,PHARMA,ROUTINE,2025-02-08T05:26:21Z,2025-02-12T04:54:02Z,1
CASE_00002837,SITE_B,WF_V2,RARE_DISEASE,ROUTINE,2025-04-28T20:00:36Z,2025-05-04T13:48:24Z,1
CASE_00002838,SITE_B,WF_V2,RARE_DISEASE,ROUTINE,2025-04-25T04:41:48Z,2025-05-01T04:18:35Z,1
CASE_00002839,SITE_B,WF_V2,ONCO_PANEL,ROUTINE,2025-03-22T04:33:25Z,2025-03-27T20:43:45Z,1
CASE_00002840,SITE_B,WF_V2,GERMLINE,ROUTINE,2025-02-12T08:54:50Z,2025-02-18T15:30:52Z,1
CASE_00002841,SITE_B,WF_V2,ONCO_PANEL,ROUTINE,2025-04-11T16:25:04Z,2025-04-17T05:26:13Z,1
CASE_00002842,SITE_B,WF_V2,ONCO_PANEL,ROUTINE,2025-02-25T20:31:43Z,2025-03-04T07:37:52Z,1
CASE_00002843,SITE_B,WF_V2,PHARMA,ROUTINE,2024-11-10T23:57:11Z,2024-11-15T12:04:00Z,1
CASE_00002844,SITE_B,WF_V2,GERMLINE,ROUTINE,2025-01-20T10:43:06Z,2025-01-27T21:09:04Z,1
CASE_00002845,SITE_B,WF_V2,GERMLINE,ROUTINE,2025-03-18T22:56:10Z,2025-03-26T13:57:55Z,1
CASE_00002846,SITE_B,WF_V2,ONCO_PANEL,ROUTINE,2024-09-23T18:38:24Z,2024-09-29T05:59:55Z,1
CASE_00002847,SITE_B,WF_V2,GERMLINE,ROUTINE,2024-10-04T16:36:53Z,2024-10-11T06:23:40Z,1
CASE_00002848,SITE_B,WF_V2,PHARMA,ROUTINE,2024-10-06T20:02:14Z,2024-10-10T17:03:26Z,1
CASE_00002849,SITE_B,WF_V2,PHARMA,ROUTINE,2024-09-07T11:49:38Z,2024-09-12T09:02:06Z,1
CASE_00002850,SITE_B,WF_V2,PHARMA,ROUTINE,2025-03-29T19:29:14Z,2025-04-03T02:20:03Z,1
CASE_00002851,SITE_B,WF_V2,ONCO_PANEL,ROUTINE,2024-12-18T20:16:20Z,2024-12-24T07:34:23Z,1
CASE_00002852,SITE_B,WF_V2,ONCO_PANEL,ROUTINE,2024-12-02T11:22:24Z,2024-12-07T06:15:51Z,1
CASE_00002853,SITE_B,WF_V2,RARE_DISEASE,ROUTINE,2024-12-11T14:24:49Z,2024-12-18T05:15:44Z,1
CASE_00002854,SITE_B,WF_V2,ONCO_PANEL,ROUTINE,2025-02-09T19:42:56Z,2025-02-14T14:36:57Z,1
CASE_00002855,SITE_B,WF_V2,RARE_DISEASE,ROUTINE,2024-09-03T02:46:30Z,2024-09-09T23:44:01Z,1
CASE_00002856,SITE_B,WF_V2,ONCO_PANEL,ROUTINE,2024-12-07T22:14:37Z,2024-12-14T02:19:25Z,1
CASE_00002857,SITE_B,WF_V2,GERMLINE,ROUTINE,2025-04-08T12:25:38Z,2025-04-14T10:58:26Z,1
CASE_00002858,SITE_B,WF_V2,GERMLINE,ROUTINE,2025-02-25T11:08:37Z,2025-03-04T23:11:31Z,1
CASE_00002859,SITE_B,WF_V2,ONCO_PANEL,ROUTINE,2024-10-03T18:07:43Z,2024-10-09T05:57:02Z,1
CASE_00002860,SITE_B,WF_V2,RARE_DISEASE,ROUTINE,2024-11-19T00:54:08Z,2024-11-25T05:43:56Z,1
CASE_00002861,SITE_B,WF_V2,GERMLINE,STAT,2025-04-07T06:05:02Z,2025-04-10T05:27:34Z,1
CASE_00002862,SITE_B,WF_V2,RARE_DISEASE,STAT,2024-11-07T04:07:04Z,2024-11-09T14:05:19Z,1
CASE_00002863,SITE_B,WF_V2,GERMLINE,ROUTINE,2024-10-26T07:41:54Z,2024-11-01T06:02:49Z,1
CASE_00002864,SITE_B,WF_V2,GERMLINE,ROUTINE,2024-11-11T08:23:16Z,2024-11-17T09:06:38Z,1
CASE_00002865,SITE_B,WF_V2,RARE_DISEASE,ROUTINE,2025-01-15T16:48:47Z,2025-01-21T10:33:53Z,1
CASE_00002866,SITE_B,WF_V2,GERMLINE,ROUTINE,2025-01-01T16:43:28Z,2025-01-09T00:31:43Z,1
CASE_00002867,SITE_B,WF_V2,ONCO_PANEL,STAT,2025-04-10T02:48:28Z,2025-04-12T11:21:30Z,1
CASE_00002868,SITE_B,WF_V2,RARE_DISEASE,ROUTINE,2025-01-24T06:29:46Z,2025-01-29T20:32:21Z,1
CASE_00002869,SITE_B,WF_V2,GERMLINE,STAT,2025-02-13T15:55:46Z,2025-02-16T17:05:13Z,1
CASE_00002870,SITE_B,WF_V2,GERMLINE,ROUTINE,2025-02-25T22:30:24Z,2025-03-04T18:34:30Z,1
CASE_00002871,SITE_B,WF_V2,ONCO_PANEL,ROUTINE,2025-03-09T03:36:52Z,2025-03-15T12:08:27Z,1
CASE_00002872,SITE_B,WF_V2,RARE_DISEASE,STAT,2025-03-08T03:50:52Z,2025-03-10T14:33:07Z,1
CASE_00002873,SITE_B,WF_V2,ONCO_PANEL,STAT,2025-04-09T09:35:08Z,2025-04-12T11:20:17Z,1
CASE_00002874,SITE_B,WF_V2,RARE_DISEASE,ROUTINE,2024-10-04T05:58:02Z,2024-10-10T00:06:53Z,1
CASE_00002875,SITE_B,WF_V2,GERMLINE,ROUTINE,2024-09-16T01:02:38Z,2024-09-22T22:15:41Z,1
CASE_00002876,SITE_B,WF_V2,ONCO_PANEL,ROUTINE,2024-12-17T11:58:38Z,2024-12-24T08:19:37Z,1
CASE_00002877,SITE_B,WF_V2,GERMLINE,ROUTINE,2025-04-06T05:28:24Z,2025-04-13T03:58:27Z,1
CASE_00002878,SITE_B,WF_V2,GERMLINE,ROUTINE,2024-09-17T06:56:22Z,2024-09-25T15:34:56Z,1
CASE_00002879,SITE_B,WF_V2,RARE_DISEASE,STAT,2024-10-23T04:39:12Z,2024-10-25T10:23:30Z,1
CASE_00002880,SITE_B,WF_V2,ONCO_PANEL,ROUTINE,2024-12-29T19:52:07Z,2025-01-04T06:42:09Z,1
CASE_00002881,SITE_B,WF_V2,GERMLINE,ROUTINE,2024-11-11T13:44:57Z,2024-11-18T05:53:56Z,1
CASE_00002882,SITE_B,WF_V2,ONCO_PANEL,ROUTINE,2024-11-26T16:51:14Z,2024-12-02T10:16:36Z,1
CASE_00002883,SITE_B,WF_V2,GERMLINE,ROUTINE,2024-12-26T20:59:33Z,2025-01-03T18:29:15Z,1
CASE_00002884,SITE_B,WF_V2,PHARMA,ROUTINE,2024-11-06T09:34:42Z,2024-11-10T06:38:49Z,1
CASE_00002885,SITE_B,WF_V2,RARE_DISEASE,ROUTINE,2025-03-15T17:55:49Z,2025-03-22T18:31:52Z,1
CASE_00002886,SITE_B,WF_V2,RARE_DISEASE,STAT,2024-12-08T00:44:41Z,2024-12-10T17:00:55Z,1
CASE_00002887,SITE_B,WF_V2,RARE_DISEASE,ROUTINE,2025-01-07T20:14:08Z,2025-01-13T13:19:34Z,1
CASE_00002888,SITE_B,WF_V2,RARE_DISEASE,STAT,2024-10-02T00:05:38Z,2024-10-04T20:49:07Z,1
CASE_00002889,SITE_B,WF_V2,RARE_DISEASE,STAT,2025-02-04T21:09:35Z,2025-02-07T13:11:40Z,1
CASE_00002890,SITE_B,WF_V2,GERMLINE,ROUTINE,2024-10-10T15:14:06Z,2024-10-17T16:00:49Z,1
CASE_00002891,SITE_B,WF_V2,GERMLINE,ROUTINE,2024-10-02T10:05:45Z,2024-10-10T01:50:16Z,1
CASE_00002892,SITE_B,WF_V2,RARE_DISEASE,STAT,2025-03-24T21:19:45Z,2025-03-27T20:09:02Z,1
CASE_00002893,SITE_B,WF_V2,RARE_DISEASE,ROUTINE,2024-10-23T16:28:28Z,2024-10-30T12:38:26Z,1
CASE_00002894,SITE_B,WF_V2,PHARMA,ROUTINE,2025-03-09T13:19:11Z,2025-03-14T09:18:34Z,1
CASE_00002895,SITE_B,WF_V2,ONCO_PANEL,ROUTINE,2025-03-27T03:26:40Z,2025-03-31T16:45:20Z,1
CASE_00002896,SITE_B,WF_V2,GERMLINE,ROUTINE,2025-01-07T03:30:13Z,2025-01-14T18:10:37Z,1
CASE_00002897,SITE_B,WF_V2,ONCO_PANEL,ROUTINE,2025-02-04T05:53:37Z,2025-03-05T04:36:29Z,1
CASE_00002898,SITE_B,WF_V2,ONCO_PANEL,ROUTINE,2024-10-07T09:19:07Z,2024-10-13T16:21:51Z,1
CASE_00002899,SITE_B,WF_V2,GERMLINE,STAT,2024-10-04T11:32:57Z,2024-10-07T04:27:31Z,1
CASE_00002900,SITE_B,WF_V2,ONCO_PANEL,ROUTINE,2025-03-31T10:38:59Z,2025-04-05T16:47:29Z,1
CASE_00002901,SITE_B,WF_V2,RARE_DISEASE,ROUTINE,2024-11-16T05:43:28Z,2024-11-22T04:07:30Z,1
CASE_00002902,SITE_B,WF_V2,RARE_DISEASE,ROUTINE,2024-12-18T14:21:18Z,2024-12-24T16:28:37Z,1
CASE_00002903,SITE_B,WF_V2,ONCO_PANEL,ROUTINE,2025-04-10T08:10:07Z,2025-04-14T16:12:51Z,1
CASE_00002904,SITE_B,WF_V2,RARE_DISEASE,STAT,2025-04-29T22:05:33Z,2025-05-02T15:07:07Z,1
CASE_00002905,SITE_B,WF_V2,GERMLINE,ROUTINE,2024-10-13T16:37:05Z,2024-10-20T06:33:43Z,1
CASE_00002906,SITE_B,WF_V2,ONCO_PANEL,ROUTINE,2025-02-08T18:10:42Z,2025-02-14T01:51:31Z,1
CASE_00002907,SITE_B,WF_V2,ONCO_PANEL,ROUTINE,2025-01-15T03:39:03Z,2025-01-21T08:38:38Z,1
CASE_00002908,SITE_B,WF_V2,RARE_DISEASE,ROUTINE,2025-01-02T21:34:06Z,2025-01-08T17:43:40Z,1
CASE_00002909,SITE_B,WF_V2,ONCO_PANEL,ROUTINE,2024-09-11T13:06:32Z,2024-09-16T11:23:30Z,1
CASE_00002910,SITE_B,WF_V2,ONCO_PANEL,STAT,2024-12-06T20:10:59Z,2024-12-09T16:49:24Z,1
CASE_00002911,SITE_B,WF_V2,ONCO_PANEL,ROUTINE,2025-04-10T20:04:22Z,2025-04-15T23:00:33Z,1
CASE_00002912,SITE_B,WF_V2,ONCO_PANEL,ROUTINE,2025-04-21T22:19:02Z,2025-04-26T15:45:18Z,1
CASE_00002913,SITE_B,WF_V2,RARE_DISEASE,ROUTINE,2025-04-08T02:24:39Z,2025-04-13T17:25:47Z,1
CASE_00002914,SITE_B,WF_V2,ONCO_PANEL,ROUTINE,2024-09-08T20:11:32Z,2024-09-13T20:57:17Z,1
CASE_00002915,SITE_B,WF_V2,ONCO_PANEL,STAT,2025-01-24T04:57:56Z,2025-01-27T03:05:40Z,1
CASE_00002916,SITE_B,WF_V2,ONCO_PANEL,ROUTINE,2024-11-08T21:09:02Z,2024-11-14T12:55:50Z,1
CASE_00002917,SITE_B,WF_V2,PHARMA,ROUTINE,2025-03-01T12:56:59Z,2025-03-06T05:03:58Z,1
CASE_00002918,SITE_B,WF_V2,RARE_DISEASE,ROUTINE,2025-03-01T11:29:44Z,2025-03-07T16:42:34Z,1
CASE_00002919,SITE_B,WF_V2,RARE_DISEASE,STAT,2025-01-03T13:37:57Z,2025-01-07T03:02:12Z,1
CASE_00002920,SITE_B,WF_V2,ONCO_PANEL,ROUTINE,2025-03-27T12:21:27Z,2025-04-02T13:36:21Z,1
CASE_00002921,SITE_B,WF_V2,ONCO_PANEL,ROUTINE,2024-09-24T10:12:30Z,2024-09-30T02:02:16Z,1
CASE_00002922,SITE_B,WF_V2,RARE_DISEASE,ROUTINE,2024-09-11T09:21:21Z,2024-09-16T21:48:14Z,1
CASE_00002923,SITE_B,WF_V2,GERMLINE,ROUTINE,2025-04-04T05:14:43Z,2025-04-10T22:41:11Z,1
CASE_00002924,SITE_B,WF_V2,ONCO_PANEL,ROUTINE,2024-11-02T13:58:08Z,2024-11-08T08:37:01Z,1
CASE_00002925,SITE_B,WF_V2,GERMLINE,ROUTINE,2025-03-04T00:04:27Z,2025-03-11T19:41:25Z,1
CASE_00002926,SITE_B,WF_V2,RARE_DISEASE,ROUTINE,2024-12-30T20:58:38Z,2025-01-05T21:55:38Z,1
CASE_00002927,SITE_B,WF_V2,RARE_DISEASE,ROUTINE,2025-03-02T21:02:28Z,2025-03-08T22:35:11Z,1
CASE_00002928,SITE_B,WF_V2,PHARMA,ROUTINE,2025-01-10T20:11:42Z,2025-01-15T14:26:43Z,1
CASE_00002929,SITE_B,WF_V2,ONCO_PANEL,ROUTINE,2025-03-05T17:54:50Z,2025-03-11T08:26:06Z,1
CASE_00002930,SITE_B,WF_V2,GERMLINE,ROUTINE,2024-12-09T04:58:00Z,2024-12-15T04:35:23Z,1
CASE_00002931,SITE_B,WF_V2,ONCO_PANEL,ROUTINE,2024-11-06T04:52:17Z,2024-11-11T05:31:46Z,1
CASE_00002932,SITE_B,WF_V2,RARE_DISEASE,ROUTINE,2025-02-15T23:53:51Z,2025-02-21T12:03:38Z,1
CASE_00002933,SITE_B,WF_V2,RARE_DISEASE,ROUTINE,2024-12-18T17:21:46Z,2024-12-26T02:36:18Z,1
CASE_00002934,SITE_B,WF_V2,RARE_DISEASE,ROUTINE,2025-03-23T17:08:36Z,2025-03-30T10:59:55Z,1
CASE_00002935,SITE_B,WF_V2,PHARMA,ROUTINE,2025-01-08T05:54:52Z,2025-01-12T20:28:39Z,1
CASE_00002936,SITE_B,WF_V2,ONCO_PANEL,ROUTINE,2024-12-04T04:50:41Z,2024-12-10T03:12:48Z,1
CASE_00002937,SITE_B,WF_V2,RARE_DISEASE,ROUTINE,2024-11-05T18:19:26Z,2024-11-12T12:45:43Z,1
CASE_00002938,SITE_B,WF_V2,ONCO_PANEL,ROUTINE,2024-12-05T04:35:43Z,2024-12-09T22:14:35Z,1
CASE_00002939,SITE_B,WF_V2,ONCO_PANEL,ROUTINE,2025-03-03T21:18:29Z,2025-03-13T05:53:54Z,1
CASE_00002940,SITE_B,WF_V2,ONCO_PANEL,ROUTINE,2024-10-27T14:59:30Z,2024-11-02T01:31:49Z,1
CASE_00002941,SITE_B,WF_V2,PHARMA,ROUTINE,2025-01-30T00:22:56Z,2025-02-03T14:33:15Z,1
CASE_00002942,SITE_B,WF_V2,RARE_DISEASE,STAT,2025-02-26T19:01:21Z,2025-03-01T19:31:07Z,1
CASE_00002943,SITE_B,WF_V2,ONCO_PANEL,ROUTINE,2025-02-05T03:00:51Z,2025-02-09T19:34:56Z,1
CASE_00002944,SITE_B,WF_V2,ONCO_PANEL,STAT,2025-02-12T05:40:56Z,2025-02-15T04:35:23Z,1
CASE_00002945,SITE_B,WF_V2,ONCO_PANEL,ROUTINE,2025-03-18T10:40:57Z,2025-03-23T13:48:41Z,1
CASE_00002946,SITE_B,WF_V2,GERMLINE,ROUTINE,2025-04-03T07:10:58Z,2025-04-09T17:45:36Z,1
CASE_00002947,SITE_B,WF_V2,GERMLINE,ROUTINE,2024-11-18T04:23:22Z,2024-11-24T07:49:40Z,1
CASE_00002948,SITE_B,WF_V2,RARE_DISEASE,ROUTINE,2024-11-10T04:44:12Z,2024-11-16T08:19:50Z,1
CASE_00002949,SITE_B,WF_V2,ONCO_PANEL,ROUTINE,2025-01-21T02:01:16Z,2025-01-25T18:18:04Z,1
CASE_00002950,SITE_B,WF_V2,ONCO_PANEL,ROUTINE,2025-04-27T08:18:26Z,2025-05-02T17:13:44Z,1
CASE_00002951,SITE_B,WF_V2,RARE_DISEASE,ROUTINE,2025-01-25T14:34:52Z,2025-02-01T01:38:00Z,1
CASE_00002952,SITE_B,WF_V2,PHARMA,ROUTINE,2025-03-04T11:48:03Z,2025-03-08T10:18:41Z,1
CASE_00002953,SITE_B,WF_V2,PHARMA,ROUTINE,2025-01-17T23:32:12Z,2025-01-22T14:50:46Z,1
CASE_00002954,SITE_B,WF_V2,RARE_DISEASE,ROUTINE,2025-03-25T04:49:34Z,2025-03-30T11:59:03Z,1
CASE_00002955,SITE_B,WF_V2,RARE_DISEASE,ROUTINE,2024-09-13T18:42:57Z,2024-09-20T05:03:13Z,1
CASE_00002956,SITE_B,WF_V2,ONCO_PANEL,ROUTINE,2025-05-01T13:03:07Z,2025-05-06T18:52:31Z,1
CASE_00002957,SITE_B,WF_V2,GERMLINE,ROUTINE,2025-01-29T10:51:45Z,2025-02-05T20:41:02Z,1
CASE_00002958,SITE_B,WF_V2,PHARMA,STAT,2024-10-02T08:22:59Z,2024-10-04T05:51:41Z,1
CASE_00002959,SITE_B,WF_V2,RARE_DISEASE,ROUTINE,2024-12-21T22:55:37Z,2024-12-28T16:30:21Z,1
CASE_00002960,SITE_B,WF_V2,GERMLINE,ROUTINE,2024-11-10T21:11:16Z,2024-11-18T00:25:40Z,1
CASE_00002961,SITE_B,WF_V2,RARE_DISEASE,STAT,2025-03-03T17:28:43Z,2025-03-06T23:40:16Z,1
CASE_00002962,SITE_B,WF_V2,RARE_DISEASE,ROUTINE,2025-02-08T07:33:35Z,2025-02-14T09:32:38Z,1
CASE_00002963,SITE_B,WF_V2,ONCO_PANEL,ROUTINE,2025-04-23T03:26:47Z,2025-04-28T21:19:36Z,1
CASE_00002964,SITE_B,WF_V2,GERMLINE,STAT,2025-04-08T12:22:27Z,,0
CASE_00002965,SITE_B,WF_V2,PHARMA,ROUTINE,2025-02-01T16:48:45Z,,0
CASE_00002966,SITE_B,WF_V2,ONCO_PANEL,ROUTINE,2025-03-20T03:51:56Z,,0
CASE_00002967,SITE_B,WF_V2,GERMLINE,STAT,2025-04-20T17:07:48Z,,0
CASE_00002968,SITE_B,WF_V2,RARE_DISEASE,ROUTINE,2024-09-13T06:33:47Z,,0
CASE_00002969,SITE_B,WF_V2,RARE_DISEASE,ROUTINE,2025-01-07T23:17:52Z,,0
CASE_00002970,SITE_B,WF_V2,ONCO_PANEL,ROUTINE,2024-12-09T01:38:23Z,,0
CASE_00002971,SITE_B,WF_V2,PHARMA,STAT,2025-02-13T20:24:19Z,,0
CASE_00002972,SITE_B,WF_V2,PHARMA,ROUTINE,2025-02-20T06:22:51Z,,0
CASE_00002973,SITE_B,WF_V2,RARE_DISEASE,ROUTINE,2025-04-05T04:28:32Z,,0
CASE_00002974,SITE_B,WF_V2,RARE_DISEASE,STAT,2024-09-24T11:07:40Z,,0
CASE_00002975,SITE_B,WF_V2,ONCO_PANEL,ROUTINE,2025-01-03T08:02:27Z,,0
CASE_00002976,SITE_B,WF_V2,GERMLINE,ROUTINE,2024-09-30T17:05:21Z,,0
CASE_00002977,SITE_B,WF_V2,PHARMA,ROUTINE,2025-02-08T18:30:14Z,,0
CASE_00002978,SITE_B,WF_V2,ONCO_PANEL,ROUTINE,2025-04-05T05:28:56Z,,0
CASE_00002979,SITE_B,WF_V2,ONCO_PANEL,ROUTINE,2024-10-10T03:21:34Z,,0
CASE_00002980,SITE_B,WF_V2,GERMLINE,STAT,2025-01-12T13:42:07Z,,0
CASE_00002981,SITE_B,WF_V2,RARE_DISEASE,STAT,2025-01-11T10:25:17Z,,0
CASE_00002982,SITE_B,WF_V2,ONCO_PANEL,STAT,2025-04-21T11:09:13Z,,0
CASE_00002983,SITE_B,WF_V2,RARE_DISEASE,STAT,2024-09-14T18:43:16Z,,0
CASE_00002984,SITE_B,WF_V2,RARE_DISEASE,ROUTINE,2025-01-28T21:53:13Z,,0
CASE_00002985,SITE_B,WF_V2,ONCO_PANEL,ROUTINE,2024-10-16T12:53:47Z,,0
CASE_00002986,SITE_B,WF_V2,GERMLINE,ROUTINE,2024-11-06T01:08:42Z,,0
CASE_00002987,SITE_B,WF_V2,GERMLINE,STAT,2025-01-04T15:57:07Z,,0
CASE_00002988,SITE_B,WF_V2,ONCO_PANEL,ROUTINE,2025-01-22T05:03:26Z,,0
CASE_00002989,SITE_B,WF_V2,GERMLINE,ROUTINE,2025-02-13T03:33:46Z,,0
CASE_00002990,SITE_B,WF_V2,GERMLINE,ROUTINE,2024-12-25T06:41:01Z,,0
CASE_00002991,SITE_B,WF_V2,RARE_DISEASE,ROUTINE,2025-01-07T09:18:24Z,,0
CASE_00002992,SITE_B,WF_V2,RARE_DISEASE,ROUTINE,2025-01-17T10:36:39Z,,0
CASE_00002993,SITE_B,WF_V2,PHARMA,ROUTINE,2025-03-18T11:28:35Z,,0
CASE_00002994,SITE_B,WF_V2,GERMLINE,ROUTINE,2025-04-22T18:41:27Z,,0
CASE_00002995,SITE_B,WF_V2,ONCO_PANEL,ROUTINE,2025-03-18T04:27:38Z,,0
CASE_00002996,SITE_B,WF_V2,ONCO_PANEL,ROUTINE,2025-01-31T05:24:06Z,,0
CASE_00002997,SITE_B,WF_V2,RARE_DISEASE,ROUTINE,2025-02-13T08:40:04Z,,0
CASE_00002998,SITE_B,WF_V2,GERMLINE,ROUTINE,2025-01-21T21:07:51Z,,0
CASE_00002999,SITE_B,WF_V2,RARE_DISEASE,ROUTINE,2025-01-06T17:58:45Z,,0
CASE_00003000,SITE_B,WF_V2,ONCO_PANEL,ROUTINE,2024-10-03T13:33:49Z,,0
CASE_00003001,SITE_B,WF_V2,RARE_DISEASE,ROUTINE,2025-04-30T00:36:14Z,,0
CASE_00003002,SITE_B,WF_V2,ONCO_PANEL,ROUTINE,2024-11-18T10:26:08Z,,0
CASE_00003003,SITE_B,WF_V2,PHARMA,ROUTINE,2024-10-04T17:19:42Z,,0
CASE_00003004,SITE_B,WF_V2,ONCO_PANEL,ROUTINE,2025-01-09T11:09:09Z,,0
CASE_00003005,SITE_B,WF_V2,GERMLINE,ROUTINE,2025-03-17T08:02:30Z,,0
CASE_00003006,SITE_B,WF_V2,RARE_DISEASE,ROUTINE,2025-03-03T02:54:52Z,,0
CASE_00003007,SITE_B,WF_V2,ONCO_PANEL,STAT,2024-11-18T17:01:48Z,,0
CASE_00003008,SITE_B,WF_V2,ONCO_PANEL,ROUTINE,2024-12-19T07:16:11Z,,0
CASE_00003009,SITE_B,WF_V2,PHARMA,ROUTINE,2025-02-06T04:12:00Z,,0
CASE_00003010,SITE_B,WF_V2,RARE_DISEASE,ROUTINE,2025-02-22T16:50:02Z,,0
CASE_00003011,SITE_B,WF_V2,GERMLINE,ROUTINE,2024-09-11T00:06:10Z,,0
CASE_00003012,SITE_B,WF_V3,GERMLINE,ROUTINE,2025-10-11T04:59:11Z,2025-10-17T13:02:41Z,1
CASE_00003013,SITE_B,WF_V3,RARE_DISEASE,ROUTINE,2025-12-15T03:59:15Z,2025-12-19T10:48:55Z,1
CASE_00003014,SITE_B,WF_V3,PHARMA,STAT,2025-08-06T12:55:41Z,2025-08-08T14:06:41Z,1
CASE_00003015,SITE_B,WF_V3,RARE_DISEASE,ROUTINE,2025-09-28T03:47:44Z,2025-10-03T13:57:47Z,1
CASE_00003016,SITE_B,WF_V3,RARE_DISEASE,ROUTINE,2025-10-08T19:52:28Z,2025-10-14T17:59:27Z,1
CASE_00003017,SITE_B,WF_V3,RARE_DISEASE,ROUTINE,2025-09-22T15:44:28Z,2025-09-28T04:06:13Z,1
CASE_00003018,SITE_B,WF_V3,PHARMA,ROUTINE,2025-10-16T11:25:17Z,2025-10-19T23:06:58Z,1
CASE_00003019,SITE_B,WF_V3,ONCO_PANEL,ROUTINE,2025-08-18T15:58:57Z,2025-08-23T22:46:21Z,1
CASE_00003020,SITE_B,WF_V3,PHARMA,ROUTINE,2025-12-12T06:12:49Z,2025-12-15T21:02:51Z,1
CASE_00003021,SITE_B,WF_V3,ONCO_PANEL,ROUTINE,2026-03-06T00:07:21Z,2026-03-19T20:58:47Z,1
CASE_00003022,SITE_B,WF_V3,ONCO_PANEL,ROUTINE,2025-10-13T15:46:11Z,2025-10-17T22:54:39Z,1
CASE_00003023,SITE_B,WF_V3,GERMLINE,ROUTINE,2025-09-11T15:12:39Z,2025-09-16T20:05:07Z,1
CASE_00003024,SITE_B,WF_V3,RARE_DISEASE,ROUTINE,2025-10-14T20:27:52Z,2025-10-20T00:05:05Z,1
CASE_00003025,SITE_B,WF_V3,ONCO_PANEL,ROUTINE,2026-05-29T23:11:46Z,2026-06-03T13:16:52Z,1
CASE_00003026,SITE_B,WF_V3,GERMLINE,ROUTINE,2025-11-26T20:47:25Z,2025-12-02T21:53:52Z,1
CASE_00003027,SITE_B,WF_V3,GERMLINE,ROUTINE,2026-02-23T23:41:44Z,2026-03-04T01:54:26Z,1
CASE_00003028,SITE_B,WF_V3,GERMLINE,STAT,2025-12-03T09:55:47Z,2025-12-06T00:30:00Z,1
CASE_00003029,SITE_B,WF_V3,ONCO_PANEL,STAT,2025-07-30T07:20:28Z,2025-08-01T08:50:02Z,1
CASE_00003030,SITE_B,WF_V3,ONCO_PANEL,ROUTINE,2026-04-20T13:54:28Z,2026-04-24T15:34:04Z,1
CASE_00003031,SITE_B,WF_V3,GERMLINE,ROUTINE,2026-03-19T06:38:30Z,2026-03-25T04:34:09Z,1
CASE_00003032,SITE_B,WF_V3,RARE_DISEASE,ROUTINE,2026-01-22T21:48:52Z,2026-01-28T02:33:06Z,1
CASE_00003033,SITE_B,WF_V3,RARE_DISEASE,ROUTINE,2026-03-11T08:22:35Z,2026-03-16T06:47:25Z,1
CASE_00003034,SITE_B,WF_V3,RARE_DISEASE,ROUTINE,2026-03-30T07:22:07Z,2026-04-03T23:24:56Z,1
CASE_00003035,SITE_B,WF_V3,GERMLINE,ROUTINE,2026-01-16T04:39:35Z,2026-01-21T20:06:05Z,1
CASE_00003036,SITE_B,WF_V3,RARE_DISEASE,ROUTINE,2025-09-01T10:37:01Z,2025-09-07T08:54:26Z,1
CASE_00003037,SITE_B,WF_V3,RARE_DISEASE,ROUTINE,2025-06-27T08:27:52Z,2025-07-02T06:20:32Z,1
CASE_00003038,SITE_B,WF_V3,ONCO_PANEL,ROUTINE,2026-04-17T20:43:43Z,2026-04-22T00:24:58Z,1
CASE_00003039,SITE_B,WF_V3,RARE_DISEASE,ROUTINE,2025-11-02T05:35:14Z,2025-11-07T19:14:29Z,1
CASE_00003040,SITE_B,WF_V3,GERMLINE,ROUTINE,2025-07-05T14:15:14Z,2025-07-11T06:27:03Z,1
CASE_00003041,SITE_B,WF_V3,RARE_DISEASE,ROUTINE,2026-05-10T06:47:01Z,2026-05-15T11:14:04Z,1
CASE_00003042,SITE_B,WF_V3,RARE_DISEASE,ROUTINE,2026-01-27T18:37:17Z,2026-02-02T07:35:17Z,1
CASE_00003043,SITE_B,WF_V3,RARE_DISEASE,ROUTINE,2025-10-03T21:39:13Z,2025-10-09T17:58:10Z,1
CASE_00003044,SITE_B,WF_V3,ONCO_PANEL,ROUTINE,2025-08-03T14:29:35Z,2025-08-08T01:02:13Z,1
CASE_00003045,SITE_B,WF_V3,GERMLINE,ROUTINE,2026-02-16T07:36:15Z,2026-02-22T04:56:46Z,1
CASE_00003046,SITE_B,WF_V3,ONCO_PANEL,ROUTINE,2025-11-09T20:06:15Z,2025-11-14T10:59:59Z,1
CASE_00003047,SITE_B,WF_V3,ONCO_PANEL,ROUTINE,2025-11-29T22:30:46Z,2025-12-04T10:18:51Z,1
CASE_00003048,SITE_B,WF_V3,RARE_DISEASE,ROUTINE,2025-07-20T21:30:15Z,2025-07-27T00:30:57Z,1
CASE_00003049,SITE_B,WF_V3,RARE_DISEASE,ROUTINE,2025-10-23T01:59:06Z,2025-10-30T03:46:31Z,1
CASE_00003050,SITE_B,WF_V3,GERMLINE,ROUTINE,2025-07-27T04:38:29Z,2025-08-02T06:35:02Z,1
CASE_00003051,SITE_B,WF_V3,RARE_DISEASE,ROUTINE,2026-04-10T18:24:56Z,2026-04-16T03:42:08Z,1
CASE_00003052,SITE_B,WF_V3,PHARMA,STAT,2026-02-19T12:36:06Z,2026-02-21T04:17:38Z,1
CASE_00003053,SITE_B,WF_V3,ONCO_PANEL,STAT,2026-05-11T18:15:01Z,2026-05-13T20:10:55Z,1
CASE_00003054,SITE_B,WF_V3,ONCO_PANEL,ROUTINE,2026-03-14T16:58:45Z,2026-03-19T04:22:40Z,1
CASE_00003055,SITE_B,WF_V3,GERMLINE,ROUTINE,2025-09-16T04:52:11Z,2025-09-21T15:47:33Z,1
CASE_00003056,SITE_B,WF_V3,GERMLINE,ROUTINE,2025-06-27T14:51:29Z,2025-07-03T21:33:49Z,1
CASE_00003057,SITE_B,WF_V3,ONCO_PANEL,STAT,2026-03-19T03:34:47Z,2026-03-21T09:51:52Z,1
CASE_00003058,SITE_B,WF_V3,PHARMA,ROUTINE,2025-08-06T02:56:09Z,2025-08-09T16:17:09Z,1
CASE_00003059,SITE_B,WF_V3,ONCO_PANEL,ROUTINE,2025-08-03T18:02:12Z,2025-08-08T17:26:13Z,1
CASE_00003060,SITE_B,WF_V3,ONCO_PANEL,STAT,2026-03-04T04:29:50Z,2026-03-06T04:12:29Z,1
CASE_00003061,SITE_B,WF_V3,ONCO_PANEL,ROUTINE,2026-01-29T00:45:49Z,2026-02-02T19:47:31Z,1
CASE_00003062,SITE_B,WF_V3,ONCO_PANEL,ROUTINE,2025-07-21T23:17:21Z,2025-07-26T23:44:15Z,1
CASE_00003063,SITE_B,WF_V3,ONCO_PANEL,ROUTINE,2025-07-30T14:12:40Z,2025-08-04T05:38:55Z,1
CASE_00003064,SITE_B,WF_V3,RARE_DISEASE,ROUTINE,2025-10-20T07:40:37Z,2025-10-24T18:28:13Z,1
CASE_00003065,SITE_B,WF_V3,RARE_DISEASE,ROUTINE,2026-05-13T05:27:23Z,2026-05-19T22:49:18Z,1
CASE_00003066,SITE_B,WF_V3,PHARMA,STAT,2026-02-23T03:02:22Z,2026-02-24T19:05:34Z,1
CASE_00003067,SITE_B,WF_V3,ONCO_PANEL,ROUTINE,2026-02-12T22:57:41Z,2026-02-17T20:07:27Z,1
CASE_00003068,SITE_B,WF_V3,GERMLINE,ROUTINE,2026-03-21T08:35:10Z,2026-03-26T23:30:31Z,1
CASE_00003069,SITE_B,WF_V3,RARE_DISEASE,ROUTINE,2025-09-24T14:44:46Z,2025-09-29T15:42:53Z,1
CASE_00003070,SITE_B,WF_V3,RARE_DISEASE,ROUTINE,2025-11-17T22:51:48Z,2025-11-23T09:33:48Z,1
CASE_00003071,SITE_B,WF_V3,ONCO_PANEL,STAT,2025-06-12T20:23:25Z,2025-06-15T00:30:37Z,1
CASE_00003072,SITE_B,WF_V3,RARE_DISEASE,ROUTINE,2025-10-02T05:57:52Z,2025-10-06T22:31:14Z,1
CASE_00003073,SITE_B,WF_V3,ONCO_PANEL,ROUTINE,2025-08-13T14:55:00Z,2025-08-17T22:49:49Z,1
CASE_00003074,SITE_B,WF_V3,ONCO_PANEL,ROUTINE,2025-08-24T04:24:57Z,2025-08-29T06:23:10Z,1
CASE_00003075,SITE_B,WF_V3,GERMLINE,ROUTINE,2025-07-20T23:20:40Z,2025-07-27T01:04:30Z,1
CASE_00003076,SITE_B,WF_V3,RARE_DISEASE,ROUTINE,2025-08-12T08:46:48Z,2025-08-16T21:40:10Z,1
CASE_00003077,SITE_B,WF_V3,ONCO_PANEL,STAT,2025-07-06T09:24:53Z,2025-07-08T06:50:51Z,1
CASE_00003078,SITE_B,WF_V3,ONCO_PANEL,ROUTINE,2025-06-08T07:17:49Z,2025-06-12T15:18:32Z,1
CASE_00003079,SITE_B,WF_V3,RARE_DISEASE,ROUTINE,2026-04-11T03:14:56Z,2026-04-17T03:56:48Z,1
CASE_00003080,SITE_B,WF_V3,RARE_DISEASE,ROUTINE,2025-10-24T03:05:18Z,2025-10-29T03:58:52Z,1
CASE_00003081,SITE_B,WF_V3,ONCO_PANEL,ROUTINE,2026-04-25T18:05:30Z,2026-04-30T13:07:09Z,1
CASE_00003082,SITE_B,WF_V3,GERMLINE,ROUTINE,2025-08-18T13:12:17Z,2025-08-24T00:06:02Z,1
CASE_00003083,SITE_B,WF_V3,RARE_DISEASE,ROUTINE,2025-08-15T14:54:22Z,2025-08-20T23:11:17Z,1
CASE_00003084,SITE_B,WF_V3,ONCO_PANEL,ROUTINE,2025-06-09T12:29:57Z,2025-06-14T00:06:08Z,1
CASE_00003085,SITE_B,WF_V3,RARE_DISEASE,ROUTINE,2025-12-07T17:16:12Z,2025-12-13T03:05:47Z,1
CASE_00003086,SITE_B,WF_V3,ONCO_PANEL,ROUTINE,2025-10-03T03:56:34Z,2025-10-07T12:45:50Z,1
CASE_00003087,SITE_B,WF_V3,PHARMA,ROUTINE,2026-05-22T05:52:10Z,2026-05-26T15:23:14Z,1
CASE_00003088,SITE_B,WF_V3,ONCO_PANEL,ROUTINE,2025-10-23T16:36:12Z,2025-10-27T04:47:08Z,1
CASE_00003089,SITE_B,WF_V3,GERMLINE,ROUTINE,2025-10-08T17:36:24Z,2025-10-18T21:28:26Z,1
CASE_00003090,SITE_B,WF_V3,RARE_DISEASE,ROUTINE,2025-11-19T03:34:51Z,2025-11-25T00:09:37Z,1
CASE_00003091,SITE_B,WF_V3,GERMLINE,ROUTINE,2025-09-01T00:11:18Z,2025-09-06T22:01:41Z,1
CASE_00003092,SITE_B,WF_V3,GERMLINE,STAT,2025-11-16T01:49:35Z,2025-11-18T16:07:39Z,1
CASE_00003093,SITE_B,WF_V3,ONCO_PANEL,ROUTINE,2026-04-01T17:06:02Z,2026-04-06T00:58:38Z,1
CASE_00003094,SITE_B,WF_V3,ONCO_PANEL,STAT,2025-11-25T18:32:53Z,2025-11-28T08:56:11Z,1
CASE_00003095,SITE_B,WF_V3,ONCO_PANEL,ROUTINE,2025-07-07T14:05:05Z,2025-07-11T22:49:45Z,1
CASE_00003096,SITE_B,WF_V3,ONCO_PANEL,ROUTINE,2025-11-19T22:56:51Z,2025-11-24T10:33:17Z,1
CASE_00003097,SITE_B,WF_V3,ONCO_PANEL,ROUTINE,2025-12-14T13:43:25Z,2025-12-19T07:46:31Z,1
CASE_00003098,SITE_B,WF_V3,ONCO_PANEL,ROUTINE,2025-10-02T23:27:21Z,2025-10-07T22:07:46Z,1
CASE_00003099,SITE_B,WF_V3,ONCO_PANEL,ROUTINE,2025-07-13T03:35:02Z,2025-07-16T19:19:52Z,1
CASE_00003100,SITE_B,WF_V3,ONCO_PANEL,ROUTINE,2025-08-10T08:34:17Z,2025-08-14T08:17:30Z,1
CASE_00003101,SITE_B,WF_V3,RARE_DISEASE,ROUTINE,2025-07-15T05:10:41Z,2025-07-20T14:50:48Z,1
CASE_00003102,SITE_B,WF_V3,ONCO_PANEL,ROUTINE,2026-04-26T15:23:03Z,2026-05-01T01:39:38Z,1
CASE_00003103,SITE_B,WF_V3,RARE_DISEASE,ROUTINE,2026-01-03T05:05:08Z,2026-01-08T08:58:05Z,1
CASE_00003104,SITE_B,WF_V3,GERMLINE,ROUTINE,2025-10-01T21:33:42Z,2025-10-07T16:33:32Z,1
CASE_00003105,SITE_B,WF_V3,ONCO_PANEL,ROUTINE,2025-08-30T08:38:50Z,2025-09-03T17:00:16Z,1
CASE_00003106,SITE_B,WF_V3,ONCO_PANEL,ROUTINE,2025-07-01T14:40:24Z,2025-07-07T07:56:30Z,1
CASE_00003107,SITE_B,WF_V3,PHARMA,STAT,2025-12-24T15:52:12Z,2025-12-26T05:46:22Z,1
CASE_00003108,SITE_B,WF_V3,GERMLINE,ROUTINE,2025-06-13T07:28:24Z,2025-06-18T06:39:24Z,1
CASE_00003109,SITE_B,WF_V3,ONCO_PANEL,STAT,2026-05-17T12:17:33Z,2026-05-19T15:07:51Z,1
CASE_00003110,SITE_B,WF_V3,GERMLINE,ROUTINE,2025-07-27T13:47:31Z,2025-08-01T20:20:36Z,1
CASE_00003111,SITE_B,WF_V3,RARE_DISEASE,ROUTINE,2025-07-08T19:09:37Z,2025-07-14T05:58:24Z,1
CASE_00003112,SITE_B,WF_V3,PHARMA,ROUTINE,2026-05-08T05:44:54Z,2026-05-11T13:38:27Z,1
CASE_00003113,SITE_B,WF_V3,ONCO_PANEL,ROUTINE,2025-11-10T02:17:04Z,2025-11-14T13:46:45Z,1
CASE_00003114,SITE_B,WF_V3,RARE_DISEASE,ROUTINE,2026-04-24T10:06:48Z,2026-04-29T11:42:48Z,1
CASE_00003115,SITE_B,WF_V3,GERMLINE,ROUTINE,2026-02-09T03:36:20Z,2026-02-15T10:46:38Z,1
CASE_00003116,SITE_B,WF_V3,GERMLINE,ROUTINE,2025-08-19T21:50:57Z,2025-08-25T09:19:32Z,1
CASE_00003117,SITE_B,WF_V3,ONCO_PANEL,ROUTINE,2026-04-28T23:32:51Z,2026-05-03T14:34:02Z,1
CASE_00003118,SITE_B,WF_V3,PHARMA,STAT,2026-05-08T20:21:29Z,2026-05-10T13:27:21Z,1
CASE_00003119,SITE_B,WF_V3,RARE_DISEASE,ROUTINE,2025-09-25T23:05:32Z,2025-10-01T09:41:47Z,1
CASE_00003120,SITE_B,WF_V3,PHARMA,ROUTINE,2025-09-19T07:12:44Z,2025-09-23T13:36:18Z,1
CASE_00003121,SITE_B,WF_V3,PHARMA,ROUTINE,2026-03-20T20:08:23Z,2026-03-24T16:20:58Z,1
CASE_00003122,SITE_B,WF_V3,PHARMA,STAT,2025-07-28T22:16:43Z,2025-07-30T22:05:08Z,1
CASE_00003123,SITE_B,WF_V3,GERMLINE,ROUTINE,2025-11-09T20:15:03Z,2025-11-15T22:02:34Z,1
CASE_00003124,SITE_B,WF_V3,ONCO_PANEL,ROUTINE,2026-03-27T22:19:04Z,2026-04-02T00:17:06Z,1
CASE_00003125,SITE_B,WF_V3,RARE_DISEASE,ROUTINE,2025-08-23T09:19:10Z,2025-08-28T18:18:16Z,1
CASE_00003126,SITE_B,WF_V3,RARE_DISEASE,ROUTINE,2025-10-28T22:04:01Z,2025-11-03T09:39:30Z,1
CASE_00003127,SITE_B,WF_V3,ONCO_PANEL,ROUTINE,2025-12-16T21:09:43Z,2025-12-20T22:47:46Z,1
CASE_00003128,SITE_B,WF_V3,RARE_DISEASE,ROUTINE,2025-12-04T03:14:29Z,2025-12-09T13:59:05Z,1
CASE_00003129,SITE_B,WF_V3,PHARMA,ROUTINE,2026-04-07T02:49:38Z,2026-04-11T02:35:46Z,1
CASE_00003130,SITE_B,WF_V3,ONCO_PANEL,ROUTINE,2025-08-21T18:08:20Z,2025-08-25T20:44:46Z,1
CASE_00003131,SITE_B,WF_V3,ONCO_PANEL,ROUTINE,2026-05-24T12:54:22Z,2026-05-29T21:53:57Z,1
CASE_00003132,SITE_B,WF_V3,RARE_DISEASE,ROUTINE,2026-01-15T09:55:16Z,2026-01-21T10:35:44Z,1
CASE_00003133,SITE_B,WF_V3,GERMLINE,ROUTINE,2025-08-07T06:59:09Z,2025-08-13T01:01:23Z,1
CASE_00003134,SITE_B,WF_V3,ONCO_PANEL,ROUTINE,2025-07-14T03:18:31Z,2025-07-18T12:21:50Z,1
CASE_00003135,SITE_B,WF_V3,ONCO_PANEL,ROUTINE,2026-02-06T12:49:44Z,2026-02-10T10:43:28Z,1
CASE_00003136,SITE_B,WF_V3,RARE_DISEASE,ROUTINE,2025-11-09T23:29:01Z,2025-11-14T12:46:58Z,1
CASE_00003137,SITE_B,WF_V3,ONCO_PANEL,ROUTINE,2025-08-26T10:07:27Z,2025-08-29T20:52:40Z,1
CASE_00003138,SITE_B,WF_V3,GERMLINE,ROUTINE,2025-07-18T04:39:38Z,2025-07-24T12:41:09Z,1
CASE_00003139,SITE_B,WF_V3,ONCO_PANEL,ROUTINE,2025-10-22T23:24:48Z,2025-10-27T06:19:21Z,1
CASE_00003140,SITE_B,WF_V3,RARE_DISEASE,STAT,2026-03-09T17:22:41Z,2026-03-12T01:42:28Z,1
CASE_00003141,SITE_B,WF_V3,ONCO_PANEL,ROUTINE,2026-03-11T12:24:11Z,2026-03-16T02:39:54Z,1
CASE_00003142,SITE_B,WF_V3,PHARMA,ROUTINE,2025-11-24T15:26:57Z,2025-11-27T20:48:08Z,1
CASE_00003143,SITE_B,WF_V3,ONCO_PANEL,ROUTINE,2025-08-10T18:42:00Z,2025-08-15T21:50:05Z,1
CASE_00003144,SITE_B,WF_V3,RARE_DISEASE,ROUTINE,2026-02-05T17:51:15Z,2026-02-11T08:19:50Z,1
CASE_00003145,SITE_B,WF_V3,PHARMA,STAT,2025-08-04T04:40:10Z,2025-08-05T18:59:01Z,1
CASE_00003146,SITE_B,WF_V3,RARE_DISEASE,ROUTINE,2025-09-16T12:34:35Z,2025-09-22T07:17:31Z,1
CASE_00003147,SITE_B,WF_V3,ONCO_PANEL,STAT,2026-05-26T22:20:37Z,2026-05-29T00:49:20Z,1
CASE_00003148,SITE_B,WF_V3,RARE_DISEASE,ROUTINE,2026-03-16T16:15:11Z,2026-03-21T19:04:38Z,1
CASE_00003149,SITE_B,WF_V3,PHARMA,STAT,2026-04-26T02:20:41Z,2026-04-27T22:15:45Z,1
CASE_00003150,SITE_B,WF_V3,ONCO_PANEL,ROUTINE,2025-10-23T04:11:09Z,2025-10-28T11:07:53Z,1
CASE_00003151,SITE_B,WF_V3,GERMLINE,ROUTINE,2026-04-16T03:22:20Z,2026-04-21T23:06:16Z,1
CASE_00003152,SITE_B,WF_V3,ONCO_PANEL,ROUTINE,2025-11-14T10:23:50Z,2025-11-19T07:58:22Z,1
CASE_00003153,SITE_B,WF_V3,RARE_DISEASE,ROUTINE,2025-08-15T15:14:47Z,2025-08-20T07:22:00Z,1
CASE_00003154,SITE_B,WF_V3,GERMLINE,ROUTINE,2025-11-01T09:37:45Z,2025-11-08T06:03:30Z,1
CASE_00003155,SITE_B,WF_V3,RARE_DISEASE,ROUTINE,2025-12-08T12:15:04Z,2025-12-13T20:30:20Z,1
CASE_00003156,SITE_B,WF_V3,PHARMA,ROUTINE,2026-04-18T11:17:01Z,2026-04-21T18:30:06Z,1
CASE_00003157,SITE_B,WF_V3,GERMLINE,ROUTINE,2026-01-14T13:36:10Z,2026-01-20T20:57:04Z,1
CASE_00003158,SITE_B,WF_V3,GERMLINE,ROUTINE,2025-10-24T05:50:34Z,2025-10-29T23:19:56Z,1
CASE_00003159,SITE_B,WF_V3,PHARMA,ROUTINE,2025-11-10T04:53:02Z,2025-11-14T00:17:06Z,1
CASE_00003160,SITE_B,WF_V3,GERMLINE,ROUTINE,2025-12-02T08:05:44Z,2025-12-08T13:36:23Z,1
CASE_00003161,SITE_B,WF_V3,ONCO_PANEL,ROUTINE,2025-10-07T06:57:03Z,2025-10-11T12:49:55Z,1
CASE_00003162,SITE_B,WF_V3,RARE_DISEASE,ROUTINE,2025-07-01T23:40:28Z,2025-07-06T14:40:51Z,1
CASE_00003163,SITE_B,WF_V3,GERMLINE,ROUTINE,2026-01-16T19:06:08Z,2026-01-22T04:15:33Z,1
CASE_00003164,SITE_B,WF_V3,ONCO_PANEL,ROUTINE,2025-08-26T10:15:22Z,2025-08-31T14:23:28Z,1
CASE_00003165,SITE_B,WF_V3,ONCO_PANEL,ROUTINE,2026-05-30T01:53:46Z,2026-06-03T20:49:20Z,1
CASE_00003166,SITE_B,WF_V3,GERMLINE,ROUTINE,2026-02-22T20:05:15Z,2026-02-28T16:47:30Z,1
CASE_00003167,SITE_B,WF_V3,GERMLINE,ROUTINE,2025-09-08T19:09:24Z,2025-09-14T08:56:52Z,1
CASE_00003168,SITE_B,WF_V3,ONCO_PANEL,ROUTINE,2025-11-21T11:13:53Z,2025-11-26T19:59:53Z,1
CASE_00003169,SITE_B,WF_V3,GERMLINE,ROUTINE,2026-05-07T17:34:24Z,2026-05-13T04:24:48Z,1
CASE_00003170,SITE_B,WF_V3,ONCO_PANEL,ROUTINE,2025-09-16T15:26:46Z,2025-09-21T05:58:47Z,1
CASE_00003171,SITE_B,WF_V3,ONCO_PANEL,ROUTINE,2025-12-02T03:08:16Z,2025-12-06T07:37:30Z,1
CASE_00003172,SITE_B,WF_V3,ONCO_PANEL,ROUTINE,2025-12-01T00:08:41Z,2025-12-05T00:05:08Z,1
CASE_00003173,SITE_B,WF_V3,ONCO_PANEL,ROUTINE,2025-08-01T18:09:43Z,2025-08-05T23:51:01Z,1
CASE_00003174,SITE_B,WF_V3,ONCO_PANEL,ROUTINE,2026-04-28T07:44:03Z,2026-05-02T01:50:01Z,1
CASE_00003175,SITE_B,WF_V3,GERMLINE,ROUTINE,2025-09-29T21:29:46Z,2025-10-05T07:41:15Z,1
CASE_00003176,SITE_B,WF_V3,ONCO_PANEL,ROUTINE,2026-01-03T21:15:17Z,2026-01-07T22:38:06Z,1
CASE_00003177,SITE_B,WF_V3,GERMLINE,ROUTINE,2025-09-04T13:11:19Z,2025-09-11T00:30:14Z,1
CASE_00003178,SITE_B,WF_V3,PHARMA,ROUTINE,2025-09-27T15:30:55Z,2025-10-01T22:57:31Z,1
CASE_00003179,SITE_B,WF_V3,RARE_DISEASE,ROUTINE,2026-05-12T12:03:18Z,2026-05-17T08:58:57Z,1
CASE_00003180,SITE_B,WF_V3,ONCO_PANEL,ROUTINE,2025-10-14T11:38:39Z,2025-10-18T14:06:14Z,1
CASE_00003181,SITE_B,WF_V3,PHARMA,ROUTINE,2025-06-24T21:00:09Z,2025-06-28T14:59:05Z,1
CASE_00003182,SITE_B,WF_V3,GERMLINE,ROUTINE,2026-05-05T03:57:25Z,2026-05-10T19:15:31Z,1
CASE_00003183,SITE_B,WF_V3,PHARMA,ROUTINE,2025-08-22T10:44:00Z,2025-08-25T10:44:41Z,1
CASE_00003184,SITE_B,WF_V3,RARE_DISEASE,ROUTINE,2025-10-09T16:43:26Z,2025-10-14T14:53:11Z,1
CASE_00003185,SITE_B,WF_V3,PHARMA,ROUTINE,2025-10-14T14:59:37Z,2025-10-17T17:36:16Z,1
CASE_00003186,SITE_B,WF_V3,RARE_DISEASE,ROUTINE,2025-12-04T13:57:24Z,2025-12-09T22:08:11Z,1
CASE_00003187,SITE_B,WF_V3,ONCO_PANEL,ROUTINE,2026-02-07T11:27:30Z,2026-02-11T21:46:16Z,1
CASE_00003188,SITE_B,WF_V3,ONCO_PANEL,ROUTINE,2026-05-19T19:58:02Z,2026-05-24T23:56:52Z,1
CASE_00003189,SITE_B,WF_V3,ONCO_PANEL,ROUTINE,2026-01-12T08:45:58Z,2026-01-16T10:14:00Z,1
CASE_00003190,SITE_B,WF_V3,ONCO_PANEL,ROUTINE,2026-01-31T15:58:29Z,2026-02-05T11:40:50Z,1
CASE_00003191,SITE_B,WF_V3,RARE_DISEASE,ROUTINE,2025-08-19T02:27:47Z,2025-08-24T05:47:37Z,1
CASE_00003192,SITE_B,WF_V3,ONCO_PANEL,ROUTINE,2025-11-04T05:10:48Z,2025-11-08T23:57:38Z,1
CASE_00003193,SITE_B,WF_V3,GERMLINE,ROUTINE,2025-08-29T13:47:56Z,2025-09-03T21:27:05Z,1
CASE_00003194,SITE_B,WF_V3,GERMLINE,ROUTINE,2026-05-09T04:31:00Z,2026-05-14T11:32:48Z,1
CASE_00003195,SITE_B,WF_V3,GERMLINE,ROUTINE,2026-04-21T02:56:04Z,2026-04-26T17:17:57Z,1
CASE_00003196,SITE_B,WF_V3,PHARMA,ROUTINE,2025-10-09T02:53:30Z,2025-10-12T10:53:22Z,1
CASE_00003197,SITE_B,WF_V3,ONCO_PANEL,ROUTINE,2026-04-21T02:37:28Z,2026-04-25T14:40:44Z,1
CASE_00003198,SITE_B,WF_V3,RARE_DISEASE,ROUTINE,2025-08-30T13:09:40Z,2025-09-04T09:35:59Z,1
CASE_00003199,SITE_B,WF_V3,GERMLINE,ROUTINE,2026-05-11T17:52:26Z,2026-05-17T04:58:27Z,1
CASE_00003200,SITE_B,WF_V3,ONCO_PANEL,ROUTINE,2026-03-29T06:47:18Z,2026-04-03T01:04:11Z,1
CASE_00003201,SITE_B,WF_V3,ONCO_PANEL,ROUTINE,2026-05-29T21:57:48Z,2026-06-03T01:57:03Z,1
CASE_00003202,SITE_B,WF_V3,ONCO_PANEL,ROUTINE,2025-10-18T11:53:06Z,2025-10-23T06:48:31Z,1
CASE_00003203,SITE_B,WF_V3,RARE_DISEASE,STAT,2025-07-28T10:57:25Z,2025-07-30T18:25:10Z,1
CASE_00003204,SITE_B,WF_V3,ONCO_PANEL,ROUTINE,2025-08-16T05:36:27Z,2025-08-22T00:02:26Z,1
CASE_00003205,SITE_B,WF_V3,RARE_DISEASE,ROUTINE,2025-06-24T09:36:58Z,2025-06-29T16:36:23Z,1
CASE_00003206,SITE_B,WF_V3,GERMLINE,STAT,2026-03-13T01:05:04Z,2026-03-15T20:24:44Z,1
CASE_00003207,SITE_B,WF_V3,GERMLINE,STAT,2026-02-23T23:51:44Z,2026-02-26T05:53:24Z,1
CASE_00003208,SITE_B,WF_V3,ONCO_PANEL,ROUTINE,2026-03-30T12:43:03Z,2026-04-04T06:52:40Z,1
CASE_00003209,SITE_B,WF_V3,ONCO_PANEL,ROUTINE,2025-12-13T00:37:39Z,2025-12-17T14:42:31Z,1
CASE_00003210,SITE_B,WF_V3,ONCO_PANEL,ROUTINE,2025-12-15T03:52:49Z,2025-12-19T12:21:29Z,1
CASE_00003211,SITE_B,WF_V3,GERMLINE,ROUTINE,2026-01-04T02:40:11Z,2026-01-09T17:52:44Z,1
CASE_00003212,SITE_B,WF_V3,ONCO_PANEL,STAT,2025-09-28T15:52:21Z,2025-09-30T15:10:42Z,1
CASE_00003213,SITE_B,WF_V3,GERMLINE,ROUTINE,2025-07-29T04:19:49Z,2025-08-03T21:26:18Z,1
CASE_00003214,SITE_B,WF_V3,ONCO_PANEL,STAT,2026-04-02T22:24:36Z,2026-04-04T22:51:39Z,1
CASE_00003215,SITE_B,WF_V3,GERMLINE,ROUTINE,2026-04-29T18:18:30Z,2026-05-05T20:22:50Z,1
CASE_00003216,SITE_B,WF_V3,PHARMA,ROUTINE,2025-06-06T17:26:43Z,2025-06-10T01:50:15Z,1
CASE_00003217,SITE_B,WF_V3,GERMLINE,ROUTINE,2026-02-06T23:37:58Z,2026-02-13T06:24:05Z,1
CASE_00003218,SITE_B,WF_V3,ONCO_PANEL,ROUTINE,2025-09-19T05:26:02Z,2025-09-23T22:50:02Z,1
CASE_00003219,SITE_B,WF_V3,RARE_DISEASE,ROUTINE,2025-11-07T02:27:21Z,2025-11-13T14:47:28Z,1
CASE_00003220,SITE_B,WF_V3,GERMLINE,ROUTINE,2025-09-29T11:20:08Z,2025-10-04T15:40:28Z,1
CASE_00003221,SITE_B,WF_V3,ONCO_PANEL,ROUTINE,2025-09-01T12:24:40Z,2025-09-05T23:08:40Z,1
CASE_00003222,SITE_B,WF_V3,ONCO_PANEL,STAT,2026-01-19T02:47:52Z,2026-01-20T23:53:43Z,1
CASE_00003223,SITE_B,WF_V3,PHARMA,ROUTINE,2025-08-24T15:21:21Z,2025-08-28T11:29:13Z,1
CASE_00003224,SITE_B,WF_V3,RARE_DISEASE,ROUTINE,2025-12-14T07:03:47Z,2026-01-08T00:29:54Z,1
CASE_00003225,SITE_B,WF_V3,GERMLINE,ROUTINE,2025-10-13T00:13:38Z,2025-10-18T12:44:43Z,1
CASE_00003226,SITE_B,WF_V3,RARE_DISEASE,ROUTINE,2025-09-12T06:29:16Z,2025-09-18T04:53:42Z,1
CASE_00003227,SITE_B,WF_V3,GERMLINE,ROUTINE,2025-09-17T04:12:38Z,2025-09-22T08:31:34Z,1
CASE_00003228,SITE_B,WF_V3,GERMLINE,STAT,2025-11-10T22:11:12Z,2025-11-13T12:54:40Z,1
CASE_00003229,SITE_B,WF_V3,GERMLINE,STAT,2026-05-05T09:52:44Z,2026-05-07T19:39:20Z,1
CASE_00003230,SITE_B,WF_V3,GERMLINE,STAT,2025-06-20T20:48:25Z,2025-06-23T06:11:19Z,1
CASE_00003231,SITE_B,WF_V3,ONCO_PANEL,ROUTINE,2025-11-03T07:18:53Z,2025-11-07T23:15:47Z,1
CASE_00003232,SITE_B,WF_V3,PHARMA,STAT,2026-02-06T07:21:05Z,2026-02-17T22:34:21Z,1
CASE_00003233,SITE_B,WF_V3,ONCO_PANEL,ROUTINE,2025-12-12T18:23:20Z,2025-12-17T04:22:52Z,1
CASE_00003234,SITE_B,WF_V3,ONCO_PANEL,ROUTINE,2025-09-13T12:54:54Z,2025-09-17T17:10:34Z,1
CASE_00003235,SITE_B,WF_V3,ONCO_PANEL,STAT,2025-09-12T11:46:19Z,2025-09-14T06:45:22Z,1
CASE_00003236,SITE_B,WF_V3,RARE_DISEASE,ROUTINE,2025-06-08T16:29:37Z,2025-06-13T19:39:59Z,1
CASE_00003237,SITE_B,WF_V3,ONCO_PANEL,ROUTINE,2025-12-15T03:00:39Z,2025-12-19T14:29:32Z,1
CASE_00003238,SITE_B,WF_V3,GERMLINE,ROUTINE,2025-09-26T21:20:30Z,2025-10-02T06:31:31Z,1
CASE_00003239,SITE_B,WF_V3,RARE_DISEASE,STAT,2025-07-27T14:02:30Z,2025-07-30T06:12:01Z,1
CASE_00003240,SITE_B,WF_V3,ONCO_PANEL,ROUTINE,2026-05-06T16:24:54Z,2026-05-11T01:40:59Z,1
CASE_00003241,SITE_B,WF_V3,RARE_DISEASE,ROUTINE,2025-08-01T00:34:05Z,2025-08-06T18:24:57Z,1
CASE_00003242,SITE_B,WF_V3,RARE_DISEASE,STAT,2025-09-24T07:05:58Z,2025-09-26T14:46:46Z,1
CASE_00003243,SITE_B,WF_V3,ONCO_PANEL,ROUTINE,2025-10-30T20:34:13Z,2025-11-05T01:36:09Z,1
CASE_00003244,SITE_B,WF_V3,ONCO_PANEL,STAT,2025-08-07T08:03:27Z,2025-08-09T07:13:49Z,1
CASE_00003245,SITE_B,WF_V3,PHARMA,STAT,2025-06-04T01:15:59Z,2025-06-05T11:01:24Z,1
CASE_00003246,SITE_B,WF_V3,GERMLINE,ROUTINE,2025-12-28T05:52:25Z,2026-01-03T00:41:07Z,1
CASE_00003247,SITE_B,WF_V3,PHARMA,ROUTINE,2026-03-16T14:15:42Z,2026-03-21T02:59:19Z,1
CASE_00003248,SITE_B,WF_V3,ONCO_PANEL,ROUTINE,2026-03-26T09:09:36Z,2026-03-30T13:19:45Z,1
CASE_00003249,SITE_B,WF_V3,RARE_DISEASE,ROUTINE,2026-01-07T03:18:26Z,2026-01-12T20:43:07Z,1
CASE_00003250,SITE_B,WF_V3,ONCO_PANEL,ROUTINE,2026-05-25T02:27:15Z,2026-06-11T08:53:15Z,1
CASE_00003251,SITE_B,WF_V3,GERMLINE,ROUTINE,2026-02-07T20:39:12Z,2026-02-13T22:00:13Z,1
CASE_00003252,SITE_B,WF_V3,GERMLINE,ROUTINE,2026-02-11T04:21:14Z,2026-02-17T03:08:10Z,1
CASE_00003253,SITE_B,WF_V3,RARE_DISEASE,ROUTINE,2025-11-18T18:26:31Z,2025-11-23T17:10:04Z,1
CASE_00003254,SITE_B,WF_V3,ONCO_PANEL,ROUTINE,2026-03-13T04:30:17Z,2026-03-18T09:17:50Z,1
CASE_00003255,SITE_B,WF_V3,ONCO_PANEL,ROUTINE,2026-01-19T01:55:31Z,2026-01-23T07:30:31Z,1
CASE_00003256,SITE_B,WF_V3,ONCO_PANEL,ROUTINE,2025-07-26T11:26:31Z,2025-07-29T23:16:16Z,1
CASE_00003257,SITE_B,WF_V3,ONCO_PANEL,ROUTINE,2026-04-13T16:10:22Z,2026-04-18T21:35:01Z,1
CASE_00003258,SITE_B,WF_V3,GERMLINE,ROUTINE,2025-07-27T07:23:55Z,2025-08-02T01:20:39Z,1
CASE_00003259,SITE_B,WF_V3,PHARMA,ROUTINE,2025-10-26T05:13:44Z,2025-10-30T22:49:01Z,1
CASE_00003260,SITE_B,WF_V3,ONCO_PANEL,STAT,2025-09-15T21:37:31Z,2025-09-18T04:52:10Z,1
CASE_00003261,SITE_B,WF_V3,GERMLINE,ROUTINE,2026-04-03T10:13:01Z,2026-04-09T06:42:32Z,1
CASE_00003262,SITE_B,WF_V3,ONCO_PANEL,ROUTINE,2026-05-23T11:36:17Z,2026-05-27T14:28:50Z,1
CASE_00003263,SITE_B,WF_V3,RARE_DISEASE,STAT,2025-11-08T07:58:51Z,2025-11-10T18:56:55Z,1
CASE_00003264,SITE_B,WF_V3,GERMLINE,ROUTINE,2026-03-15T08:07:50Z,2026-03-20T22:51:10Z,1
CASE_00003265,SITE_B,WF_V3,ONCO_PANEL,ROUTINE,2026-04-07T07:48:43Z,2026-04-11T09:53:03Z,1
CASE_00003266,SITE_B,WF_V3,PHARMA,ROUTINE,2026-02-08T08:00:49Z,2026-02-11T10:30:48Z,1
CASE_00003267,SITE_B,WF_V3,ONCO_PANEL,ROUTINE,2025-12-06T14:15:14Z,2025-12-10T19:33:46Z,1
CASE_00003268,SITE_B,WF_V3,ONCO_PANEL,ROUTINE,2025-09-27T06:39:44Z,2025-10-01T02:27:50Z,1
CASE_00003269,SITE_B,WF_V3,GERMLINE,ROUTINE,2025-08-24T06:40:43Z,2025-08-29T23:36:49Z,1
CASE_00003270,SITE_B,WF_V3,PHARMA,STAT,2025-12-15T20:56:40Z,2025-12-17T16:23:40Z,1
CASE_00003271,SITE_B,WF_V3,RARE_DISEASE,ROUTINE,2026-01-25T03:28:41Z,2026-01-30T22:04:23Z,1
CASE_00003272,SITE_B,WF_V3,ONCO_PANEL,ROUTINE,2025-08-20T07:39:55Z,2025-08-25T09:07:44Z,1
CASE_00003273,SITE_B,WF_V3,GERMLINE,STAT,2025-08-21T15:19:05Z,2025-08-24T01:45:21Z,1
CASE_00003274,SITE_B,WF_V3,RARE_DISEASE,ROUTINE,2025-10-26T01:10:46Z,2025-10-31T07:23:30Z,1
CASE_00003275,SITE_B,WF_V3,GERMLINE,ROUTINE,2026-01-24T07:34:47Z,2026-01-29T18:57:47Z,1
CASE_00003276,SITE_B,WF_V3,ONCO_PANEL,STAT,2026-03-09T14:32:36Z,2026-03-11T05:58:48Z,1
CASE_00003277,SITE_B,WF_V3,GERMLINE,ROUTINE,2025-06-13T02:31:37Z,2025-06-19T00:25:57Z,1
CASE_00003278,SITE_B,WF_V3,GERMLINE,ROUTINE,2026-04-13T13:56:17Z,2026-04-20T00:53:49Z,1
CASE_00003279,SITE_B,WF_V3,GERMLINE,ROUTINE,2026-02-08T08:05:32Z,2026-02-13T14:02:56Z,1
CASE_00003280,SITE_B,WF_V3,ONCO_PANEL,ROUTINE,2025-09-10T07:36:34Z,2025-09-15T04:52:38Z,1
CASE_00003281,SITE_B,WF_V3,RARE_DISEASE,ROUTINE,2025-07-26T03:55:11Z,2025-07-31T07:52:35Z,1
CASE_00003282,SITE_B,WF_V3,GERMLINE,ROUTINE,2025-06-20T03:49:03Z,2025-06-25T15:00:10Z,1
CASE_00003283,SITE_B,WF_V3,ONCO_PANEL,ROUTINE,2026-03-26T23:06:22Z,2026-03-31T23:23:56Z,1
CASE_00003284,SITE_B,WF_V3,GERMLINE,ROUTINE,2026-04-25T03:04:22Z,2026-04-30T16:56:06Z,1
CASE_00003285,SITE_B,WF_V3,RARE_DISEASE,ROUTINE,2026-01-02T06:02:21Z,2026-01-06T17:20:24Z,1
CASE_00003286,SITE_B,WF_V3,ONCO_PANEL,ROUTINE,2025-08-25T11:17:39Z,2025-08-29T10:17:08Z,1
CASE_00003287,SITE_B,WF_V3,RARE_DISEASE,ROUTINE,2025-09-16T03:27:57Z,2025-09-21T05:26:05Z,1
CASE_00003288,SITE_B,WF_V3,RARE_DISEASE,ROUTINE,2025-07-22T01:37:30Z,2025-07-27T16:22:22Z,1
CASE_00003289,SITE_B,WF_V3,GERMLINE,ROUTINE,2026-04-02T02:27:12Z,2026-04-07T08:21:53Z,1
CASE_00003290,SITE_B,WF_V3,ONCO_PANEL,ROUTINE,2025-09-12T22:25:49Z,2025-09-16T17:18:57Z,1
CASE_00003291,SITE_B,WF_V3,RARE_DISEASE,ROUTINE,2026-01-05T06:13:06Z,2026-01-10T11:28:46Z,1
CASE_00003292,SITE_B,WF_V3,GERMLINE,ROUTINE,2026-03-22T16:05:04Z,2026-03-28T22:23:13Z,1
CASE_00003293,SITE_B,WF_V3,PHARMA,ROUTINE,2026-02-08T07:19:05Z,2026-02-12T07:00:20Z,1
CASE_00003294,SITE_B,WF_V3,GERMLINE,ROUTINE,2026-01-13T11:39:33Z,2026-01-18T06:16:59Z,1
CASE_00003295,SITE_B,WF_V3,GERMLINE,ROUTINE,2026-02-01T00:18:51Z,2026-03-04T06:29:47Z,1
CASE_00003296,SITE_B,WF_V3,GERMLINE,STAT,2025-07-18T01:46:34Z,2025-07-20T14:45:54Z,1
CASE_00003297,SITE_B,WF_V3,ONCO_PANEL,ROUTINE,2025-06-11T03:20:58Z,2025-06-15T09:21:19Z,1
CASE_00003298,SITE_B,WF_V3,ONCO_PANEL,ROUTINE,2026-05-03T13:59:24Z,2026-05-08T04:35:57Z,1
CASE_00003299,SITE_B,WF_V3,ONCO_PANEL,ROUTINE,2025-07-24T11:18:56Z,2025-07-28T06:04:18Z,1
CASE_00003300,SITE_B,WF_V3,GERMLINE,ROUTINE,2025-07-18T18:36:34Z,2025-07-23T22:36:12Z,1
CASE_00003301,SITE_B,WF_V3,GERMLINE,STAT,2025-06-21T17:07:03Z,2025-06-24T05:25:35Z,1
CASE_00003302,SITE_B,WF_V3,GERMLINE,ROUTINE,2025-08-18T10:32:29Z,2025-08-23T23:01:25Z,1
CASE_00003303,SITE_B,WF_V3,GERMLINE,ROUTINE,2025-08-07T01:41:01Z,2025-08-13T06:11:58Z,1
CASE_00003304,SITE_B,WF_V3,PHARMA,STAT,2026-02-26T18:25:45Z,2026-02-28T14:18:15Z,1
CASE_00003305,SITE_B,WF_V3,RARE_DISEASE,ROUTINE,2026-05-27T00:57:05Z,2026-06-01T07:39:56Z,1
CASE_00003306,SITE_B,WF_V3,RARE_DISEASE,STAT,2025-09-20T01:18:24Z,2025-09-22T13:14:42Z,1
CASE_00003307,SITE_B,WF_V3,RARE_DISEASE,ROUTINE,2026-01-23T12:26:52Z,2026-01-29T23:39:36Z,1
CASE_00003308,SITE_B,WF_V3,GERMLINE,ROUTINE,2026-01-02T16:55:25Z,2026-01-08T04:46:21Z,1
CASE_00003309,SITE_B,WF_V3,PHARMA,ROUTINE,2026-02-05T17:11:22Z,2026-02-09T03:00:13Z,1
CASE_00003310,SITE_B,WF_V3,PHARMA,ROUTINE,2025-09-20T02:11:27Z,2025-09-23T18:55:59Z,1
CASE_00003311,SITE_B,WF_V3,PHARMA,ROUTINE,2025-11-24T06:54:19Z,2025-11-27T14:28:16Z,1
CASE_00003312,SITE_B,WF_V3,ONCO_PANEL,ROUTINE,2025-12-24T13:05:21Z,2025-12-28T15:40:37Z,1
CASE_00003313,SITE_B,WF_V3,ONCO_PANEL,ROUTINE,2026-04-27T03:57:35Z,2026-05-01T22:59:21Z,1
CASE_00003314,SITE_B,WF_V3,ONCO_PANEL,ROUTINE,2026-05-05T07:55:05Z,2026-05-10T05:47:58Z,1
CASE_00003315,SITE_B,WF_V3,ONCO_PANEL,ROUTINE,2025-09-09T08:14:42Z,2025-09-13T11:03:15Z,1
CASE_00003316,SITE_B,WF_V3,GERMLINE,STAT,2026-02-01T05:15:34Z,2026-02-03T22:55:22Z,1
CASE_00003317,SITE_B,WF_V3,RARE_DISEASE,ROUTINE,2025-11-27T17:09:17Z,2025-12-03T14:52:47Z,1
CASE_00003318,SITE_B,WF_V3,ONCO_PANEL,ROUTINE,2025-09-14T21:12:13Z,2025-09-19T16:28:36Z,1
CASE_00003319,SITE_B,WF_V3,RARE_DISEASE,ROUTINE,2026-04-10T18:57:10Z,2026-04-16T11:18:59Z,1
CASE_00003320,SITE_B,WF_V3,GERMLINE,ROUTINE,2025-07-18T14:15:18Z,2025-07-25T12:02:10Z,1
CASE_00003321,SITE_B,WF_V3,RARE_DISEASE,ROUTINE,2025-12-18T11:07:07Z,2025-12-24T06:55:08Z,1
CASE_00003322,SITE_B,WF_V3,PHARMA,ROUTINE,2025-08-07T11:17:24Z,2025-08-10T23:46:42Z,1
CASE_00003323,SITE_B,WF_V3,RARE_DISEASE,ROUTINE,2025-06-25T12:12:19Z,2025-06-30T20:51:01Z,1
CASE_00003324,SITE_B,WF_V3,GERMLINE,ROUTINE,2025-07-31T11:58:02Z,2025-08-06T05:34:59Z,1
CASE_00003325,SITE_B,WF_V3,ONCO_PANEL,ROUTINE,2025-07-15T09:03:46Z,2025-07-20T02:57:30Z,1
CASE_00003326,SITE_B,WF_V3,ONCO_PANEL,ROUTINE,2026-04-13T00:44:59Z,2026-04-17T07:38:59Z,1
CASE_00003327,SITE_B,WF_V3,ONCO_PANEL,ROUTINE,2026-05-04T00:08:22Z,2026-05-07T23:14:38Z,1
CASE_00003328,SITE_B,WF_V3,GERMLINE,ROUTINE,2026-04-19T18:46:38Z,2026-04-25T09:24:03Z,1
CASE_00003329,SITE_B,WF_V3,RARE_DISEASE,STAT,2025-08-11T12:09:52Z,2025-08-13T12:45:10Z,1
CASE_00003330,SITE_B,WF_V3,RARE_DISEASE,ROUTINE,2025-07-16T20:02:29Z,2025-07-22T02:26:30Z,1
CASE_00003331,SITE_B,WF_V3,RARE_DISEASE,ROUTINE,2025-09-28T04:33:07Z,2025-10-03T12:24:02Z,1
CASE_00003332,SITE_B,WF_V3,ONCO_PANEL,ROUTINE,2026-01-16T10:25:27Z,2026-01-20T00:41:53Z,1
CASE_00003333,SITE_B,WF_V3,GERMLINE,ROUTINE,2026-03-06T17:24:31Z,2026-03-12T16:34:05Z,1
CASE_00003334,SITE_B,WF_V3,ONCO_PANEL,STAT,2026-03-30T07:35:27Z,2026-04-01T03:18:13Z,1
CASE_00003335,SITE_B,WF_V3,RARE_DISEASE,ROUTINE,2026-03-06T15:42:04Z,2026-03-11T21:28:14Z,1
CASE_00003336,SITE_B,WF_V3,RARE_DISEASE,ROUTINE,2025-06-30T08:25:22Z,2025-07-05T18:32:03Z,1
CASE_00003337,SITE_B,WF_V3,ONCO_PANEL,ROUTINE,2026-01-03T16:59:59Z,2026-01-07T20:45:52Z,1
CASE_00003338,SITE_B,WF_V3,ONCO_PANEL,ROUTINE,2025-08-22T22:08:50Z,2025-08-28T03:45:27Z,1
CASE_00003339,SITE_B,WF_V3,GERMLINE,STAT,2025-12-11T03:31:19Z,2025-12-14T03:56:11Z,1
CASE_00003340,SITE_B,WF_V3,RARE_DISEASE,ROUTINE,2025-10-06T13:14:10Z,2025-10-12T01:18:12Z,1
CASE_00003341,SITE_B,WF_V3,RARE_DISEASE,ROUTINE,2025-06-01T15:20:30Z,2025-06-06T09:57:28Z,1
CASE_00003342,SITE_B,WF_V3,ONCO_PANEL,ROUTINE,2025-11-27T10:13:13Z,2025-12-01T14:44:23Z,1
CASE_00003343,SITE_B,WF_V3,ONCO_PANEL,STAT,2026-03-24T10:45:45Z,2026-03-26T07:15:45Z,1
CASE_00003344,SITE_B,WF_V3,RARE_DISEASE,ROUTINE,2025-09-24T00:56:23Z,2025-09-29T09:18:03Z,1
CASE_00003345,SITE_B,WF_V3,GERMLINE,ROUTINE,2025-11-06T02:37:41Z,2025-11-11T09:44:46Z,1
CASE_00003346,SITE_B,WF_V3,PHARMA,ROUTINE,2025-11-20T22:56:00Z,2025-11-24T03:45:57Z,1
CASE_00003347,SITE_B,WF_V3,GERMLINE,STAT,2025-08-16T14:18:45Z,2025-08-19T14:27:04Z,1
CASE_00003348,SITE_B,WF_V3,PHARMA,ROUTINE,2026-03-22T20:06:17Z,2026-03-26T00:55:00Z,1
CASE_00003349,SITE_B,WF_V3,GERMLINE,STAT,2025-10-30T00:02:01Z,2025-11-01T12:45:30Z,1
CASE_00003350,SITE_B,WF_V3,ONCO_PANEL,ROUTINE,2026-03-15T05:24:50Z,2026-03-21T12:14:53Z,1
CASE_00003351,SITE_B,WF_V3,ONCO_PANEL,ROUTINE,2026-02-03T12:56:52Z,2026-02-07T06:17:16Z,1
CASE_00003352,SITE_B,WF_V3,RARE_DISEASE,ROUTINE,2026-01-18T12:46:14Z,2026-01-23T18:44:05Z,1
CASE_00003353,SITE_B,WF_V3,PHARMA,ROUTINE,2025-06-21T00:48:34Z,2025-06-24T20:00:47Z,1
CASE_00003354,SITE_B,WF_V3,ONCO_PANEL,ROUTINE,2025-08-28T19:07:27Z,2025-09-02T09:00:57Z,1
CASE_00003355,SITE_B,WF_V3,ONCO_PANEL,ROUTINE,2025-11-03T16:24:51Z,2025-11-07T20:37:57Z,1
CASE_00003356,SITE_B,WF_V3,GERMLINE,ROUTINE,2026-04-24T13:50:25Z,2026-04-30T02:11:23Z,1
CASE_00003357,SITE_B,WF_V3,ONCO_PANEL,ROUTINE,2025-07-05T11:51:45Z,2025-07-09T22:56:09Z,1
CASE_00003358,SITE_B,WF_V3,RARE_DISEASE,ROUTINE,2025-09-06T12:23:42Z,2025-09-11T01:47:10Z,1
CASE_00003359,SITE_B,WF_V3,ONCO_PANEL,ROUTINE,2025-08-16T19:04:11Z,2025-08-21T05:55:45Z,1
CASE_00003360,SITE_B,WF_V3,ONCO_PANEL,ROUTINE,2026-01-09T07:04:47Z,2026-01-14T06:45:57Z,1
CASE_00003361,SITE_B,WF_V3,GERMLINE,ROUTINE,2025-11-29T01:23:37Z,2025-12-04T16:18:54Z,1
CASE_00003362,SITE_B,WF_V3,RARE_DISEASE,ROUTINE,2026-03-23T08:18:43Z,2026-03-29T02:19:43Z,1
CASE_00003363,SITE_B,WF_V3,RARE_DISEASE,ROUTINE,2025-06-30T17:01:23Z,2025-07-05T18:38:18Z,1
CASE_00003364,SITE_B,WF_V3,RARE_DISEASE,ROUTINE,2025-09-21T01:17:21Z,2025-09-27T02:02:47Z,1
CASE_00003365,SITE_B,WF_V3,ONCO_PANEL,ROUTINE,2026-02-12T19:22:09Z,2026-02-17T23:45:41Z,1
CASE_00003366,SITE_B,WF_V3,RARE_DISEASE,ROUTINE,2026-01-12T11:40:17Z,2026-01-18T07:59:12Z,1
CASE_00003367,SITE_B,WF_V3,GERMLINE,ROUTINE,2025-12-12T19:05:44Z,2025-12-18T11:38:22Z,1
CASE_00003368,SITE_B,WF_V3,RARE_DISEASE,STAT,2025-06-13T15:38:10Z,2025-06-16T00:03:09Z,1
CASE_00003369,SITE_B,WF_V3,PHARMA,ROUTINE,2025-11-22T04:24:06Z,2025-11-26T06:55:24Z,1
CASE_00003370,SITE_B,WF_V3,GERMLINE,ROUTINE,2025-10-31T07:04:20Z,2025-11-05T09:38:31Z,1
CASE_00003371,SITE_B,WF_V3,RARE_DISEASE,ROUTINE,2026-01-03T20:23:48Z,2026-01-10T02:57:20Z,1
CASE_00003372,SITE_B,WF_V3,GERMLINE,ROUTINE,2026-02-24T22:01:20Z,2026-03-02T08:14:26Z,1
CASE_00003373,SITE_B,WF_V3,GERMLINE,ROUTINE,2026-03-26T12:26:42Z,2026-03-31T16:25:20Z,1
CASE_00003374,SITE_B,WF_V3,ONCO_PANEL,ROUTINE,2026-05-28T13:50:32Z,2026-06-02T00:12:15Z,1
CASE_00003375,SITE_B,WF_V3,ONCO_PANEL,ROUTINE,2025-09-12T15:05:09Z,2025-09-17T03:10:15Z,1
CASE_00003376,SITE_B,WF_V3,ONCO_PANEL,STAT,2025-09-01T16:18:01Z,2025-09-03T18:50:56Z,1
CASE_00003377,SITE_B,WF_V3,ONCO_PANEL,ROUTINE,2026-02-20T06:17:30Z,2026-02-24T14:13:59Z,1
CASE_00003378,SITE_B,WF_V3,ONCO_PANEL,ROUTINE,2025-06-04T07:00:20Z,2025-06-08T23:26:34Z,1
CASE_00003379,SITE_B,WF_V3,GERMLINE,ROUTINE,2026-03-30T12:12:29Z,2026-04-04T11:19:49Z,1
CASE_00003380,SITE_B,WF_V3,RARE_DISEASE,STAT,2025-09-25T20:12:20Z,2025-09-28T13:26:09Z,1
CASE_00003381,SITE_B,WF_V3,RARE_DISEASE,ROUTINE,2025-10-12T12:11:20Z,2025-10-17T07:34:16Z,1
CASE_00003382,SITE_B,WF_V3,PHARMA,ROUTINE,2025-10-16T07:03:38Z,2025-10-20T02:52:46Z,1
CASE_00003383,SITE_B,WF_V3,GERMLINE,ROUTINE,2026-05-05T18:38:47Z,2026-05-12T01:02:46Z,1
CASE_00003384,SITE_B,WF_V3,ONCO_PANEL,ROUTINE,2026-03-16T11:25:24Z,2026-03-20T12:53:10Z,1
CASE_00003385,SITE_B,WF_V3,ONCO_PANEL,ROUTINE,2025-08-21T04:28:30Z,2025-08-25T22:49:38Z,1
CASE_00003386,SITE_B,WF_V3,ONCO_PANEL,STAT,2025-07-15T05:12:22Z,2025-07-17T00:21:37Z,1
CASE_00003387,SITE_B,WF_V3,ONCO_PANEL,ROUTINE,2025-08-31T13:20:43Z,2025-09-04T15:16:15Z,1
CASE_00003388,SITE_B,WF_V3,RARE_DISEASE,ROUTINE,2025-07-15T08:53:15Z,2025-07-20T23:32:49Z,1
CASE_00003389,SITE_B,WF_V3,ONCO_PANEL,ROUTINE,2025-10-16T21:03:36Z,2025-10-21T17:54:16Z,1
CASE_00003390,SITE_B,WF_V3,GERMLINE,ROUTINE,2026-04-14T09:30:14Z,2026-04-20T10:15:43Z,1
CASE_00003391,SITE_B,WF_V3,ONCO_PANEL,ROUTINE,2025-09-26T08:49:45Z,2025-09-30T19:38:20Z,1
CASE_00003392,SITE_B,WF_V3,ONCO_PANEL,ROUTINE,2025-11-20T22:58:40Z,2025-11-24T21:38:37Z,1
CASE_00003393,SITE_B,WF_V3,ONCO_PANEL,ROUTINE,2026-03-16T07:16:54Z,2026-03-20T02:56:01Z,1
CASE_00003394,SITE_B,WF_V3,ONCO_PANEL,ROUTINE,2025-11-18T19:53:20Z,2025-11-22T11:50:40Z,1
CASE_00003395,SITE_B,WF_V3,ONCO_PANEL,ROUTINE,2025-06-25T23:46:06Z,2025-06-30T01:20:48Z,1
CASE_00003396,SITE_B,WF_V3,RARE_DISEASE,ROUTINE,2025-10-12T22:23:22Z,2025-10-18T07:32:18Z,1
CASE_00003397,SITE_B,WF_V3,GERMLINE,ROUTINE,2025-07-30T03:26:46Z,2025-08-05T00:47:08Z,1
CASE_00003398,SITE_B,WF_V3,PHARMA,ROUTINE,2025-12-05T17:30:50Z,2025-12-09T11:36:42Z,1
CASE_00003399,SITE_B,WF_V3,GERMLINE,ROUTINE,2025-07-25T09:29:01Z,2025-07-30T09:57:59Z,1
CASE_00003400,SITE_B,WF_V3,RARE_DISEASE,STAT,2025-07-03T11:43:41Z,2025-07-05T23:55:51Z,1
CASE_00003401,SITE_B,WF_V3,GERMLINE,STAT,2025-12-27T07:00:27Z,2025-12-30T04:41:10Z,1
CASE_00003402,SITE_B,WF_V3,ONCO_PANEL,ROUTINE,2026-02-05T11:19:16Z,2026-02-10T02:31:07Z,1
CASE_00003403,SITE_B,WF_V3,RARE_DISEASE,ROUTINE,2025-10-27T14:18:50Z,2025-11-01T19:33:55Z,1
CASE_00003404,SITE_B,WF_V3,RARE_DISEASE,ROUTINE,2025-11-11T05:11:36Z,2025-11-16T17:56:24Z,1
CASE_00003405,SITE_B,WF_V3,ONCO_PANEL,ROUTINE,2025-09-03T06:26:37Z,2025-09-06T19:39:15Z,1
CASE_00003406,SITE_B,WF_V3,ONCO_PANEL,ROUTINE,2026-04-30T19:08:22Z,2026-05-05T13:26:36Z,1
CASE_00003407,SITE_B,WF_V3,ONCO_PANEL,ROUTINE,2025-08-08T00:25:25Z,2025-08-11T23:51:35Z,1
CASE_00003408,SITE_B,WF_V3,ONCO_PANEL,ROUTINE,2025-11-07T14:49:55Z,2025-11-11T23:21:41Z,1
CASE_00003409,SITE_B,WF_V3,ONCO_PANEL,ROUTINE,2025-12-24T01:20:21Z,2025-12-28T17:29:46Z,1
CASE_00003410,SITE_B,WF_V3,ONCO_PANEL,ROUTINE,2025-10-31T09:52:48Z,2025-11-05T00:21:32Z,1
CASE_00003411,SITE_B,WF_V3,ONCO_PANEL,ROUTINE,2025-09-30T09:55:23Z,2025-10-05T00:05:14Z,1
CASE_00003412,SITE_B,WF_V3,GERMLINE,ROUTINE,2025-09-25T05:19:00Z,2025-10-01T11:20:19Z,1
CASE_00003413,SITE_B,WF_V3,RARE_DISEASE,STAT,2026-03-13T22:39:58Z,2026-03-16T15:56:21Z,1
CASE_00003414,SITE_B,WF_V3,RARE_DISEASE,ROUTINE,2026-04-05T19:57:40Z,2026-04-12T00:37:28Z,1
CASE_00003415,SITE_B,WF_V3,RARE_DISEASE,ROUTINE,2025-06-17T13:18:24Z,2025-06-22T08:46:56Z,1
CASE_00003416,SITE_B,WF_V3,ONCO_PANEL,ROUTINE,2026-05-29T17:32:20Z,2026-06-02T21:37:53Z,1
CASE_00003417,SITE_B,WF_V3,ONCO_PANEL,ROUTINE,2026-03-22T22:01:06Z,2026-03-26T16:45:02Z,1
CASE_00003418,SITE_B,WF_V3,ONCO_PANEL,ROUTINE,2025-08-24T22:03:59Z,2025-08-29T15:25:38Z,1
CASE_00003419,SITE_B,WF_V3,ONCO_PANEL,ROUTINE,2026-03-07T19:35:08Z,2026-03-12T12:19:54Z,1
CASE_00003420,SITE_B,WF_V3,RARE_DISEASE,ROUTINE,2026-03-17T03:37:31Z,2026-03-22T19:21:52Z,1
CASE_00003421,SITE_B,WF_V3,ONCO_PANEL,ROUTINE,2025-07-26T06:55:51Z,2025-07-30T11:05:56Z,1
CASE_00003422,SITE_B,WF_V3,RARE_DISEASE,ROUTINE,2025-07-17T19:12:49Z,2025-07-23T16:20:34Z,1
CASE_00003423,SITE_B,WF_V3,GERMLINE,ROUTINE,2025-10-11T08:10:03Z,2025-10-17T15:28:37Z,1
CASE_00003424,SITE_B,WF_V3,ONCO_PANEL,ROUTINE,2025-08-30T15:31:49Z,2025-09-04T01:05:13Z,1
CASE_00003425,SITE_B,WF_V3,ONCO_PANEL,ROUTINE,2025-10-30T09:36:02Z,2025-11-04T09:59:01Z,1
CASE_00003426,SITE_B,WF_V3,GERMLINE,ROUTINE,2025-08-04T12:28:21Z,2025-08-10T12:30:15Z,1
CASE_00003427,SITE_B,WF_V3,GERMLINE,STAT,2026-05-26T22:10:30Z,2026-05-29T16:19:57Z,1
CASE_00003428,SITE_B,WF_V3,ONCO_PANEL,STAT,2025-06-13T21:38:00Z,2025-06-16T15:10:31Z,1
CASE_00003429,SITE_B,WF_V3,GERMLINE,ROUTINE,2025-08-26T10:29:42Z,2025-09-02T01:25:53Z,1
CASE_00003430,SITE_B,WF_V3,RARE_DISEASE,ROUTINE,2025-07-24T17:18:06Z,2025-07-29T08:54:03Z,1
CASE_00003431,SITE_B,WF_V3,ONCO_PANEL,ROUTINE,2026-03-20T04:36:50Z,2026-03-24T23:15:43Z,1
CASE_00003432,SITE_B,WF_V3,ONCO_PANEL,ROUTINE,2026-04-16T05:38:26Z,2026-04-20T10:22:05Z,1
CASE_00003433,SITE_B,WF_V3,GERMLINE,ROUTINE,2025-06-19T14:07:49Z,2025-06-25T05:00:21Z,1
CASE_00003434,SITE_B,WF_V3,GERMLINE,ROUTINE,2025-11-08T03:35:58Z,2025-11-14T04:07:39Z,1
CASE_00003435,SITE_B,WF_V3,RARE_DISEASE,STAT,2025-07-15T13:17:29Z,2025-07-17T17:20:29Z,1
CASE_00003436,SITE_B,WF_V3,ONCO_PANEL,ROUTINE,2025-07-21T12:11:33Z,2025-07-25T15:41:43Z,1
CASE_00003437,SITE_B,WF_V3,PHARMA,ROUTINE,2025-10-28T09:17:33Z,2025-11-01T11:05:34Z,1
CASE_00003438,SITE_B,WF_V3,ONCO_PANEL,ROUTINE,2025-12-22T19:18:33Z,2025-12-26T20:03:05Z,1
CASE_00003439,SITE_B,WF_V3,ONCO_PANEL,ROUTINE,2026-04-08T01:48:17Z,2026-04-12T21:27:26Z,1
CASE_00003440,SITE_B,WF_V3,RARE_DISEASE,ROUTINE,2025-06-30T11:18:51Z,2025-07-05T18:01:09Z,1
CASE_00003441,SITE_B,WF_V3,ONCO_PANEL,ROUTINE,2025-12-01T10:33:34Z,2025-12-06T02:15:28Z,1
CASE_00003442,SITE_B,WF_V3,PHARMA,STAT,2025-11-27T15:04:26Z,2025-11-29T12:21:45Z,1
CASE_00003443,SITE_B,WF_V3,ONCO_PANEL,ROUTINE,2026-03-20T21:28:50Z,2026-03-25T02:11:49Z,1
CASE_00003444,SITE_B,WF_V3,GERMLINE,ROUTINE,2026-05-04T07:06:10Z,2026-05-10T01:06:22Z,1
CASE_00003445,SITE_B,WF_V3,GERMLINE,ROUTINE,2025-12-12T02:53:13Z,2025-12-18T06:35:56Z,1
CASE_00003446,SITE_B,WF_V3,GERMLINE,ROUTINE,2025-10-22T02:42:06Z,2025-10-27T02:43:05Z,1
CASE_00003447,SITE_B,WF_V3,RARE_DISEASE,ROUTINE,2026-01-17T08:27:55Z,2026-01-22T13:55:43Z,1
CASE_00003448,SITE_B,WF_V3,GERMLINE,ROUTINE,2026-02-03T22:04:03Z,2026-02-09T07:35:01Z,1
CASE_00003449,SITE_B,WF_V3,RARE_DISEASE,ROUTINE,2026-01-30T07:10:22Z,2026-02-04T16:50:29Z,1
CASE_00003450,SITE_B,WF_V3,GERMLINE,ROUTINE,2025-07-20T07:19:56Z,2025-07-25T09:28:36Z,1
CASE_00003451,SITE_B,WF_V3,GERMLINE,ROUTINE,2025-11-28T11:07:56Z,2025-12-04T08:29:29Z,1
CASE_00003452,SITE_B,WF_V3,ONCO_PANEL,STAT,2025-06-15T08:25:57Z,2025-06-17T06:00:05Z,1
CASE_00003453,SITE_B,WF_V3,ONCO_PANEL,ROUTINE,2026-01-23T18:35:11Z,2026-01-28T14:59:28Z,1
CASE_00003454,SITE_B,WF_V3,PHARMA,ROUTINE,2025-07-26T22:25:21Z,2025-07-30T20:17:52Z,1
CASE_00003455,SITE_B,WF_V3,PHARMA,STAT,2025-06-27T19:32:09Z,2025-06-29T12:35:33Z,1
CASE_00003456,SITE_B,WF_V3,ONCO_PANEL,ROUTINE,2025-09-14T12:11:37Z,2025-09-19T02:06:58Z,1
CASE_00003457,SITE_B,WF_V3,GERMLINE,ROUTINE,2026-03-03T09:55:44Z,2026-03-10T10:56:35Z,1
CASE_00003458,SITE_B,WF_V3,RARE_DISEASE,STAT,2025-11-09T04:09:56Z,2025-11-11T05:34:15Z,1
CASE_00003459,SITE_B,WF_V3,GERMLINE,ROUTINE,2025-06-02T18:47:18Z,2025-06-07T18:17:54Z,1
CASE_00003460,SITE_B,WF_V3,ONCO_PANEL,ROUTINE,2025-08-07T07:50:15Z,2025-08-11T14:45:02Z,1
CASE_00003461,SITE_B,WF_V3,ONCO_PANEL,STAT,2026-03-20T13:37:43Z,2026-03-22T05:30:57Z,1
CASE_00003462,SITE_B,WF_V3,ONCO_PANEL,ROUTINE,2026-02-06T12:55:40Z,2026-02-10T21:23:18Z,1
CASE_00003463,SITE_B,WF_V3,ONCO_PANEL,ROUTINE,2026-02-25T08:39:36Z,2026-03-02T12:07:55Z,1
CASE_00003464,SITE_B,WF_V3,RARE_DISEASE,STAT,2026-04-07T02:00:15Z,2026-04-09T12:15:07Z,1
CASE_00003465,SITE_B,WF_V3,RARE_DISEASE,ROUTINE,2025-07-06T16:18:54Z,2025-07-11T03:32:49Z,1
CASE_00003466,SITE_B,WF_V3,ONCO_PANEL,ROUTINE,2025-10-27T08:05:17Z,2025-10-31T17:07:15Z,1
CASE_00003467,SITE_B,WF_V3,PHARMA,ROUTINE,2025-07-26T13:32:49Z,2025-07-31T04:08:16Z,1
CASE_00003468,SITE_B,WF_V3,RARE_DISEASE,ROUTINE,2025-06-05T02:56:35Z,2025-06-10T06:26:01Z,1
CASE_00003469,SITE_B,WF_V3,GERMLINE,STAT,2025-07-24T02:28:08Z,2025-07-27T06:30:39Z,1
CASE_00003470,SITE_B,WF_V3,ONCO_PANEL,ROUTINE,2025-09-21T09:38:40Z,2025-09-25T06:34:38Z,1
CASE_00003471,SITE_B,WF_V3,ONCO_PANEL,ROUTINE,2025-11-23T22:52:15Z,2025-11-28T08:09:45Z,1
CASE_00003472,SITE_B,WF_V3,RARE_DISEASE,STAT,2025-09-16T13:02:57Z,2025-09-18T20:17:20Z,1
CASE_00003473,SITE_B,WF_V3,ONCO_PANEL,ROUTINE,2026-03-11T07:35:18Z,2026-03-15T05:42:10Z,1
CASE_00003474,SITE_B,WF_V3,ONCO_PANEL,ROUTINE,2025-10-16T09:10:26Z,2025-10-20T12:32:34Z,1
CASE_00003475,SITE_B,WF_V3,ONCO_PANEL,ROUTINE,2026-01-28T09:59:19Z,2026-02-01T17:16:50Z,1
CASE_00003476,SITE_B,WF_V3,RARE_DISEASE,ROUTINE,2026-05-11T02:23:33Z,2026-05-17T13:40:31Z,1
CASE_00003477,SITE_B,WF_V3,ONCO_PANEL,ROUTINE,2026-05-01T03:59:32Z,2026-05-05T23:15:08Z,1
CASE_00003478,SITE_B,WF_V3,ONCO_PANEL,ROUTINE,2025-11-18T14:22:00Z,2025-11-22T22:34:45Z,1
CASE_00003479,SITE_B,WF_V3,GERMLINE,ROUTINE,2025-11-02T21:13:18Z,2025-11-08T10:44:38Z,1
CASE_00003480,SITE_B,WF_V3,RARE_DISEASE,ROUTINE,2025-09-25T01:57:27Z,2025-09-29T23:14:02Z,1
CASE_00003481,SITE_B,WF_V3,GERMLINE,ROUTINE,2026-04-24T15:43:44Z,2026-04-30T08:15:05Z,1
CASE_00003482,SITE_B,WF_V3,RARE_DISEASE,STAT,2025-08-26T15:54:34Z,2025-08-29T04:01:33Z,1
CASE_00003483,SITE_B,WF_V3,GERMLINE,ROUTINE,2025-07-10T14:46:52Z,2025-07-16T09:48:05Z,1
CASE_00003484,SITE_B,WF_V3,RARE_DISEASE,ROUTINE,2025-08-12T11:29:05Z,2025-08-17T01:25:33Z,1
CASE_00003485,SITE_B,WF_V3,ONCO_PANEL,ROUTINE,2026-03-24T04:42:10Z,2026-03-28T22:28:27Z,1
CASE_00003486,SITE_B,WF_V3,RARE_DISEASE,ROUTINE,2026-03-10T05:06:17Z,2026-03-16T02:01:51Z,1
CASE_00003487,SITE_B,WF_V3,ONCO_PANEL,STAT,2025-07-27T18:32:54Z,2025-07-29T15:15:35Z,1
CASE_00003488,SITE_B,WF_V3,RARE_DISEASE,ROUTINE,2025-11-06T00:36:33Z,2025-11-10T21:55:04Z,1
CASE_00003489,SITE_B,WF_V3,RARE_DISEASE,STAT,2025-07-06T20:08:49Z,2025-07-09T04:41:00Z,1
CASE_00003490,SITE_B,WF_V3,ONCO_PANEL,ROUTINE,2025-09-19T02:23:06Z,2025-09-24T01:47:37Z,1
CASE_00003491,SITE_B,WF_V3,PHARMA,ROUTINE,2025-09-30T05:28:12Z,2025-10-03T16:16:29Z,1
CASE_00003492,SITE_B,WF_V3,PHARMA,ROUTINE,2026-05-29T08:32:44Z,2026-06-02T09:16:39Z,1
CASE_00003493,SITE_B,WF_V3,ONCO_PANEL,ROUTINE,2025-12-15T01:35:57Z,2025-12-19T00:51:01Z,1
CASE_00003494,SITE_B,WF_V3,ONCO_PANEL,STAT,2025-08-17T14:20:18Z,2025-08-19T15:48:41Z,1
CASE_00003495,SITE_B,WF_V3,RARE_DISEASE,ROUTINE,2025-08-15T09:18:51Z,2025-08-20T09:09:24Z,1
CASE_00003496,SITE_B,WF_V3,GERMLINE,ROUTINE,2026-04-28T11:00:32Z,2026-05-05T11:34:07Z,1
CASE_00003497,SITE_B,WF_V3,PHARMA,ROUTINE,2026-01-02T11:05:27Z,2026-01-06T22:04:29Z,1
CASE_00003498,SITE_B,WF_V3,RARE_DISEASE,ROUTINE,2026-05-03T02:38:07Z,2026-05-08T09:18:21Z,1
CASE_00003499,SITE_B,WF_V3,RARE_DISEASE,ROUTINE,2026-03-03T16:26:38Z,2026-03-08T17:18:17Z,1
CASE_00003500,SITE_B,WF_V3,GERMLINE,ROUTINE,2026-04-26T11:23:28Z,2026-05-01T23:56:34Z,1
CASE_00003501,SITE_B,WF_V3,RARE_DISEASE,ROUTINE,2025-07-13T03:12:04Z,2025-07-18T17:06:27Z,1
CASE_00003502,SITE_B,WF_V3,GERMLINE,ROUTINE,2025-06-02T08:30:57Z,2025-06-09T17:41:56Z,1
CASE_00003503,SITE_B,WF_V3,RARE_DISEASE,STAT,2025-09-29T18:11:11Z,2025-10-01T23:24:34Z,1
CASE_00003504,SITE_B,WF_V3,ONCO_PANEL,ROUTINE,2025-08-29T15:36:25Z,2025-09-03T23:32:19Z,1
CASE_00003505,SITE_B,WF_V3,GERMLINE,ROUTINE,2025-12-08T14:38:27Z,2025-12-14T23:16:26Z,1
CASE_00003506,SITE_B,WF_V3,ONCO_PANEL,ROUTINE,2025-10-20T13:30:47Z,2025-10-25T02:05:20Z,1
CASE_00003507,SITE_B,WF_V3,ONCO_PANEL,ROUTINE,2026-04-13T03:27:23Z,2026-04-17T09:50:34Z,1
CASE_00003508,SITE_B,WF_V3,RARE_DISEASE,STAT,2026-03-21T16:31:13Z,2026-03-24T06:37:30Z,1
CASE_00003509,SITE_B,WF_V3,ONCO_PANEL,ROUTINE,2026-04-06T13:09:24Z,2026-04-10T10:18:55Z,1
CASE_00003510,SITE_B,WF_V3,ONCO_PANEL,ROUTINE,2025-11-03T19:35:46Z,2025-11-08T05:59:34Z,1
CASE_00003511,SITE_B,WF_V3,ONCO_PANEL,STAT,2026-02-24T04:41:09Z,2026-02-26T01:35:49Z,1
CASE_00003512,SITE_B,WF_V3,PHARMA,ROUTINE,2025-10-22T07:42:56Z,2025-10-26T09:03:18Z,1
CASE_00003513,SITE_B,WF_V3,ONCO_PANEL,ROUTINE,2025-06-02T16:09:27Z,2025-06-06T18:20:47Z,1
CASE_00003514,SITE_B,WF_V3,RARE_DISEASE,ROUTINE,2025-11-22T22:46:36Z,2025-11-28T07:42:55Z,1
CASE_00003515,SITE_B,WF_V3,ONCO_PANEL,ROUTINE,2025-11-19T12:34:50Z,2025-11-23T12:23:03Z,1
CASE_00003516,SITE_B,WF_V3,ONCO_PANEL,ROUTINE,2026-01-06T02:18:24Z,2026-01-11T02:31:00Z,1
CASE_00003517,SITE_B,WF_V3,ONCO_PANEL,ROUTINE,2025-12-02T09:40:25Z,2025-12-06T14:36:01Z,1
CASE_00003518,SITE_B,WF_V3,GERMLINE,ROUTINE,2025-09-15T05:45:48Z,2025-09-20T16:36:38Z,1
CASE_00003519,SITE_B,WF_V3,RARE_DISEASE,ROUTINE,2026-02-27T02:07:49Z,2026-03-04T20:52:23Z,1
CASE_00003520,SITE_B,WF_V3,GERMLINE,ROUTINE,2025-07-21T01:39:03Z,2025-07-26T20:00:55Z,1
CASE_00003521,SITE_B,WF_V3,ONCO_PANEL,STAT,2026-04-25T06:10:26Z,2026-04-27T18:25:10Z,1
CASE_00003522,SITE_B,WF_V3,ONCO_PANEL,ROUTINE,2026-03-13T21:43:23Z,2026-03-18T07:06:20Z,1
CASE_00003523,SITE_B,WF_V3,PHARMA,ROUTINE,2025-08-13T19:58:06Z,2025-08-17T10:40:37Z,1
CASE_00003524,SITE_B,WF_V3,ONCO_PANEL,ROUTINE,2025-09-22T16:58:36Z,2025-09-27T01:49:26Z,1
CASE_00003525,SITE_B,WF_V3,GERMLINE,ROUTINE,2025-10-07T07:02:49Z,2025-10-15T08:48:10Z,1
CASE_00003526,SITE_B,WF_V3,GERMLINE,ROUTINE,2025-06-29T17:12:15Z,2025-07-06T01:22:31Z,1
CASE_00003527,SITE_B,WF_V3,RARE_DISEASE,ROUTINE,2026-03-28T02:18:32Z,2026-04-02T05:12:07Z,1
CASE_00003528,SITE_B,WF_V3,ONCO_PANEL,ROUTINE,2026-02-24T17:57:36Z,2026-03-01T09:20:28Z,1
CASE_00003529,SITE_B,WF_V3,ONCO_PANEL,ROUTINE,2025-09-21T11:14:28Z,2025-09-25T02:19:25Z,1
CASE_00003530,SITE_B,WF_V3,ONCO_PANEL,ROUTINE,2025-12-03T22:32:33Z,2025-12-08T04:30:18Z,1
CASE_00003531,SITE_B,WF_V3,PHARMA,ROUTINE,2025-06-18T23:30:18Z,2025-06-22T12:59:51Z,1
CASE_00003532,SITE_B,WF_V3,RARE_DISEASE,ROUTINE,2025-07-29T20:35:08Z,2025-08-03T20:18:44Z,1
CASE_00003533,SITE_B,WF_V3,GERMLINE,ROUTINE,2026-03-17T10:23:47Z,2026-03-23T22:15:17Z,1
CASE_00003534,SITE_B,WF_V3,ONCO_PANEL,STAT,2026-04-14T10:34:13Z,2026-04-16T14:36:02Z,1
CASE_00003535,SITE_B,WF_V3,ONCO_PANEL,ROUTINE,2025-11-29T05:56:06Z,2025-12-03T11:25:39Z,1
CASE_00003536,SITE_B,WF_V3,ONCO_PANEL,STAT,2026-05-23T03:00:01Z,2026-05-24T23:56:45Z,1
CASE_00003537,SITE_B,WF_V3,ONCO_PANEL,ROUTINE,2025-10-16T00:07:40Z,2025-10-20T02:35:44Z,1
CASE_00003538,SITE_B,WF_V3,PHARMA,ROUTINE,2025-06-19T21:07:18Z,2025-06-22T21:59:07Z,1
CASE_00003539,SITE_B,WF_V3,GERMLINE,ROUTINE,2025-10-29T04:34:03Z,2025-11-03T16:13:14Z,1
CASE_00003540,SITE_B,WF_V3,RARE_DISEASE,ROUTINE,2025-08-27T21:24:23Z,2025-09-02T09:16:30Z,1
CASE_00003541,SITE_B,WF_V3,RARE_DISEASE,ROUTINE,2025-10-09T17:40:28Z,2025-10-14T15:07:40Z,1
CASE_00003542,SITE_B,WF_V3,ONCO_PANEL,STAT,2026-02-02T10:18:28Z,2026-02-04T14:26:24Z,1
CASE_00003543,SITE_B,WF_V3,GERMLINE,ROUTINE,2026-01-30T09:46:07Z,2026-02-04T19:22:22Z,1
CASE_00003544,SITE_B,WF_V3,RARE_DISEASE,STAT,2025-07-26T14:38:15Z,2025-07-29T07:21:58Z,1
CASE_00003545,SITE_B,WF_V3,RARE_DISEASE,ROUTINE,2026-04-27T15:15:34Z,2026-05-03T00:47:29Z,1
CASE_00003546,SITE_B,WF_V3,RARE_DISEASE,ROUTINE,2026-04-04T00:05:19Z,2026-04-09T16:02:58Z,1
CASE_00003547,SITE_B,WF_V3,ONCO_PANEL,ROUTINE,2026-01-02T16:53:49Z,2026-01-07T00:00:05Z,1
CASE_00003548,SITE_B,WF_V3,GERMLINE,ROUTINE,2026-04-04T00:43:40Z,2026-04-10T04:25:54Z,1
CASE_00003549,SITE_B,WF_V3,RARE_DISEASE,ROUTINE,2025-11-20T15:29:13Z,2025-11-25T21:02:39Z,1
CASE_00003550,SITE_B,WF_V3,ONCO_PANEL,STAT,2026-05-27T18:58:36Z,2026-05-29T15:57:46Z,1
CASE_00003551,SITE_B,WF_V3,ONCO_PANEL,STAT,2025-11-09T23:06:55Z,2025-11-12T00:00:04Z,1
CASE_00003552,SITE_B,WF_V3,RARE_DISEASE,STAT,2025-09-29T01:58:26Z,2025-10-01T02:26:18Z,1
CASE_00003553,SITE_B,WF_V3,GERMLINE,ROUTINE,2025-11-14T12:52:00Z,2025-11-19T06:48:41Z,1
CASE_00003554,SITE_B,WF_V3,ONCO_PANEL,ROUTINE,2025-09-11T11:08:10Z,2025-09-15T02:58:06Z,1
CASE_00003555,SITE_B,WF_V3,GERMLINE,ROUTINE,2025-12-04T19:47:45Z,2025-12-10T01:23:21Z,1
CASE_00003556,SITE_B,WF_V3,GERMLINE,STAT,2025-11-26T04:59:23Z,2025-11-28T18:07:03Z,1
CASE_00003557,SITE_B,WF_V3,GERMLINE,ROUTINE,2026-01-21T21:43:59Z,2026-01-27T03:27:13Z,1
CASE_00003558,SITE_B,WF_V3,ONCO_PANEL,ROUTINE,2025-09-05T09:49:45Z,2025-09-11T06:02:50Z,1
CASE_00003559,SITE_B,WF_V3,RARE_DISEASE,ROUTINE,2026-02-06T13:58:15Z,2026-02-11T12:29:36Z,1
CASE_00003560,SITE_B,WF_V3,RARE_DISEASE,ROUTINE,2025-07-02T16:42:18Z,2025-07-07T09:49:29Z,1
CASE_00003561,SITE_B,WF_V3,ONCO_PANEL,ROUTINE,2025-08-18T14:53:00Z,2025-08-23T02:42:43Z,1
CASE_00003562,SITE_B,WF_V3,ONCO_PANEL,ROUTINE,2025-06-18T12:42:38Z,2025-06-22T20:11:28Z,1
CASE_00003563,SITE_B,WF_V3,GERMLINE,ROUTINE,2025-07-09T13:23:00Z,2025-07-15T06:19:15Z,1
CASE_00003564,SITE_B,WF_V3,RARE_DISEASE,STAT,2025-10-08T06:03:18Z,2025-10-11T06:29:09Z,1
CASE_00003565,SITE_B,WF_V3,GERMLINE,ROUTINE,2025-07-25T07:39:54Z,2025-07-31T08:07:37Z,1
CASE_00003566,SITE_B,WF_V3,RARE_DISEASE,ROUTINE,2025-08-11T00:23:03Z,2025-08-15T21:47:45Z,1
CASE_00003567,SITE_B,WF_V3,GERMLINE,ROUTINE,2026-05-03T17:36:45Z,2026-05-09T07:46:57Z,1
CASE_00003568,SITE_B,WF_V3,GERMLINE,ROUTINE,2025-06-24T15:31:25Z,2025-07-01T07:55:53Z,1
CASE_00003569,SITE_B,WF_V3,RARE_DISEASE,ROUTINE,2026-03-10T22:02:00Z,2026-03-16T14:37:12Z,1
CASE_00003570,SITE_B,WF_V3,ONCO_PANEL,ROUTINE,2025-07-16T05:04:50Z,2025-07-21T04:32:06Z,1
CASE_00003571,SITE_B,WF_V3,RARE_DISEASE,STAT,2025-11-22T22:45:36Z,2025-11-25T10:45:44Z,1
CASE_00003572,SITE_B,WF_V3,ONCO_PANEL,ROUTINE,2025-08-06T18:09:34Z,2025-08-11T10:26:40Z,1
CASE_00003573,SITE_B,WF_V3,ONCO_PANEL,ROUTINE,2026-01-31T08:30:14Z,2026-02-05T20:10:37Z,1
CASE_00003574,SITE_B,WF_V3,RARE_DISEASE,ROUTINE,2026-05-26T19:41:37Z,2026-06-02T15:20:32Z,1
CASE_00003575,SITE_B,WF_V3,ONCO_PANEL,ROUTINE,2025-07-27T06:41:55Z,2025-07-30T17:29:17Z,1
CASE_00003576,SITE_B,WF_V3,RARE_DISEASE,ROUTINE,2025-10-05T17:37:24Z,2025-10-11T11:26:47Z,1
CASE_00003577,SITE_B,WF_V3,PHARMA,ROUTINE,2025-07-27T17:43:42Z,2025-07-31T19:27:05Z,1
CASE_00003578,SITE_B,WF_V3,ONCO_PANEL,ROUTINE,2025-09-01T09:32:54Z,2025-09-06T13:27:35Z,1
CASE_00003579,SITE_B,WF_V3,RARE_DISEASE,ROUTINE,2025-12-10T20:53:05Z,2025-12-16T01:22:06Z,1
CASE_00003580,SITE_B,WF_V3,PHARMA,ROUTINE,2025-06-24T03:25:43Z,2025-06-29T02:20:30Z,1
CASE_00003581,SITE_B,WF_V3,RARE_DISEASE,ROUTINE,2026-03-24T09:21:33Z,2026-03-30T10:30:20Z,1
CASE_00003582,SITE_B,WF_V3,ONCO_PANEL,STAT,2025-07-01T08:59:51Z,2025-07-03T06:22:24Z,1
CASE_00003583,SITE_B,WF_V3,RARE_DISEASE,STAT,2026-05-24T08:05:32Z,2026-05-26T17:35:26Z,1
CASE_00003584,SITE_B,WF_V3,RARE_DISEASE,ROUTINE,2025-07-30T12:53:40Z,2025-08-04T19:12:09Z,1
CASE_00003585,SITE_B,WF_V3,ONCO_PANEL,ROUTINE,2026-02-11T12:41:04Z,2026-02-16T08:01:30Z,1
CASE_00003586,SITE_B,WF_V3,ONCO_PANEL,ROUTINE,2025-07-03T22:59:51Z,2025-07-08T12:20:43Z,1
CASE_00003587,SITE_B,WF_V3,RARE_DISEASE,ROUTINE,2025-10-14T07:28:36Z,2025-10-19T23:10:36Z,1
CASE_00003588,SITE_B,WF_V3,GERMLINE,ROUTINE,2026-05-23T00:58:44Z,2026-05-28T21:48:59Z,1
CASE_00003589,SITE_B,WF_V3,GERMLINE,ROUTINE,2026-05-25T06:25:16Z,2026-05-31T04:49:06Z,1
CASE_00003590,SITE_B,WF_V3,GERMLINE,ROUTINE,2025-09-30T22:48:30Z,2025-10-06T10:05:23Z,1
CASE_00003591,SITE_B,WF_V3,ONCO_PANEL,STAT,2025-10-16T08:09:44Z,2025-10-18T09:25:16Z,1
CASE_00003592,SITE_B,WF_V3,RARE_DISEASE,ROUTINE,2025-08-21T23:09:20Z,2025-08-26T18:07:23Z,1
CASE_00003593,SITE_B,WF_V3,ONCO_PANEL,ROUTINE,2025-08-10T22:26:10Z,2025-08-14T16:31:26Z,1
CASE_00003594,SITE_B,WF_V3,GERMLINE,ROUTINE,2026-05-07T12:15:19Z,2026-05-13T20:45:32Z,1
CASE_00003595,SITE_B,WF_V3,ONCO_PANEL,ROUTINE,2026-01-27T15:17:45Z,2026-01-31T20:52:58Z,1
CASE_00003596,SITE_B,WF_V3,GERMLINE,STAT,2025-09-28T20:56:48Z,2025-10-01T18:13:57Z,1
CASE_00003597,SITE_B,WF_V3,ONCO_PANEL,ROUTINE,2025-08-24T12:57:08Z,2025-08-28T18:14:00Z,1
CASE_00003598,SITE_B,WF_V3,ONCO_PANEL,ROUTINE,2025-09-05T19:22:53Z,2025-09-10T00:58:50Z,1
CASE_00003599,SITE_B,WF_V3,ONCO_PANEL,ROUTINE,2025-11-08T10:48:30Z,2025-11-13T02:35:16Z,1
CASE_00003600,SITE_B,WF_V3,ONCO_PANEL,ROUTINE,2026-05-28T00:18:08Z,2026-05-31T23:35:10Z,1
CASE_00003601,SITE_B,WF_V3,RARE_DISEASE,STAT,2026-01-29T10:13:49Z,2026-02-01T10:06:40Z,1
CASE_00003602,SITE_B,WF_V3,ONCO_PANEL,ROUTINE,2025-08-31T23:57:22Z,2025-09-06T00:34:37Z,1
CASE_00003603,SITE_B,WF_V3,GERMLINE,ROUTINE,2026-04-15T02:42:34Z,2026-04-20T19:04:15Z,1
CASE_00003604,SITE_B,WF_V3,GERMLINE,ROUTINE,2026-01-01T22:31:37Z,2026-01-08T03:37:51Z,1
CASE_00003605,SITE_B,WF_V3,GERMLINE,ROUTINE,2026-01-19T22:17:38Z,2026-01-26T07:50:59Z,1
CASE_00003606,SITE_B,WF_V3,GERMLINE,ROUTINE,2025-10-24T19:10:31Z,2025-10-30T08:13:00Z,1
CASE_00003607,SITE_B,WF_V3,RARE_DISEASE,STAT,2026-04-23T00:18:58Z,2026-04-25T11:33:00Z,1
CASE_00003608,SITE_B,WF_V3,RARE_DISEASE,STAT,2026-05-02T15:18:13Z,2026-05-05T04:18:36Z,1
CASE_00003609,SITE_B,WF_V3,GERMLINE,ROUTINE,2026-02-25T14:59:23Z,2026-03-04T03:04:18Z,1
CASE_00003610,SITE_B,WF_V3,PHARMA,ROUTINE,2025-08-24T20:09:42Z,2025-08-28T16:49:15Z,1
CASE_00003611,SITE_B,WF_V3,ONCO_PANEL,ROUTINE,2025-07-06T12:28:08Z,2025-07-10T04:48:28Z,1
CASE_00003612,SITE_B,WF_V3,GERMLINE,ROUTINE,2025-07-11T22:06:44Z,2025-07-18T13:59:55Z,1
CASE_00003613,SITE_B,WF_V3,ONCO_PANEL,ROUTINE,2025-06-23T07:53:01Z,2025-06-27T08:28:09Z,1
CASE_00003614,SITE_B,WF_V3,ONCO_PANEL,ROUTINE,2026-01-12T20:25:08Z,2026-01-17T11:54:09Z,1
CASE_00003615,SITE_B,WF_V3,GERMLINE,ROUTINE,2025-11-01T18:16:47Z,2025-11-07T03:48:23Z,1
CASE_00003616,SITE_B,WF_V3,RARE_DISEASE,ROUTINE,2025-06-21T21:24:08Z,2025-06-27T21:04:43Z,1
CASE_00003617,SITE_B,WF_V3,GERMLINE,ROUTINE,2026-04-30T07:28:43Z,2026-05-06T05:14:55Z,1
CASE_00003618,SITE_B,WF_V3,RARE_DISEASE,ROUTINE,2026-05-05T18:57:10Z,2026-05-11T09:25:26Z,1
CASE_00003619,SITE_B,WF_V3,GERMLINE,ROUTINE,2025-12-22T08:42:25Z,2025-12-27T20:13:19Z,1
CASE_00003620,SITE_B,WF_V3,GERMLINE,ROUTINE,2025-10-09T03:10:10Z,,0
CASE_00003621,SITE_B,WF_V3,PHARMA,ROUTINE,2026-02-15T14:29:04Z,,0
CASE_00003622,SITE_B,WF_V3,ONCO_PANEL,ROUTINE,2026-04-08T05:12:01Z,,0
CASE_00003623,SITE_B,WF_V3,ONCO_PANEL,ROUTINE,2025-11-02T08:45:06Z,,0
CASE_00003624,SITE_B,WF_V3,PHARMA,STAT,2026-03-29T11:56:57Z,,0
CASE_00003625,SITE_B,WF_V3,RARE_DISEASE,ROUTINE,2025-12-02T10:48:51Z,,0
CASE_00003626,SITE_B,WF_V3,GERMLINE,ROUTINE,2025-12-03T18:24:31Z,,0
CASE_00003627,SITE_B,WF_V3,ONCO_PANEL,ROUTINE,2026-03-15T05:29:43Z,,0
CASE_00003628,SITE_B,WF_V3,GERMLINE,ROUTINE,2026-03-08T22:18:26Z,,0
CASE_00003629,SITE_B,WF_V3,RARE_DISEASE,ROUTINE,2025-06-12T09:03:09Z,,0
CASE_00003630,SITE_B,WF_V3,GERMLINE,ROUTINE,2025-09-28T07:48:28Z,,0
CASE_00003631,SITE_B,WF_V3,ONCO_PANEL,ROUTINE,2025-12-26T22:30:38Z,,0
CASE_00003632,SITE_B,WF_V3,PHARMA,ROUTINE,2025-12-10T00:52:22Z,,0
CASE_00003633,SITE_B,WF_V3,ONCO_PANEL,ROUTINE,2025-08-02T22:25:02Z,,0
CASE_00003634,SITE_B,WF_V3,RARE_DISEASE,ROUTINE,2025-07-14T07:32:58Z,,0
CASE_00003635,SITE_B,WF_V3,ONCO_PANEL,ROUTINE,2025-09-29T02:08:36Z,,0
CASE_00003636,SITE_B,WF_V3,ONCO_PANEL,ROUTINE,2025-11-22T10:04:35Z,,0
CASE_00003637,SITE_B,WF_V3,GERMLINE,STAT,2025-07-31T01:17:26Z,,0
CASE_00003638,SITE_B,WF_V3,RARE_DISEASE,ROUTINE,2026-03-21T10:10:40Z,,0
CASE_00003639,SITE_B,WF_V3,GERMLINE,STAT,2026-02-22T08:10:47Z,,0
CASE_00003640,SITE_B,WF_V3,GERMLINE,ROUTINE,2025-09-13T04:31:09Z,,0
CASE_00003641,SITE_B,WF_V3,ONCO_PANEL,ROUTINE,2026-01-08T21:52:20Z,,0
CASE_00003642,SITE_B,WF_V3,RARE_DISEASE,ROUTINE,2025-12-21T15:28:02Z,,0
CASE_00003643,SITE_B,WF_V3,GERMLINE,ROUTINE,2026-04-04T20:10:45Z,,0
CASE_00003644,SITE_B,WF_V3,ONCO_PANEL,ROUTINE,2026-03-26T02:49:26Z,,0
CASE_00003645,SITE_B,WF_V3,GERMLINE,ROUTINE,2025-09-23T02:47:12Z,,0
CASE_00003646,SITE_B,WF_V3,RARE_DISEASE,ROUTINE,2025-07-22T03:52:32Z,,0
CASE_00003647,SITE_B,WF_V3,GERMLINE,ROUTINE,2026-04-09T04:50:53Z,,0
CASE_00003648,SITE_B,WF_V3,ONCO_PANEL,ROUTINE,2025-11-26T10:48:07Z,,0
CASE_00003649,SITE_B,WF_V3,ONCO_PANEL,STAT,2026-05-08T09:15:51Z,,0
CASE_00003650,SITE_B,WF_V3,GERMLINE,ROUTINE,2026-03-08T09:23:05Z,,0
CASE_00003651,SITE_B,WF_V3,ONCO_PANEL,ROUTINE,2026-02-07T15:02:00Z,,0
CASE_00003652,SITE_B,WF_V3,RARE_DISEASE,STAT,2026-02-23T22:56:14Z,,0
CASE_00003653,SITE_B,WF_V3,GERMLINE,ROUTINE,2026-01-24T06:42:21Z,,0
CASE_00003654,SITE_B,WF_V3,ONCO_PANEL,ROUTINE,2025-08-14T11:28:42Z,,0
CASE_00003655,SITE_B,WF_V3,RARE_DISEASE,ROUTINE,2026-04-26T11:09:50Z,,0
CASE_00003656,SITE_B,WF_V3,RARE_DISEASE,ROUTINE,2026-01-18T09:45:37Z,,0
CASE_00003657,SITE_B,WF_V3,PHARMA,ROUTINE,2025-09-20T00:27:53Z,,0
CASE_00003658,SITE_B,WF_V3,GERMLINE,ROUTINE,2025-08-25T16:55:14Z,,0
CASE_00003659,SITE_B,WF_V3,GERMLINE,ROUTINE,2026-01-26T08:33:27Z,,0
CASE_00003660,SITE_B,WF_V3,ONCO_PANEL,ROUTINE,2025-06-09T23:31:30Z,,0
CASE_00003661,SITE_B,WF_V3,ONCO_PANEL,ROUTINE,2026-02-12T23:18:08Z,,0
CASE_00003662,SITE_B,WF_V3,RARE_DISEASE,ROUTINE,2026-01-04T13:06:17Z,,0
CASE_00003663,SITE_B,WF_V3,RARE_DISEASE,ROUTINE,2025-11-12T01:35:43Z,,0
CASE_00003664,SITE_B,WF_V3,ONCO_PANEL,ROUTINE,2026-01-11T04:13:30Z,,0
CASE_00003665,SITE_B,WF_V3,RARE_DISEASE,ROUTINE,2025-11-24T14:26:15Z,,0
CASE_00003666,SITE_B,WF_V3,ONCO_PANEL,ROUTINE,2025-10-23T13:00:19Z,,0
CASE_00003667,SITE_B,WF_V3,RARE_DISEASE,ROUTINE,2026-04-30T06:33:00Z,,0
CASE_00003668,SITE_B,WF_V3,PHARMA,ROUTINE,2026-01-08T13:41:20Z,,0
CASE_00003669,SITE_B,WF_V3,RARE_DISEASE,ROUTINE,2026-04-07T18:56:00Z,,0
CASE_00003670,SITE_B,WF_V3,ONCO_PANEL,ROUTINE,2025-10-13T12:29:50Z,,0
CASE_00003671,SITE_B,WF_V3,ONCO_PANEL,ROUTINE,2025-11-30T00:19:28Z,,0
CASE_00003672,SITE_B,WF_V3,GERMLINE,ROUTINE,2025-10-27T03:16:16Z,,0
CASE_00003673,SITE_B,WF_V3,ONCO_PANEL,ROUTINE,2025-06-01T20:29:44Z,,0
CASE_00003674,SITE_B,WF_V3,GERMLINE,ROUTINE,2025-12-02T03:41:02Z,,0
CASE_00003675,SITE_B,WF_V3,ONCO_PANEL,ROUTINE,2025-09-02T03:48:34Z,,0
CASE_00003676,SITE_B,WF_V3,ONCO_PANEL,STAT,2025-10-15T22:13:10Z,,0
CASE_00003677,SITE_B,WF_V3,RARE_DISEASE,ROUTINE,2026-01-02T02:49:22Z,,0
CASE_00003678,SITE_B,WF_V3,ONCO_PANEL,ROUTINE,2025-09-18T06:37:59Z,,0
CASE_00003679,SITE_B,WF_V3,ONCO_PANEL,ROUTINE,2026-03-16T01:00:20Z,,0
CASE_00003680,SITE_B,WF_V3,PHARMA,ROUTINE,2026-01-14T22:10:46Z,,0
CASE_00003681,SITE_B,WF_V3,RARE_DISEASE,ROUTINE,2025-06-03T07:24:10Z,,0
CASE_00003682,SITE_B,WF_V3,RARE_DISEASE,ROUTINE,2026-01-03T08:49:15Z,,0
CASE_00003683,SITE_B,WF_V3,GERMLINE,ROUTINE,2026-05-03T15:44:39Z,,0
CASE_00003684,SITE_B,WF_V3,RARE_DISEASE,STAT,2026-05-25T10:15:51Z,,0
CASE_00003685,SITE_B,WF_V3,GERMLINE,ROUTINE,2025-11-30T18:09:08Z,,0
CASE_00003686,SITE_B,WF_V3,ONCO_PANEL,ROUTINE,2025-06-24T00:11:35Z,,0
CASE_00003687,SITE_B,WF_V3,ONCO_PANEL,ROUTINE,2025-11-15T13:09:39Z,,0
CASE_00003688,SITE_B,WF_V3,ONCO_PANEL,ROUTINE,2025-10-20T18:58:09Z,,0
CASE_00003689,SITE_B,WF_V3,ONCO_PANEL,ROUTINE,2025-06-08T17:00:58Z,,0
CASE_00003690,SITE_B,WF_V3,ONCO_PANEL,STAT,2025-12-21T05:02:32Z,,0
CASE_00003691,SITE_B,WF_V3,GERMLINE,STAT,2026-04-16T00:41:36Z,,0
CASE_00003692,SITE_B,WF_V3,ONCO_PANEL,ROUTINE,2026-01-06T13:44:13Z,,0
CASE_00003693,SITE_B,WF_V3,ONCO_PANEL,ROUTINE,2026-03-07T00:09:57Z,,0
CASE_00003694,SITE_B,WF_V3,GERMLINE,ROUTINE,2026-02-18T22:33:41Z,,0
CASE_00003695,SITE_B,WF_V3,RARE_DISEASE,ROUTINE,2025-12-10T12:53:23Z,,0
CASE_00003696,SITE_B,WF_V3,PHARMA,STAT,2025-12-06T13:44:12Z,,0
CASE_00003697,SITE_B,WF_V3,RARE_DISEASE,ROUTINE,2025-11-16T07:42:40Z,,0
CASE_00003698,SITE_B,WF_V3,ONCO_PANEL,ROUTINE,2026-01-01T23:11:57Z,,0
CASE_00003699,SITE_B,WF_V3,GERMLINE,ROUTINE,2026-03-23T07:02:09Z,,0
CASE_00003700,SITE_B,WF_V3,GERMLINE,ROUTINE,2026-02-12T23:38:04Z,,0
CASE_00003701,SITE_B,WF_V3,ONCO_PANEL,STAT,2025-08-17T15:06:43Z,,0
CASE_00003702,SITE_B,WF_V3,PHARMA,ROUTINE,2025-06-30T07:25:38Z,,0
CASE_00003703,SITE_B,WF_V3,PHARMA,ROUTINE,2025-11-15T07:39:34Z,,0
CASE_00003704,SITE_B,WF_V3,RARE_DISEASE,ROUTINE,2025-09-02T10:22:42Z,,0
CASE_00003705,SITE_B,WF_V3,RARE_DISEASE,ROUTINE,2025-07-15T06:33:18Z,,0
CASE_00003706,SITE_B,WF_V3,ONCO_PANEL,ROUTINE,2026-01-27T02:43:11Z,,0
CASE_00003707,SITE_B,WF_V3,ONCO_PANEL,ROUTINE,2026-05-04T20:19:44Z,,0
CASE_00003708,SITE_B,WF_V3,RARE_DISEASE,ROUTINE,2026-02-03T02:24:55Z,,0
CASE_00003709,SITE_B,WF_V3,GERMLINE,ROUTINE,2026-04-11T16:25:12Z,,0
CASE_00003710,SITE_B,WF_V3,ONCO_PANEL,ROUTINE,2025-09-30T02:17:26Z,,0
CASE_00003711,SITE_B,WF_V3,ONCO_PANEL,STAT,2025-06-24T02:09:51Z,,0
CASE_00003712,SITE_B,WF_V3,ONCO_PANEL,ROUTINE,2026-03-31T18:35:18Z,,0
CASE_00003713,SITE_B,WF_V3,RARE_DISEASE,ROUTINE,2026-02-17T20:36:40Z,,0
CASE_00003714,SITE_B,WF_V3,GERMLINE,ROUTINE,2026-05-13T13:04:29Z,,0
CASE_00003715,SITE_B,WF_V3,ONCO_PANEL,ROUTINE,2026-05-18T13:00:16Z,,0
CASE_00003716,SITE_B,WF_V3,GERMLINE,ROUTINE,2025-06-05T04:01:36Z,,0
CASE_00003717,SITE_B,WF_V3,RARE_DISEASE,ROUTINE,2025-07-12T18:51:23Z,,0
CASE_00003718,SITE_B,WF_V3,PHARMA,ROUTINE,2026-04-09T12:19:50Z,,0
CASE_00003719,SITE_B,WF_V3,ONCO_PANEL,ROUTINE,2025-11-30T02:40:30Z,,0
CASE_00003720,SITE_B,WF_V3,GERMLINE,ROUTINE,2026-01-25T15:31:35Z,,0
CASE_00003721,SITE_B,WF_V3,RARE_DISEASE,ROUTINE,2025-09-13T15:54:34Z,,0
CASE_00003722,SITE_B,WF_V3,RARE_DISEASE,ROUTINE,2025-10-04T02:28:49Z,,0
CASE_00003723,SITE_B,WF_V3,PHARMA,ROUTINE,2026-01-03T01:21:07Z,,0
CASE_00003724,SITE_B,WF_V3,ONCO_PANEL,STAT,2026-02-12T09:45:47Z,,0
CASE_00003725,SITE_B,WF_V3,RARE_DISEASE,ROUTINE,2025-10-01T01:24:42Z,,0
CASE_00003726,SITE_B,WF_V3,RARE_DISEASE,STAT,2026-05-04T00:24:31Z,,0
CASE_00003727,SITE_B,WF_V3,ONCO_PANEL,ROUTINE,2025-08-18T10:34:57Z,,0
CASE_00003728,SITE_B,WF_V3,PHARMA,ROUTINE,2026-01-13T13:37:28Z,,0
CASE_00003729,SITE_B,WF_V3,GERMLINE,ROUTINE,2025-06-21T22:03:42Z,,0
CASE_00003730,SITE_B,WF_V3,ONCO_PANEL,ROUTINE,2026-03-25T06:32:03Z,,0
CASE_00003731,SITE_B,WF_V3,GERMLINE,ROUTINE,2026-05-27T01:20:48Z,,0
CASE_00003732,SITE_B,WF_V3,ONCO_PANEL,ROUTINE,2026-02-08T22:53:33Z,,0
CASE_00003733,SITE_B,WF_V3,RARE_DISEASE,ROUTINE,2025-09-05T09:38:58Z,,0
CASE_00003734,SITE_B,WF_V3,GERMLINE,ROUTINE,2025-10-19T13:52:35Z,,0
CASE_00003735,SITE_B,WF_V3,GERMLINE,ROUTINE,2025-09-05T23:39:53Z,,0
CASE_00003736,SITE_B,WF_V3,GERMLINE,ROUTINE,2026-01-02T14:59:47Z,,0
CASE_00003737,SITE_B,WF_V3,RARE_DISEASE,STAT,2026-02-26T00:48:35Z,,0
CASE_00003738,SITE_B,WF_V3,ONCO_PANEL,ROUTINE,2026-05-02T04:39:39Z,,0
CASE_00003739,SITE_B,WF_V3,PHARMA,STAT,2025-09-05T10:39:49Z,,0
CASE_00003740,SITE_B,WF_V3,PHARMA,STAT,2025-08-20T11:09:34Z,,0
CASE_00003741,SITE_B,WF_V3,ONCO_PANEL,STAT,2025-10-17T14:26:59Z,,0
CASE_00003742,SITE_B,WF_V3,ONCO_PANEL,ROUTINE,2025-06-26T09:29:13Z,,0
CASE_00003743,SITE_B,WF_V3,GERMLINE,ROUTINE,2026-04-13T09:49:39Z,,0
CASE_00003744,SITE_B,WF_V3,GERMLINE,ROUTINE,2026-03-03T12:53:44Z,,0
CASE_00003745,SITE_B,WF_V3,ONCO_PANEL,ROUTINE,2025-11-26T21:38:39Z,,0
CASE_00003746,SITE_B,WF_V3,ONCO_PANEL,ROUTINE,2025-12-30T01:42:00Z,,0
CASE_00003747,SITE_B,WF_V3,PHARMA,ROUTINE,2025-11-18T23:39:28Z,,0
CASE_00003748,SITE_B,WF_V3,ONCO_PANEL,ROUTINE,2026-03-02T08:05:11Z,,0
CASE_00003749,SITE_B,WF_V3,ONCO_PANEL,ROUTINE,2025-09-17T02:12:59Z,,0
CASE_00003750,SITE_B,WF_V3,RARE_DISEASE,ROUTINE,2025-12-23T04:30:41Z,,0
CASE_00003751,SITE_B,WF_V3,ONCO_PANEL,ROUTINE,2026-03-06T05:21:07Z,,0
CASE_00003752,SITE_B,WF_V3,RARE_DISEASE,STAT,2025-08-16T05:26:42Z,,0
CASE_00003753,SITE_B,WF_V3,ONCO_PANEL,ROUTINE,2025-08-01T23:44:11Z,,0
CASE_00003754,SITE_B,WF_V3,ONCO_PANEL,ROUTINE,2025-08-10T09:47:08Z,,0
CASE_00003755,SITE_B,WF_V3,ONCO_PANEL,ROUTINE,2026-01-22T12:03:59Z,,0
CASE_00003756,SITE_B,WF_V3,PHARMA,ROUTINE,2026-03-11T20:56:29Z,,0
CASE_00003757,SITE_B,WF_V3,ONCO_PANEL,ROUTINE,2025-11-25T11:53:03Z,,0
CASE_00003758,SITE_B,WF_V3,GERMLINE,ROUTINE,2026-05-14T05:43:56Z,,0
CASE_00003759,SITE_B,WF_V3,ONCO_PANEL,ROUTINE,2025-08-28T20:37:23Z,,0
CASE_00003760,SITE_B,WF_V3,GERMLINE,STAT,2025-11-02T15:09:15Z,,0
CASE_00003761,SITE_B,WF_V3,ONCO_PANEL,ROUTINE,2026-04-24T19:27:03Z,,0
CASE_00003762,SITE_B,WF_V3,ONCO_PANEL,ROUTINE,2026-02-08T10:31:31Z,,0
CASE_00003763,SITE_B,WF_V3,ONCO_PANEL,ROUTINE,2026-05-17T09:29:46Z,,0
CASE_00003764,SITE_B,WF_V3,GERMLINE,ROUTINE,2025-10-28T05:31:36Z,,0
CASE_00003765,SITE_B,WF_V3,RARE_DISEASE,ROUTINE,2025-06-18T12:26:20Z,,0
CASE_00003766,SITE_B,WF_V3,ONCO_PANEL,ROUTINE,2025-10-29T06:25:42Z,,0
CASE_00003767,SITE_B,WF_V3,GERMLINE,ROUTINE,2025-11-26T12:12:50Z,,0
CASE_00003768,SITE_B,WF_V3,ONCO_PANEL,ROUTINE,2025-06-30T04:11:31Z,,0
CASE_00003769,SITE_B,WF_V3,GERMLINE,ROUTINE,2025-06-18T08:10:36Z,,0
CASE_00003770,SITE_B,WF_V3,ONCO_PANEL,ROUTINE,2025-11-23T05:54:26Z,,0
CASE_00003771,SITE_B,WF_V3,ONCO_PANEL,ROUTINE,2026-01-10T18:23:23Z,,0
CASE_00003772,SITE_B,WF_V3,GERMLINE,ROUTINE,2025-06-07T02:11:57Z,,0
CASE_00003773,SITE_B,WF_V3,RARE_DISEASE,ROUTINE,2026-02-23T03:50:17Z,,0
CASE_00003774,SITE_B,WF_V3,ONCO_PANEL,STAT,2026-05-08T18:29:33Z,,0
CASE_00003775,SITE_B,WF_V3,GERMLINE,ROUTINE,2025-06-06T10:32:04Z,,0
CASE_00003776,SITE_B,WF_V4,ONCO_PANEL,STAT,2026-05-29T10:59:58Z,2026-05-31T15:13:54Z,1
CASE_00003777,SITE_B,WF_V4,RARE_DISEASE,ROUTINE,2026-04-07T18:50:57Z,2026-04-12T08:45:46Z,1
CASE_00003778,SITE_B,WF_V4,RARE_DISEASE,ROUTINE,2026-02-02T06:58:21Z,2026-02-07T16:00:09Z,1
CASE_00003779,SITE_B,WF_V4,PHARMA,STAT,2026-02-03T19:57:32Z,2026-02-05T15:01:31Z,1
CASE_00003780,SITE_B,WF_V4,ONCO_PANEL,ROUTINE,2026-01-15T14:55:20Z,2026-01-19T10:13:44Z,1
CASE_00003781,SITE_B,WF_V4,ONCO_PANEL,ROUTINE,2026-04-16T09:17:06Z,2026-04-21T04:33:58Z,1
CASE_00003782,SITE_B,WF_V4,ONCO_PANEL,ROUTINE,2026-04-06T22:47:28Z,2026-04-11T06:01:52Z,1
CASE_00003783,SITE_B,WF_V4,ONCO_PANEL,STAT,2026-01-19T01:12:50Z,2026-01-20T22:41:45Z,1
CASE_00003784,SITE_C,WF_V1,PHARMA,ROUTINE,2024-06-13T20:51:38Z,2024-06-20T14:14:55Z,1
CASE_00003785,SITE_C,WF_V1,GERMLINE,ROUTINE,2024-05-09T14:54:59Z,2024-05-18T20:27:11Z,1
CASE_00003786,SITE_C,WF_V1,ONCO_PANEL,ROUTINE,2024-03-04T07:26:14Z,2024-03-10T14:08:18Z,1
CASE_00003787,SITE_C,WF_V1,ONCO_PANEL,ROUTINE,2024-04-14T13:32:30Z,2024-04-19T17:31:47Z,1
CASE_00003788,SITE_C,WF_V1,ONCO_PANEL,ROUTINE,2024-02-08T02:36:26Z,2024-02-15T04:25:33Z,1
CASE_00003789,SITE_C,WF_V1,GERMLINE,ROUTINE,2024-04-17T02:17:49Z,2024-04-24T19:49:59Z,1
CASE_00003790,SITE_C,WF_V1,ONCO_PANEL,ROUTINE,2024-03-14T21:53:54Z,2024-03-19T22:42:23Z,1
CASE_00003791,SITE_C,WF_V1,ONCO_PANEL,ROUTINE,2024-04-26T08:17:56Z,2024-05-02T12:25:21Z,1
CASE_00003792,SITE_C,WF_V1,GERMLINE,ROUTINE,2024-01-29T00:23:37Z,2024-02-06T16:01:56Z,1
CASE_00003793,SITE_C,WF_V1,PHARMA,ROUTINE,2024-05-25T08:29:03Z,2024-06-01T22:52:55Z,1
CASE_00003794,SITE_C,WF_V1,RARE_DISEASE,ROUTINE,2024-05-04T16:24:06Z,2024-05-13T07:26:05Z,1
CASE_00003795,SITE_C,WF_V1,ONCO_PANEL,ROUTINE,2024-07-13T10:19:38Z,2024-07-20T08:57:13Z,1
CASE_00003796,SITE_C,WF_V1,GERMLINE,ROUTINE,2024-07-20T04:23:53Z,2024-07-27T17:54:20Z,1
CASE_00003797,SITE_C,WF_V1,ONCO_PANEL,ROUTINE,2024-05-17T14:27:33Z,2024-05-24T01:39:10Z,1
CASE_00003798,SITE_C,WF_V1,ONCO_PANEL,STAT,2024-04-17T21:37:16Z,2024-04-21T03:16:43Z,1
CASE_00003799,SITE_C,WF_V1,GERMLINE,ROUTINE,2024-06-18T15:43:36Z,2024-06-26T23:41:53Z,1
CASE_00003800,SITE_C,WF_V1,GERMLINE,ROUTINE,2024-07-26T13:00:43Z,2024-08-05T23:54:47Z,1
CASE_00003801,SITE_C,WF_V1,ONCO_PANEL,STAT,2024-02-21T01:31:46Z,2024-02-23T20:47:23Z,1
CASE_00003802,SITE_C,WF_V1,GERMLINE,ROUTINE,2024-02-26T16:37:16Z,2024-03-04T01:44:16Z,1
CASE_00003803,SITE_C,WF_V1,RARE_DISEASE,ROUTINE,2024-02-07T12:24:51Z,2024-02-15T11:54:32Z,1
CASE_00003804,SITE_C,WF_V1,ONCO_PANEL,ROUTINE,2024-03-10T12:36:25Z,2024-03-17T00:19:47Z,1
CASE_00003805,SITE_C,WF_V1,RARE_DISEASE,ROUTINE,2024-07-11T15:44:08Z,2024-07-18T09:31:37Z,1
CASE_00003806,SITE_C,WF_V1,RARE_DISEASE,ROUTINE,2024-02-18T13:34:39Z,2024-02-27T00:21:52Z,1
CASE_00003807,SITE_C,WF_V1,GERMLINE,ROUTINE,2024-03-30T19:42:31Z,2024-04-09T20:54:29Z,1
CASE_00003808,SITE_C,WF_V1,PHARMA,ROUTINE,2024-01-20T06:40:15Z,2024-01-25T18:27:59Z,1
CASE_00003809,SITE_C,WF_V1,PHARMA,ROUTINE,2024-05-31T17:25:21Z,2024-06-06T16:47:11Z,1
CASE_00003810,SITE_C,WF_V1,ONCO_PANEL,ROUTINE,2024-05-10T19:59:53Z,2024-05-16T17:26:50Z,1
CASE_00003811,SITE_C,WF_V1,ONCO_PANEL,STAT,2024-04-17T07:43:47Z,2024-04-20T16:49:52Z,1
CASE_00003812,SITE_C,WF_V1,PHARMA,ROUTINE,2024-03-09T08:44:48Z,2024-03-15T03:11:14Z,1
CASE_00003813,SITE_C,WF_V1,ONCO_PANEL,ROUTINE,2024-04-21T16:10:22Z,2024-04-27T10:42:15Z,1
CASE_00003814,SITE_C,WF_V1,ONCO_PANEL,ROUTINE,2024-04-06T10:10:06Z,2024-04-11T23:07:01Z,1
CASE_00003815,SITE_C,WF_V1,ONCO_PANEL,ROUTINE,2024-06-19T09:08:29Z,2024-06-27T04:08:14Z,1
CASE_00003816,SITE_C,WF_V1,RARE_DISEASE,ROUTINE,2024-02-19T07:21:06Z,2024-02-25T21:59:31Z,1
CASE_00003817,SITE_C,WF_V1,ONCO_PANEL,ROUTINE,2024-03-07T07:38:18Z,2024-03-15T09:22:15Z,1
CASE_00003818,SITE_C,WF_V1,GERMLINE,STAT,2024-02-11T01:52:46Z,2024-02-14T14:16:35Z,1
CASE_00003819,SITE_C,WF_V1,RARE_DISEASE,STAT,2024-07-27T23:53:52Z,2024-07-31T00:07:22Z,1
CASE_00003820,SITE_C,WF_V1,PHARMA,STAT,2024-06-07T04:33:33Z,2024-06-10T13:32:37Z,1
CASE_00003821,SITE_C,WF_V1,RARE_DISEASE,ROUTINE,2024-05-16T00:57:12Z,2024-05-22T22:16:43Z,1
CASE_00003822,SITE_C,WF_V1,ONCO_PANEL,STAT,2024-03-16T17:21:53Z,2024-03-20T16:01:05Z,1
CASE_00003823,SITE_C,WF_V1,GERMLINE,ROUTINE,2024-04-16T21:36:39Z,2024-04-25T05:53:57Z,1
CASE_00003824,SITE_C,WF_V1,GERMLINE,ROUTINE,2024-05-15T14:08:36Z,2024-05-23T02:30:32Z,1
CASE_00003825,SITE_C,WF_V1,RARE_DISEASE,ROUTINE,2024-02-08T00:49:59Z,2024-02-15T23:31:35Z,1
CASE_00003826,SITE_C,WF_V1,PHARMA,STAT,2024-06-05T04:36:15Z,2024-06-07T11:10:34Z,1
CASE_00003827,SITE_C,WF_V1,ONCO_PANEL,ROUTINE,2024-07-14T14:34:40Z,2024-07-20T18:14:37Z,1
CASE_00003828,SITE_C,WF_V1,ONCO_PANEL,ROUTINE,2024-05-09T22:44:31Z,2024-05-15T16:50:02Z,1
CASE_00003829,SITE_C,WF_V1,GERMLINE,ROUTINE,2024-03-15T07:55:27Z,2024-03-24T07:08:25Z,1
CASE_00003830,SITE_C,WF_V1,GERMLINE,ROUTINE,2024-03-11T08:34:15Z,2024-03-19T03:24:53Z,1
CASE_00003831,SITE_C,WF_V1,ONCO_PANEL,ROUTINE,2024-06-13T17:51:27Z,2024-06-20T07:36:08Z,1
CASE_00003832,SITE_C,WF_V1,ONCO_PANEL,ROUTINE,2024-01-18T17:40:51Z,2024-01-24T09:47:50Z,1
CASE_00003833,SITE_C,WF_V1,ONCO_PANEL,ROUTINE,2024-06-23T17:06:40Z,2024-06-29T08:51:22Z,1
CASE_00003834,SITE_C,WF_V1,RARE_DISEASE,STAT,2024-02-03T20:38:14Z,2024-02-07T07:09:33Z,1
CASE_00003835,SITE_C,WF_V1,ONCO_PANEL,ROUTINE,2024-02-27T10:17:24Z,2024-03-05T05:13:25Z,1
CASE_00003836,SITE_C,WF_V1,ONCO_PANEL,ROUTINE,2024-07-24T12:46:43Z,2024-07-30T20:32:26Z,1
CASE_00003837,SITE_C,WF_V1,ONCO_PANEL,ROUTINE,2024-01-18T00:09:48Z,2024-01-22T23:37:57Z,1
CASE_00003838,SITE_C,WF_V1,ONCO_PANEL,ROUTINE,2024-02-12T01:01:45Z,2024-02-19T08:54:28Z,1
CASE_00003839,SITE_C,WF_V1,ONCO_PANEL,ROUTINE,2024-06-22T16:48:32Z,2024-06-29T03:34:28Z,1
CASE_00003840,SITE_C,WF_V1,RARE_DISEASE,ROUTINE,2024-04-09T12:17:16Z,2024-04-17T12:38:33Z,1
CASE_00003841,SITE_C,WF_V1,RARE_DISEASE,ROUTINE,2024-07-08T09:27:17Z,2024-07-14T17:57:21Z,1
CASE_00003842,SITE_C,WF_V1,ONCO_PANEL,ROUTINE,2024-07-30T09:05:39Z,2024-08-05T06:01:49Z,1
CASE_00003843,SITE_C,WF_V1,RARE_DISEASE,STAT,2024-05-13T15:33:03Z,2024-05-17T04:16:11Z,1
CASE_00003844,SITE_C,WF_V1,ONCO_PANEL,ROUTINE,2024-03-21T13:27:06Z,2024-03-28T08:33:02Z,1
CASE_00003845,SITE_C,WF_V1,PHARMA,ROUTINE,2024-03-03T02:53:49Z,2024-03-08T10:32:46Z,1
CASE_00003846,SITE_C,WF_V1,ONCO_PANEL,STAT,2024-01-16T23:03:12Z,2024-01-19T13:57:15Z,1
CASE_00003847,SITE_C,WF_V1,GERMLINE,ROUTINE,2024-07-30T18:22:45Z,2024-08-08T05:24:42Z,1
CASE_00003848,SITE_C,WF_V1,GERMLINE,ROUTINE,2024-07-06T06:25:55Z,2024-07-13T04:52:06Z,1
CASE_00003849,SITE_C,WF_V1,ONCO_PANEL,ROUTINE,2024-05-12T14:46:48Z,2024-05-19T02:12:53Z,1
CASE_00003850,SITE_C,WF_V1,GERMLINE,ROUTINE,2024-03-03T20:25:27Z,2024-03-11T23:09:51Z,1
CASE_00003851,SITE_C,WF_V1,GERMLINE,ROUTINE,2024-01-26T04:21:07Z,2024-02-02T13:43:54Z,1
CASE_00003852,SITE_C,WF_V1,GERMLINE,STAT,2024-02-25T19:14:02Z,2024-02-29T18:41:30Z,1
CASE_00003853,SITE_C,WF_V1,ONCO_PANEL,ROUTINE,2024-02-12T01:16:11Z,2024-02-17T21:42:23Z,1
CASE_00003854,SITE_C,WF_V1,RARE_DISEASE,ROUTINE,2024-04-28T05:24:09Z,2024-05-06T04:04:04Z,1
CASE_00003855,SITE_C,WF_V1,GERMLINE,STAT,2024-02-01T14:58:49Z,2024-02-05T14:19:12Z,1
CASE_00003856,SITE_C,WF_V1,GERMLINE,ROUTINE,2024-04-27T18:48:36Z,2024-05-06T23:31:07Z,1
CASE_00003857,SITE_C,WF_V1,GERMLINE,ROUTINE,2024-07-27T00:54:16Z,2024-08-03T15:58:53Z,1
CASE_00003858,SITE_C,WF_V1,PHARMA,STAT,2024-03-22T08:54:08Z,2024-03-24T13:48:28Z,1
CASE_00003859,SITE_C,WF_V1,ONCO_PANEL,ROUTINE,2024-07-15T09:29:04Z,2024-07-23T06:54:16Z,1
CASE_00003860,SITE_C,WF_V1,RARE_DISEASE,ROUTINE,2024-04-29T14:39:00Z,2024-05-05T07:13:29Z,1
CASE_00003861,SITE_C,WF_V1,ONCO_PANEL,ROUTINE,2024-05-07T18:16:22Z,2024-05-13T06:13:37Z,1
CASE_00003862,SITE_C,WF_V1,RARE_DISEASE,STAT,2024-03-09T20:19:10Z,2024-03-13T15:35:13Z,1
CASE_00003863,SITE_C,WF_V1,ONCO_PANEL,ROUTINE,2024-07-23T08:50:58Z,2024-07-27T19:20:11Z,1
CASE_00003864,SITE_C,WF_V1,ONCO_PANEL,ROUTINE,2024-06-05T20:23:05Z,2024-06-12T07:47:40Z,1
CASE_00003865,SITE_C,WF_V1,GERMLINE,ROUTINE,2024-07-27T13:00:25Z,2024-08-04T19:51:59Z,1
CASE_00003866,SITE_C,WF_V1,ONCO_PANEL,ROUTINE,2024-03-13T00:33:17Z,2024-03-19T22:26:31Z,1
CASE_00003867,SITE_C,WF_V1,RARE_DISEASE,ROUTINE,2024-03-31T17:14:05Z,2024-04-08T17:54:37Z,1
CASE_00003868,SITE_C,WF_V1,RARE_DISEASE,ROUTINE,2024-05-13T09:10:26Z,2024-05-21T16:47:36Z,1
CASE_00003869,SITE_C,WF_V1,GERMLINE,ROUTINE,2024-07-09T00:38:31Z,2024-07-16T19:58:45Z,1
CASE_00003870,SITE_C,WF_V1,ONCO_PANEL,ROUTINE,2024-01-24T10:16:12Z,2024-01-30T21:43:05Z,1
CASE_00003871,SITE_C,WF_V1,ONCO_PANEL,ROUTINE,2024-07-27T14:39:15Z,2024-08-03T04:31:42Z,1
CASE_00003872,SITE_C,WF_V1,ONCO_PANEL,ROUTINE,2024-02-04T12:27:10Z,2024-02-10T14:06:48Z,1
CASE_00003873,SITE_C,WF_V1,ONCO_PANEL,ROUTINE,2024-03-25T18:56:47Z,2024-03-31T06:02:12Z,1
CASE_00003874,SITE_C,WF_V1,RARE_DISEASE,ROUTINE,2024-07-29T10:37:31Z,2024-08-04T19:20:36Z,1
CASE_00003875,SITE_C,WF_V1,GERMLINE,ROUTINE,2024-05-27T10:57:52Z,2024-06-05T03:54:05Z,1
CASE_00003876,SITE_C,WF_V1,GERMLINE,ROUTINE,2024-04-28T07:30:31Z,2024-05-07T01:30:22Z,1
CASE_00003877,SITE_C,WF_V1,RARE_DISEASE,ROUTINE,2024-07-13T18:57:50Z,2024-07-20T20:24:40Z,1
CASE_00003878,SITE_C,WF_V1,ONCO_PANEL,ROUTINE,2024-06-06T22:39:18Z,2024-06-13T19:02:41Z,1
CASE_00003879,SITE_C,WF_V1,RARE_DISEASE,ROUTINE,2024-04-03T17:52:41Z,2024-04-10T01:51:32Z,1
CASE_00003880,SITE_C,WF_V1,ONCO_PANEL,ROUTINE,2024-03-05T17:41:30Z,2024-03-12T05:13:09Z,1
CASE_00003881,SITE_C,WF_V1,GERMLINE,ROUTINE,2024-03-10T14:43:33Z,2024-03-19T12:13:02Z,1
CASE_00003882,SITE_C,WF_V1,RARE_DISEASE,ROUTINE,2024-01-16T19:47:28Z,2024-01-23T09:11:25Z,1
CASE_00003883,SITE_C,WF_V1,RARE_DISEASE,ROUTINE,2024-02-17T18:42:59Z,2024-02-26T01:21:11Z,1
CASE_00003884,SITE_C,WF_V1,PHARMA,ROUTINE,2024-05-30T07:27:15Z,2024-06-04T15:10:06Z,1
CASE_00003885,SITE_C,WF_V1,GERMLINE,ROUTINE,2024-04-30T00:18:48Z,2024-05-06T15:44:49Z,1
CASE_00003886,SITE_C,WF_V1,RARE_DISEASE,ROUTINE,2024-03-26T14:49:04Z,2024-04-03T12:59:00Z,1
CASE_00003887,SITE_C,WF_V1,GERMLINE,STAT,2024-07-22T11:23:03Z,2024-07-25T21:25:18Z,1
CASE_00003888,SITE_C,WF_V1,ONCO_PANEL,STAT,2024-04-29T19:44:08Z,2024-05-02T22:19:04Z,1
CASE_00003889,SITE_C,WF_V1,RARE_DISEASE,STAT,2024-07-24T06:26:58Z,2024-07-28T02:41:57Z,1
CASE_00003890,SITE_C,WF_V1,ONCO_PANEL,ROUTINE,2024-04-06T23:36:26Z,2024-04-13T05:02:46Z,1
CASE_00003891,SITE_C,WF_V1,RARE_DISEASE,ROUTINE,2024-07-13T17:57:45Z,2024-07-19T08:10:31Z,1
CASE_00003892,SITE_C,WF_V1,RARE_DISEASE,ROUTINE,2024-04-09T09:02:10Z,2024-04-16T03:33:58Z,1
CASE_00003893,SITE_C,WF_V1,RARE_DISEASE,ROUTINE,2024-07-01T03:47:34Z,2024-07-09T05:21:11Z,1
CASE_00003894,SITE_C,WF_V1,ONCO_PANEL,ROUTINE,2024-04-18T18:26:41Z,2024-04-24T22:53:38Z,1
CASE_00003895,SITE_C,WF_V1,PHARMA,ROUTINE,2024-04-07T07:55:30Z,2024-04-11T14:07:20Z,1
CASE_00003896,SITE_C,WF_V1,ONCO_PANEL,ROUTINE,2024-02-12T18:14:29Z,2024-02-19T03:16:16Z,1
CASE_00003897,SITE_C,WF_V1,ONCO_PANEL,ROUTINE,2024-02-02T16:33:23Z,2024-02-10T02:33:19Z,1
CASE_00003898,SITE_C,WF_V1,ONCO_PANEL,ROUTINE,2024-04-18T18:46:32Z,2024-04-25T19:49:49Z,1
CASE_00003899,SITE_C,WF_V1,ONCO_PANEL,ROUTINE,2024-06-18T06:55:07Z,2024-06-24T19:04:52Z,1
CASE_00003900,SITE_C,WF_V1,ONCO_PANEL,ROUTINE,2024-02-03T19:32:48Z,2024-02-09T06:00:29Z,1
CASE_00003901,SITE_C,WF_V1,ONCO_PANEL,ROUTINE,2024-05-25T01:00:25Z,2024-05-31T07:33:03Z,1
CASE_00003902,SITE_C,WF_V1,ONCO_PANEL,STAT,2024-03-25T20:23:33Z,2024-03-28T10:10:07Z,1
CASE_00003903,SITE_C,WF_V1,ONCO_PANEL,ROUTINE,2024-05-31T23:10:46Z,2024-06-07T05:53:31Z,1
CASE_00003904,SITE_C,WF_V1,ONCO_PANEL,ROUTINE,2024-02-15T01:36:39Z,2024-02-21T20:53:50Z,1
CASE_00003905,SITE_C,WF_V1,RARE_DISEASE,ROUTINE,2024-06-30T18:54:15Z,2024-07-08T00:27:01Z,1
CASE_00003906,SITE_C,WF_V1,PHARMA,ROUTINE,2024-05-25T12:06:04Z,2024-05-30T22:57:38Z,1
CASE_00003907,SITE_C,WF_V1,GERMLINE,STAT,2024-06-09T10:07:47Z,2024-06-13T03:57:17Z,1
CASE_00003908,SITE_C,WF_V1,RARE_DISEASE,STAT,2024-01-16T17:09:13Z,2024-01-20T09:58:50Z,1
CASE_00003909,SITE_C,WF_V1,PHARMA,ROUTINE,2024-02-27T10:42:56Z,2024-03-04T11:35:50Z,1
CASE_00003910,SITE_C,WF_V1,ONCO_PANEL,STAT,2024-05-07T20:33:13Z,2024-05-10T20:45:14Z,1
CASE_00003911,SITE_C,WF_V1,ONCO_PANEL,ROUTINE,2024-02-23T14:09:24Z,2024-02-29T21:25:00Z,1
CASE_00003912,SITE_C,WF_V1,ONCO_PANEL,ROUTINE,2024-03-02T03:31:18Z,2024-03-07T17:41:12Z,1
CASE_00003913,SITE_C,WF_V1,PHARMA,STAT,2024-06-09T02:50:27Z,2024-06-11T06:17:57Z,1
CASE_00003914,SITE_C,WF_V1,GERMLINE,ROUTINE,2024-04-25T01:54:00Z,2024-05-02T05:10:37Z,1
CASE_00003915,SITE_C,WF_V1,ONCO_PANEL,ROUTINE,2024-01-26T13:34:56Z,2024-02-01T05:02:17Z,1
CASE_00003916,SITE_C,WF_V1,ONCO_PANEL,ROUTINE,2024-06-16T14:31:46Z,2024-06-23T17:01:00Z,1
CASE_00003917,SITE_C,WF_V1,RARE_DISEASE,ROUTINE,2024-04-05T10:26:54Z,2024-04-11T20:19:05Z,1
CASE_00003918,SITE_C,WF_V1,RARE_DISEASE,ROUTINE,2024-02-08T08:01:58Z,2024-02-15T13:17:12Z,1
CASE_00003919,SITE_C,WF_V1,ONCO_PANEL,ROUTINE,2024-02-02T19:10:09Z,2024-02-07T18:05:48Z,1
CASE_00003920,SITE_C,WF_V1,ONCO_PANEL,ROUTINE,2024-07-27T14:11:45Z,2024-08-02T15:43:34Z,1
CASE_00003921,SITE_C,WF_V1,GERMLINE,ROUTINE,2024-07-24T08:28:12Z,2024-07-30T15:52:58Z,1
CASE_00003922,SITE_C,WF_V1,GERMLINE,ROUTINE,2024-01-30T16:03:23Z,2024-02-08T08:45:34Z,1
CASE_00003923,SITE_C,WF_V1,ONCO_PANEL,STAT,2024-04-06T06:16:53Z,2024-04-08T15:31:38Z,1
CASE_00003924,SITE_C,WF_V1,RARE_DISEASE,ROUTINE,2024-07-13T22:13:34Z,2024-07-20T22:13:35Z,1
CASE_00003925,SITE_C,WF_V1,ONCO_PANEL,ROUTINE,2024-04-20T19:54:22Z,2024-04-27T15:21:04Z,1
CASE_00003926,SITE_C,WF_V1,GERMLINE,ROUTINE,2024-04-17T20:20:13Z,2024-04-25T23:32:02Z,1
CASE_00003927,SITE_C,WF_V1,RARE_DISEASE,ROUTINE,2024-04-18T16:48:52Z,2024-04-26T14:51:46Z,1
CASE_00003928,SITE_C,WF_V1,GERMLINE,ROUTINE,2024-06-07T04:54:36Z,2024-06-18T06:51:44Z,1
CASE_00003929,SITE_C,WF_V1,GERMLINE,STAT,2024-01-15T04:36:15Z,2024-01-19T14:15:02Z,1
CASE_00003930,SITE_C,WF_V1,ONCO_PANEL,ROUTINE,2024-06-03T18:10:06Z,2024-06-08T22:47:30Z,1
CASE_00003931,SITE_C,WF_V1,ONCO_PANEL,ROUTINE,2024-05-30T12:58:05Z,2024-06-05T17:09:56Z,1
CASE_00003932,SITE_C,WF_V1,ONCO_PANEL,ROUTINE,2024-06-18T07:41:09Z,2024-06-23T23:03:57Z,1
CASE_00003933,SITE_C,WF_V1,ONCO_PANEL,ROUTINE,2024-02-25T13:25:57Z,2024-03-03T09:52:23Z,1
CASE_00003934,SITE_C,WF_V1,RARE_DISEASE,ROUTINE,2024-07-13T19:40:06Z,2024-07-21T08:27:03Z,1
CASE_00003935,SITE_C,WF_V1,ONCO_PANEL,ROUTINE,2024-01-28T23:46:32Z,2024-02-04T07:00:28Z,1
CASE_00003936,SITE_C,WF_V1,GERMLINE,ROUTINE,2024-07-05T23:56:06Z,2024-07-14T09:35:06Z,1
CASE_00003937,SITE_C,WF_V1,ONCO_PANEL,ROUTINE,2024-05-26T09:10:01Z,2024-06-02T00:33:16Z,1
CASE_00003938,SITE_C,WF_V1,RARE_DISEASE,ROUTINE,2024-01-15T20:42:39Z,2024-01-22T15:35:55Z,1
CASE_00003939,SITE_C,WF_V1,PHARMA,ROUTINE,2024-03-30T20:56:38Z,2024-04-04T16:47:32Z,1
CASE_00003940,SITE_C,WF_V1,ONCO_PANEL,ROUTINE,2024-04-16T11:45:30Z,2024-04-23T14:12:50Z,1
CASE_00003941,SITE_C,WF_V1,RARE_DISEASE,ROUTINE,2024-05-26T22:13:51Z,2024-06-02T22:50:33Z,1
CASE_00003942,SITE_C,WF_V1,RARE_DISEASE,ROUTINE,2024-03-31T06:27:51Z,2024-04-07T06:08:53Z,1
CASE_00003943,SITE_C,WF_V1,ONCO_PANEL,ROUTINE,2024-05-29T10:17:39Z,2024-06-05T19:28:24Z,1
CASE_00003944,SITE_C,WF_V1,ONCO_PANEL,ROUTINE,2024-07-25T17:01:59Z,2024-07-31T16:58:12Z,1
CASE_00003945,SITE_C,WF_V1,ONCO_PANEL,STAT,2024-02-19T15:20:28Z,2024-02-22T22:02:19Z,1
CASE_00003946,SITE_C,WF_V1,ONCO_PANEL,ROUTINE,2024-05-09T22:30:26Z,2024-05-16T12:58:25Z,1
CASE_00003947,SITE_C,WF_V1,ONCO_PANEL,ROUTINE,2024-05-25T04:10:21Z,2024-05-29T23:26:27Z,1
CASE_00003948,SITE_C,WF_V1,RARE_DISEASE,ROUTINE,2024-04-25T05:55:08Z,2024-05-02T10:35:53Z,1
CASE_00003949,SITE_C,WF_V1,RARE_DISEASE,ROUTINE,2024-02-28T13:11:34Z,2024-03-07T11:23:53Z,1
CASE_00003950,SITE_C,WF_V1,GERMLINE,ROUTINE,2024-03-20T22:34:18Z,2024-03-27T22:10:48Z,1
CASE_00003951,SITE_C,WF_V1,ONCO_PANEL,STAT,2024-02-14T12:49:32Z,2024-02-17T11:28:26Z,1
CASE_00003952,SITE_C,WF_V1,GERMLINE,ROUTINE,2024-01-26T08:39:55Z,2024-02-04T20:11:38Z,1
CASE_00003953,SITE_C,WF_V1,GERMLINE,ROUTINE,2024-02-18T10:16:50Z,2024-02-26T04:04:01Z,1
CASE_00003954,SITE_C,WF_V1,GERMLINE,ROUTINE,2024-05-30T13:40:05Z,2024-06-07T06:00:12Z,1
CASE_00003955,SITE_C,WF_V1,GERMLINE,STAT,2024-04-28T16:35:23Z,2024-05-02T20:48:37Z,1
CASE_00003956,SITE_C,WF_V1,RARE_DISEASE,STAT,2024-05-02T18:50:51Z,2024-05-05T17:00:12Z,1
CASE_00003957,SITE_C,WF_V1,RARE_DISEASE,ROUTINE,2024-05-07T21:21:25Z,2024-05-14T18:35:57Z,1
CASE_00003958,SITE_C,WF_V1,ONCO_PANEL,ROUTINE,2024-05-28T18:38:09Z,2024-06-06T10:31:16Z,1
CASE_00003959,SITE_C,WF_V1,RARE_DISEASE,ROUTINE,2024-05-22T18:34:39Z,2024-05-30T17:43:23Z,1
CASE_00003960,SITE_C,WF_V1,GERMLINE,ROUTINE,2024-05-04T02:25:31Z,2024-05-11T23:23:35Z,1
CASE_00003961,SITE_C,WF_V1,GERMLINE,ROUTINE,2024-06-26T04:07:56Z,2024-07-02T00:53:52Z,1
CASE_00003962,SITE_C,WF_V1,ONCO_PANEL,ROUTINE,2024-03-31T00:05:27Z,2024-04-06T08:01:37Z,1
CASE_00003963,SITE_C,WF_V1,RARE_DISEASE,ROUTINE,2024-01-23T08:01:56Z,2024-02-01T19:38:50Z,1
CASE_00003964,SITE_C,WF_V1,ONCO_PANEL,ROUTINE,2024-07-09T05:05:44Z,2024-07-16T08:17:42Z,1
CASE_00003965,SITE_C,WF_V1,RARE_DISEASE,STAT,2024-06-03T12:25:01Z,2024-06-07T05:47:30Z,1
CASE_00003966,SITE_C,WF_V1,ONCO_PANEL,ROUTINE,2024-07-10T10:02:03Z,2024-07-16T21:38:15Z,1
CASE_00003967,SITE_C,WF_V1,GERMLINE,ROUTINE,2024-04-19T02:38:38Z,2024-04-27T02:00:04Z,1
CASE_00003968,SITE_C,WF_V1,ONCO_PANEL,ROUTINE,2024-01-21T23:43:50Z,2024-01-27T17:45:12Z,1
CASE_00003969,SITE_C,WF_V1,ONCO_PANEL,ROUTINE,2024-06-04T08:58:59Z,2024-06-12T09:01:24Z,1
CASE_00003970,SITE_C,WF_V1,ONCO_PANEL,STAT,2024-04-19T18:36:19Z,2024-04-22T01:57:48Z,1
CASE_00003971,SITE_C,WF_V1,PHARMA,ROUTINE,2024-05-05T05:48:02Z,2024-05-09T18:34:28Z,1
CASE_00003972,SITE_C,WF_V1,ONCO_PANEL,ROUTINE,2024-02-21T13:53:00Z,2024-02-28T01:02:42Z,1
CASE_00003973,SITE_C,WF_V1,ONCO_PANEL,ROUTINE,2024-02-27T06:03:09Z,2024-03-04T15:27:50Z,1
CASE_00003974,SITE_C,WF_V1,ONCO_PANEL,ROUTINE,2024-03-31T12:00:48Z,2024-04-06T22:29:51Z,1
CASE_00003975,SITE_C,WF_V1,GERMLINE,STAT,2024-03-22T12:28:39Z,2024-03-26T10:15:34Z,1
CASE_00003976,SITE_C,WF_V1,RARE_DISEASE,ROUTINE,2024-07-24T10:19:54Z,2024-08-01T01:35:20Z,1
CASE_00003977,SITE_C,WF_V1,RARE_DISEASE,ROUTINE,2024-02-29T06:33:06Z,2024-03-07T06:58:59Z,1
CASE_00003978,SITE_C,WF_V1,ONCO_PANEL,ROUTINE,2024-02-11T03:44:33Z,2024-02-18T14:46:48Z,1
CASE_00003979,SITE_C,WF_V1,GERMLINE,STAT,2024-03-30T06:25:26Z,2024-04-02T06:13:31Z,1
CASE_00003980,SITE_C,WF_V1,RARE_DISEASE,ROUTINE,2024-07-29T10:01:03Z,2024-08-05T15:13:55Z,1
CASE_00003981,SITE_C,WF_V1,GERMLINE,ROUTINE,2024-06-04T23:58:06Z,2024-06-13T22:52:08Z,1
CASE_00003982,SITE_C,WF_V1,ONCO_PANEL,STAT,2024-06-06T11:00:49Z,2024-06-09T13:09:04Z,1
CASE_00003983,SITE_C,WF_V1,RARE_DISEASE,ROUTINE,2024-03-31T21:55:04Z,2024-04-07T06:11:52Z,1
CASE_00003984,SITE_C,WF_V1,RARE_DISEASE,ROUTINE,2024-04-22T06:50:57Z,2024-04-28T05:50:34Z,1
CASE_00003985,SITE_C,WF_V1,RARE_DISEASE,ROUTINE,2024-04-26T23:17:02Z,2024-05-04T10:57:06Z,1
CASE_00003986,SITE_C,WF_V1,ONCO_PANEL,ROUTINE,2024-03-10T17:06:49Z,2024-03-17T16:21:48Z,1
CASE_00003987,SITE_C,WF_V1,ONCO_PANEL,ROUTINE,2024-05-26T08:23:34Z,2024-05-31T09:55:07Z,1
CASE_00003988,SITE_C,WF_V1,GERMLINE,ROUTINE,2024-07-10T03:52:53Z,2024-07-16T23:22:15Z,1
CASE_00003989,SITE_C,WF_V1,RARE_DISEASE,ROUTINE,2024-03-31T04:27:32Z,2024-04-08T04:04:01Z,1
CASE_00003990,SITE_C,WF_V1,RARE_DISEASE,ROUTINE,2024-02-10T18:16:44Z,2024-02-17T05:42:33Z,1
CASE_00003991,SITE_C,WF_V1,ONCO_PANEL,ROUTINE,2024-07-30T20:31:17Z,2024-08-05T22:40:59Z,1
CASE_00003992,SITE_C,WF_V1,GERMLINE,ROUTINE,2024-07-21T05:54:33Z,2024-07-29T13:51:12Z,1
CASE_00003993,SITE_C,WF_V1,ONCO_PANEL,STAT,2024-06-14T23:30:37Z,2024-06-18T09:22:09Z,1
CASE_00003994,SITE_C,WF_V1,RARE_DISEASE,ROUTINE,2024-07-02T13:32:45Z,2024-07-11T18:22:42Z,1
CASE_00003995,SITE_C,WF_V1,PHARMA,ROUTINE,2024-02-12T10:19:12Z,2024-02-17T11:00:05Z,1
CASE_00003996,SITE_C,WF_V1,ONCO_PANEL,ROUTINE,2024-03-08T19:47:06Z,2024-03-16T08:14:32Z,1
CASE_00003997,SITE_C,WF_V1,ONCO_PANEL,ROUTINE,2024-02-19T19:56:09Z,2024-02-26T22:42:55Z,1
CASE_00003998,SITE_C,WF_V1,ONCO_PANEL,STAT,2024-05-15T14:14:48Z,2024-05-18T16:16:29Z,1
CASE_00003999,SITE_C,WF_V1,RARE_DISEASE,ROUTINE,2024-04-08T05:06:43Z,2024-04-16T21:33:42Z,1
CASE_00004000,SITE_C,WF_V1,ONCO_PANEL,ROUTINE,2024-06-20T16:55:43Z,2024-06-30T23:00:11Z,1
CASE_00004001,SITE_C,WF_V1,GERMLINE,ROUTINE,2024-06-18T13:20:46Z,2024-06-26T19:26:40Z,1
CASE_00004002,SITE_C,WF_V1,GERMLINE,ROUTINE,2024-04-30T12:05:33Z,2024-05-09T02:00:23Z,1
CASE_00004003,SITE_C,WF_V1,ONCO_PANEL,ROUTINE,2024-05-29T20:56:35Z,2024-06-05T04:54:43Z,1
CASE_00004004,SITE_C,WF_V1,GERMLINE,ROUTINE,2024-07-21T13:32:58Z,2024-07-29T13:13:53Z,1
CASE_00004005,SITE_C,WF_V1,ONCO_PANEL,ROUTINE,2024-07-07T12:09:40Z,2024-07-14T13:00:01Z,1
CASE_00004006,SITE_C,WF_V1,ONCO_PANEL,ROUTINE,2024-02-22T06:36:12Z,2024-02-28T06:55:00Z,1
CASE_00004007,SITE_C,WF_V1,GERMLINE,ROUTINE,2024-04-19T08:09:53Z,2024-04-28T23:14:32Z,1
CASE_00004008,SITE_C,WF_V1,PHARMA,ROUTINE,2024-07-03T13:46:41Z,2024-07-08T15:06:50Z,1
CASE_00004009,SITE_C,WF_V1,PHARMA,ROUTINE,2024-02-27T01:23:14Z,2024-03-03T12:30:20Z,1
CASE_00004010,SITE_C,WF_V1,ONCO_PANEL,ROUTINE,2024-06-05T00:11:05Z,2024-06-12T14:11:41Z,1
CASE_00004011,SITE_C,WF_V1,GERMLINE,ROUTINE,2024-05-22T03:21:23Z,2024-05-30T03:59:12Z,1
CASE_00004012,SITE_C,WF_V1,GERMLINE,STAT,2024-03-09T15:10:08Z,2024-03-14T01:03:03Z,1
CASE_00004013,SITE_C,WF_V1,RARE_DISEASE,ROUTINE,2024-02-11T18:44:52Z,2024-02-18T10:32:53Z,1
CASE_00004014,SITE_C,WF_V1,ONCO_PANEL,ROUTINE,2024-01-20T05:46:23Z,2024-01-26T17:12:29Z,1
CASE_00004015,SITE_C,WF_V1,ONCO_PANEL,ROUTINE,2024-05-12T22:40:09Z,2024-05-18T05:59:52Z,1
CASE_00004016,SITE_C,WF_V1,RARE_DISEASE,ROUTINE,2024-07-23T22:40:17Z,2024-07-30T21:18:56Z,1
CASE_00004017,SITE_C,WF_V1,ONCO_PANEL,ROUTINE,2024-04-16T22:37:31Z,2024-04-22T19:37:17Z,1
CASE_00004018,SITE_C,WF_V1,GERMLINE,ROUTINE,2024-02-24T20:55:08Z,2024-03-02T20:57:03Z,1
CASE_00004019,SITE_C,WF_V1,ONCO_PANEL,ROUTINE,2024-03-07T03:36:06Z,2024-03-14T00:43:39Z,1
CASE_00004020,SITE_C,WF_V1,RARE_DISEASE,ROUTINE,2024-03-07T12:12:34Z,2024-03-15T22:11:42Z,1
CASE_00004021,SITE_C,WF_V1,ONCO_PANEL,ROUTINE,2024-02-01T23:50:22Z,2024-02-08T05:48:20Z,1
CASE_00004022,SITE_C,WF_V1,GERMLINE,ROUTINE,2024-07-01T22:34:52Z,2024-07-10T04:37:30Z,1
CASE_00004023,SITE_C,WF_V1,GERMLINE,STAT,2024-01-24T17:39:13Z,2024-01-28T02:02:23Z,1
CASE_00004024,SITE_C,WF_V1,RARE_DISEASE,ROUTINE,2024-05-06T12:44:18Z,2024-05-12T23:23:57Z,1
CASE_00004025,SITE_C,WF_V1,RARE_DISEASE,ROUTINE,2024-01-24T14:28:57Z,2024-02-01T16:53:48Z,1
CASE_00004026,SITE_C,WF_V1,RARE_DISEASE,ROUTINE,2024-06-12T18:35:24Z,2024-06-20T03:33:44Z,1
CASE_00004027,SITE_C,WF_V1,ONCO_PANEL,ROUTINE,2024-03-12T21:04:38Z,2024-03-19T09:31:24Z,1
CASE_00004028,SITE_C,WF_V1,ONCO_PANEL,STAT,2024-03-28T05:19:48Z,2024-03-30T22:50:26Z,1
CASE_00004029,SITE_C,WF_V1,RARE_DISEASE,ROUTINE,2024-05-21T18:32:43Z,2024-05-28T17:08:20Z,1
CASE_00004030,SITE_C,WF_V1,ONCO_PANEL,ROUTINE,2024-06-17T19:17:17Z,2024-06-25T08:20:30Z,1
CASE_00004031,SITE_C,WF_V1,RARE_DISEASE,STAT,2024-01-17T05:45:33Z,2024-01-20T11:47:45Z,1
CASE_00004032,SITE_C,WF_V1,GERMLINE,STAT,2024-05-20T16:09:30Z,2024-05-24T03:57:43Z,1
CASE_00004033,SITE_C,WF_V1,GERMLINE,ROUTINE,2024-06-01T22:27:58Z,2024-06-11T18:03:21Z,1
CASE_00004034,SITE_C,WF_V1,ONCO_PANEL,ROUTINE,2024-05-02T22:57:10Z,2024-05-09T13:26:34Z,1
CASE_00004035,SITE_C,WF_V1,ONCO_PANEL,ROUTINE,2024-03-23T18:26:58Z,2024-03-30T16:22:15Z,1
CASE_00004036,SITE_C,WF_V1,ONCO_PANEL,ROUTINE,2024-04-12T14:18:54Z,2024-04-20T00:47:49Z,1
CASE_00004037,SITE_C,WF_V1,PHARMA,ROUTINE,2024-04-29T11:10:51Z,2024-05-05T10:42:55Z,1
CASE_00004038,SITE_C,WF_V1,ONCO_PANEL,ROUTINE,2024-01-17T14:38:24Z,2024-01-25T09:16:38Z,1
CASE_00004039,SITE_C,WF_V1,ONCO_PANEL,ROUTINE,2024-02-19T02:02:02Z,2024-02-26T14:19:07Z,1
CASE_00004040,SITE_C,WF_V1,RARE_DISEASE,ROUTINE,2024-05-05T19:57:22Z,2024-05-12T01:54:56Z,1
CASE_00004041,SITE_C,WF_V1,ONCO_PANEL,ROUTINE,2024-06-12T07:35:47Z,2024-06-18T22:25:07Z,1
CASE_00004042,SITE_C,WF_V1,ONCO_PANEL,ROUTINE,2024-02-11T08:25:26Z,2024-02-17T04:52:29Z,1
CASE_00004043,SITE_C,WF_V1,ONCO_PANEL,ROUTINE,2024-03-27T04:15:10Z,2024-04-01T03:38:41Z,1
CASE_00004044,SITE_C,WF_V1,PHARMA,ROUTINE,2024-02-02T19:53:44Z,2024-02-08T17:16:51Z,1
CASE_00004045,SITE_C,WF_V1,ONCO_PANEL,ROUTINE,2024-07-26T12:19:18Z,2024-08-01T08:30:09Z,1
CASE_00004046,SITE_C,WF_V1,ONCO_PANEL,ROUTINE,2024-04-20T19:48:27Z,2024-04-25T13:12:47Z,1
CASE_00004047,SITE_C,WF_V1,ONCO_PANEL,ROUTINE,2024-04-21T22:23:06Z,2024-04-28T16:00:54Z,1
CASE_00004048,SITE_C,WF_V1,PHARMA,ROUTINE,2024-04-28T07:18:22Z,2024-05-03T02:57:21Z,1
CASE_00004049,SITE_C,WF_V1,GERMLINE,STAT,2024-05-17T13:08:38Z,2024-05-21T03:35:23Z,1
CASE_00004050,SITE_C,WF_V1,ONCO_PANEL,ROUTINE,2024-04-04T18:10:12Z,2024-04-11T20:17:27Z,1
CASE_00004051,SITE_C,WF_V1,PHARMA,STAT,2024-08-01T09:53:57Z,2024-08-03T10:59:33Z,1
CASE_00004052,SITE_C,WF_V1,ONCO_PANEL,ROUTINE,2024-03-29T21:04:31Z,2024-04-05T11:23:56Z,1
CASE_00004053,SITE_C,WF_V1,GERMLINE,STAT,2024-05-11T20:55:37Z,2024-05-17T05:51:58Z,1
CASE_00004054,SITE_C,WF_V1,ONCO_PANEL,ROUTINE,2024-06-05T20:06:25Z,2024-06-12T17:44:39Z,1
CASE_00004055,SITE_C,WF_V1,ONCO_PANEL,ROUTINE,2024-07-26T14:23:20Z,2024-08-02T15:13:29Z,1
CASE_00004056,SITE_C,WF_V1,GERMLINE,ROUTINE,2024-07-22T00:48:34Z,2024-07-30T07:25:34Z,1
CASE_00004057,SITE_C,WF_V1,GERMLINE,ROUTINE,2024-03-05T21:19:04Z,2024-03-15T08:33:21Z,1
CASE_00004058,SITE_C,WF_V1,ONCO_PANEL,ROUTINE,2024-04-28T00:24:38Z,2024-05-03T23:17:28Z,1
CASE_00004059,SITE_C,WF_V1,ONCO_PANEL,ROUTINE,2024-03-17T02:38:37Z,2024-03-22T11:00:25Z,1
CASE_00004060,SITE_C,WF_V1,PHARMA,ROUTINE,2024-04-09T02:36:24Z,2024-04-13T23:34:15Z,1
CASE_00004061,SITE_C,WF_V1,GERMLINE,STAT,2024-03-19T14:09:52Z,2024-03-23T04:07:33Z,1
CASE_00004062,SITE_C,WF_V1,PHARMA,ROUTINE,2024-06-27T03:34:58Z,2024-07-02T14:06:23Z,1
CASE_00004063,SITE_C,WF_V1,ONCO_PANEL,ROUTINE,2024-06-10T22:59:23Z,2024-06-17T06:25:57Z,1
CASE_00004064,SITE_C,WF_V1,RARE_DISEASE,ROUTINE,2024-07-24T13:10:55Z,2024-07-31T08:20:51Z,1
CASE_00004065,SITE_C,WF_V1,GERMLINE,ROUTINE,2024-01-29T17:37:10Z,2024-02-06T10:47:20Z,1
CASE_00004066,SITE_C,WF_V1,ONCO_PANEL,ROUTINE,2024-06-29T13:51:32Z,2024-07-05T09:39:24Z,1
CASE_00004067,SITE_C,WF_V1,ONCO_PANEL,ROUTINE,2024-03-30T03:41:52Z,2024-04-05T02:11:19Z,1
CASE_00004068,SITE_C,WF_V1,ONCO_PANEL,ROUTINE,2024-02-20T16:40:31Z,2024-02-26T10:51:44Z,1
CASE_00004069,SITE_C,WF_V1,ONCO_PANEL,STAT,2024-06-13T22:44:03Z,2024-06-17T13:04:15Z,1
CASE_00004070,SITE_C,WF_V1,ONCO_PANEL,ROUTINE,2024-07-22T16:22:16Z,2024-07-29T09:01:53Z,1
CASE_00004071,SITE_C,WF_V1,RARE_DISEASE,ROUTINE,2024-07-01T00:41:37Z,2024-07-08T03:17:43Z,1
CASE_00004072,SITE_C,WF_V1,GERMLINE,ROUTINE,2024-04-19T07:09:41Z,2024-04-27T21:15:32Z,1
CASE_00004073,SITE_C,WF_V1,ONCO_PANEL,ROUTINE,2024-06-29T21:48:50Z,2024-07-05T19:41:41Z,1
CASE_00004074,SITE_C,WF_V1,GERMLINE,ROUTINE,2024-03-24T00:34:36Z,2024-04-01T08:14:50Z,1
CASE_00004075,SITE_C,WF_V1,ONCO_PANEL,ROUTINE,2024-04-05T11:20:30Z,2024-04-11T08:00:28Z,1
CASE_00004076,SITE_C,WF_V1,RARE_DISEASE,STAT,2024-04-06T14:15:18Z,2024-04-09T16:51:05Z,1
CASE_00004077,SITE_C,WF_V1,RARE_DISEASE,ROUTINE,2024-02-02T00:23:32Z,2024-02-08T21:38:56Z,1
CASE_00004078,SITE_C,WF_V1,ONCO_PANEL,ROUTINE,2024-03-24T04:24:54Z,2024-03-29T09:42:08Z,1
CASE_00004079,SITE_C,WF_V1,PHARMA,STAT,2024-03-18T05:41:50Z,2024-03-20T12:55:19Z,1
CASE_00004080,SITE_C,WF_V1,RARE_DISEASE,ROUTINE,2024-06-30T03:56:39Z,2024-07-07T10:30:22Z,1
CASE_00004081,SITE_C,WF_V1,RARE_DISEASE,ROUTINE,2024-06-13T17:54:46Z,2024-06-21T06:06:49Z,1
CASE_00004082,SITE_C,WF_V1,PHARMA,ROUTINE,2024-04-03T05:50:34Z,2024-04-07T19:56:44Z,1
CASE_00004083,SITE_C,WF_V1,PHARMA,ROUTINE,2024-06-04T10:59:30Z,2024-06-09T22:54:45Z,1
CASE_00004084,SITE_C,WF_V1,GERMLINE,ROUTINE,2024-05-14T20:37:44Z,2024-05-25T08:23:44Z,1
CASE_00004085,SITE_C,WF_V1,ONCO_PANEL,ROUTINE,2024-07-08T07:40:22Z,2024-07-13T21:43:11Z,1
CASE_00004086,SITE_C,WF_V1,RARE_DISEASE,ROUTINE,2024-03-28T12:25:26Z,2024-04-05T16:49:28Z,1
CASE_00004087,SITE_C,WF_V1,ONCO_PANEL,ROUTINE,2024-06-26T07:51:47Z,2024-07-02T18:43:18Z,1
CASE_00004088,SITE_C,WF_V1,GERMLINE,ROUTINE,2024-02-28T07:15:29Z,2024-03-08T07:06:47Z,1
CASE_00004089,SITE_C,WF_V1,PHARMA,ROUTINE,2024-06-24T01:22:38Z,2024-06-28T19:57:04Z,1
CASE_00004090,SITE_C,WF_V1,ONCO_PANEL,ROUTINE,2024-06-30T06:22:49Z,2024-07-06T18:25:12Z,1
CASE_00004091,SITE_C,WF_V1,ONCO_PANEL,STAT,2024-05-12T14:34:57Z,2024-05-15T23:32:11Z,1
CASE_00004092,SITE_C,WF_V1,PHARMA,STAT,2024-07-16T11:50:36Z,2024-07-18T19:26:00Z,1
CASE_00004093,SITE_C,WF_V1,RARE_DISEASE,ROUTINE,2024-04-18T20:50:42Z,2024-04-24T21:29:54Z,1
CASE_00004094,SITE_C,WF_V1,PHARMA,ROUTINE,2024-05-03T06:21:45Z,2024-05-08T15:27:29Z,1
CASE_00004095,SITE_C,WF_V1,GERMLINE,ROUTINE,2024-05-01T10:02:38Z,2024-05-09T20:06:02Z,1
CASE_00004096,SITE_C,WF_V1,ONCO_PANEL,ROUTINE,2024-04-11T06:17:45Z,2024-04-17T09:31:34Z,1
CASE_00004097,SITE_C,WF_V1,GERMLINE,ROUTINE,2024-01-23T23:11:19Z,2024-01-31T02:22:43Z,1
CASE_00004098,SITE_C,WF_V1,GERMLINE,STAT,2024-07-14T18:44:24Z,2024-07-18T09:23:08Z,1
CASE_00004099,SITE_C,WF_V1,PHARMA,STAT,2024-03-16T02:39:53Z,2024-03-18T03:14:37Z,1
CASE_00004100,SITE_C,WF_V1,PHARMA,ROUTINE,2024-03-06T09:58:29Z,2024-03-12T10:19:35Z,1
CASE_00004101,SITE_C,WF_V1,ONCO_PANEL,ROUTINE,2024-03-06T10:47:45Z,2024-03-12T17:27:39Z,1
CASE_00004102,SITE_C,WF_V1,GERMLINE,ROUTINE,2024-06-03T12:36:06Z,2024-06-11T19:38:39Z,1
CASE_00004103,SITE_C,WF_V1,RARE_DISEASE,ROUTINE,2024-04-09T17:08:27Z,2024-04-16T17:03:17Z,1
CASE_00004104,SITE_C,WF_V1,PHARMA,ROUTINE,2024-04-25T03:49:16Z,2024-04-30T03:38:09Z,1
CASE_00004105,SITE_C,WF_V1,GERMLINE,ROUTINE,2024-02-12T14:11:23Z,2024-02-21T01:57:56Z,1
CASE_00004106,SITE_C,WF_V1,ONCO_PANEL,ROUTINE,2024-07-27T19:46:10Z,2024-08-02T02:17:33Z,1
CASE_00004107,SITE_C,WF_V1,RARE_DISEASE,ROUTINE,2024-07-10T15:45:46Z,2024-07-19T03:25:45Z,1
CASE_00004108,SITE_C,WF_V1,ONCO_PANEL,ROUTINE,2024-05-16T11:06:10Z,2024-05-21T21:42:14Z,1
CASE_00004109,SITE_C,WF_V1,ONCO_PANEL,ROUTINE,2024-01-26T07:11:03Z,2024-01-31T17:12:46Z,1
CASE_00004110,SITE_C,WF_V1,RARE_DISEASE,ROUTINE,2024-07-03T23:44:27Z,2024-07-12T16:36:20Z,1
CASE_00004111,SITE_C,WF_V1,GERMLINE,STAT,2024-04-27T19:48:32Z,2024-05-01T00:31:54Z,1
CASE_00004112,SITE_C,WF_V1,PHARMA,ROUTINE,2024-02-12T19:07:28Z,2024-02-17T01:06:03Z,1
CASE_00004113,SITE_C,WF_V1,PHARMA,ROUTINE,2024-04-06T12:48:19Z,2024-04-11T11:22:51Z,1
CASE_00004114,SITE_C,WF_V1,GERMLINE,STAT,2024-03-14T11:42:26Z,2024-03-18T11:37:59Z,1
CASE_00004115,SITE_C,WF_V1,ONCO_PANEL,ROUTINE,2024-07-28T01:14:26Z,2024-08-03T17:29:33Z,1
CASE_00004116,SITE_C,WF_V1,ONCO_PANEL,ROUTINE,2024-02-13T20:43:30Z,2024-02-19T05:26:05Z,1
CASE_00004117,SITE_C,WF_V1,PHARMA,STAT,2024-04-24T18:30:56Z,2024-04-26T23:37:17Z,1
CASE_00004118,SITE_C,WF_V1,GERMLINE,ROUTINE,2024-04-08T00:05:30Z,2024-04-15T14:13:38Z,1
CASE_00004119,SITE_C,WF_V1,PHARMA,STAT,2024-05-09T11:13:30Z,2024-05-11T17:51:36Z,1
CASE_00004120,SITE_C,WF_V1,PHARMA,ROUTINE,2024-07-19T18:39:28Z,2024-07-24T07:32:14Z,1
CASE_00004121,SITE_C,WF_V1,GERMLINE,ROUTINE,2024-03-31T19:59:22Z,2024-04-08T13:02:39Z,1
CASE_00004122,SITE_C,WF_V1,GERMLINE,ROUTINE,2024-02-09T16:44:57Z,2024-02-17T01:25:01Z,1
CASE_00004123,SITE_C,WF_V1,ONCO_PANEL,ROUTINE,2024-02-16T04:04:57Z,2024-02-22T02:19:18Z,1
CASE_00004124,SITE_C,WF_V1,ONCO_PANEL,ROUTINE,2024-03-20T04:53:32Z,2024-03-26T03:55:52Z,1
CASE_00004125,SITE_C,WF_V1,RARE_DISEASE,ROUTINE,2024-07-16T18:52:55Z,2024-07-25T03:22:16Z,1
CASE_00004126,SITE_C,WF_V1,GERMLINE,ROUTINE,2024-05-06T22:38:41Z,2024-05-15T08:16:46Z,1
CASE_00004127,SITE_C,WF_V1,ONCO_PANEL,ROUTINE,2024-06-28T16:30:41Z,2024-07-05T05:16:46Z,1
CASE_00004128,SITE_C,WF_V1,RARE_DISEASE,STAT,2024-02-25T03:42:45Z,2024-02-28T10:15:29Z,1
CASE_00004129,SITE_C,WF_V1,RARE_DISEASE,ROUTINE,2024-01-30T19:56:12Z,2024-02-08T03:22:19Z,1
CASE_00004130,SITE_C,WF_V1,ONCO_PANEL,ROUTINE,2024-05-20T07:49:30Z,2024-05-26T03:22:21Z,1
CASE_00004131,SITE_C,WF_V1,GERMLINE,ROUTINE,2024-06-01T02:56:23Z,2024-06-08T11:11:06Z,1
CASE_00004132,SITE_C,WF_V1,RARE_DISEASE,ROUTINE,2024-07-21T13:31:33Z,2024-07-28T10:04:14Z,1
CASE_00004133,SITE_C,WF_V1,RARE_DISEASE,ROUTINE,2024-03-11T16:32:21Z,2024-03-21T00:25:19Z,1
CASE_00004134,SITE_C,WF_V1,PHARMA,ROUTINE,2024-04-13T16:09:56Z,2024-04-20T05:56:01Z,1
CASE_00004135,SITE_C,WF_V1,GERMLINE,ROUTINE,2024-02-13T03:48:11Z,2024-02-20T07:50:55Z,1
CASE_00004136,SITE_C,WF_V1,RARE_DISEASE,ROUTINE,2024-01-20T17:59:06Z,2024-01-28T13:39:04Z,1
CASE_00004137,SITE_C,WF_V1,GERMLINE,ROUTINE,2024-05-25T02:44:06Z,2024-06-03T06:33:45Z,1
CASE_00004138,SITE_C,WF_V1,GERMLINE,ROUTINE,2024-01-20T01:29:25Z,2024-01-27T17:42:56Z,1
CASE_00004139,SITE_C,WF_V1,RARE_DISEASE,ROUTINE,2024-02-28T07:29:03Z,2024-03-06T05:27:59Z,1
CASE_00004140,SITE_C,WF_V1,GERMLINE,ROUTINE,2024-04-16T11:30:33Z,2024-04-23T22:29:55Z,1
CASE_00004141,SITE_C,WF_V1,ONCO_PANEL,ROUTINE,2024-01-16T21:25:15Z,2024-01-23T03:23:36Z,1
CASE_00004142,SITE_C,WF_V1,ONCO_PANEL,ROUTINE,2024-02-29T14:25:59Z,2024-03-09T05:19:00Z,1
CASE_00004143,SITE_C,WF_V1,ONCO_PANEL,ROUTINE,2024-02-19T19:27:54Z,2024-02-27T06:18:41Z,1
CASE_00004144,SITE_C,WF_V1,RARE_DISEASE,ROUTINE,2024-03-05T10:52:25Z,2024-03-13T02:42:50Z,1
CASE_00004145,SITE_C,WF_V1,PHARMA,ROUTINE,2024-06-23T10:44:20Z,2024-06-28T10:45:38Z,1
CASE_00004146,SITE_C,WF_V1,ONCO_PANEL,ROUTINE,2024-07-19T17:47:05Z,2024-07-24T20:53:36Z,1
CASE_00004147,SITE_C,WF_V1,ONCO_PANEL,STAT,2024-02-09T17:31:02Z,2024-02-12T01:41:33Z,1
CASE_00004148,SITE_C,WF_V1,ONCO_PANEL,ROUTINE,2024-01-18T03:32:01Z,2024-01-24T19:11:40Z,1
CASE_00004149,SITE_C,WF_V1,ONCO_PANEL,ROUTINE,2024-05-30T06:33:42Z,2024-06-06T07:02:52Z,1
CASE_00004150,SITE_C,WF_V1,PHARMA,ROUTINE,2024-04-17T14:50:45Z,2024-04-23T04:10:27Z,1
CASE_00004151,SITE_C,WF_V1,ONCO_PANEL,STAT,2024-05-13T19:10:09Z,2024-05-17T05:43:25Z,1
CASE_00004152,SITE_C,WF_V1,ONCO_PANEL,STAT,2024-07-29T01:04:35Z,2024-08-01T03:08:08Z,1
CASE_00004153,SITE_C,WF_V1,ONCO_PANEL,ROUTINE,2024-03-04T14:51:42Z,2024-03-09T19:47:01Z,1
CASE_00004154,SITE_C,WF_V1,ONCO_PANEL,ROUTINE,2024-03-08T21:40:46Z,2024-03-14T23:56:33Z,1
CASE_00004155,SITE_C,WF_V1,ONCO_PANEL,ROUTINE,2024-05-20T10:56:12Z,2024-05-25T23:33:22Z,1
CASE_00004156,SITE_C,WF_V1,RARE_DISEASE,ROUTINE,2024-07-15T13:20:29Z,2024-07-22T16:13:01Z,1
CASE_00004157,SITE_C,WF_V1,RARE_DISEASE,STAT,2024-07-22T15:10:36Z,2024-07-25T13:09:05Z,1
CASE_00004158,SITE_C,WF_V1,RARE_DISEASE,ROUTINE,2024-07-31T04:42:06Z,2024-08-08T13:37:25Z,1
CASE_00004159,SITE_C,WF_V1,GERMLINE,STAT,2024-05-18T01:22:33Z,2024-05-22T06:59:10Z,1
CASE_00004160,SITE_C,WF_V1,RARE_DISEASE,ROUTINE,2024-02-20T21:46:13Z,2024-02-28T11:15:17Z,1
CASE_00004161,SITE_C,WF_V1,GERMLINE,ROUTINE,2024-05-03T12:03:16Z,2024-05-13T05:09:59Z,1
CASE_00004162,SITE_C,WF_V1,ONCO_PANEL,STAT,2024-07-07T10:58:10Z,2024-07-10T01:42:14Z,1
CASE_00004163,SITE_C,WF_V1,ONCO_PANEL,ROUTINE,2024-02-10T03:17:54Z,2024-02-15T19:23:43Z,1
CASE_00004164,SITE_C,WF_V1,PHARMA,ROUTINE,2024-08-01T05:10:50Z,2024-08-10T11:54:58Z,1
CASE_00004165,SITE_C,WF_V1,ONCO_PANEL,ROUTINE,2024-03-22T20:29:33Z,2024-03-29T07:58:54Z,1
CASE_00004166,SITE_C,WF_V1,ONCO_PANEL,STAT,2024-04-10T06:11:59Z,2024-04-13T03:38:13Z,1
CASE_00004167,SITE_C,WF_V1,ONCO_PANEL,ROUTINE,2024-04-24T17:56:46Z,2024-05-02T04:47:42Z,1
CASE_00004168,SITE_C,WF_V1,GERMLINE,ROUTINE,2024-01-22T11:57:45Z,2024-01-30T10:59:22Z,1
CASE_00004169,SITE_C,WF_V1,GERMLINE,ROUTINE,2024-04-13T13:29:21Z,2024-04-23T03:33:44Z,1
CASE_00004170,SITE_C,WF_V1,ONCO_PANEL,ROUTINE,2024-07-06T07:56:59Z,2024-07-12T05:27:54Z,1
CASE_00004171,SITE_C,WF_V1,PHARMA,ROUTINE,2024-04-15T00:45:28Z,2024-04-21T00:41:12Z,1
CASE_00004172,SITE_C,WF_V1,PHARMA,STAT,2024-01-18T02:21:22Z,2024-01-20T04:13:05Z,1
CASE_00004173,SITE_C,WF_V1,RARE_DISEASE,ROUTINE,2024-04-15T11:12:41Z,2024-04-22T13:17:40Z,1
CASE_00004174,SITE_C,WF_V1,GERMLINE,ROUTINE,2024-03-28T13:13:34Z,2024-04-06T17:51:53Z,1
CASE_00004175,SITE_C,WF_V1,ONCO_PANEL,ROUTINE,2024-04-15T00:05:23Z,2024-04-21T09:34:04Z,1
CASE_00004176,SITE_C,WF_V1,ONCO_PANEL,ROUTINE,2024-03-16T20:52:19Z,2024-03-22T18:57:43Z,1
CASE_00004177,SITE_C,WF_V1,ONCO_PANEL,ROUTINE,2024-02-19T11:46:33Z,2024-02-27T04:59:49Z,1
CASE_00004178,SITE_C,WF_V1,RARE_DISEASE,ROUTINE,2024-04-12T19:44:45Z,2024-04-20T18:09:10Z,1
CASE_00004179,SITE_C,WF_V1,ONCO_PANEL,ROUTINE,2024-04-30T07:48:42Z,2024-05-06T21:50:27Z,1
CASE_00004180,SITE_C,WF_V1,ONCO_PANEL,ROUTINE,2024-02-17T02:36:40Z,2024-02-23T10:44:41Z,1
CASE_00004181,SITE_C,WF_V1,ONCO_PANEL,ROUTINE,2024-04-04T21:14:03Z,2024-04-10T12:03:11Z,1
CASE_00004182,SITE_C,WF_V1,GERMLINE,STAT,2024-02-27T00:05:48Z,2024-03-01T13:04:06Z,1
CASE_00004183,SITE_C,WF_V1,GERMLINE,ROUTINE,2024-02-10T11:08:53Z,2024-02-18T20:44:33Z,1
CASE_00004184,SITE_C,WF_V1,ONCO_PANEL,ROUTINE,2024-01-26T17:11:35Z,2024-02-02T06:29:23Z,1
CASE_00004185,SITE_C,WF_V1,PHARMA,ROUTINE,2024-02-20T06:20:40Z,2024-02-26T00:07:44Z,1
CASE_00004186,SITE_C,WF_V1,GERMLINE,ROUTINE,2024-08-01T20:39:46Z,2024-08-10T04:19:43Z,1
CASE_00004187,SITE_C,WF_V1,ONCO_PANEL,ROUTINE,2024-06-08T04:09:35Z,2024-06-13T07:24:17Z,1
CASE_00004188,SITE_C,WF_V1,ONCO_PANEL,ROUTINE,2024-06-12T17:30:02Z,2024-06-19T20:27:07Z,1
CASE_00004189,SITE_C,WF_V1,ONCO_PANEL,ROUTINE,2024-07-26T03:56:39Z,2024-08-01T20:47:58Z,1
CASE_00004190,SITE_C,WF_V1,GERMLINE,STAT,2024-04-29T20:59:08Z,2024-05-03T22:50:22Z,1
CASE_00004191,SITE_C,WF_V1,RARE_DISEASE,ROUTINE,2024-04-25T02:09:46Z,2024-04-30T18:52:19Z,1
CASE_00004192,SITE_C,WF_V1,RARE_DISEASE,ROUTINE,2024-02-28T19:51:03Z,2024-03-06T11:00:05Z,1
CASE_00004193,SITE_C,WF_V1,RARE_DISEASE,ROUTINE,2024-03-28T11:33:45Z,2024-04-05T05:51:34Z,1
CASE_00004194,SITE_C,WF_V1,RARE_DISEASE,ROUTINE,2024-06-23T15:33:12Z,2024-06-30T21:13:27Z,1
CASE_00004195,SITE_C,WF_V1,ONCO_PANEL,ROUTINE,2024-04-14T10:40:46Z,2024-04-20T08:52:52Z,1
CASE_00004196,SITE_C,WF_V1,RARE_DISEASE,ROUTINE,2024-02-24T06:16:55Z,2024-03-02T16:16:27Z,1
CASE_00004197,SITE_C,WF_V1,PHARMA,ROUTINE,2024-04-03T18:18:42Z,2024-04-09T15:54:33Z,1
CASE_00004198,SITE_C,WF_V1,ONCO_PANEL,ROUTINE,2024-06-16T12:11:20Z,2024-06-22T18:21:29Z,1
CASE_00004199,SITE_C,WF_V1,PHARMA,ROUTINE,2024-02-06T00:12:11Z,2024-02-11T23:29:44Z,1
CASE_00004200,SITE_C,WF_V1,ONCO_PANEL,ROUTINE,2024-07-16T22:10:53Z,2024-07-24T17:25:26Z,1
CASE_00004201,SITE_C,WF_V1,RARE_DISEASE,ROUTINE,2024-02-18T00:30:06Z,2024-02-26T02:54:37Z,1
CASE_00004202,SITE_C,WF_V1,GERMLINE,ROUTINE,2024-07-05T01:56:24Z,2024-07-14T19:06:34Z,1
CASE_00004203,SITE_C,WF_V1,ONCO_PANEL,ROUTINE,2024-05-22T19:35:12Z,2024-05-29T03:36:13Z,1
CASE_00004204,SITE_C,WF_V1,ONCO_PANEL,ROUTINE,2024-02-28T17:40:21Z,2024-03-05T23:02:31Z,1
CASE_00004205,SITE_C,WF_V1,ONCO_PANEL,ROUTINE,2024-01-15T04:55:54Z,2024-01-21T02:43:01Z,1
CASE_00004206,SITE_C,WF_V1,RARE_DISEASE,ROUTINE,2024-02-22T04:02:49Z,2024-03-01T05:07:22Z,1
CASE_00004207,SITE_C,WF_V1,ONCO_PANEL,ROUTINE,2024-05-22T03:44:51Z,2024-05-29T14:27:50Z,1
CASE_00004208,SITE_C,WF_V1,ONCO_PANEL,ROUTINE,2024-06-05T13:38:23Z,2024-06-12T11:22:40Z,1
CASE_00004209,SITE_C,WF_V1,ONCO_PANEL,ROUTINE,2024-04-08T19:01:04Z,2024-04-15T10:36:19Z,1
CASE_00004210,SITE_C,WF_V1,GERMLINE,STAT,2024-07-13T14:59:57Z,2024-07-18T02:26:33Z,1
CASE_00004211,SITE_C,WF_V1,ONCO_PANEL,ROUTINE,2024-04-22T09:46:39Z,2024-04-29T03:22:47Z,1
CASE_00004212,SITE_C,WF_V1,GERMLINE,ROUTINE,2024-07-31T09:31:07Z,2024-08-08T06:51:23Z,1
CASE_00004213,SITE_C,WF_V1,PHARMA,ROUTINE,2024-02-23T11:49:07Z,2024-02-29T14:03:31Z,1
CASE_00004214,SITE_C,WF_V1,GERMLINE,ROUTINE,2024-04-28T23:11:25Z,2024-05-05T22:01:11Z,1
CASE_00004215,SITE_C,WF_V1,ONCO_PANEL,ROUTINE,2024-04-23T14:29:38Z,2024-04-29T09:10:49Z,1
CASE_00004216,SITE_C,WF_V1,ONCO_PANEL,ROUTINE,2024-05-20T05:05:41Z,2024-05-28T23:20:53Z,1
CASE_00004217,SITE_C,WF_V1,GERMLINE,ROUTINE,2024-01-18T08:49:55Z,2024-01-25T19:50:48Z,1
CASE_00004218,SITE_C,WF_V1,GERMLINE,ROUTINE,2024-04-16T19:43:25Z,2024-04-24T17:41:39Z,1
CASE_00004219,SITE_C,WF_V1,ONCO_PANEL,ROUTINE,2024-04-04T21:24:29Z,2024-04-12T17:02:53Z,1
CASE_00004220,SITE_C,WF_V1,RARE_DISEASE,ROUTINE,2024-06-23T11:44:23Z,2024-06-30T20:08:23Z,1
CASE_00004221,SITE_C,WF_V1,ONCO_PANEL,ROUTINE,2024-07-15T23:42:15Z,2024-07-23T23:08:00Z,1
CASE_00004222,SITE_C,WF_V1,RARE_DISEASE,ROUTINE,2024-02-17T18:25:07Z,2024-02-25T13:05:28Z,1
CASE_00004223,SITE_C,WF_V1,RARE_DISEASE,STAT,2024-01-27T05:27:04Z,2024-01-29T18:18:23Z,1
CASE_00004224,SITE_C,WF_V1,ONCO_PANEL,ROUTINE,2024-06-04T05:48:00Z,2024-06-10T09:20:00Z,1
CASE_00004225,SITE_C,WF_V1,ONCO_PANEL,ROUTINE,2024-03-14T05:11:49Z,2024-03-21T06:19:10Z,1
CASE_00004226,SITE_C,WF_V1,GERMLINE,ROUTINE,2024-03-01T06:34:18Z,2024-03-12T03:35:59Z,1
CASE_00004227,SITE_C,WF_V1,RARE_DISEASE,STAT,2024-02-24T14:38:58Z,2024-02-27T19:03:18Z,1
CASE_00004228,SITE_C,WF_V1,PHARMA,ROUTINE,2024-02-27T11:29:14Z,2024-03-03T10:48:08Z,1
CASE_00004229,SITE_C,WF_V1,ONCO_PANEL,ROUTINE,2024-02-06T01:02:26Z,2024-02-11T22:51:38Z,1
CASE_00004230,SITE_C,WF_V1,RARE_DISEASE,ROUTINE,2024-04-13T08:28:07Z,2024-04-20T21:55:28Z,1
CASE_00004231,SITE_C,WF_V1,ONCO_PANEL,ROUTINE,2024-05-27T17:22:46Z,2024-06-02T21:58:45Z,1
CASE_00004232,SITE_C,WF_V1,RARE_DISEASE,STAT,2024-03-10T11:42:02Z,2024-03-15T03:39:05Z,1
CASE_00004233,SITE_C,WF_V1,RARE_DISEASE,ROUTINE,2024-05-17T17:11:33Z,2024-05-26T08:57:07Z,1
CASE_00004234,SITE_C,WF_V1,ONCO_PANEL,STAT,2024-05-08T14:46:08Z,2024-05-11T23:22:21Z,1
CASE_00004235,SITE_C,WF_V1,RARE_DISEASE,ROUTINE,2024-02-06T16:05:45Z,2024-02-13T21:05:42Z,1
CASE_00004236,SITE_C,WF_V1,GERMLINE,ROUTINE,2024-04-22T12:58:39Z,2024-04-30T13:53:17Z,1
CASE_00004237,SITE_C,WF_V1,PHARMA,ROUTINE,2024-03-02T18:56:06Z,2024-03-08T23:13:31Z,1
CASE_00004238,SITE_C,WF_V1,RARE_DISEASE,ROUTINE,2024-02-20T12:56:07Z,2024-03-01T09:18:52Z,1
CASE_00004239,SITE_C,WF_V1,GERMLINE,ROUTINE,2024-05-09T13:15:49Z,2024-05-17T18:37:40Z,1
CASE_00004240,SITE_C,WF_V1,ONCO_PANEL,ROUTINE,2024-04-02T22:01:07Z,2024-04-10T06:15:33Z,1
CASE_00004241,SITE_C,WF_V1,GERMLINE,ROUTINE,2024-03-24T00:57:56Z,2024-04-01T13:25:01Z,1
CASE_00004242,SITE_C,WF_V1,ONCO_PANEL,ROUTINE,2024-01-20T07:49:17Z,2024-01-28T12:52:59Z,1
CASE_00004243,SITE_C,WF_V1,ONCO_PANEL,ROUTINE,2024-07-29T15:59:16Z,2024-08-04T03:21:44Z,1
CASE_00004244,SITE_C,WF_V1,ONCO_PANEL,ROUTINE,2024-06-07T22:50:54Z,2024-06-14T10:33:14Z,1
CASE_00004245,SITE_C,WF_V1,PHARMA,ROUTINE,2024-01-27T09:24:55Z,2024-02-01T03:08:07Z,1
CASE_00004246,SITE_C,WF_V1,ONCO_PANEL,ROUTINE,2024-02-22T09:45:53Z,2024-02-28T03:20:28Z,1
CASE_00004247,SITE_C,WF_V1,ONCO_PANEL,ROUTINE,2024-04-19T08:16:04Z,2024-04-25T23:25:57Z,1
CASE_00004248,SITE_C,WF_V1,RARE_DISEASE,ROUTINE,2024-03-28T23:53:59Z,2024-04-05T21:46:07Z,1
CASE_00004249,SITE_C,WF_V1,ONCO_PANEL,ROUTINE,2024-03-10T05:36:43Z,2024-03-15T18:27:34Z,1
CASE_00004250,SITE_C,WF_V1,RARE_DISEASE,ROUTINE,2024-03-22T19:34:47Z,2024-03-30T14:50:45Z,1
CASE_00004251,SITE_C,WF_V1,PHARMA,STAT,2024-04-01T19:56:57Z,2024-04-04T01:30:44Z,1
CASE_00004252,SITE_C,WF_V1,GERMLINE,ROUTINE,2024-04-25T21:55:38Z,2024-05-06T00:22:15Z,1
CASE_00004253,SITE_C,WF_V1,RARE_DISEASE,ROUTINE,2024-03-24T09:50:21Z,2024-03-30T12:44:26Z,1
CASE_00004254,SITE_C,WF_V1,GERMLINE,ROUTINE,2024-05-18T13:00:58Z,2024-05-27T04:06:25Z,1
CASE_00004255,SITE_C,WF_V1,PHARMA,STAT,2024-02-27T03:55:57Z,2024-02-29T20:00:45Z,1
CASE_00004256,SITE_C,WF_V1,RARE_DISEASE,ROUTINE,2024-05-29T12:25:14Z,2024-06-06T00:06:12Z,1
CASE_00004257,SITE_C,WF_V1,GERMLINE,ROUTINE,2024-03-22T15:19:05Z,2024-03-31T11:19:33Z,1
CASE_00004258,SITE_C,WF_V1,RARE_DISEASE,ROUTINE,2024-04-16T01:45:02Z,2024-04-22T23:33:15Z,1
CASE_00004259,SITE_C,WF_V1,PHARMA,ROUTINE,2024-02-01T19:20:47Z,2024-02-07T03:32:40Z,1
CASE_00004260,SITE_C,WF_V1,RARE_DISEASE,ROUTINE,2024-01-20T18:44:54Z,2024-01-28T15:47:05Z,1
CASE_00004261,SITE_C,WF_V1,PHARMA,STAT,2024-07-14T06:39:38Z,2024-07-16T15:46:46Z,1
CASE_00004262,SITE_C,WF_V1,RARE_DISEASE,ROUTINE,2024-04-27T01:48:23Z,2024-05-04T04:18:28Z,1
CASE_00004263,SITE_C,WF_V1,ONCO_PANEL,ROUTINE,2024-05-07T03:21:18Z,2024-05-12T08:57:02Z,1
CASE_00004264,SITE_C,WF_V1,ONCO_PANEL,ROUTINE,2024-01-18T01:51:48Z,2024-01-25T05:46:34Z,1
CASE_00004265,SITE_C,WF_V1,ONCO_PANEL,STAT,2024-06-12T15:48:54Z,2024-06-15T09:04:22Z,1
CASE_00004266,SITE_C,WF_V1,RARE_DISEASE,ROUTINE,2024-07-24T13:49:29Z,2024-07-31T22:49:06Z,1
CASE_00004267,SITE_C,WF_V1,PHARMA,ROUTINE,2024-04-15T16:38:18Z,2024-04-21T05:39:03Z,1
CASE_00004268,SITE_C,WF_V1,ONCO_PANEL,ROUTINE,2024-05-30T04:46:30Z,2024-06-10T00:53:17Z,1
CASE_00004269,SITE_C,WF_V1,ONCO_PANEL,STAT,2024-07-17T23:35:12Z,2024-07-20T10:40:47Z,1
CASE_00004270,SITE_C,WF_V1,ONCO_PANEL,ROUTINE,2024-07-16T07:49:15Z,2024-07-21T09:32:53Z,1
CASE_00004271,SITE_C,WF_V1,ONCO_PANEL,ROUTINE,2024-06-13T01:39:43Z,2024-06-18T19:13:08Z,1
CASE_00004272,SITE_C,WF_V1,ONCO_PANEL,ROUTINE,2024-01-20T08:34:15Z,2024-01-26T07:23:32Z,1
CASE_00004273,SITE_C,WF_V1,RARE_DISEASE,ROUTINE,2024-02-25T04:00:46Z,2024-03-04T04:00:05Z,1
CASE_00004274,SITE_C,WF_V1,ONCO_PANEL,ROUTINE,2024-03-12T18:05:02Z,2024-03-20T09:08:30Z,1
CASE_00004275,SITE_C,WF_V1,ONCO_PANEL,ROUTINE,2024-01-18T11:11:07Z,2024-01-24T22:03:26Z,1
CASE_00004276,SITE_C,WF_V1,ONCO_PANEL,ROUTINE,2024-02-13T06:25:17Z,2024-02-18T14:34:52Z,1
CASE_00004277,SITE_C,WF_V1,PHARMA,ROUTINE,2024-05-31T04:02:58Z,2024-06-04T23:53:52Z,1
CASE_00004278,SITE_C,WF_V1,ONCO_PANEL,ROUTINE,2024-03-05T17:19:15Z,2024-03-11T21:13:18Z,1
CASE_00004279,SITE_C,WF_V1,ONCO_PANEL,ROUTINE,2024-06-01T08:48:33Z,2024-06-08T09:52:55Z,1
CASE_00004280,SITE_C,WF_V1,RARE_DISEASE,ROUTINE,2024-06-27T14:21:51Z,2024-07-05T08:28:59Z,1
CASE_00004281,SITE_C,WF_V1,RARE_DISEASE,ROUTINE,2024-05-04T10:44:54Z,2024-05-11T12:43:43Z,1
CASE_00004282,SITE_C,WF_V1,GERMLINE,ROUTINE,2024-02-04T14:13:00Z,2024-02-13T10:56:55Z,1
CASE_00004283,SITE_C,WF_V1,PHARMA,ROUTINE,2024-04-03T03:32:36Z,2024-04-10T00:17:22Z,1
CASE_00004284,SITE_C,WF_V1,ONCO_PANEL,ROUTINE,2024-04-07T18:41:06Z,2024-04-14T13:08:39Z,1
CASE_00004285,SITE_C,WF_V1,GERMLINE,ROUTINE,2024-07-28T17:12:32Z,2024-08-05T20:10:50Z,1
CASE_00004286,SITE_C,WF_V1,ONCO_PANEL,STAT,2024-01-23T06:46:02Z,2024-01-26T00:12:23Z,1
CASE_00004287,SITE_C,WF_V1,ONCO_PANEL,ROUTINE,2024-03-24T00:01:18Z,2024-03-29T09:58:18Z,1
CASE_00004288,SITE_C,WF_V1,ONCO_PANEL,ROUTINE,2024-02-28T06:26:07Z,2024-03-05T10:05:56Z,1
CASE_00004289,SITE_C,WF_V1,RARE_DISEASE,ROUTINE,2024-05-30T21:10:41Z,2024-06-07T17:19:55Z,1
CASE_00004290,SITE_C,WF_V1,PHARMA,ROUTINE,2024-03-24T06:17:13Z,2024-04-03T13:19:12Z,1
CASE_00004291,SITE_C,WF_V1,ONCO_PANEL,ROUTINE,2024-02-22T15:38:12Z,2024-03-01T10:39:35Z,1
CASE_00004292,SITE_C,WF_V1,RARE_DISEASE,ROUTINE,2024-06-18T21:56:48Z,2024-06-26T20:07:50Z,1
CASE_00004293,SITE_C,WF_V1,GERMLINE,ROUTINE,2024-04-11T11:34:43Z,2024-04-20T09:44:51Z,1
CASE_00004294,SITE_C,WF_V1,GERMLINE,STAT,2024-04-04T04:10:29Z,2024-04-08T03:32:30Z,1
CASE_00004295,SITE_C,WF_V1,ONCO_PANEL,ROUTINE,2024-04-23T22:22:13Z,2024-04-30T02:40:25Z,1
CASE_00004296,SITE_C,WF_V1,GERMLINE,ROUTINE,2024-02-13T02:14:59Z,2024-02-20T05:19:08Z,1
CASE_00004297,SITE_C,WF_V1,ONCO_PANEL,ROUTINE,2024-03-22T12:42:46Z,2024-03-27T16:56:44Z,1
CASE_00004298,SITE_C,WF_V1,ONCO_PANEL,ROUTINE,2024-04-03T21:46:25Z,2024-04-10T16:12:02Z,1
CASE_00004299,SITE_C,WF_V1,RARE_DISEASE,ROUTINE,2024-03-29T09:06:54Z,2024-04-07T16:00:50Z,1
CASE_00004300,SITE_C,WF_V1,ONCO_PANEL,ROUTINE,2024-05-15T08:49:24Z,2024-05-22T04:26:47Z,1
CASE_00004301,SITE_C,WF_V1,RARE_DISEASE,STAT,2024-07-21T17:32:08Z,2024-07-24T23:52:16Z,1
CASE_00004302,SITE_C,WF_V1,ONCO_PANEL,ROUTINE,2024-04-13T14:37:02Z,2024-04-20T20:46:30Z,1
CASE_00004303,SITE_C,WF_V1,GERMLINE,ROUTINE,2024-03-18T02:39:56Z,2024-03-26T03:30:05Z,1
CASE_00004304,SITE_C,WF_V1,ONCO_PANEL,ROUTINE,2024-03-16T14:09:52Z,2024-03-22T23:18:57Z,1
CASE_00004305,SITE_C,WF_V1,PHARMA,ROUTINE,2024-06-20T20:22:47Z,2024-06-26T01:18:25Z,1
CASE_00004306,SITE_C,WF_V1,ONCO_PANEL,ROUTINE,2024-06-21T03:52:21Z,2024-06-27T22:08:16Z,1
CASE_00004307,SITE_C,WF_V1,GERMLINE,ROUTINE,2024-01-20T00:07:11Z,2024-01-28T12:55:48Z,1
CASE_00004308,SITE_C,WF_V1,GERMLINE,ROUTINE,2024-05-08T05:06:15Z,2024-05-16T11:44:27Z,1
CASE_00004309,SITE_C,WF_V1,RARE_DISEASE,STAT,2024-06-09T15:24:41Z,2024-06-13T02:08:39Z,1
CASE_00004310,SITE_C,WF_V1,ONCO_PANEL,STAT,2024-02-19T22:30:02Z,2024-02-22T05:46:49Z,1
CASE_00004311,SITE_C,WF_V1,PHARMA,ROUTINE,2024-03-26T03:45:39Z,2024-03-31T08:18:58Z,1
CASE_00004312,SITE_C,WF_V1,ONCO_PANEL,ROUTINE,2024-02-18T05:11:38Z,2024-02-24T21:51:11Z,1
CASE_00004313,SITE_C,WF_V1,ONCO_PANEL,ROUTINE,2024-04-18T07:04:29Z,2024-04-24T12:59:13Z,1
CASE_00004314,SITE_C,WF_V1,ONCO_PANEL,ROUTINE,2024-03-25T05:05:14Z,2024-03-31T11:24:38Z,1
CASE_00004315,SITE_C,WF_V1,ONCO_PANEL,ROUTINE,2024-07-20T01:43:23Z,2024-07-27T09:58:12Z,1
CASE_00004316,SITE_C,WF_V1,RARE_DISEASE,STAT,2024-07-15T08:50:15Z,2024-07-18T10:24:59Z,1
CASE_00004317,SITE_C,WF_V1,RARE_DISEASE,STAT,2024-03-07T19:18:37Z,2024-03-11T18:21:13Z,1
CASE_00004318,SITE_C,WF_V1,ONCO_PANEL,ROUTINE,2024-05-19T18:20:38Z,2024-05-25T11:15:34Z,1
CASE_00004319,SITE_C,WF_V1,ONCO_PANEL,ROUTINE,2024-06-11T18:07:57Z,2024-06-18T16:19:59Z,1
CASE_00004320,SITE_C,WF_V1,GERMLINE,ROUTINE,2024-05-21T00:22:55Z,2024-05-28T03:47:41Z,1
CASE_00004321,SITE_C,WF_V1,RARE_DISEASE,ROUTINE,2024-02-10T05:45:33Z,2024-02-17T02:59:45Z,1
CASE_00004322,SITE_C,WF_V1,GERMLINE,ROUTINE,2024-06-15T12:06:19Z,2024-06-24T22:16:32Z,1
CASE_00004323,SITE_C,WF_V1,RARE_DISEASE,STAT,2024-07-31T22:43:06Z,2024-08-04T14:16:02Z,1
CASE_00004324,SITE_C,WF_V1,RARE_DISEASE,ROUTINE,2024-02-08T12:54:59Z,2024-02-16T15:56:04Z,1
CASE_00004325,SITE_C,WF_V1,GERMLINE,ROUTINE,2024-02-10T03:02:37Z,2024-02-18T07:06:37Z,1
CASE_00004326,SITE_C,WF_V1,ONCO_PANEL,ROUTINE,2024-02-27T00:25:47Z,2024-03-03T14:43:54Z,1
CASE_00004327,SITE_C,WF_V1,ONCO_PANEL,ROUTINE,2024-02-25T12:37:13Z,2024-03-02T13:49:00Z,1
CASE_00004328,SITE_C,WF_V1,ONCO_PANEL,ROUTINE,2024-04-26T09:58:38Z,2024-05-01T07:20:39Z,1
CASE_00004329,SITE_C,WF_V1,ONCO_PANEL,ROUTINE,2024-02-12T12:27:31Z,2024-02-17T03:31:24Z,1
CASE_00004330,SITE_C,WF_V1,ONCO_PANEL,ROUTINE,2024-01-30T10:39:34Z,2024-02-06T02:11:54Z,1
CASE_00004331,SITE_C,WF_V1,ONCO_PANEL,ROUTINE,2024-05-20T21:55:22Z,2024-05-27T20:41:41Z,1
CASE_00004332,SITE_C,WF_V1,RARE_DISEASE,ROUTINE,2024-08-01T15:00:17Z,2024-08-09T02:20:40Z,1
CASE_00004333,SITE_C,WF_V1,RARE_DISEASE,ROUTINE,2024-02-20T06:40:01Z,2024-02-26T11:24:14Z,1
CASE_00004334,SITE_C,WF_V1,ONCO_PANEL,ROUTINE,2024-06-04T14:52:24Z,2024-06-09T22:06:58Z,1
CASE_00004335,SITE_C,WF_V1,ONCO_PANEL,ROUTINE,2024-06-04T05:43:13Z,2024-06-12T16:47:19Z,1
CASE_00004336,SITE_C,WF_V1,ONCO_PANEL,ROUTINE,2024-03-29T17:30:37Z,2024-04-04T02:46:31Z,1
CASE_00004337,SITE_C,WF_V1,GERMLINE,ROUTINE,2024-03-17T06:39:05Z,2024-03-25T16:32:00Z,1
CASE_00004338,SITE_C,WF_V1,RARE_DISEASE,STAT,2024-04-25T00:43:18Z,2024-04-27T21:30:34Z,1
CASE_00004339,SITE_C,WF_V1,RARE_DISEASE,ROUTINE,2024-02-22T13:59:44Z,2024-03-04T22:51:56Z,1
CASE_00004340,SITE_C,WF_V1,ONCO_PANEL,ROUTINE,2024-02-28T03:46:27Z,2024-03-06T17:31:08Z,1
CASE_00004341,SITE_C,WF_V1,ONCO_PANEL,ROUTINE,2024-01-25T15:04:10Z,2024-01-31T15:57:50Z,1
CASE_00004342,SITE_C,WF_V1,GERMLINE,ROUTINE,2024-07-21T10:08:33Z,2024-07-30T14:34:28Z,1
CASE_00004343,SITE_C,WF_V1,ONCO_PANEL,ROUTINE,2024-01-18T09:32:19Z,2024-01-24T10:04:27Z,1
CASE_00004344,SITE_C,WF_V1,ONCO_PANEL,ROUTINE,2024-02-03T17:13:32Z,2024-02-11T06:19:25Z,1
CASE_00004345,SITE_C,WF_V1,RARE_DISEASE,ROUTINE,2024-03-07T00:23:00Z,2024-03-13T22:50:09Z,1
CASE_00004346,SITE_C,WF_V1,GERMLINE,ROUTINE,2024-03-13T21:19:56Z,2024-03-21T05:31:23Z,1
CASE_00004347,SITE_C,WF_V1,ONCO_PANEL,ROUTINE,2024-04-04T01:10:49Z,2024-04-10T23:27:53Z,1
CASE_00004348,SITE_C,WF_V1,RARE_DISEASE,ROUTINE,2024-05-29T05:37:20Z,2024-06-05T15:50:37Z,1
CASE_00004349,SITE_C,WF_V1,RARE_DISEASE,ROUTINE,2024-07-30T17:15:55Z,2024-08-09T14:17:43Z,1
CASE_00004350,SITE_C,WF_V1,RARE_DISEASE,ROUTINE,2024-05-28T13:11:37Z,2024-06-04T00:57:22Z,1
CASE_00004351,SITE_C,WF_V1,ONCO_PANEL,STAT,2024-04-18T04:34:14Z,2024-04-21T06:07:12Z,1
CASE_00004352,SITE_C,WF_V1,PHARMA,ROUTINE,2024-03-21T08:09:04Z,2024-03-27T18:48:37Z,1
CASE_00004353,SITE_C,WF_V1,RARE_DISEASE,ROUTINE,2024-07-28T11:40:12Z,2024-08-04T10:21:54Z,1
CASE_00004354,SITE_C,WF_V1,ONCO_PANEL,ROUTINE,2024-03-22T10:18:08Z,2024-03-27T20:28:10Z,1
CASE_00004355,SITE_C,WF_V1,GERMLINE,ROUTINE,2024-07-16T23:01:41Z,2024-07-25T22:22:22Z,1
CASE_00004356,SITE_C,WF_V1,ONCO_PANEL,ROUTINE,2024-05-01T04:10:19Z,2024-05-07T04:48:34Z,1
CASE_00004357,SITE_C,WF_V1,GERMLINE,ROUTINE,2024-02-24T12:08:29Z,2024-03-03T09:19:23Z,1
CASE_00004358,SITE_C,WF_V1,ONCO_PANEL,ROUTINE,2024-05-15T02:50:05Z,2024-05-20T20:40:34Z,1
CASE_00004359,SITE_C,WF_V1,GERMLINE,ROUTINE,2024-03-29T18:51:46Z,2024-04-04T21:59:55Z,1
CASE_00004360,SITE_C,WF_V1,RARE_DISEASE,ROUTINE,2024-05-23T02:42:44Z,2024-05-31T15:17:44Z,1
CASE_00004361,SITE_C,WF_V1,RARE_DISEASE,ROUTINE,2024-03-21T09:30:29Z,2024-03-27T13:17:08Z,1
CASE_00004362,SITE_C,WF_V1,ONCO_PANEL,ROUTINE,2024-05-01T08:25:45Z,2024-05-07T10:07:52Z,1
CASE_00004363,SITE_C,WF_V1,GERMLINE,ROUTINE,2024-05-23T08:29:31Z,2024-05-30T19:47:10Z,1
CASE_00004364,SITE_C,WF_V1,ONCO_PANEL,ROUTINE,2024-06-11T00:13:35Z,2024-06-16T12:26:07Z,1
CASE_00004365,SITE_C,WF_V1,RARE_DISEASE,ROUTINE,2024-05-29T03:11:37Z,2024-06-06T06:51:18Z,1
CASE_00004366,SITE_C,WF_V1,ONCO_PANEL,ROUTINE,2024-01-24T10:19:46Z,2024-01-30T09:02:02Z,1
CASE_00004367,SITE_C,WF_V1,RARE_DISEASE,STAT,2024-01-18T13:10:12Z,2024-01-22T05:34:58Z,1
CASE_00004368,SITE_C,WF_V1,ONCO_PANEL,ROUTINE,2024-03-22T16:32:46Z,2024-03-29T04:05:33Z,1
CASE_00004369,SITE_C,WF_V1,ONCO_PANEL,ROUTINE,2024-01-18T19:26:24Z,2024-01-24T09:05:07Z,1
CASE_00004370,SITE_C,WF_V1,GERMLINE,ROUTINE,2024-06-03T00:07:57Z,2024-06-11T18:37:33Z,1
CASE_00004371,SITE_C,WF_V1,ONCO_PANEL,ROUTINE,2024-07-18T21:33:20Z,2024-07-24T22:07:26Z,1
CASE_00004372,SITE_C,WF_V1,RARE_DISEASE,ROUTINE,2024-07-07T00:55:56Z,2024-07-13T10:00:10Z,1
CASE_00004373,SITE_C,WF_V1,ONCO_PANEL,ROUTINE,2024-03-16T04:16:20Z,2024-03-24T14:07:16Z,1
CASE_00004374,SITE_C,WF_V1,RARE_DISEASE,ROUTINE,2024-02-05T00:40:16Z,2024-02-12T04:06:12Z,1
CASE_00004375,SITE_C,WF_V1,RARE_DISEASE,ROUTINE,2024-05-28T12:25:30Z,2024-06-03T08:27:45Z,1
CASE_00004376,SITE_C,WF_V1,GERMLINE,STAT,2024-07-16T13:15:05Z,2024-07-19T09:30:04Z,1
CASE_00004377,SITE_C,WF_V1,ONCO_PANEL,ROUTINE,2024-06-22T05:38:50Z,2024-06-27T21:41:16Z,1
CASE_00004378,SITE_C,WF_V1,RARE_DISEASE,STAT,2024-03-17T05:41:13Z,2024-03-21T22:09:38Z,1
CASE_00004379,SITE_C,WF_V1,PHARMA,ROUTINE,2024-02-11T12:56:22Z,2024-02-18T02:55:35Z,1
CASE_00004380,SITE_C,WF_V1,GERMLINE,ROUTINE,2024-04-22T14:40:22Z,2024-05-01T08:15:55Z,1
CASE_00004381,SITE_C,WF_V1,RARE_DISEASE,ROUTINE,2024-07-31T17:48:17Z,2024-08-06T23:47:43Z,1
CASE_00004382,SITE_C,WF_V1,RARE_DISEASE,ROUTINE,2024-04-16T01:14:20Z,2024-04-22T16:44:09Z,1
CASE_00004383,SITE_C,WF_V1,ONCO_PANEL,STAT,2024-03-23T08:39:06Z,2024-03-26T13:13:13Z,1
CASE_00004384,SITE_C,WF_V1,ONCO_PANEL,ROUTINE,2024-02-25T19:03:57Z,2024-03-02T19:03:30Z,1
CASE_00004385,SITE_C,WF_V1,RARE_DISEASE,ROUTINE,2024-01-30T03:20:14Z,2024-02-06T01:22:36Z,1
CASE_00004386,SITE_C,WF_V1,ONCO_PANEL,ROUTINE,2024-05-11T21:20:20Z,2024-05-18T14:17:02Z,1
CASE_00004387,SITE_C,WF_V1,RARE_DISEASE,ROUTINE,2024-07-12T00:13:17Z,2024-07-19T18:13:35Z,1
CASE_00004388,SITE_C,WF_V1,ONCO_PANEL,ROUTINE,2024-06-15T15:18:44Z,2024-06-20T18:50:06Z,1
CASE_00004389,SITE_C,WF_V1,ONCO_PANEL,ROUTINE,2024-06-28T21:00:50Z,2024-07-05T10:49:27Z,1
CASE_00004390,SITE_C,WF_V1,ONCO_PANEL,STAT,2024-05-23T14:47:55Z,2024-05-26T08:06:45Z,1
CASE_00004391,SITE_C,WF_V1,RARE_DISEASE,ROUTINE,2024-04-16T20:48:46Z,2024-04-24T20:28:53Z,1
CASE_00004392,SITE_C,WF_V1,ONCO_PANEL,ROUTINE,2024-04-10T05:00:37Z,2024-04-16T12:06:34Z,1
CASE_00004393,SITE_C,WF_V1,RARE_DISEASE,ROUTINE,2024-06-03T11:00:21Z,2024-06-12T01:25:25Z,1
CASE_00004394,SITE_C,WF_V1,ONCO_PANEL,ROUTINE,2024-03-01T00:38:48Z,2024-03-06T18:50:10Z,1
CASE_00004395,SITE_C,WF_V2,GERMLINE,ROUTINE,2024-11-25T00:17:13Z,2024-11-30T20:03:57Z,1
CASE_00004396,SITE_C,WF_V2,RARE_DISEASE,ROUTINE,2024-09-20T00:13:43Z,2024-09-25T16:24:39Z,1
CASE_00004397,SITE_C,WF_V2,ONCO_PANEL,ROUTINE,2024-10-28T12:44:29Z,2024-11-02T07:06:31Z,1
CASE_00004398,SITE_C,WF_V2,ONCO_PANEL,ROUTINE,2024-09-01T08:50:57Z,2024-09-05T16:09:30Z,1
CASE_00004399,SITE_C,WF_V2,ONCO_PANEL,ROUTINE,2024-09-03T00:14:26Z,2024-09-07T20:46:13Z,1
CASE_00004400,SITE_C,WF_V2,RARE_DISEASE,ROUTINE,2024-11-28T18:50:20Z,2024-12-04T16:50:18Z,1
CASE_00004401,SITE_C,WF_V2,ONCO_PANEL,ROUTINE,2025-03-29T15:24:38Z,2025-04-04T16:33:22Z,1
CASE_00004402,SITE_C,WF_V2,ONCO_PANEL,STAT,2025-03-06T14:46:40Z,2025-03-08T10:38:24Z,1
CASE_00004403,SITE_C,WF_V2,ONCO_PANEL,ROUTINE,2025-01-27T13:02:47Z,2025-02-02T22:30:08Z,1
CASE_00004404,SITE_C,WF_V2,PHARMA,ROUTINE,2025-03-09T06:48:45Z,2025-03-13T23:33:13Z,1
CASE_00004405,SITE_C,WF_V2,GERMLINE,ROUTINE,2024-09-18T19:49:56Z,2024-09-26T02:32:30Z,1
CASE_00004406,SITE_C,WF_V2,GERMLINE,ROUTINE,2025-02-01T11:43:06Z,2025-02-08T15:50:43Z,1
CASE_00004407,SITE_C,WF_V2,GERMLINE,STAT,2024-09-20T06:02:00Z,2024-09-22T18:59:19Z,1
CASE_00004408,SITE_C,WF_V2,GERMLINE,ROUTINE,2025-02-05T05:54:33Z,2025-02-12T11:17:24Z,1
CASE_00004409,SITE_C,WF_V2,ONCO_PANEL,ROUTINE,2024-09-24T00:45:19Z,2024-09-29T10:58:42Z,1
CASE_00004410,SITE_C,WF_V2,GERMLINE,ROUTINE,2024-12-04T18:05:39Z,2024-12-10T00:39:20Z,1
CASE_00004411,SITE_C,WF_V2,ONCO_PANEL,ROUTINE,2025-04-14T15:03:50Z,2025-04-18T15:41:30Z,1
CASE_00004412,SITE_C,WF_V2,RARE_DISEASE,ROUTINE,2025-04-25T03:20:14Z,2025-05-02T13:46:25Z,1
CASE_00004413,SITE_C,WF_V2,RARE_DISEASE,ROUTINE,2025-02-24T13:00:11Z,2025-03-02T23:30:30Z,1
CASE_00004414,SITE_C,WF_V2,RARE_DISEASE,ROUTINE,2024-10-22T03:16:22Z,2024-10-27T20:10:17Z,1
CASE_00004415,SITE_C,WF_V2,PHARMA,ROUTINE,2025-02-25T19:37:31Z,2025-03-01T15:37:41Z,1
CASE_00004416,SITE_C,WF_V2,RARE_DISEASE,ROUTINE,2024-10-13T15:22:37Z,2024-10-21T05:07:18Z,1
CASE_00004417,SITE_C,WF_V2,PHARMA,ROUTINE,2024-09-07T23:23:08Z,2024-09-12T17:04:14Z,1
CASE_00004418,SITE_C,WF_V2,ONCO_PANEL,ROUTINE,2024-09-01T13:34:28Z,2024-09-05T21:32:55Z,1
CASE_00004419,SITE_C,WF_V2,GERMLINE,STAT,2025-03-17T01:58:16Z,2025-03-19T17:11:35Z,1
CASE_00004420,SITE_C,WF_V2,ONCO_PANEL,ROUTINE,2025-01-01T07:16:24Z,2025-01-06T18:02:24Z,1
CASE_00004421,SITE_C,WF_V2,RARE_DISEASE,ROUTINE,2024-09-27T20:50:12Z,2024-10-03T14:04:30Z,1
CASE_00004422,SITE_C,WF_V2,PHARMA,ROUTINE,2024-09-30T09:12:54Z,2024-10-04T04:45:38Z,1
CASE_00004423,SITE_C,WF_V2,RARE_DISEASE,ROUTINE,2024-12-04T13:50:19Z,2024-12-10T08:54:57Z,1
CASE_00004424,SITE_C,WF_V2,ONCO_PANEL,ROUTINE,2024-09-05T01:26:49Z,2024-09-10T00:22:38Z,1
CASE_00004425,SITE_C,WF_V2,PHARMA,ROUTINE,2024-11-07T15:40:24Z,2024-11-12T00:08:28Z,1
CASE_00004426,SITE_C,WF_V2,ONCO_PANEL,ROUTINE,2025-01-22T14:36:50Z,2025-01-28T03:59:55Z,1
CASE_00004427,SITE_C,WF_V2,ONCO_PANEL,ROUTINE,2024-09-10T15:39:33Z,2024-09-15T04:45:57Z,1
CASE_00004428,SITE_C,WF_V2,ONCO_PANEL,ROUTINE,2025-04-15T05:02:05Z,2025-04-19T22:48:48Z,1
CASE_00004429,SITE_C,WF_V2,RARE_DISEASE,ROUTINE,2024-12-23T18:50:42Z,2024-12-29T14:02:58Z,1
CASE_00004430,SITE_C,WF_V2,ONCO_PANEL,ROUTINE,2025-02-27T05:44:06Z,2025-03-03T20:33:35Z,1
CASE_00004431,SITE_C,WF_V2,GERMLINE,ROUTINE,2025-03-30T16:05:56Z,2025-04-07T03:56:34Z,1
CASE_00004432,SITE_C,WF_V2,ONCO_PANEL,ROUTINE,2024-09-08T02:43:32Z,2024-09-11T15:06:39Z,1
CASE_00004433,SITE_C,WF_V2,RARE_DISEASE,ROUTINE,2024-12-05T02:14:05Z,2024-12-11T11:22:31Z,1
CASE_00004434,SITE_C,WF_V2,ONCO_PANEL,STAT,2024-09-29T19:57:41Z,2024-10-01T23:31:44Z,1
CASE_00004435,SITE_C,WF_V2,ONCO_PANEL,ROUTINE,2025-01-12T04:13:13Z,2025-01-16T21:18:52Z,1
CASE_00004436,SITE_C,WF_V2,ONCO_PANEL,ROUTINE,2024-11-05T11:15:08Z,2024-11-11T02:55:46Z,1
CASE_00004437,SITE_C,WF_V2,RARE_DISEASE,ROUTINE,2025-03-28T09:19:59Z,2025-04-03T14:13:02Z,1
CASE_00004438,SITE_C,WF_V2,ONCO_PANEL,STAT,2025-04-02T22:07:07Z,2025-04-04T18:04:57Z,1
CASE_00004439,SITE_C,WF_V2,PHARMA,STAT,2025-03-26T20:03:24Z,2025-03-28T17:46:38Z,1
CASE_00004440,SITE_C,WF_V2,GERMLINE,ROUTINE,2024-10-08T13:42:13Z,2024-10-15T17:49:58Z,1
CASE_00004441,SITE_C,WF_V2,ONCO_PANEL,ROUTINE,2025-01-10T13:09:39Z,2025-01-15T16:17:16Z,1
CASE_00004442,SITE_C,WF_V2,GERMLINE,ROUTINE,2024-12-17T03:05:07Z,2024-12-23T17:51:41Z,1
CASE_00004443,SITE_C,WF_V2,GERMLINE,ROUTINE,2025-01-02T12:06:24Z,2025-01-08T05:22:12Z,1
CASE_00004444,SITE_C,WF_V2,ONCO_PANEL,STAT,2024-12-28T13:26:42Z,2024-12-30T20:52:02Z,1
CASE_00004445,SITE_C,WF_V2,GERMLINE,ROUTINE,2025-01-19T00:35:18Z,2025-01-25T10:30:54Z,1
CASE_00004446,SITE_C,WF_V2,RARE_DISEASE,ROUTINE,2024-10-18T05:54:48Z,2024-10-24T09:06:30Z,1
CASE_00004447,SITE_C,WF_V2,RARE_DISEASE,ROUTINE,2024-11-27T11:34:57Z,2024-12-03T00:13:21Z,1
CASE_00004448,SITE_C,WF_V2,PHARMA,ROUTINE,2025-03-13T23:56:24Z,2025-03-17T08:46:32Z,1
CASE_00004449,SITE_C,WF_V2,ONCO_PANEL,STAT,2025-04-24T09:52:59Z,2025-04-26T12:23:11Z,1
CASE_00004450,SITE_C,WF_V2,ONCO_PANEL,ROUTINE,2024-09-12T17:13:00Z,2024-09-17T23:43:03Z,1
CASE_00004451,SITE_C,WF_V2,ONCO_PANEL,ROUTINE,2024-12-27T10:47:15Z,2025-01-01T00:33:33Z,1
CASE_00004452,SITE_C,WF_V2,GERMLINE,ROUTINE,2025-04-20T19:13:29Z,2025-04-26T21:17:50Z,1
CASE_00004453,SITE_C,WF_V2,PHARMA,ROUTINE,2024-09-01T09:18:22Z,2024-09-05T06:50:41Z,1
CASE_00004454,SITE_C,WF_V2,GERMLINE,STAT,2024-10-31T13:51:07Z,2024-11-03T12:52:58Z,1
CASE_00004455,SITE_C,WF_V2,GERMLINE,ROUTINE,2024-11-20T19:32:23Z,2024-11-27T04:19:22Z,1
CASE_00004456,SITE_C,WF_V2,PHARMA,ROUTINE,2024-10-29T21:48:09Z,2024-11-03T03:46:43Z,1
CASE_00004457,SITE_C,WF_V2,RARE_DISEASE,ROUTINE,2025-03-03T10:17:37Z,2025-03-10T14:21:05Z,1
CASE_00004458,SITE_C,WF_V2,ONCO_PANEL,ROUTINE,2025-03-13T08:23:16Z,2025-03-19T07:09:10Z,1
CASE_00004459,SITE_C,WF_V2,RARE_DISEASE,ROUTINE,2024-12-21T05:04:49Z,2024-12-27T20:27:28Z,1
CASE_00004460,SITE_C,WF_V2,ONCO_PANEL,ROUTINE,2025-02-13T15:22:15Z,2025-02-17T23:35:52Z,1
CASE_00004461,SITE_C,WF_V2,RARE_DISEASE,ROUTINE,2025-02-20T03:28:11Z,2025-03-02T04:27:09Z,1
CASE_00004462,SITE_C,WF_V2,ONCO_PANEL,STAT,2024-09-30T05:06:29Z,2024-10-02T01:23:44Z,1
CASE_00004463,SITE_C,WF_V2,RARE_DISEASE,ROUTINE,2024-11-26T09:52:22Z,2024-12-02T05:30:50Z,1
CASE_00004464,SITE_C,WF_V2,ONCO_PANEL,ROUTINE,2024-11-03T00:29:48Z,2024-11-07T00:33:12Z,1
CASE_00004465,SITE_C,WF_V2,ONCO_PANEL,ROUTINE,2025-04-12T17:24:10Z,2025-04-17T07:44:31Z,1
CASE_00004466,SITE_C,WF_V2,RARE_DISEASE,ROUTINE,2025-01-22T11:29:28Z,2025-01-28T16:39:06Z,1
CASE_00004467,SITE_C,WF_V2,RARE_DISEASE,ROUTINE,2024-10-29T01:20:35Z,2024-11-04T21:26:05Z,1
CASE_00004468,SITE_C,WF_V2,GERMLINE,ROUTINE,2025-01-27T17:35:32Z,2025-02-03T05:50:52Z,1
CASE_00004469,SITE_C,WF_V2,ONCO_PANEL,STAT,2024-12-29T23:24:58Z,2024-12-31T14:23:19Z,1
CASE_00004470,SITE_C,WF_V2,ONCO_PANEL,ROUTINE,2024-10-12T00:48:43Z,2024-10-17T12:30:29Z,1
CASE_00004471,SITE_C,WF_V2,RARE_DISEASE,ROUTINE,2025-04-30T21:41:35Z,2025-05-07T14:13:36Z,1
CASE_00004472,SITE_C,WF_V2,PHARMA,ROUTINE,2025-02-18T12:10:29Z,2025-02-23T10:59:54Z,1
CASE_00004473,SITE_C,WF_V2,ONCO_PANEL,ROUTINE,2024-11-14T08:51:04Z,2024-11-20T05:25:40Z,1
CASE_00004474,SITE_C,WF_V2,PHARMA,ROUTINE,2024-10-23T17:03:18Z,2024-10-28T01:45:21Z,1
CASE_00004475,SITE_C,WF_V2,ONCO_PANEL,ROUTINE,2024-11-04T11:56:29Z,2024-11-09T12:06:51Z,1
CASE_00004476,SITE_C,WF_V2,ONCO_PANEL,STAT,2024-11-24T18:26:46Z,2024-11-27T01:57:58Z,1
CASE_00004477,SITE_C,WF_V2,ONCO_PANEL,ROUTINE,2025-01-24T17:00:29Z,2025-01-30T10:04:22Z,1
CASE_00004478,SITE_C,WF_V2,RARE_DISEASE,STAT,2024-11-20T18:18:01Z,2024-11-24T00:33:35Z,1
CASE_00004479,SITE_C,WF_V2,GERMLINE,ROUTINE,2025-02-22T21:44:38Z,2025-02-28T19:39:16Z,1
CASE_00004480,SITE_C,WF_V2,PHARMA,ROUTINE,2025-01-02T04:27:15Z,2025-01-05T16:01:26Z,1
CASE_00004481,SITE_C,WF_V2,RARE_DISEASE,ROUTINE,2024-10-19T11:52:10Z,2024-10-25T16:27:27Z,1
CASE_00004482,SITE_C,WF_V2,ONCO_PANEL,ROUTINE,2024-09-28T11:35:26Z,2024-10-03T08:12:13Z,1
CASE_00004483,SITE_C,WF_V2,GERMLINE,ROUTINE,2025-03-10T05:43:47Z,2025-03-16T07:34:22Z,1
CASE_00004484,SITE_C,WF_V2,ONCO_PANEL,ROUTINE,2025-01-05T10:16:03Z,2025-01-10T03:33:36Z,1
CASE_00004485,SITE_C,WF_V2,ONCO_PANEL,STAT,2025-02-28T01:43:43Z,2025-03-02T02:07:59Z,1
CASE_00004486,SITE_C,WF_V2,RARE_DISEASE,ROUTINE,2025-04-16T04:34:51Z,2025-04-22T02:13:12Z,1
CASE_00004487,SITE_C,WF_V2,RARE_DISEASE,ROUTINE,2025-01-23T05:17:40Z,2025-01-29T03:42:49Z,1
CASE_00004488,SITE_C,WF_V2,ONCO_PANEL,ROUTINE,2025-03-28T13:42:58Z,2025-04-02T10:08:41Z,1
CASE_00004489,SITE_C,WF_V2,ONCO_PANEL,ROUTINE,2025-02-25T07:28:57Z,2025-03-02T18:36:12Z,1
CASE_00004490,SITE_C,WF_V2,RARE_DISEASE,ROUTINE,2025-04-09T10:25:39Z,2025-04-15T14:43:52Z,1
CASE_00004491,SITE_C,WF_V2,RARE_DISEASE,ROUTINE,2024-12-18T08:13:15Z,2024-12-23T18:39:42Z,1
CASE_00004492,SITE_C,WF_V2,GERMLINE,ROUTINE,2024-12-27T02:43:01Z,2025-01-02T14:07:54Z,1
CASE_00004493,SITE_C,WF_V2,ONCO_PANEL,ROUTINE,2025-03-25T01:19:29Z,2025-03-29T08:43:02Z,1
CASE_00004494,SITE_C,WF_V2,RARE_DISEASE,STAT,2025-02-21T18:41:01Z,2025-02-24T16:39:54Z,1
CASE_00004495,SITE_C,WF_V2,PHARMA,ROUTINE,2024-11-11T17:11:59Z,2024-11-16T03:16:27Z,1
CASE_00004496,SITE_C,WF_V2,GERMLINE,ROUTINE,2025-04-16T18:10:11Z,2025-04-22T14:42:32Z,1
CASE_00004497,SITE_C,WF_V2,PHARMA,ROUTINE,2024-12-15T20:03:40Z,2024-12-20T05:52:09Z,1
CASE_00004498,SITE_C,WF_V2,GERMLINE,STAT,2025-04-06T19:08:31Z,2025-04-09T23:47:32Z,1
CASE_00004499,SITE_C,WF_V2,ONCO_PANEL,ROUTINE,2025-04-25T20:51:07Z,2025-05-01T10:40:29Z,1
CASE_00004500,SITE_C,WF_V2,RARE_DISEASE,ROUTINE,2024-12-07T17:33:44Z,2024-12-13T12:56:20Z,1
CASE_00004501,SITE_C,WF_V2,PHARMA,ROUTINE,2025-01-03T18:59:01Z,2025-01-08T12:20:44Z,1
CASE_00004502,SITE_C,WF_V2,RARE_DISEASE,ROUTINE,2024-09-11T07:45:53Z,2024-09-17T05:59:39Z,1
CASE_00004503,SITE_C,WF_V2,RARE_DISEASE,ROUTINE,2024-11-20T10:14:23Z,2024-11-26T21:37:06Z,1
CASE_00004504,SITE_C,WF_V2,RARE_DISEASE,ROUTINE,2024-11-10T01:03:35Z,2024-11-16T03:34:20Z,1
CASE_00004505,SITE_C,WF_V2,GERMLINE,ROUTINE,2024-12-01T03:06:09Z,2024-12-06T20:27:58Z,1
CASE_00004506,SITE_C,WF_V2,ONCO_PANEL,ROUTINE,2025-01-09T12:31:19Z,2025-01-14T14:05:52Z,1
CASE_00004507,SITE_C,WF_V2,RARE_DISEASE,ROUTINE,2025-02-10T21:31:25Z,2025-02-17T01:16:35Z,1
CASE_00004508,SITE_C,WF_V2,ONCO_PANEL,ROUTINE,2024-11-18T06:18:44Z,2024-11-25T00:46:09Z,1
CASE_00004509,SITE_C,WF_V2,RARE_DISEASE,ROUTINE,2025-02-02T03:11:27Z,2025-02-08T21:04:39Z,1
CASE_00004510,SITE_C,WF_V2,PHARMA,ROUTINE,2024-09-29T23:02:34Z,2024-10-04T17:24:29Z,1
CASE_00004511,SITE_C,WF_V2,GERMLINE,STAT,2025-01-23T10:58:19Z,2025-01-26T06:23:40Z,1
CASE_00004512,SITE_C,WF_V2,RARE_DISEASE,ROUTINE,2024-11-25T01:27:10Z,2024-12-01T15:40:40Z,1
CASE_00004513,SITE_C,WF_V2,ONCO_PANEL,ROUTINE,2025-04-07T17:57:28Z,2025-04-12T14:43:46Z,1
CASE_00004514,SITE_C,WF_V2,ONCO_PANEL,ROUTINE,2024-12-08T01:32:23Z,2024-12-15T05:15:19Z,1
CASE_00004515,SITE_C,WF_V2,GERMLINE,ROUTINE,2025-02-09T20:32:52Z,2025-02-15T18:51:22Z,1
CASE_00004516,SITE_C,WF_V2,GERMLINE,ROUTINE,2025-04-22T09:08:39Z,2025-04-27T12:49:49Z,1
CASE_00004517,SITE_C,WF_V2,ONCO_PANEL,STAT,2025-01-14T13:15:40Z,2025-01-17T02:50:29Z,1
CASE_00004518,SITE_C,WF_V2,PHARMA,STAT,2024-11-07T08:51:52Z,2024-11-09T07:12:45Z,1
CASE_00004519,SITE_C,WF_V2,RARE_DISEASE,STAT,2024-10-09T05:18:52Z,2024-10-11T22:01:49Z,1
CASE_00004520,SITE_C,WF_V2,RARE_DISEASE,ROUTINE,2025-01-01T17:33:16Z,2025-01-08T12:18:45Z,1
CASE_00004521,SITE_C,WF_V2,RARE_DISEASE,ROUTINE,2024-11-12T20:15:43Z,2024-11-18T00:28:14Z,1
CASE_00004522,SITE_C,WF_V2,ONCO_PANEL,STAT,2024-11-13T14:19:52Z,2024-11-16T10:42:00Z,1
CASE_00004523,SITE_C,WF_V2,ONCO_PANEL,STAT,2024-11-25T13:12:51Z,2024-11-28T17:58:17Z,1
CASE_00004524,SITE_C,WF_V2,RARE_DISEASE,ROUTINE,2025-04-16T20:54:28Z,2025-04-21T17:28:42Z,1
CASE_00004525,SITE_C,WF_V2,ONCO_PANEL,ROUTINE,2025-03-03T22:06:58Z,2025-03-08T20:05:45Z,1
CASE_00004526,SITE_C,WF_V2,ONCO_PANEL,ROUTINE,2024-11-08T20:41:47Z,2024-11-13T14:19:59Z,1
CASE_00004527,SITE_C,WF_V2,GERMLINE,STAT,2025-03-10T13:04:56Z,2025-03-13T08:48:55Z,1
CASE_00004528,SITE_C,WF_V2,ONCO_PANEL,ROUTINE,2025-02-23T08:24:42Z,2025-02-27T14:44:42Z,1
CASE_00004529,SITE_C,WF_V2,ONCO_PANEL,ROUTINE,2024-09-21T22:13:58Z,2024-09-26T07:07:38Z,1
CASE_00004530,SITE_C,WF_V2,ONCO_PANEL,ROUTINE,2025-02-06T21:36:55Z,2025-02-13T10:25:03Z,1
CASE_00004531,SITE_C,WF_V2,ONCO_PANEL,STAT,2025-03-03T02:40:49Z,2025-03-05T07:27:54Z,1
CASE_00004532,SITE_C,WF_V2,GERMLINE,STAT,2025-02-01T07:50:16Z,2025-02-04T11:52:55Z,1
CASE_00004533,SITE_C,WF_V2,ONCO_PANEL,STAT,2024-09-07T06:31:32Z,2024-09-10T00:28:06Z,1
CASE_00004534,SITE_C,WF_V2,RARE_DISEASE,ROUTINE,2024-11-05T17:43:23Z,2024-11-10T11:50:17Z,1
CASE_00004535,SITE_C,WF_V2,GERMLINE,ROUTINE,2024-12-16T09:12:56Z,2024-12-23T11:11:01Z,1
CASE_00004536,SITE_C,WF_V2,RARE_DISEASE,ROUTINE,2025-02-06T20:37:49Z,2025-02-13T03:54:14Z,1
CASE_00004537,SITE_C,WF_V2,GERMLINE,STAT,2025-03-30T06:53:45Z,2025-04-01T17:49:58Z,1
CASE_00004538,SITE_C,WF_V2,ONCO_PANEL,ROUTINE,2025-02-07T01:05:15Z,2025-02-11T16:04:24Z,1
CASE_00004539,SITE_C,WF_V2,GERMLINE,STAT,2025-04-03T02:00:53Z,2025-04-05T22:41:04Z,1
CASE_00004540,SITE_C,WF_V2,PHARMA,ROUTINE,2024-12-12T17:22:04Z,2024-12-16T16:10:31Z,1
CASE_00004541,SITE_C,WF_V2,ONCO_PANEL,ROUTINE,2024-11-03T09:39:33Z,2024-11-09T10:39:52Z,1
CASE_00004542,SITE_C,WF_V2,GERMLINE,ROUTINE,2025-04-03T18:12:22Z,2025-04-08T19:56:08Z,1
CASE_00004543,SITE_C,WF_V2,RARE_DISEASE,ROUTINE,2024-12-06T14:43:12Z,2024-12-13T07:03:40Z,1
CASE_00004544,SITE_C,WF_V2,GERMLINE,ROUTINE,2025-03-30T22:45:14Z,2025-04-07T02:16:42Z,1
CASE_00004545,SITE_C,WF_V2,ONCO_PANEL,ROUTINE,2024-09-19T10:34:44Z,2024-09-24T15:30:08Z,1
CASE_00004546,SITE_C,WF_V2,RARE_DISEASE,ROUTINE,2025-04-07T20:30:34Z,2025-04-14T10:08:41Z,1
CASE_00004547,SITE_C,WF_V2,GERMLINE,ROUTINE,2024-09-25T05:46:08Z,2024-10-01T01:46:27Z,1
CASE_00004548,SITE_C,WF_V2,RARE_DISEASE,ROUTINE,2024-09-09T14:53:53Z,2024-09-16T10:07:48Z,1
CASE_00004549,SITE_C,WF_V2,ONCO_PANEL,ROUTINE,2025-03-13T18:24:02Z,2025-03-18T18:48:38Z,1
CASE_00004550,SITE_C,WF_V2,ONCO_PANEL,ROUTINE,2025-02-21T21:24:27Z,2025-02-26T20:24:51Z,1
CASE_00004551,SITE_C,WF_V2,ONCO_PANEL,ROUTINE,2025-04-17T02:02:25Z,2025-04-22T10:35:12Z,1
CASE_00004552,SITE_C,WF_V2,GERMLINE,ROUTINE,2024-11-10T12:44:24Z,2024-11-17T16:22:11Z,1
CASE_00004553,SITE_C,WF_V2,RARE_DISEASE,STAT,2025-02-21T04:32:47Z,2025-02-23T20:42:02Z,1
CASE_00004554,SITE_C,WF_V2,ONCO_PANEL,STAT,2025-04-09T02:15:11Z,2025-04-11T06:48:28Z,1
CASE_00004555,SITE_C,WF_V2,ONCO_PANEL,ROUTINE,2025-02-19T17:17:45Z,2025-02-25T12:01:46Z,1
CASE_00004556,SITE_C,WF_V2,ONCO_PANEL,ROUTINE,2024-11-01T23:49:10Z,2024-11-06T14:46:04Z,1
CASE_00004557,SITE_C,WF_V2,RARE_DISEASE,STAT,2025-03-06T22:37:12Z,2025-03-09T09:17:05Z,1
CASE_00004558,SITE_C,WF_V2,RARE_DISEASE,ROUTINE,2025-01-29T10:20:26Z,2025-02-06T23:33:49Z,1
CASE_00004559,SITE_C,WF_V2,GERMLINE,ROUTINE,2025-02-27T19:45:17Z,2025-03-07T11:43:53Z,1
CASE_00004560,SITE_C,WF_V2,GERMLINE,ROUTINE,2025-01-11T09:20:24Z,2025-01-19T03:38:40Z,1
CASE_00004561,SITE_C,WF_V2,GERMLINE,STAT,2024-12-11T16:01:53Z,2024-12-15T03:32:44Z,1
CASE_00004562,SITE_C,WF_V2,GERMLINE,STAT,2024-11-05T05:40:07Z,2024-11-10T00:47:23Z,1
CASE_00004563,SITE_C,WF_V2,GERMLINE,ROUTINE,2024-11-11T05:51:00Z,2024-11-16T03:17:11Z,1
CASE_00004564,SITE_C,WF_V2,GERMLINE,ROUTINE,2025-04-29T21:34:43Z,2025-05-05T21:55:49Z,1
CASE_00004565,SITE_C,WF_V2,ONCO_PANEL,STAT,2024-11-03T08:14:10Z,2024-11-05T20:25:24Z,1
CASE_00004566,SITE_C,WF_V2,RARE_DISEASE,ROUTINE,2025-01-26T13:33:07Z,2025-01-31T12:02:43Z,1
CASE_00004567,SITE_C,WF_V2,PHARMA,ROUTINE,2024-10-27T12:48:52Z,2024-10-31T20:50:56Z,1
CASE_00004568,SITE_C,WF_V2,ONCO_PANEL,ROUTINE,2025-03-17T22:04:09Z,2025-03-23T10:33:13Z,1
CASE_00004569,SITE_C,WF_V2,ONCO_PANEL,STAT,2024-09-20T17:06:16Z,2024-09-22T23:02:30Z,1
CASE_00004570,SITE_C,WF_V2,ONCO_PANEL,ROUTINE,2024-11-29T03:58:33Z,2024-12-03T11:07:47Z,1
CASE_00004571,SITE_C,WF_V2,ONCO_PANEL,ROUTINE,2025-02-21T00:44:35Z,2025-02-26T03:58:48Z,1
CASE_00004572,SITE_C,WF_V2,RARE_DISEASE,STAT,2024-11-23T18:29:33Z,2024-11-26T11:31:29Z,1
CASE_00004573,SITE_C,WF_V2,RARE_DISEASE,ROUTINE,2024-12-16T22:53:08Z,2024-12-22T07:27:32Z,1
CASE_00004574,SITE_C,WF_V2,ONCO_PANEL,ROUTINE,2024-10-18T07:59:01Z,2024-10-21T20:03:45Z,1
CASE_00004575,SITE_C,WF_V2,GERMLINE,ROUTINE,2024-09-08T04:35:34Z,2024-09-15T03:44:49Z,1
CASE_00004576,SITE_C,WF_V2,PHARMA,ROUTINE,2025-02-20T02:48:03Z,2025-02-24T07:49:24Z,1
CASE_00004577,SITE_C,WF_V2,ONCO_PANEL,STAT,2024-10-29T16:15:42Z,2024-10-31T15:43:48Z,1
CASE_00004578,SITE_C,WF_V2,RARE_DISEASE,ROUTINE,2025-02-13T05:58:28Z,2025-02-19T05:33:05Z,1
CASE_00004579,SITE_C,WF_V2,RARE_DISEASE,ROUTINE,2024-10-22T11:26:47Z,2024-10-29T20:44:34Z,1
CASE_00004580,SITE_C,WF_V2,ONCO_PANEL,ROUTINE,2025-01-03T09:14:08Z,2025-01-07T12:09:35Z,1
CASE_00004581,SITE_C,WF_V2,GERMLINE,ROUTINE,2024-10-16T12:26:23Z,2024-10-23T06:29:28Z,1
CASE_00004582,SITE_C,WF_V2,ONCO_PANEL,ROUTINE,2025-04-09T18:56:11Z,2025-04-15T05:25:22Z,1
CASE_00004583,SITE_C,WF_V2,PHARMA,STAT,2024-12-29T16:06:07Z,2024-12-31T05:16:05Z,1
CASE_00004584,SITE_C,WF_V2,RARE_DISEASE,STAT,2025-04-24T21:28:17Z,2025-04-27T19:16:45Z,1
CASE_00004585,SITE_C,WF_V2,GERMLINE,STAT,2025-02-18T04:06:29Z,2025-02-22T05:38:43Z,1
CASE_00004586,SITE_C,WF_V2,RARE_DISEASE,ROUTINE,2025-03-01T15:30:39Z,2025-03-08T05:03:49Z,1
CASE_00004587,SITE_C,WF_V2,ONCO_PANEL,ROUTINE,2024-09-22T08:43:07Z,2024-09-28T03:41:54Z,1
CASE_00004588,SITE_C,WF_V2,RARE_DISEASE,ROUTINE,2025-01-24T22:00:32Z,2025-01-31T02:16:07Z,1
CASE_00004589,SITE_C,WF_V2,ONCO_PANEL,ROUTINE,2025-02-25T21:48:49Z,2025-03-03T15:02:44Z,1
CASE_00004590,SITE_C,WF_V2,ONCO_PANEL,STAT,2025-01-22T06:35:52Z,2025-01-24T10:34:55Z,1
CASE_00004591,SITE_C,WF_V2,ONCO_PANEL,STAT,2025-01-02T09:52:40Z,2025-01-04T11:13:12Z,1
CASE_00004592,SITE_C,WF_V2,GERMLINE,STAT,2024-09-20T23:28:33Z,2024-09-23T09:58:41Z,1
CASE_00004593,SITE_C,WF_V2,RARE_DISEASE,ROUTINE,2025-04-29T18:57:47Z,2025-05-07T21:10:35Z,1
CASE_00004594,SITE_C,WF_V2,RARE_DISEASE,ROUTINE,2024-09-25T09:22:04Z,2024-10-01T11:24:28Z,1
CASE_00004595,SITE_C,WF_V2,RARE_DISEASE,ROUTINE,2024-11-26T18:28:32Z,2024-12-03T17:17:08Z,1
CASE_00004596,SITE_C,WF_V2,ONCO_PANEL,ROUTINE,2025-02-10T11:34:01Z,2025-02-15T22:56:02Z,1
CASE_00004597,SITE_C,WF_V2,ONCO_PANEL,ROUTINE,2024-11-30T09:57:49Z,2024-12-04T22:47:10Z,1
CASE_00004598,SITE_C,WF_V2,ONCO_PANEL,ROUTINE,2025-03-05T18:55:59Z,2025-03-10T12:59:08Z,1
CASE_00004599,SITE_C,WF_V2,GERMLINE,ROUTINE,2024-10-10T21:50:15Z,2024-10-16T15:11:42Z,1
CASE_00004600,SITE_C,WF_V2,PHARMA,ROUTINE,2024-09-30T05:20:17Z,2024-10-05T09:09:50Z,1
CASE_00004601,SITE_C,WF_V2,GERMLINE,ROUTINE,2024-11-02T07:20:46Z,2024-11-08T07:47:49Z,1
CASE_00004602,SITE_C,WF_V2,ONCO_PANEL,ROUTINE,2024-11-18T15:36:12Z,2024-11-22T22:53:51Z,1
CASE_00004603,SITE_C,WF_V2,GERMLINE,ROUTINE,2025-02-13T13:42:53Z,2025-02-19T01:48:27Z,1
CASE_00004604,SITE_C,WF_V2,ONCO_PANEL,ROUTINE,2024-10-12T19:28:34Z,2024-10-18T21:10:39Z,1
CASE_00004605,SITE_C,WF_V2,RARE_DISEASE,ROUTINE,2025-02-06T07:32:33Z,2025-02-12T00:14:27Z,1
CASE_00004606,SITE_C,WF_V2,ONCO_PANEL,ROUTINE,2024-09-28T03:00:08Z,2024-10-02T23:03:23Z,1
CASE_00004607,SITE_C,WF_V2,ONCO_PANEL,ROUTINE,2024-09-29T22:54:57Z,2024-10-04T12:16:05Z,1
CASE_00004608,SITE_C,WF_V2,GERMLINE,ROUTINE,2025-02-14T06:10:52Z,2025-02-20T20:16:41Z,1
CASE_00004609,SITE_C,WF_V2,PHARMA,ROUTINE,2025-01-12T18:17:03Z,2025-01-16T20:22:04Z,1
CASE_00004610,SITE_C,WF_V2,GERMLINE,STAT,2024-12-25T21:43:09Z,2024-12-29T01:03:54Z,1
CASE_00004611,SITE_C,WF_V2,ONCO_PANEL,ROUTINE,2025-02-12T13:20:00Z,2025-02-18T03:56:39Z,1
CASE_00004612,SITE_C,WF_V2,RARE_DISEASE,ROUTINE,2025-02-20T08:11:35Z,2025-02-26T04:41:34Z,1
CASE_00004613,SITE_C,WF_V2,PHARMA,STAT,2025-01-30T16:00:35Z,2025-02-02T18:32:01Z,1
CASE_00004614,SITE_C,WF_V2,RARE_DISEASE,STAT,2025-02-10T19:26:31Z,2025-02-13T14:25:21Z,1
CASE_00004615,SITE_C,WF_V2,ONCO_PANEL,ROUTINE,2025-01-20T20:50:29Z,2025-01-25T19:59:37Z,1
CASE_00004616,SITE_C,WF_V2,PHARMA,ROUTINE,2024-11-04T02:47:11Z,2024-11-10T11:18:12Z,1
CASE_00004617,SITE_C,WF_V2,ONCO_PANEL,ROUTINE,2025-02-19T10:12:54Z,2025-02-25T08:31:57Z,1
CASE_00004618,SITE_C,WF_V2,ONCO_PANEL,ROUTINE,2024-12-28T19:31:16Z,2025-01-02T06:35:31Z,1
CASE_00004619,SITE_C,WF_V2,ONCO_PANEL,ROUTINE,2024-09-17T05:32:46Z,2024-09-21T09:24:28Z,1
CASE_00004620,SITE_C,WF_V2,GERMLINE,STAT,2024-10-02T23:19:34Z,2024-10-05T21:36:57Z,1
CASE_00004621,SITE_C,WF_V2,GERMLINE,ROUTINE,2024-11-30T07:21:18Z,2024-12-08T20:17:38Z,1
CASE_00004622,SITE_C,WF_V2,RARE_DISEASE,ROUTINE,2024-12-04T02:47:34Z,2024-12-09T14:04:48Z,1
CASE_00004623,SITE_C,WF_V2,PHARMA,ROUTINE,2024-09-08T11:48:02Z,2024-09-12T21:39:06Z,1
CASE_00004624,SITE_C,WF_V2,ONCO_PANEL,ROUTINE,2025-03-04T09:35:59Z,2025-03-09T07:19:50Z,1
CASE_00004625,SITE_C,WF_V2,GERMLINE,ROUTINE,2024-11-16T23:59:56Z,2024-11-23T18:57:42Z,1
CASE_00004626,SITE_C,WF_V2,GERMLINE,ROUTINE,2025-03-22T12:14:43Z,2025-03-29T04:50:47Z,1
CASE_00004627,SITE_C,WF_V2,RARE_DISEASE,ROUTINE,2024-10-01T20:02:01Z,2024-10-07T21:46:20Z,1
CASE_00004628,SITE_C,WF_V2,ONCO_PANEL,ROUTINE,2025-01-28T22:43:20Z,2025-02-03T05:46:00Z,1
CASE_00004629,SITE_C,WF_V2,GERMLINE,STAT,2025-01-14T06:11:25Z,2025-01-16T19:56:21Z,1
CASE_00004630,SITE_C,WF_V2,RARE_DISEASE,ROUTINE,2025-04-13T18:06:52Z,2025-04-20T11:20:41Z,1
CASE_00004631,SITE_C,WF_V2,ONCO_PANEL,ROUTINE,2025-02-28T04:47:16Z,2025-03-05T13:44:52Z,1
CASE_00004632,SITE_C,WF_V2,GERMLINE,ROUTINE,2025-04-08T20:24:36Z,2025-04-16T11:41:32Z,1
CASE_00004633,SITE_C,WF_V2,GERMLINE,ROUTINE,2024-12-11T08:12:22Z,2024-12-17T06:04:53Z,1
CASE_00004634,SITE_C,WF_V2,ONCO_PANEL,ROUTINE,2024-10-17T09:33:07Z,2024-10-22T07:38:14Z,1
CASE_00004635,SITE_C,WF_V2,ONCO_PANEL,ROUTINE,2025-02-06T16:56:57Z,2025-02-11T11:04:06Z,1
CASE_00004636,SITE_C,WF_V2,ONCO_PANEL,ROUTINE,2024-09-30T19:17:42Z,2024-10-05T20:53:04Z,1
CASE_00004637,SITE_C,WF_V2,GERMLINE,ROUTINE,2024-09-27T14:09:52Z,2024-10-02T09:48:53Z,1
CASE_00004638,SITE_C,WF_V2,ONCO_PANEL,ROUTINE,2025-03-04T14:20:41Z,2025-03-09T08:00:38Z,1
CASE_00004639,SITE_C,WF_V2,PHARMA,ROUTINE,2025-02-14T05:51:39Z,2025-02-18T14:08:58Z,1
CASE_00004640,SITE_C,WF_V2,GERMLINE,ROUTINE,2025-02-23T23:55:27Z,2025-03-01T07:26:18Z,1
CASE_00004641,SITE_C,WF_V2,ONCO_PANEL,ROUTINE,2025-03-27T09:44:11Z,2025-04-02T07:27:41Z,1
CASE_00004642,SITE_C,WF_V2,GERMLINE,ROUTINE,2025-02-04T18:31:23Z,2025-02-11T01:39:49Z,1
CASE_00004643,SITE_C,WF_V2,PHARMA,ROUTINE,2025-02-05T08:22:22Z,2025-02-09T17:27:58Z,1
CASE_00004644,SITE_C,WF_V2,ONCO_PANEL,ROUTINE,2024-11-01T05:48:34Z,2024-11-06T08:00:58Z,1
CASE_00004645,SITE_C,WF_V2,RARE_DISEASE,ROUTINE,2025-04-15T12:04:02Z,2025-04-21T21:53:52Z,1
CASE_00004646,SITE_C,WF_V2,RARE_DISEASE,STAT,2025-04-11T13:17:33Z,2025-04-14T01:30:41Z,1
CASE_00004647,SITE_C,WF_V2,ONCO_PANEL,ROUTINE,2025-02-20T12:28:12Z,2025-02-25T09:03:22Z,1
CASE_00004648,SITE_C,WF_V2,GERMLINE,ROUTINE,2025-04-24T20:57:23Z,2025-05-01T23:42:32Z,1
CASE_00004649,SITE_C,WF_V2,RARE_DISEASE,ROUTINE,2025-01-27T15:35:06Z,2025-02-01T10:26:44Z,1
CASE_00004650,SITE_C,WF_V2,GERMLINE,ROUTINE,2024-10-10T22:29:54Z,2024-10-17T15:25:16Z,1
CASE_00004651,SITE_C,WF_V2,RARE_DISEASE,ROUTINE,2025-01-28T12:23:31Z,2025-02-03T14:12:10Z,1
CASE_00004652,SITE_C,WF_V2,ONCO_PANEL,ROUTINE,2025-03-21T17:45:17Z,2025-03-26T13:21:07Z,1
CASE_00004653,SITE_C,WF_V2,PHARMA,ROUTINE,2024-11-13T16:26:51Z,2024-11-17T11:43:27Z,1
CASE_00004654,SITE_C,WF_V2,ONCO_PANEL,STAT,2024-11-23T03:03:30Z,2024-11-25T01:54:59Z,1
CASE_00004655,SITE_C,WF_V2,GERMLINE,ROUTINE,2025-03-14T08:36:18Z,2025-03-20T19:45:40Z,1
CASE_00004656,SITE_C,WF_V2,GERMLINE,ROUTINE,2024-09-28T15:18:07Z,2024-10-04T03:24:13Z,1
CASE_00004657,SITE_C,WF_V2,RARE_DISEASE,ROUTINE,2025-01-01T11:50:41Z,2025-01-06T22:03:38Z,1
CASE_00004658,SITE_C,WF_V2,RARE_DISEASE,ROUTINE,2025-01-31T01:34:13Z,2025-02-05T14:03:43Z,1
CASE_00004659,SITE_C,WF_V2,GERMLINE,ROUTINE,2024-09-29T20:50:23Z,2024-10-05T23:15:18Z,1
CASE_00004660,SITE_C,WF_V2,ONCO_PANEL,ROUTINE,2024-10-12T14:30:06Z,2024-10-18T05:08:51Z,1
CASE_00004661,SITE_C,WF_V2,PHARMA,ROUTINE,2024-11-21T18:12:14Z,2024-11-26T02:26:34Z,1
CASE_00004662,SITE_C,WF_V2,PHARMA,STAT,2025-03-14T14:06:40Z,2025-03-17T02:41:07Z,1
CASE_00004663,SITE_C,WF_V2,GERMLINE,ROUTINE,2025-01-01T17:05:58Z,2025-01-08T09:35:00Z,1
CASE_00004664,SITE_C,WF_V2,ONCO_PANEL,ROUTINE,2025-02-18T06:11:43Z,2025-02-24T04:48:30Z,1
CASE_00004665,SITE_C,WF_V2,ONCO_PANEL,STAT,2024-10-15T04:30:23Z,2024-10-17T05:04:11Z,1
CASE_00004666,SITE_C,WF_V2,PHARMA,STAT,2024-11-03T16:44:24Z,2024-11-05T18:40:39Z,1
CASE_00004667,SITE_C,WF_V2,GERMLINE,ROUTINE,2025-02-20T10:17:49Z,2025-02-27T09:39:37Z,1
CASE_00004668,SITE_C,WF_V2,RARE_DISEASE,ROUTINE,2025-02-22T13:04:11Z,2025-03-01T18:12:56Z,1
CASE_00004669,SITE_C,WF_V2,PHARMA,STAT,2025-01-19T04:18:48Z,2025-01-20T15:33:14Z,1
CASE_00004670,SITE_C,WF_V2,GERMLINE,ROUTINE,2024-09-11T00:09:09Z,2024-09-18T00:51:25Z,1
CASE_00004671,SITE_C,WF_V2,RARE_DISEASE,ROUTINE,2024-12-19T15:20:27Z,2024-12-25T20:06:24Z,1
CASE_00004672,SITE_C,WF_V2,PHARMA,ROUTINE,2024-12-11T21:03:23Z,2024-12-15T23:16:20Z,1
CASE_00004673,SITE_C,WF_V2,RARE_DISEASE,ROUTINE,2024-09-25T20:40:43Z,2024-10-02T07:35:08Z,1
CASE_00004674,SITE_C,WF_V2,GERMLINE,ROUTINE,2024-11-19T10:25:33Z,2024-11-26T23:06:36Z,1
CASE_00004675,SITE_C,WF_V2,GERMLINE,STAT,2025-04-24T10:48:24Z,2025-04-27T11:01:54Z,1
CASE_00004676,SITE_C,WF_V2,GERMLINE,ROUTINE,2025-02-05T14:13:12Z,2025-02-12T00:41:23Z,1
CASE_00004677,SITE_C,WF_V2,RARE_DISEASE,ROUTINE,2024-11-19T23:07:38Z,2024-11-25T13:04:40Z,1
CASE_00004678,SITE_C,WF_V2,RARE_DISEASE,ROUTINE,2025-02-02T12:10:49Z,2025-02-07T10:49:51Z,1
CASE_00004679,SITE_C,WF_V2,ONCO_PANEL,ROUTINE,2024-09-03T04:56:44Z,2024-09-08T10:43:29Z,1
CASE_00004680,SITE_C,WF_V2,PHARMA,ROUTINE,2024-10-13T11:41:37Z,2024-10-17T15:08:05Z,1
CASE_00004681,SITE_C,WF_V2,ONCO_PANEL,ROUTINE,2025-01-22T02:31:44Z,2025-01-26T12:57:39Z,1
CASE_00004682,SITE_C,WF_V2,RARE_DISEASE,ROUTINE,2024-09-08T07:24:51Z,2024-09-14T02:05:13Z,1
CASE_00004683,SITE_C,WF_V2,RARE_DISEASE,STAT,2025-01-07T02:32:12Z,2025-01-09T19:05:26Z,1
CASE_00004684,SITE_C,WF_V2,PHARMA,STAT,2024-09-06T19:58:03Z,2024-09-09T22:14:22Z,1
CASE_00004685,SITE_C,WF_V2,ONCO_PANEL,STAT,2025-04-27T22:57:00Z,2025-04-29T23:32:21Z,1
CASE_00004686,SITE_C,WF_V2,RARE_DISEASE,ROUTINE,2025-01-19T16:41:37Z,2025-01-25T20:34:04Z,1
CASE_00004687,SITE_C,WF_V2,GERMLINE,STAT,2024-11-30T01:46:02Z,2024-12-03T02:49:29Z,1
CASE_00004688,SITE_C,WF_V2,RARE_DISEASE,ROUTINE,2025-04-24T04:05:34Z,2025-05-02T00:52:43Z,1
CASE_00004689,SITE_C,WF_V2,ONCO_PANEL,ROUTINE,2025-02-12T07:12:52Z,2025-02-17T04:34:13Z,1
CASE_00004690,SITE_C,WF_V2,PHARMA,ROUTINE,2025-04-02T15:16:16Z,2025-04-07T17:35:34Z,1
CASE_00004691,SITE_C,WF_V2,RARE_DISEASE,STAT,2025-03-05T09:29:46Z,2025-03-08T08:54:18Z,1
CASE_00004692,SITE_C,WF_V2,ONCO_PANEL,ROUTINE,2025-01-22T18:29:24Z,2025-01-29T06:09:40Z,1
CASE_00004693,SITE_C,WF_V2,ONCO_PANEL,ROUTINE,2024-10-09T01:39:40Z,2024-10-14T01:03:40Z,1
CASE_00004694,SITE_C,WF_V2,GERMLINE,ROUTINE,2025-03-30T17:56:50Z,2025-04-06T22:50:18Z,1
CASE_00004695,SITE_C,WF_V2,GERMLINE,ROUTINE,2024-11-26T04:03:24Z,2024-12-01T14:46:17Z,1
CASE_00004696,SITE_C,WF_V2,ONCO_PANEL,ROUTINE,2025-03-28T00:08:05Z,2025-04-02T06:27:17Z,1
CASE_00004697,SITE_C,WF_V2,RARE_DISEASE,ROUTINE,2024-10-20T10:16:11Z,2024-10-26T05:31:18Z,1
CASE_00004698,SITE_C,WF_V2,RARE_DISEASE,ROUTINE,2025-04-29T22:11:30Z,2025-05-06T23:30:02Z,1
CASE_00004699,SITE_C,WF_V2,ONCO_PANEL,STAT,2024-12-10T21:51:06Z,2024-12-13T19:02:56Z,1
CASE_00004700,SITE_C,WF_V2,ONCO_PANEL,ROUTINE,2024-09-19T16:37:44Z,2024-09-24T13:17:24Z,1
CASE_00004701,SITE_C,WF_V2,ONCO_PANEL,STAT,2025-04-24T16:27:48Z,2025-04-27T06:04:20Z,1
CASE_00004702,SITE_C,WF_V2,RARE_DISEASE,ROUTINE,2025-03-28T11:18:20Z,2025-04-02T02:11:40Z,1
CASE_00004703,SITE_C,WF_V2,ONCO_PANEL,ROUTINE,2025-03-19T02:44:28Z,2025-03-24T03:54:59Z,1
CASE_00004704,SITE_C,WF_V2,ONCO_PANEL,ROUTINE,2025-02-24T22:49:51Z,2025-03-01T19:27:51Z,1
CASE_00004705,SITE_C,WF_V2,GERMLINE,ROUTINE,2025-02-21T21:49:48Z,2025-02-27T23:54:30Z,1
CASE_00004706,SITE_C,WF_V2,RARE_DISEASE,STAT,2025-04-17T19:45:15Z,2025-04-21T07:22:21Z,1
CASE_00004707,SITE_C,WF_V2,ONCO_PANEL,ROUTINE,2025-03-15T00:37:17Z,2025-03-20T01:50:58Z,1
CASE_00004708,SITE_C,WF_V2,GERMLINE,ROUTINE,2025-02-13T00:05:00Z,2025-02-19T10:56:57Z,1
CASE_00004709,SITE_C,WF_V2,RARE_DISEASE,ROUTINE,2025-03-12T01:12:53Z,2025-03-20T02:07:44Z,1
CASE_00004710,SITE_C,WF_V2,RARE_DISEASE,ROUTINE,2024-11-12T09:47:15Z,2024-11-18T11:31:27Z,1
CASE_00004711,SITE_C,WF_V2,PHARMA,ROUTINE,2024-10-08T23:56:44Z,2024-10-14T05:08:24Z,1
CASE_00004712,SITE_C,WF_V2,ONCO_PANEL,ROUTINE,2024-12-14T05:59:42Z,2024-12-18T16:32:18Z,1
CASE_00004713,SITE_C,WF_V2,GERMLINE,ROUTINE,2024-10-12T01:27:06Z,2024-10-17T21:14:07Z,1
CASE_00004714,SITE_C,WF_V2,RARE_DISEASE,ROUTINE,2025-03-16T00:14:41Z,2025-03-21T20:19:53Z,1
CASE_00004715,SITE_C,WF_V2,RARE_DISEASE,ROUTINE,2024-10-31T14:29:47Z,2024-11-08T07:36:07Z,1
CASE_00004716,SITE_C,WF_V2,GERMLINE,ROUTINE,2024-12-19T05:19:15Z,2024-12-27T02:33:25Z,1
CASE_00004717,SITE_C,WF_V2,RARE_DISEASE,ROUTINE,2025-01-07T20:26:17Z,2025-01-13T14:07:40Z,1
CASE_00004718,SITE_C,WF_V2,GERMLINE,ROUTINE,2025-01-13T21:58:47Z,2025-01-22T05:33:44Z,1
CASE_00004719,SITE_C,WF_V2,RARE_DISEASE,ROUTINE,2025-03-30T14:08:27Z,2025-04-05T22:14:09Z,1
CASE_00004720,SITE_C,WF_V2,ONCO_PANEL,ROUTINE,2025-04-29T15:47:05Z,2025-05-03T23:35:58Z,1
CASE_00004721,SITE_C,WF_V2,ONCO_PANEL,STAT,2025-02-20T08:12:19Z,2025-02-22T23:29:46Z,1
CASE_00004722,SITE_C,WF_V2,GERMLINE,ROUTINE,2024-11-02T01:42:50Z,2024-11-07T04:35:53Z,1
CASE_00004723,SITE_C,WF_V2,RARE_DISEASE,ROUTINE,2025-01-03T23:01:17Z,2025-01-09T15:51:23Z,1
CASE_00004724,SITE_C,WF_V2,ONCO_PANEL,STAT,2024-09-25T19:55:36Z,2024-09-28T01:39:12Z,1
CASE_00004725,SITE_C,WF_V2,PHARMA,ROUTINE,2025-04-01T10:23:09Z,2025-04-05T19:51:13Z,1
CASE_00004726,SITE_C,WF_V2,ONCO_PANEL,STAT,2024-09-23T01:02:33Z,2024-09-25T04:17:47Z,1
CASE_00004727,SITE_C,WF_V2,GERMLINE,ROUTINE,2024-12-12T04:38:07Z,2024-12-19T05:36:41Z,1
CASE_00004728,SITE_C,WF_V2,RARE_DISEASE,STAT,2024-11-01T22:31:08Z,2024-11-04T07:26:15Z,1
CASE_00004729,SITE_C,WF_V2,ONCO_PANEL,ROUTINE,2024-09-29T15:54:53Z,2024-10-04T05:56:08Z,1
CASE_00004730,SITE_C,WF_V2,PHARMA,ROUTINE,2024-12-04T19:20:14Z,2024-12-08T18:30:04Z,1
CASE_00004731,SITE_C,WF_V2,ONCO_PANEL,ROUTINE,2024-11-15T18:08:47Z,2024-11-21T18:01:04Z,1
CASE_00004732,SITE_C,WF_V2,ONCO_PANEL,ROUTINE,2024-09-07T01:40:15Z,2024-09-12T10:13:51Z,1
CASE_00004733,SITE_C,WF_V2,ONCO_PANEL,ROUTINE,2025-01-07T10:36:01Z,2025-01-12T01:11:07Z,1
CASE_00004734,SITE_C,WF_V2,RARE_DISEASE,ROUTINE,2024-09-10T16:25:49Z,2024-09-16T19:32:23Z,1
CASE_00004735,SITE_C,WF_V2,GERMLINE,ROUTINE,2025-02-22T13:30:00Z,2025-03-04T09:56:36Z,1
CASE_00004736,SITE_C,WF_V2,GERMLINE,ROUTINE,2024-10-30T14:11:17Z,2024-11-06T21:50:27Z,1
CASE_00004737,SITE_C,WF_V2,ONCO_PANEL,ROUTINE,2025-01-11T09:19:20Z,2025-01-16T11:20:52Z,1
CASE_00004738,SITE_C,WF_V2,ONCO_PANEL,ROUTINE,2025-01-28T03:19:04Z,2025-02-01T19:13:08Z,1
CASE_00004739,SITE_C,WF_V2,RARE_DISEASE,ROUTINE,2024-11-15T09:24:27Z,2024-11-20T20:56:53Z,1
CASE_00004740,SITE_C,WF_V2,PHARMA,ROUTINE,2024-10-24T10:28:05Z,2024-10-29T06:59:57Z,1
CASE_00004741,SITE_C,WF_V2,ONCO_PANEL,STAT,2025-01-04T16:35:56Z,2025-01-06T17:49:31Z,1
CASE_00004742,SITE_C,WF_V2,GERMLINE,ROUTINE,2025-02-21T11:11:46Z,2025-03-01T03:09:00Z,1
CASE_00004743,SITE_C,WF_V2,GERMLINE,ROUTINE,2025-02-15T13:53:05Z,2025-02-21T21:54:19Z,1
CASE_00004744,SITE_C,WF_V2,RARE_DISEASE,ROUTINE,2024-10-02T05:34:43Z,2024-10-07T00:47:45Z,1
CASE_00004745,SITE_C,WF_V2,GERMLINE,ROUTINE,2025-01-30T04:45:38Z,2025-02-06T11:36:51Z,1
CASE_00004746,SITE_C,WF_V2,ONCO_PANEL,ROUTINE,2025-04-25T04:46:57Z,2025-04-29T06:12:05Z,1
CASE_00004747,SITE_C,WF_V2,RARE_DISEASE,ROUTINE,2025-04-25T07:23:51Z,2025-05-03T05:50:30Z,1
CASE_00004748,SITE_C,WF_V2,GERMLINE,ROUTINE,2025-01-14T06:53:47Z,2025-01-21T02:09:11Z,1
CASE_00004749,SITE_C,WF_V2,GERMLINE,ROUTINE,2025-04-17T20:04:42Z,2025-04-24T16:28:24Z,1
CASE_00004750,SITE_C,WF_V2,GERMLINE,STAT,2024-10-18T07:05:28Z,2024-10-21T06:15:36Z,1
CASE_00004751,SITE_C,WF_V2,GERMLINE,ROUTINE,2025-03-24T23:55:56Z,2025-04-01T00:23:31Z,1
CASE_00004752,SITE_C,WF_V2,RARE_DISEASE,ROUTINE,2024-11-29T20:30:51Z,2024-12-05T17:47:45Z,1
CASE_00004753,SITE_C,WF_V2,ONCO_PANEL,ROUTINE,2024-10-10T19:00:09Z,2024-10-15T06:03:25Z,1
CASE_00004754,SITE_C,WF_V2,RARE_DISEASE,ROUTINE,2024-11-23T02:32:07Z,2024-11-28T09:04:48Z,1
CASE_00004755,SITE_C,WF_V2,GERMLINE,ROUTINE,2025-01-08T17:13:59Z,2025-01-16T06:45:29Z,1
CASE_00004756,SITE_C,WF_V2,RARE_DISEASE,STAT,2025-04-03T07:02:00Z,2025-04-06T00:51:32Z,1
CASE_00004757,SITE_C,WF_V2,ONCO_PANEL,STAT,2024-10-29T09:08:51Z,2024-10-31T18:55:15Z,1
CASE_00004758,SITE_C,WF_V2,PHARMA,ROUTINE,2025-01-08T22:45:26Z,2025-01-13T11:05:23Z,1
CASE_00004759,SITE_C,WF_V2,ONCO_PANEL,ROUTINE,2024-10-31T21:18:58Z,2024-11-05T16:49:00Z,1
CASE_00004760,SITE_C,WF_V2,GERMLINE,ROUTINE,2024-12-18T22:13:53Z,2024-12-26T05:46:44Z,1
CASE_00004761,SITE_C,WF_V2,ONCO_PANEL,ROUTINE,2025-02-08T08:53:59Z,2025-02-12T16:29:40Z,1
CASE_00004762,SITE_C,WF_V2,ONCO_PANEL,ROUTINE,2024-11-08T21:24:51Z,2024-11-14T17:55:42Z,1
CASE_00004763,SITE_C,WF_V2,ONCO_PANEL,ROUTINE,2025-02-06T12:31:54Z,2025-02-11T15:37:07Z,1
CASE_00004764,SITE_C,WF_V2,ONCO_PANEL,ROUTINE,2024-10-28T02:11:19Z,2024-11-02T18:50:49Z,1
CASE_00004765,SITE_C,WF_V2,GERMLINE,ROUTINE,2024-12-22T09:52:29Z,2024-12-29T02:27:44Z,1
CASE_00004766,SITE_C,WF_V2,GERMLINE,ROUTINE,2024-10-27T21:37:00Z,2024-11-03T08:45:25Z,1
CASE_00004767,SITE_C,WF_V2,ONCO_PANEL,ROUTINE,2024-11-28T09:42:53Z,2024-12-03T03:14:42Z,1
CASE_00004768,SITE_C,WF_V2,GERMLINE,ROUTINE,2024-12-01T18:46:44Z,2024-12-08T01:35:28Z,1
CASE_00004769,SITE_C,WF_V2,GERMLINE,ROUTINE,2024-11-26T04:05:56Z,2024-12-01T08:17:53Z,1
CASE_00004770,SITE_C,WF_V2,ONCO_PANEL,STAT,2025-02-09T07:14:05Z,2025-02-11T08:09:51Z,1
CASE_00004771,SITE_C,WF_V2,PHARMA,ROUTINE,2025-04-09T22:56:28Z,2025-04-14T05:38:09Z,1
CASE_00004772,SITE_C,WF_V2,PHARMA,ROUTINE,2024-12-11T00:31:49Z,2024-12-15T14:52:15Z,1
CASE_00004773,SITE_C,WF_V2,RARE_DISEASE,ROUTINE,2024-11-09T02:48:49Z,2024-11-15T01:02:24Z,1
CASE_00004774,SITE_C,WF_V2,GERMLINE,ROUTINE,2025-01-03T19:16:38Z,2025-01-13T00:51:04Z,1
CASE_00004775,SITE_C,WF_V2,ONCO_PANEL,ROUTINE,2025-04-26T15:27:54Z,2025-05-01T21:25:11Z,1
CASE_00004776,SITE_C,WF_V2,ONCO_PANEL,ROUTINE,2025-02-02T13:41:25Z,2025-02-07T19:28:36Z,1
CASE_00004777,SITE_C,WF_V2,ONCO_PANEL,ROUTINE,2025-03-31T08:49:56Z,2025-04-06T01:45:52Z,1
CASE_00004778,SITE_C,WF_V2,ONCO_PANEL,ROUTINE,2025-04-06T22:30:28Z,2025-04-11T14:40:29Z,1
CASE_00004779,SITE_C,WF_V2,GERMLINE,STAT,2024-09-08T10:22:44Z,2024-09-12T00:08:19Z,1
CASE_00004780,SITE_C,WF_V2,ONCO_PANEL,ROUTINE,2024-09-02T03:14:26Z,2024-09-06T14:53:01Z,1
CASE_00004781,SITE_C,WF_V2,RARE_DISEASE,ROUTINE,2024-11-04T03:02:38Z,2024-11-10T06:15:26Z,1
CASE_00004782,SITE_C,WF_V2,ONCO_PANEL,STAT,2024-09-04T06:25:37Z,2024-09-06T03:38:17Z,1
CASE_00004783,SITE_C,WF_V2,GERMLINE,ROUTINE,2024-10-08T18:14:12Z,2024-10-15T11:12:02Z,1
CASE_00004784,SITE_C,WF_V2,ONCO_PANEL,ROUTINE,2025-03-05T05:45:20Z,2025-03-09T21:22:05Z,1
CASE_00004785,SITE_C,WF_V2,GERMLINE,ROUTINE,2025-03-06T19:04:15Z,2025-03-14T06:11:16Z,1
CASE_00004786,SITE_C,WF_V2,GERMLINE,ROUTINE,2024-10-09T18:58:32Z,2024-10-17T06:07:30Z,1
CASE_00004787,SITE_C,WF_V2,ONCO_PANEL,ROUTINE,2025-02-04T09:26:20Z,2025-02-10T11:05:45Z,1
CASE_00004788,SITE_C,WF_V2,GERMLINE,STAT,2024-09-17T00:26:32Z,2024-09-20T06:45:00Z,1
CASE_00004789,SITE_C,WF_V2,RARE_DISEASE,ROUTINE,2025-04-25T22:25:17Z,2025-05-02T15:33:20Z,1
CASE_00004790,SITE_C,WF_V2,ONCO_PANEL,ROUTINE,2025-03-04T17:07:09Z,2025-03-09T08:54:00Z,1
CASE_00004791,SITE_C,WF_V2,ONCO_PANEL,STAT,2025-04-01T19:55:14Z,2025-04-04T15:21:23Z,1
CASE_00004792,SITE_C,WF_V2,GERMLINE,ROUTINE,2024-09-09T15:18:35Z,2024-09-16T01:01:56Z,1
CASE_00004793,SITE_C,WF_V2,ONCO_PANEL,ROUTINE,2025-03-21T16:43:51Z,2025-03-27T07:42:47Z,1
CASE_00004794,SITE_C,WF_V2,GERMLINE,ROUTINE,2025-03-15T18:42:18Z,2025-03-21T11:06:53Z,1
CASE_00004795,SITE_C,WF_V2,GERMLINE,ROUTINE,2024-12-18T11:20:20Z,2024-12-23T19:06:14Z,1
CASE_00004796,SITE_C,WF_V2,ONCO_PANEL,ROUTINE,2024-11-16T16:47:04Z,2024-11-24T03:47:51Z,1
CASE_00004797,SITE_C,WF_V2,ONCO_PANEL,ROUTINE,2024-09-15T18:12:42Z,2024-09-21T00:27:28Z,1
CASE_00004798,SITE_C,WF_V2,RARE_DISEASE,ROUTINE,2024-10-12T01:57:35Z,2024-10-18T13:03:29Z,1
CASE_00004799,SITE_C,WF_V2,ONCO_PANEL,ROUTINE,2025-01-01T14:04:07Z,2025-01-06T10:13:18Z,1
CASE_00004800,SITE_C,WF_V2,PHARMA,ROUTINE,2025-04-26T06:01:08Z,2025-04-29T17:59:55Z,1
CASE_00004801,SITE_C,WF_V2,GERMLINE,ROUTINE,2024-12-31T07:20:42Z,2025-01-06T14:15:48Z,1
CASE_00004802,SITE_C,WF_V2,RARE_DISEASE,STAT,2024-09-01T18:20:08Z,2024-09-04T02:17:48Z,1
CASE_00004803,SITE_C,WF_V2,ONCO_PANEL,ROUTINE,2025-02-25T14:44:58Z,2025-03-03T05:45:53Z,1
CASE_00004804,SITE_C,WF_V2,ONCO_PANEL,ROUTINE,2024-09-02T20:41:17Z,2024-09-07T13:45:09Z,1
CASE_00004805,SITE_C,WF_V2,GERMLINE,ROUTINE,2025-05-01T19:26:51Z,2025-05-07T18:45:26Z,1
CASE_00004806,SITE_C,WF_V2,PHARMA,STAT,2024-10-23T06:41:02Z,2024-10-24T21:39:22Z,1
CASE_00004807,SITE_C,WF_V2,RARE_DISEASE,ROUTINE,2025-02-08T14:31:41Z,2025-02-14T07:00:27Z,1
CASE_00004808,SITE_C,WF_V2,RARE_DISEASE,STAT,2025-01-13T13:08:57Z,2025-01-15T20:24:02Z,1
CASE_00004809,SITE_C,WF_V2,ONCO_PANEL,ROUTINE,2024-10-21T04:01:20Z,2024-10-25T07:45:26Z,1
CASE_00004810,SITE_C,WF_V2,PHARMA,ROUTINE,2025-03-07T04:16:55Z,2025-03-10T19:26:56Z,1
CASE_00004811,SITE_C,WF_V2,ONCO_PANEL,ROUTINE,2024-10-19T06:49:00Z,2024-10-24T14:50:16Z,1
CASE_00004812,SITE_C,WF_V2,RARE_DISEASE,ROUTINE,2025-02-13T22:35:39Z,2025-02-20T14:14:22Z,1
CASE_00004813,SITE_C,WF_V2,ONCO_PANEL,STAT,2025-03-24T17:25:32Z,2025-03-27T07:16:21Z,1
CASE_00004814,SITE_C,WF_V2,ONCO_PANEL,ROUTINE,2025-04-05T23:58:10Z,2025-04-10T11:23:35Z,1
CASE_00004815,SITE_C,WF_V2,RARE_DISEASE,ROUTINE,2025-02-24T23:40:49Z,2025-03-03T12:53:30Z,1
CASE_00004816,SITE_C,WF_V2,ONCO_PANEL,STAT,2025-03-31T21:28:08Z,2025-04-03T20:36:38Z,1
CASE_00004817,SITE_C,WF_V2,ONCO_PANEL,ROUTINE,2025-04-13T04:21:21Z,2025-04-18T20:29:14Z,1
CASE_00004818,SITE_C,WF_V2,ONCO_PANEL,ROUTINE,2025-01-03T14:13:32Z,2025-01-08T06:57:10Z,1
CASE_00004819,SITE_C,WF_V2,GERMLINE,ROUTINE,2024-10-28T01:53:54Z,2024-11-03T15:21:48Z,1
CASE_00004820,SITE_C,WF_V2,GERMLINE,STAT,2024-11-24T09:25:35Z,2024-11-26T23:49:11Z,1
CASE_00004821,SITE_C,WF_V2,ONCO_PANEL,STAT,2024-11-10T14:59:46Z,2024-11-12T07:58:10Z,1
CASE_00004822,SITE_C,WF_V2,RARE_DISEASE,ROUTINE,2024-09-13T23:23:50Z,2024-09-19T14:43:59Z,1
CASE_00004823,SITE_C,WF_V2,ONCO_PANEL,ROUTINE,2025-02-28T20:18:53Z,2025-03-06T12:25:13Z,1
CASE_00004824,SITE_C,WF_V2,PHARMA,ROUTINE,2025-02-03T10:04:58Z,2025-02-07T22:46:46Z,1
CASE_00004825,SITE_C,WF_V2,GERMLINE,ROUTINE,2025-04-09T16:58:29Z,2025-04-15T23:09:39Z,1
CASE_00004826,SITE_C,WF_V2,ONCO_PANEL,STAT,2025-02-19T04:10:37Z,2025-02-21T18:49:04Z,1
CASE_00004827,SITE_C,WF_V2,GERMLINE,ROUTINE,2025-04-24T21:04:48Z,2025-05-02T22:39:24Z,1
CASE_00004828,SITE_C,WF_V2,PHARMA,ROUTINE,2025-01-11T19:54:49Z,2025-01-16T03:29:28Z,1
CASE_00004829,SITE_C,WF_V2,GERMLINE,ROUTINE,2024-11-06T01:12:27Z,2024-11-11T10:50:23Z,1
CASE_00004830,SITE_C,WF_V2,PHARMA,ROUTINE,2025-04-08T06:28:51Z,2025-04-12T09:56:48Z,1
CASE_00004831,SITE_C,WF_V2,ONCO_PANEL,ROUTINE,2024-12-23T14:31:52Z,2024-12-31T19:22:45Z,1
CASE_00004832,SITE_C,WF_V2,GERMLINE,STAT,2025-01-24T05:04:31Z,2025-01-27T05:33:55Z,1
CASE_00004833,SITE_C,WF_V2,RARE_DISEASE,ROUTINE,2025-02-20T15:57:03Z,2025-02-27T14:23:53Z,1
CASE_00004834,SITE_C,WF_V2,RARE_DISEASE,ROUTINE,2024-09-21T20:45:52Z,2024-09-29T05:00:03Z,1
CASE_00004835,SITE_C,WF_V2,ONCO_PANEL,ROUTINE,2024-10-23T12:38:37Z,2024-10-29T08:10:58Z,1
CASE_00004836,SITE_C,WF_V2,ONCO_PANEL,ROUTINE,2024-10-21T11:51:28Z,2024-10-27T16:50:01Z,1
CASE_00004837,SITE_C,WF_V2,ONCO_PANEL,ROUTINE,2024-09-21T14:51:13Z,2024-09-27T13:40:07Z,1
CASE_00004838,SITE_C,WF_V2,ONCO_PANEL,ROUTINE,2025-01-29T01:35:08Z,2025-02-02T09:30:00Z,1
CASE_00004839,SITE_C,WF_V2,GERMLINE,ROUTINE,2024-11-24T02:17:07Z,2024-12-01T01:24:21Z,1
CASE_00004840,SITE_C,WF_V2,GERMLINE,STAT,2025-01-08T17:01:28Z,2025-01-11T07:42:46Z,1
CASE_00004841,SITE_C,WF_V2,GERMLINE,STAT,2025-04-22T22:13:45Z,2025-04-26T05:44:52Z,1
CASE_00004842,SITE_C,WF_V2,RARE_DISEASE,STAT,2025-03-15T08:55:24Z,2025-03-18T03:41:27Z,1
CASE_00004843,SITE_C,WF_V2,ONCO_PANEL,STAT,2024-10-08T23:40:39Z,2024-10-11T00:53:58Z,1
CASE_00004844,SITE_C,WF_V2,ONCO_PANEL,ROUTINE,2024-10-19T04:49:06Z,2024-10-25T01:19:44Z,1
CASE_00004845,SITE_C,WF_V2,PHARMA,ROUTINE,2024-09-09T02:51:25Z,2024-09-14T02:53:25Z,1
CASE_00004846,SITE_C,WF_V2,GERMLINE,STAT,2024-10-21T12:37:22Z,2024-10-24T19:29:37Z,1
CASE_00004847,SITE_C,WF_V2,GERMLINE,STAT,2025-02-20T02:38:24Z,2025-02-23T11:39:46Z,1
CASE_00004848,SITE_C,WF_V2,GERMLINE,ROUTINE,2025-04-08T05:15:23Z,2025-04-15T03:39:09Z,1
CASE_00004849,SITE_C,WF_V2,RARE_DISEASE,ROUTINE,2024-12-25T11:27:41Z,2024-12-31T07:29:27Z,1
CASE_00004850,SITE_C,WF_V2,ONCO_PANEL,ROUTINE,2025-04-15T13:34:23Z,2025-04-19T15:39:18Z,1
CASE_00004851,SITE_C,WF_V2,RARE_DISEASE,ROUTINE,2024-11-19T16:58:24Z,2024-11-26T14:00:04Z,1
CASE_00004852,SITE_C,WF_V2,PHARMA,STAT,2025-03-13T00:00:37Z,2025-03-15T09:16:19Z,1
CASE_00004853,SITE_C,WF_V2,RARE_DISEASE,ROUTINE,2024-09-15T04:00:30Z,2024-09-22T05:41:26Z,1
CASE_00004854,SITE_C,WF_V2,ONCO_PANEL,ROUTINE,2025-04-04T04:04:58Z,2025-04-09T07:50:15Z,1
CASE_00004855,SITE_C,WF_V2,ONCO_PANEL,STAT,2024-10-21T07:58:51Z,2024-10-23T19:43:35Z,1
CASE_00004856,SITE_C,WF_V2,ONCO_PANEL,STAT,2024-11-13T02:53:17Z,2024-11-16T11:48:23Z,1
CASE_00004857,SITE_C,WF_V2,ONCO_PANEL,ROUTINE,2025-01-05T06:33:20Z,2025-01-11T15:08:24Z,1
CASE_00004858,SITE_C,WF_V2,PHARMA,ROUTINE,2025-04-21T21:16:49Z,2025-04-25T13:17:40Z,1
CASE_00004859,SITE_C,WF_V2,ONCO_PANEL,ROUTINE,2025-03-29T22:55:10Z,2025-04-04T06:49:32Z,1
CASE_00004860,SITE_C,WF_V2,ONCO_PANEL,ROUTINE,2024-10-04T10:38:20Z,2024-10-10T06:00:46Z,1
CASE_00004861,SITE_C,WF_V2,GERMLINE,ROUTINE,2025-03-19T18:39:23Z,2025-03-26T18:35:20Z,1
CASE_00004862,SITE_C,WF_V2,RARE_DISEASE,ROUTINE,2025-02-02T06:00:16Z,2025-02-08T08:49:36Z,1
CASE_00004863,SITE_C,WF_V2,ONCO_PANEL,STAT,2024-11-05T09:00:59Z,2024-11-07T18:16:09Z,1
CASE_00004864,SITE_C,WF_V2,ONCO_PANEL,ROUTINE,2025-04-03T06:29:45Z,2025-04-08T20:05:35Z,1
CASE_00004865,SITE_C,WF_V2,GERMLINE,STAT,2025-01-02T19:21:26Z,2025-01-05T00:19:00Z,1
CASE_00004866,SITE_C,WF_V2,ONCO_PANEL,ROUTINE,2024-10-23T00:12:03Z,2024-10-28T02:50:44Z,1
CASE_00004867,SITE_C,WF_V2,GERMLINE,ROUTINE,2024-10-23T19:40:53Z,2024-10-31T00:10:34Z,1
CASE_00004868,SITE_C,WF_V2,GERMLINE,ROUTINE,2025-02-10T20:38:24Z,2025-02-22T08:53:23Z,1
CASE_00004869,SITE_C,WF_V2,GERMLINE,STAT,2025-01-22T20:12:05Z,2025-01-26T11:28:29Z,1
CASE_00004870,SITE_C,WF_V2,RARE_DISEASE,ROUTINE,2024-12-10T18:55:14Z,2024-12-17T12:44:56Z,1
CASE_00004871,SITE_C,WF_V2,GERMLINE,ROUTINE,2025-03-06T17:09:56Z,2025-03-12T10:46:15Z,1
CASE_00004872,SITE_C,WF_V2,ONCO_PANEL,ROUTINE,2025-03-07T08:07:27Z,2025-03-12T05:56:23Z,1
CASE_00004873,SITE_C,WF_V2,ONCO_PANEL,ROUTINE,2024-10-11T11:01:00Z,2024-10-16T04:29:08Z,1
CASE_00004874,SITE_C,WF_V2,ONCO_PANEL,ROUTINE,2024-09-15T20:07:34Z,2024-09-20T22:36:47Z,1
CASE_00004875,SITE_C,WF_V2,RARE_DISEASE,STAT,2025-01-17T21:56:49Z,2025-01-20T17:29:37Z,1
CASE_00004876,SITE_C,WF_V2,PHARMA,ROUTINE,2025-01-28T10:30:20Z,2025-02-02T03:42:12Z,1
CASE_00004877,SITE_C,WF_V2,RARE_DISEASE,ROUTINE,2024-09-05T22:03:39Z,2024-09-12T02:46:04Z,1
CASE_00004878,SITE_C,WF_V2,GERMLINE,ROUTINE,2025-04-28T15:12:06Z,2025-05-05T06:21:55Z,1
CASE_00004879,SITE_C,WF_V2,ONCO_PANEL,ROUTINE,2024-09-13T20:31:47Z,2024-09-20T11:41:33Z,1
CASE_00004880,SITE_C,WF_V2,PHARMA,ROUTINE,2024-10-04T18:59:20Z,2024-10-09T22:54:49Z,1
CASE_00004881,SITE_C,WF_V2,ONCO_PANEL,ROUTINE,2024-09-22T04:23:19Z,2024-09-26T10:39:15Z,1
CASE_00004882,SITE_C,WF_V2,ONCO_PANEL,ROUTINE,2024-12-11T23:54:59Z,2024-12-16T18:53:00Z,1
CASE_00004883,SITE_C,WF_V2,GERMLINE,ROUTINE,2024-11-01T21:55:30Z,2024-11-09T00:34:28Z,1
CASE_00004884,SITE_C,WF_V2,RARE_DISEASE,STAT,2025-03-27T00:29:35Z,2025-03-29T08:41:33Z,1
CASE_00004885,SITE_C,WF_V2,PHARMA,ROUTINE,2025-04-28T11:56:00Z,2025-05-02T12:30:03Z,1
CASE_00004886,SITE_C,WF_V2,GERMLINE,STAT,2025-01-21T03:41:48Z,,0
CASE_00004887,SITE_C,WF_V2,ONCO_PANEL,ROUTINE,2024-09-22T21:43:30Z,,0
CASE_00004888,SITE_C,WF_V2,ONCO_PANEL,ROUTINE,2024-12-31T03:35:49Z,,0
CASE_00004889,SITE_C,WF_V2,RARE_DISEASE,ROUTINE,2025-02-20T13:55:38Z,,0
CASE_00004890,SITE_C,WF_V2,RARE_DISEASE,ROUTINE,2025-04-25T08:47:37Z,,0
CASE_00004891,SITE_C,WF_V2,GERMLINE,ROUTINE,2025-01-23T21:03:45Z,,0
CASE_00004892,SITE_C,WF_V2,PHARMA,ROUTINE,2025-02-11T23:08:59Z,,0
CASE_00004893,SITE_C,WF_V2,ONCO_PANEL,STAT,2024-09-13T08:38:18Z,,0
CASE_00004894,SITE_C,WF_V2,RARE_DISEASE,ROUTINE,2024-12-07T11:47:47Z,,0
CASE_00004895,SITE_C,WF_V2,RARE_DISEASE,ROUTINE,2025-01-08T12:56:54Z,,0
CASE_00004896,SITE_C,WF_V2,ONCO_PANEL,ROUTINE,2025-04-28T05:55:20Z,,0
CASE_00004897,SITE_C,WF_V2,GERMLINE,ROUTINE,2025-04-29T01:26:36Z,,0
CASE_00004898,SITE_C,WF_V2,PHARMA,ROUTINE,2025-03-21T15:51:24Z,,0
CASE_00004899,SITE_C,WF_V2,RARE_DISEASE,ROUTINE,2025-04-04T12:20:41Z,,0
CASE_00004900,SITE_C,WF_V2,ONCO_PANEL,ROUTINE,2025-01-05T18:11:05Z,,0
CASE_00004901,SITE_C,WF_V2,ONCO_PANEL,ROUTINE,2025-02-18T06:49:11Z,,0
CASE_00004902,SITE_C,WF_V2,GERMLINE,ROUTINE,2024-09-03T16:42:21Z,,0
CASE_00004903,SITE_C,WF_V2,ONCO_PANEL,ROUTINE,2025-02-22T14:57:51Z,,0
CASE_00004904,SITE_C,WF_V2,GERMLINE,ROUTINE,2025-05-01T20:10:04Z,,0
CASE_00004905,SITE_C,WF_V2,PHARMA,ROUTINE,2024-11-20T03:23:25Z,,0
CASE_00004906,SITE_C,WF_V2,GERMLINE,STAT,2025-02-26T17:52:57Z,,0
CASE_00004907,SITE_C,WF_V2,RARE_DISEASE,STAT,2024-11-21T09:21:32Z,,0
CASE_00004908,SITE_C,WF_V2,RARE_DISEASE,ROUTINE,2025-04-05T22:45:48Z,,0
CASE_00004909,SITE_C,WF_V2,GERMLINE,STAT,2025-01-04T12:53:17Z,,0
CASE_00004910,SITE_C,WF_V2,RARE_DISEASE,ROUTINE,2024-10-16T14:13:44Z,,0
CASE_00004911,SITE_C,WF_V2,ONCO_PANEL,ROUTINE,2024-09-27T03:23:30Z,,0
CASE_00004912,SITE_C,WF_V2,RARE_DISEASE,ROUTINE,2024-09-12T22:34:37Z,,0
CASE_00004913,SITE_C,WF_V2,ONCO_PANEL,ROUTINE,2025-04-29T05:01:31Z,,0
CASE_00004914,SITE_C,WF_V2,ONCO_PANEL,ROUTINE,2025-03-13T18:55:39Z,,0
CASE_00004915,SITE_C,WF_V2,GERMLINE,ROUTINE,2024-12-15T02:20:44Z,,0
CASE_00004916,SITE_C,WF_V2,RARE_DISEASE,ROUTINE,2025-03-08T02:34:38Z,,0
CASE_00004917,SITE_C,WF_V2,GERMLINE,ROUTINE,2024-12-15T05:44:47Z,,0
CASE_00004918,SITE_C,WF_V2,ONCO_PANEL,ROUTINE,2025-03-10T22:03:39Z,,0
CASE_00004919,SITE_C,WF_V2,GERMLINE,ROUTINE,2024-09-08T23:25:04Z,,0
CASE_00004920,SITE_C,WF_V2,ONCO_PANEL,ROUTINE,2024-11-07T16:14:23Z,,0
CASE_00004921,SITE_C,WF_V2,ONCO_PANEL,ROUTINE,2024-12-22T09:26:35Z,,0
CASE_00004922,SITE_C,WF_V2,RARE_DISEASE,ROUTINE,2024-10-11T13:48:14Z,,0
CASE_00004923,SITE_C,WF_V2,RARE_DISEASE,ROUTINE,2024-11-05T20:59:41Z,,0
CASE_00004924,SITE_C,WF_V2,RARE_DISEASE,ROUTINE,2025-04-07T07:05:07Z,,0
CASE_00004925,SITE_C,WF_V2,ONCO_PANEL,ROUTINE,2025-02-05T20:33:27Z,,0
CASE_00004926,SITE_C,WF_V2,ONCO_PANEL,ROUTINE,2024-12-06T03:23:10Z,,0
CASE_00004927,SITE_C,WF_V2,ONCO_PANEL,ROUTINE,2024-10-22T06:41:08Z,,0
CASE_00004928,SITE_C,WF_V2,GERMLINE,ROUTINE,2024-11-13T06:56:37Z,,0
CASE_00004929,SITE_C,WF_V3,RARE_DISEASE,ROUTINE,2026-03-18T10:37:56Z,2026-03-23T09:44:00Z,1
CASE_00004930,SITE_C,WF_V3,RARE_DISEASE,ROUTINE,2026-04-13T05:43:33Z,2026-04-18T14:33:52Z,1
CASE_00004931,SITE_C,WF_V3,RARE_DISEASE,STAT,2025-12-13T06:59:23Z,2025-12-16T14:50:43Z,1
CASE_00004932,SITE_C,WF_V3,GERMLINE,ROUTINE,2025-09-01T10:16:35Z,2025-09-07T14:54:33Z,1
CASE_00004933,SITE_C,WF_V3,ONCO_PANEL,ROUTINE,2025-10-29T12:31:25Z,2025-11-02T10:44:46Z,1
CASE_00004934,SITE_C,WF_V3,ONCO_PANEL,ROUTINE,2026-04-01T17:42:14Z,2026-04-05T23:10:17Z,1
CASE_00004935,SITE_C,WF_V3,ONCO_PANEL,ROUTINE,2026-03-21T01:03:21Z,2026-03-25T16:08:05Z,1
CASE_00004936,SITE_C,WF_V3,ONCO_PANEL,ROUTINE,2025-07-13T11:53:42Z,2025-07-17T17:36:47Z,1
CASE_00004937,SITE_C,WF_V3,ONCO_PANEL,ROUTINE,2026-05-23T08:57:52Z,2026-05-28T02:06:13Z,1
CASE_00004938,SITE_C,WF_V3,ONCO_PANEL,ROUTINE,2025-12-09T19:53:13Z,2025-12-14T14:00:17Z,1
CASE_00004939,SITE_C,WF_V3,ONCO_PANEL,ROUTINE,2025-08-28T23:44:37Z,2025-09-02T14:10:19Z,1
CASE_00004940,SITE_C,WF_V3,ONCO_PANEL,ROUTINE,2025-12-07T16:21:35Z,2025-12-12T10:08:49Z,1
CASE_00004941,SITE_C,WF_V3,RARE_DISEASE,ROUTINE,2026-01-23T08:51:02Z,2026-01-28T22:09:55Z,1
CASE_00004942,SITE_C,WF_V3,RARE_DISEASE,STAT,2025-06-05T13:18:56Z,2025-06-08T13:50:30Z,1
CASE_00004943,SITE_C,WF_V3,ONCO_PANEL,ROUTINE,2025-12-24T23:26:32Z,2025-12-29T01:33:07Z,1
CASE_00004944,SITE_C,WF_V3,GERMLINE,ROUTINE,2025-09-19T09:40:18Z,2025-09-25T14:02:16Z,1
CASE_00004945,SITE_C,WF_V3,RARE_DISEASE,ROUTINE,2026-01-26T16:05:51Z,2026-01-31T13:40:59Z,1
CASE_00004946,SITE_C,WF_V3,ONCO_PANEL,ROUTINE,2025-08-29T20:30:46Z,2025-09-03T17:13:17Z,1
CASE_00004947,SITE_C,WF_V3,ONCO_PANEL,ROUTINE,2026-02-23T10:43:05Z,2026-02-28T04:06:41Z,1
CASE_00004948,SITE_C,WF_V3,RARE_DISEASE,ROUTINE,2025-08-12T02:14:19Z,2025-08-17T00:02:51Z,1
CASE_00004949,SITE_C,WF_V3,GERMLINE,ROUTINE,2025-12-30T17:29:52Z,2026-01-05T03:18:38Z,1
CASE_00004950,SITE_C,WF_V3,GERMLINE,ROUTINE,2025-12-16T18:11:24Z,2025-12-23T05:25:38Z,1
CASE_00004951,SITE_C,WF_V3,PHARMA,ROUTINE,2025-09-19T13:43:13Z,2025-09-22T14:09:17Z,1
CASE_00004952,SITE_C,WF_V3,ONCO_PANEL,STAT,2026-05-19T14:46:13Z,2026-05-21T07:58:02Z,1
CASE_00004953,SITE_C,WF_V3,PHARMA,STAT,2026-04-04T14:59:24Z,2026-04-06T04:40:09Z,1
CASE_00004954,SITE_C,WF_V3,RARE_DISEASE,ROUTINE,2025-09-04T22:45:57Z,2025-09-09T08:54:55Z,1
CASE_00004955,SITE_C,WF_V3,ONCO_PANEL,ROUTINE,2025-08-15T01:12:52Z,2025-08-18T23:17:44Z,1
CASE_00004956,SITE_C,WF_V3,PHARMA,ROUTINE,2026-03-07T20:37:22Z,2026-03-11T22:56:39Z,1
CASE_00004957,SITE_C,WF_V3,GERMLINE,STAT,2025-08-29T10:00:13Z,2025-08-31T19:26:59Z,1
CASE_00004958,SITE_C,WF_V3,ONCO_PANEL,ROUTINE,2026-04-18T04:48:52Z,2026-04-21T20:31:55Z,1
CASE_00004959,SITE_C,WF_V3,ONCO_PANEL,ROUTINE,2025-06-19T04:25:03Z,2025-06-22T12:58:54Z,1
CASE_00004960,SITE_C,WF_V3,GERMLINE,ROUTINE,2026-05-27T10:41:47Z,2026-06-01T14:55:53Z,1
CASE_00004961,SITE_C,WF_V3,ONCO_PANEL,ROUTINE,2026-05-25T20:53:19Z,2026-05-29T22:36:37Z,1
CASE_00004962,SITE_C,WF_V3,RARE_DISEASE,ROUTINE,2025-06-25T13:43:07Z,2025-06-29T22:53:45Z,1
CASE_00004963,SITE_C,WF_V3,PHARMA,ROUTINE,2025-11-24T08:09:43Z,2025-11-28T16:12:49Z,1
CASE_00004964,SITE_C,WF_V3,ONCO_PANEL,ROUTINE,2025-12-31T04:45:27Z,2026-01-04T13:05:20Z,1
CASE_00004965,SITE_C,WF_V3,GERMLINE,ROUTINE,2025-07-09T06:10:27Z,2025-07-14T18:55:33Z,1
CASE_00004966,SITE_C,WF_V3,ONCO_PANEL,ROUTINE,2026-03-12T02:37:54Z,2026-03-16T09:30:49Z,1
CASE_00004967,SITE_C,WF_V3,PHARMA,ROUTINE,2025-10-27T21:25:46Z,2025-10-30T20:12:33Z,1
CASE_00004968,SITE_C,WF_V3,GERMLINE,ROUTINE,2025-10-26T04:01:54Z,2025-10-31T02:25:43Z,1
CASE_00004969,SITE_C,WF_V3,PHARMA,ROUTINE,2026-05-29T09:38:14Z,2026-06-02T02:53:24Z,1
CASE_00004970,SITE_C,WF_V3,PHARMA,ROUTINE,2025-12-03T03:44:56Z,2025-12-06T13:12:27Z,1
CASE_00004971,SITE_C,WF_V3,RARE_DISEASE,ROUTINE,2025-07-21T11:37:34Z,2025-07-25T23:13:26Z,1
CASE_00004972,SITE_C,WF_V3,ONCO_PANEL,ROUTINE,2026-02-11T02:22:23Z,2026-02-16T21:23:20Z,1
CASE_00004973,SITE_C,WF_V3,RARE_DISEASE,STAT,2026-04-05T02:51:39Z,2026-04-07T13:53:38Z,1
CASE_00004974,SITE_C,WF_V3,GERMLINE,STAT,2025-11-06T03:26:00Z,2025-11-08T22:10:44Z,1
CASE_00004975,SITE_C,WF_V3,ONCO_PANEL,ROUTINE,2026-03-10T21:35:17Z,2026-03-15T06:26:41Z,1
CASE_00004976,SITE_C,WF_V3,ONCO_PANEL,STAT,2026-03-24T02:00:11Z,2026-03-26T11:41:41Z,1
CASE_00004977,SITE_C,WF_V3,PHARMA,ROUTINE,2025-07-31T01:07:39Z,2025-08-03T16:50:26Z,1
CASE_00004978,SITE_C,WF_V3,RARE_DISEASE,ROUTINE,2026-02-01T15:53:25Z,2026-02-07T06:53:29Z,1
CASE_00004979,SITE_C,WF_V3,ONCO_PANEL,ROUTINE,2025-09-09T12:41:56Z,2025-09-13T16:41:46Z,1
CASE_00004980,SITE_C,WF_V3,ONCO_PANEL,ROUTINE,2025-06-15T12:04:55Z,2025-06-20T23:02:24Z,1
CASE_00004981,SITE_C,WF_V3,ONCO_PANEL,ROUTINE,2026-03-28T14:29:34Z,2026-04-01T20:47:40Z,1
CASE_00004982,SITE_C,WF_V3,RARE_DISEASE,ROUTINE,2025-08-14T15:34:02Z,2025-08-19T02:00:59Z,1
CASE_00004983,SITE_C,WF_V3,RARE_DISEASE,ROUTINE,2026-04-27T10:56:56Z,2026-05-03T05:09:48Z,1
CASE_00004984,SITE_C,WF_V3,PHARMA,ROUTINE,2026-04-11T11:19:11Z,2026-04-14T19:13:57Z,1
CASE_00004985,SITE_C,WF_V3,ONCO_PANEL,ROUTINE,2025-07-16T18:15:17Z,2025-07-21T08:29:05Z,1
CASE_00004986,SITE_C,WF_V3,ONCO_PANEL,ROUTINE,2026-02-28T16:31:35Z,2026-03-04T07:46:19Z,1
CASE_00004987,SITE_C,WF_V3,PHARMA,ROUTINE,2025-12-31T11:08:20Z,2026-01-04T01:40:46Z,1
CASE_00004988,SITE_C,WF_V3,ONCO_PANEL,ROUTINE,2025-07-17T00:01:02Z,2025-07-20T17:48:40Z,1
CASE_00004989,SITE_C,WF_V3,PHARMA,ROUTINE,2025-11-21T00:49:56Z,2025-11-24T21:33:50Z,1
CASE_00004990,SITE_C,WF_V3,ONCO_PANEL,ROUTINE,2025-09-17T02:42:45Z,2025-09-22T01:02:53Z,1
CASE_00004991,SITE_C,WF_V3,GERMLINE,ROUTINE,2025-10-24T05:56:40Z,2025-10-29T17:48:13Z,1
CASE_00004992,SITE_C,WF_V3,PHARMA,ROUTINE,2026-01-25T18:31:44Z,2026-01-29T07:42:24Z,1
CASE_00004993,SITE_C,WF_V3,GERMLINE,STAT,2026-01-22T18:56:38Z,2026-01-25T02:22:24Z,1
CASE_00004994,SITE_C,WF_V3,ONCO_PANEL,ROUTINE,2026-04-10T23:40:11Z,2026-04-16T14:08:06Z,1
CASE_00004995,SITE_C,WF_V3,ONCO_PANEL,ROUTINE,2025-09-05T19:50:23Z,2025-09-09T13:57:44Z,1
CASE_00004996,SITE_C,WF_V3,GERMLINE,ROUTINE,2026-04-26T21:20:21Z,2026-05-01T13:10:49Z,1
CASE_00004997,SITE_C,WF_V3,ONCO_PANEL,ROUTINE,2025-10-17T21:03:48Z,2025-10-23T02:17:57Z,1
CASE_00004998,SITE_C,WF_V3,ONCO_PANEL,ROUTINE,2025-06-28T16:43:43Z,2025-07-02T07:15:39Z,1
CASE_00004999,SITE_C,WF_V3,RARE_DISEASE,ROUTINE,2025-10-04T07:17:54Z,2025-10-08T01:37:18Z,1
CASE_00005000,SITE_C,WF_V3,GERMLINE,ROUTINE,2025-11-04T11:11:27Z,2025-11-12T04:19:14Z,1
CASE_00005001,SITE_C,WF_V3,ONCO_PANEL,ROUTINE,2026-04-10T21:00:48Z,2026-04-15T13:51:38Z,1
CASE_00005002,SITE_C,WF_V3,ONCO_PANEL,ROUTINE,2025-10-15T03:02:31Z,2025-10-19T15:57:56Z,1
CASE_00005003,SITE_C,WF_V3,GERMLINE,ROUTINE,2026-03-04T22:07:36Z,2026-03-11T03:33:40Z,1
CASE_00005004,SITE_C,WF_V3,RARE_DISEASE,ROUTINE,2025-08-24T02:38:02Z,2025-08-29T05:36:45Z,1
CASE_00005005,SITE_C,WF_V3,GERMLINE,ROUTINE,2026-01-31T01:17:40Z,2026-02-05T04:55:06Z,1
CASE_00005006,SITE_C,WF_V3,PHARMA,ROUTINE,2025-09-11T14:16:15Z,2025-09-15T04:26:28Z,1
CASE_00005007,SITE_C,WF_V3,ONCO_PANEL,ROUTINE,2025-10-03T18:58:43Z,2025-10-08T07:40:26Z,1
CASE_00005008,SITE_C,WF_V3,RARE_DISEASE,ROUTINE,2025-12-02T04:18:20Z,2025-12-06T18:38:42Z,1
CASE_00005009,SITE_C,WF_V3,RARE_DISEASE,STAT,2025-12-26T23:39:27Z,2025-12-29T06:09:20Z,1
CASE_00005010,SITE_C,WF_V3,ONCO_PANEL,ROUTINE,2026-03-14T14:53:54Z,2026-03-17T20:03:41Z,1
CASE_00005011,SITE_C,WF_V3,RARE_DISEASE,ROUTINE,2025-06-25T08:20:37Z,2025-06-29T07:56:07Z,1
CASE_00005012,SITE_C,WF_V3,RARE_DISEASE,ROUTINE,2025-09-16T11:02:20Z,2025-09-21T05:17:12Z,1
CASE_00005013,SITE_C,WF_V3,RARE_DISEASE,ROUTINE,2026-03-14T01:06:07Z,2026-03-17T20:20:55Z,1
CASE_00005014,SITE_C,WF_V3,ONCO_PANEL,ROUTINE,2025-12-17T06:38:49Z,2025-12-22T10:30:08Z,1
CASE_00005015,SITE_C,WF_V3,ONCO_PANEL,ROUTINE,2025-10-07T11:09:27Z,2025-10-12T04:37:46Z,1
CASE_00005016,SITE_C,WF_V3,GERMLINE,STAT,2025-08-23T08:07:24Z,2025-08-26T02:56:29Z,1
CASE_00005017,SITE_C,WF_V3,GERMLINE,ROUTINE,2026-02-21T18:08:50Z,2026-02-27T12:39:22Z,1
CASE_00005018,SITE_C,WF_V3,RARE_DISEASE,ROUTINE,2025-08-21T19:39:06Z,2025-08-28T06:14:18Z,1
CASE_00005019,SITE_C,WF_V3,RARE_DISEASE,ROUTINE,2025-07-17T01:56:02Z,2025-07-22T22:39:08Z,1
CASE_00005020,SITE_C,WF_V3,RARE_DISEASE,ROUTINE,2026-04-06T19:54:17Z,2026-04-12T09:12:10Z,1
CASE_00005021,SITE_C,WF_V3,RARE_DISEASE,STAT,2025-10-31T14:25:17Z,2025-11-02T11:40:00Z,1
CASE_00005022,SITE_C,WF_V3,ONCO_PANEL,ROUTINE,2026-01-03T15:57:11Z,2026-01-08T01:54:53Z,1
CASE_00005023,SITE_C,WF_V3,ONCO_PANEL,ROUTINE,2025-09-03T11:47:54Z,2025-09-07T22:39:18Z,1
CASE_00005024,SITE_C,WF_V3,GERMLINE,ROUTINE,2025-12-02T06:15:13Z,2025-12-06T19:09:16Z,1
CASE_00005025,SITE_C,WF_V3,GERMLINE,ROUTINE,2026-02-03T19:51:34Z,2026-02-09T13:35:14Z,1
CASE_00005026,SITE_C,WF_V3,ONCO_PANEL,STAT,2026-04-16T21:07:28Z,2026-04-19T06:15:19Z,1
CASE_00005027,SITE_C,WF_V3,ONCO_PANEL,STAT,2025-10-31T13:45:39Z,2025-11-02T05:32:15Z,1
CASE_00005028,SITE_C,WF_V3,RARE_DISEASE,ROUTINE,2025-09-20T14:41:21Z,2025-09-25T04:20:30Z,1
CASE_00005029,SITE_C,WF_V3,GERMLINE,STAT,2026-02-11T13:28:53Z,2026-02-13T20:56:44Z,1
CASE_00005030,SITE_C,WF_V3,RARE_DISEASE,ROUTINE,2025-09-12T01:56:02Z,2025-09-17T12:22:21Z,1
CASE_00005031,SITE_C,WF_V3,ONCO_PANEL,ROUTINE,2026-03-28T13:14:00Z,2026-04-02T00:43:45Z,1
CASE_00005032,SITE_C,WF_V3,GERMLINE,STAT,2026-03-27T08:42:49Z,2026-03-30T06:23:23Z,1
CASE_00005033,SITE_C,WF_V3,GERMLINE,ROUTINE,2026-03-05T06:31:48Z,2026-03-12T21:25:09Z,1
CASE_00005034,SITE_C,WF_V3,RARE_DISEASE,ROUTINE,2026-03-01T06:23:14Z,2026-03-07T17:34:58Z,1
CASE_00005035,SITE_C,WF_V3,GERMLINE,ROUTINE,2025-07-13T02:15:11Z,2025-07-19T00:57:37Z,1
CASE_00005036,SITE_C,WF_V3,RARE_DISEASE,ROUTINE,2025-06-25T08:50:16Z,2025-07-01T15:52:54Z,1
CASE_00005037,SITE_C,WF_V3,ONCO_PANEL,ROUTINE,2026-05-10T18:15:44Z,2026-05-15T13:26:53Z,1
CASE_00005038,SITE_C,WF_V3,ONCO_PANEL,ROUTINE,2026-04-24T08:26:55Z,2026-04-29T02:13:35Z,1
CASE_00005039,SITE_C,WF_V3,GERMLINE,ROUTINE,2025-07-25T04:27:08Z,2025-07-29T16:52:31Z,1
CASE_00005040,SITE_C,WF_V3,ONCO_PANEL,STAT,2026-03-25T13:40:04Z,2026-03-27T06:26:07Z,1
CASE_00005041,SITE_C,WF_V3,ONCO_PANEL,ROUTINE,2025-10-10T06:06:39Z,2025-10-13T21:27:22Z,1
CASE_00005042,SITE_C,WF_V3,ONCO_PANEL,ROUTINE,2025-08-24T23:53:42Z,2025-08-29T07:43:48Z,1
CASE_00005043,SITE_C,WF_V3,GERMLINE,ROUTINE,2025-11-03T04:40:04Z,2025-11-09T00:54:33Z,1
CASE_00005044,SITE_C,WF_V3,GERMLINE,STAT,2026-01-23T20:58:18Z,2026-01-26T19:04:05Z,1
CASE_00005045,SITE_C,WF_V3,ONCO_PANEL,ROUTINE,2025-10-28T17:47:04Z,2025-11-02T08:02:11Z,1
CASE_00005046,SITE_C,WF_V3,PHARMA,ROUTINE,2025-12-12T03:48:48Z,2025-12-15T14:53:50Z,1
CASE_00005047,SITE_C,WF_V3,GERMLINE,ROUTINE,2025-09-09T00:58:04Z,2025-09-15T14:43:59Z,1
CASE_00005048,SITE_C,WF_V3,PHARMA,ROUTINE,2025-08-08T03:19:54Z,2025-08-11T14:39:26Z,1
CASE_00005049,SITE_C,WF_V3,GERMLINE,ROUTINE,2025-08-31T12:05:41Z,2025-09-05T13:51:15Z,1
CASE_00005050,SITE_C,WF_V3,ONCO_PANEL,ROUTINE,2026-01-20T21:03:31Z,2026-01-25T08:49:24Z,1
CASE_00005051,SITE_C,WF_V3,RARE_DISEASE,ROUTINE,2025-11-25T00:36:53Z,2025-11-30T06:49:43Z,1
CASE_00005052,SITE_C,WF_V3,RARE_DISEASE,ROUTINE,2025-12-23T04:07:28Z,2025-12-27T18:46:43Z,1
CASE_00005053,SITE_C,WF_V3,GERMLINE,ROUTINE,2025-06-24T10:32:55Z,2025-06-30T03:37:16Z,1
CASE_00005054,SITE_C,WF_V3,ONCO_PANEL,ROUTINE,2026-01-02T22:09:08Z,2026-01-06T13:54:19Z,1
CASE_00005055,SITE_C,WF_V3,RARE_DISEASE,ROUTINE,2026-03-22T02:49:28Z,2026-03-26T05:18:03Z,1
CASE_00005056,SITE_C,WF_V3,PHARMA,ROUTINE,2025-08-27T07:22:05Z,2025-08-30T14:06:27Z,1
CASE_00005057,SITE_C,WF_V3,RARE_DISEASE,STAT,2025-08-19T21:42:12Z,2025-08-22T05:04:11Z,1
CASE_00005058,SITE_C,WF_V3,GERMLINE,ROUTINE,2026-03-11T20:00:18Z,2026-03-18T02:30:59Z,1
CASE_00005059,SITE_C,WF_V3,RARE_DISEASE,STAT,2026-01-31T20:15:34Z,2026-02-03T14:26:01Z,1
CASE_00005060,SITE_C,WF_V3,GERMLINE,STAT,2025-10-21T00:45:34Z,2025-10-23T10:17:39Z,1
CASE_00005061,SITE_C,WF_V3,RARE_DISEASE,ROUTINE,2025-06-30T02:48:53Z,2025-07-05T10:24:04Z,1
CASE_00005062,SITE_C,WF_V3,ONCO_PANEL,ROUTINE,2025-07-13T15:14:01Z,2025-07-17T02:17:02Z,1
CASE_00005063,SITE_C,WF_V3,GERMLINE,ROUTINE,2026-05-12T15:32:28Z,2026-05-17T12:31:50Z,1
CASE_00005064,SITE_C,WF_V3,GERMLINE,ROUTINE,2025-07-29T17:05:58Z,2025-08-03T21:10:17Z,1
CASE_00005065,SITE_C,WF_V3,GERMLINE,ROUTINE,2025-11-04T10:08:56Z,2025-11-10T03:17:47Z,1
CASE_00005066,SITE_C,WF_V3,ONCO_PANEL,ROUTINE,2025-07-14T11:54:02Z,2025-07-19T03:41:49Z,1
CASE_00005067,SITE_C,WF_V3,RARE_DISEASE,ROUTINE,2026-01-09T05:05:04Z,2026-01-15T03:17:37Z,1
CASE_00005068,SITE_C,WF_V3,ONCO_PANEL,ROUTINE,2026-02-24T23:31:25Z,2026-03-01T01:52:54Z,1
CASE_00005069,SITE_C,WF_V3,GERMLINE,ROUTINE,2026-04-12T10:12:02Z,2026-04-17T11:12:40Z,1
CASE_00005070,SITE_C,WF_V3,ONCO_PANEL,ROUTINE,2025-08-05T10:34:17Z,2025-08-09T09:52:18Z,1
CASE_00005071,SITE_C,WF_V3,PHARMA,ROUTINE,2025-12-29T14:20:32Z,2026-01-02T02:21:30Z,1
CASE_00005072,SITE_C,WF_V3,PHARMA,ROUTINE,2025-08-31T22:49:39Z,2025-09-05T13:57:27Z,1
CASE_00005073,SITE_C,WF_V3,RARE_DISEASE,STAT,2026-02-25T17:21:54Z,2026-02-28T00:16:08Z,1
CASE_00005074,SITE_C,WF_V3,GERMLINE,ROUTINE,2025-10-31T03:46:17Z,2025-11-06T02:51:40Z,1
CASE_00005075,SITE_C,WF_V3,RARE_DISEASE,ROUTINE,2026-02-21T17:42:30Z,2026-02-27T10:17:33Z,1
CASE_00005076,SITE_C,WF_V3,RARE_DISEASE,ROUTINE,2025-11-12T11:40:09Z,2025-11-17T09:16:26Z,1
CASE_00005077,SITE_C,WF_V3,RARE_DISEASE,ROUTINE,2026-01-06T13:09:39Z,2026-01-13T23:18:02Z,1
CASE_00005078,SITE_C,WF_V3,ONCO_PANEL,ROUTINE,2025-10-14T16:00:48Z,2025-10-19T05:06:37Z,1
CASE_00005079,SITE_C,WF_V3,GERMLINE,ROUTINE,2025-06-17T21:25:41Z,2025-06-22T22:02:56Z,1
CASE_00005080,SITE_C,WF_V3,RARE_DISEASE,STAT,2026-02-27T09:07:11Z,2026-03-02T13:10:26Z,1
CASE_00005081,SITE_C,WF_V3,ONCO_PANEL,STAT,2026-01-12T12:45:10Z,2026-01-14T17:25:21Z,1
CASE_00005082,SITE_C,WF_V3,PHARMA,ROUTINE,2026-03-22T23:29:18Z,2026-03-26T22:14:11Z,1
CASE_00005083,SITE_C,WF_V3,ONCO_PANEL,STAT,2025-10-10T13:33:41Z,2025-10-12T22:37:28Z,1
CASE_00005084,SITE_C,WF_V3,ONCO_PANEL,ROUTINE,2025-08-15T21:36:06Z,2025-08-19T00:43:12Z,1
CASE_00005085,SITE_C,WF_V3,RARE_DISEASE,ROUTINE,2026-05-19T06:29:12Z,2026-05-23T20:21:46Z,1
CASE_00005086,SITE_C,WF_V3,ONCO_PANEL,ROUTINE,2026-05-03T23:07:04Z,2026-05-09T00:54:20Z,1
CASE_00005087,SITE_C,WF_V3,ONCO_PANEL,STAT,2025-12-08T04:11:06Z,2025-12-09T20:23:10Z,1
CASE_00005088,SITE_C,WF_V3,ONCO_PANEL,ROUTINE,2025-12-04T21:25:07Z,2025-12-09T23:25:30Z,1
CASE_00005089,SITE_C,WF_V3,PHARMA,ROUTINE,2025-10-18T09:35:01Z,2025-10-21T17:38:20Z,1
CASE_00005090,SITE_C,WF_V3,PHARMA,STAT,2026-01-11T09:16:05Z,2026-01-13T10:55:43Z,1
CASE_00005091,SITE_C,WF_V3,GERMLINE,ROUTINE,2025-06-07T05:43:10Z,2025-06-11T14:07:21Z,1
CASE_00005092,SITE_C,WF_V3,ONCO_PANEL,ROUTINE,2026-02-24T11:00:27Z,2026-03-01T21:53:27Z,1
CASE_00005093,SITE_C,WF_V3,PHARMA,ROUTINE,2025-09-16T01:06:32Z,2025-09-20T06:34:30Z,1
CASE_00005094,SITE_C,WF_V3,RARE_DISEASE,ROUTINE,2025-10-19T01:42:36Z,2025-10-25T02:53:45Z,1
CASE_00005095,SITE_C,WF_V3,PHARMA,ROUTINE,2025-10-07T13:47:33Z,2025-10-11T06:33:00Z,1
CASE_00005096,SITE_C,WF_V3,RARE_DISEASE,ROUTINE,2025-11-24T12:45:19Z,2025-11-28T17:30:58Z,1
CASE_00005097,SITE_C,WF_V3,GERMLINE,ROUTINE,2026-01-05T14:40:20Z,2026-01-10T02:30:05Z,1
CASE_00005098,SITE_C,WF_V3,GERMLINE,ROUTINE,2025-08-22T12:36:44Z,2025-08-27T22:50:20Z,1
CASE_00005099,SITE_C,WF_V3,ONCO_PANEL,ROUTINE,2025-11-17T22:41:09Z,2025-11-21T11:10:50Z,1
CASE_00005100,SITE_C,WF_V3,ONCO_PANEL,ROUTINE,2026-02-08T13:42:35Z,2026-02-13T11:42:37Z,1
CASE_00005101,SITE_C,WF_V3,GERMLINE,ROUTINE,2026-05-02T16:18:20Z,2026-05-08T13:15:20Z,1
CASE_00005102,SITE_C,WF_V3,GERMLINE,ROUTINE,2026-04-12T10:45:42Z,2026-04-17T17:50:03Z,1
CASE_00005103,SITE_C,WF_V3,ONCO_PANEL,STAT,2026-04-10T10:23:52Z,2026-04-12T05:36:11Z,1
CASE_00005104,SITE_C,WF_V3,GERMLINE,ROUTINE,2025-12-02T12:19:05Z,2025-12-08T15:26:11Z,1
CASE_00005105,SITE_C,WF_V3,RARE_DISEASE,ROUTINE,2026-05-26T05:22:46Z,2026-05-31T17:30:24Z,1
CASE_00005106,SITE_C,WF_V3,GERMLINE,ROUTINE,2025-09-21T21:09:37Z,2025-09-26T01:49:15Z,1
CASE_00005107,SITE_C,WF_V3,GERMLINE,ROUTINE,2025-10-12T00:49:49Z,2025-10-18T06:45:55Z,1
CASE_00005108,SITE_C,WF_V3,ONCO_PANEL,ROUTINE,2026-04-28T19:44:33Z,2026-05-03T09:52:50Z,1
CASE_00005109,SITE_C,WF_V3,ONCO_PANEL,ROUTINE,2025-08-02T04:45:47Z,2025-08-06T07:28:55Z,1
CASE_00005110,SITE_C,WF_V3,GERMLINE,ROUTINE,2025-06-05T04:53:45Z,2025-06-12T05:41:13Z,1
CASE_00005111,SITE_C,WF_V3,ONCO_PANEL,ROUTINE,2026-01-27T21:57:46Z,2026-02-01T13:08:23Z,1
CASE_00005112,SITE_C,WF_V3,ONCO_PANEL,ROUTINE,2025-11-20T02:05:43Z,2025-11-24T03:03:24Z,1
CASE_00005113,SITE_C,WF_V3,ONCO_PANEL,ROUTINE,2026-02-17T14:08:53Z,2026-02-21T10:08:00Z,1
CASE_00005114,SITE_C,WF_V3,GERMLINE,ROUTINE,2025-07-25T13:21:14Z,2025-07-31T15:10:02Z,1
CASE_00005115,SITE_C,WF_V3,GERMLINE,ROUTINE,2025-07-20T10:44:38Z,2025-07-26T07:21:10Z,1
CASE_00005116,SITE_C,WF_V3,ONCO_PANEL,STAT,2025-11-04T12:24:59Z,2025-11-06T03:55:06Z,1
CASE_00005117,SITE_C,WF_V3,ONCO_PANEL,ROUTINE,2025-09-23T09:51:30Z,2025-09-27T21:00:09Z,1
CASE_00005118,SITE_C,WF_V3,RARE_DISEASE,STAT,2026-01-29T01:30:27Z,2026-01-31T08:27:52Z,1
CASE_00005119,SITE_C,WF_V3,RARE_DISEASE,ROUTINE,2025-12-23T19:32:55Z,2025-12-28T17:21:46Z,1
CASE_00005120,SITE_C,WF_V3,ONCO_PANEL,ROUTINE,2026-04-02T14:38:57Z,2026-04-06T10:10:40Z,1
CASE_00005121,SITE_C,WF_V3,RARE_DISEASE,STAT,2025-06-21T18:08:17Z,2025-06-23T22:58:22Z,1
CASE_00005122,SITE_C,WF_V3,RARE_DISEASE,ROUTINE,2025-12-16T04:35:27Z,2025-12-21T03:55:05Z,1
CASE_00005123,SITE_C,WF_V3,GERMLINE,ROUTINE,2025-09-03T10:14:50Z,2025-09-09T22:15:44Z,1
CASE_00005124,SITE_C,WF_V3,GERMLINE,ROUTINE,2025-10-06T01:29:48Z,2025-10-10T17:54:26Z,1
CASE_00005125,SITE_C,WF_V3,ONCO_PANEL,ROUTINE,2026-02-15T16:02:45Z,2026-02-20T01:42:12Z,1
CASE_00005126,SITE_C,WF_V3,ONCO_PANEL,ROUTINE,2026-05-26T04:58:13Z,2026-05-30T10:12:16Z,1
CASE_00005127,SITE_C,WF_V3,ONCO_PANEL,ROUTINE,2026-04-10T08:52:43Z,2026-04-14T09:59:25Z,1
CASE_00005128,SITE_C,WF_V3,GERMLINE,ROUTINE,2026-03-18T08:32:46Z,2026-03-23T23:10:37Z,1
CASE_00005129,SITE_C,WF_V3,RARE_DISEASE,ROUTINE,2025-08-30T22:33:44Z,2025-09-05T04:51:56Z,1
CASE_00005130,SITE_C,WF_V3,GERMLINE,ROUTINE,2025-09-05T11:18:54Z,2025-09-10T10:35:26Z,1
CASE_00005131,SITE_C,WF_V3,RARE_DISEASE,ROUTINE,2025-12-28T09:52:50Z,2026-01-02T14:58:37Z,1
CASE_00005132,SITE_C,WF_V3,ONCO_PANEL,ROUTINE,2025-08-19T04:11:13Z,2025-08-23T18:19:51Z,1
CASE_00005133,SITE_C,WF_V3,ONCO_PANEL,ROUTINE,2026-05-21T22:18:21Z,2026-05-26T19:27:29Z,1
CASE_00005134,SITE_C,WF_V3,RARE_DISEASE,ROUTINE,2025-08-03T09:58:08Z,2025-08-08T23:05:42Z,1
CASE_00005135,SITE_C,WF_V3,RARE_DISEASE,ROUTINE,2025-08-28T08:10:50Z,2025-09-02T08:43:59Z,1
CASE_00005136,SITE_C,WF_V3,GERMLINE,ROUTINE,2026-02-18T07:21:21Z,2026-02-23T01:42:46Z,1
CASE_00005137,SITE_C,WF_V3,ONCO_PANEL,STAT,2026-02-10T20:01:06Z,2026-02-12T22:14:59Z,1
CASE_00005138,SITE_C,WF_V3,ONCO_PANEL,ROUTINE,2025-06-16T06:59:49Z,2025-06-20T12:41:28Z,1
CASE_00005139,SITE_C,WF_V3,ONCO_PANEL,STAT,2025-07-08T21:01:18Z,2025-07-12T00:40:41Z,1
CASE_00005140,SITE_C,WF_V3,ONCO_PANEL,ROUTINE,2026-05-17T19:57:52Z,2026-05-21T23:24:31Z,1
CASE_00005141,SITE_C,WF_V3,ONCO_PANEL,ROUTINE,2025-06-18T03:14:49Z,2025-06-22T10:08:04Z,1
CASE_00005142,SITE_C,WF_V3,PHARMA,ROUTINE,2025-07-07T05:15:01Z,2025-07-10T19:05:03Z,1
CASE_00005143,SITE_C,WF_V3,ONCO_PANEL,ROUTINE,2026-03-06T02:05:00Z,2026-03-10T15:03:38Z,1
CASE_00005144,SITE_C,WF_V3,GERMLINE,ROUTINE,2025-12-23T09:54:20Z,2025-12-27T11:48:27Z,1
CASE_00005145,SITE_C,WF_V3,RARE_DISEASE,ROUTINE,2025-10-22T21:50:48Z,2025-10-28T05:04:42Z,1
CASE_00005146,SITE_C,WF_V3,ONCO_PANEL,ROUTINE,2026-03-23T07:53:39Z,2026-03-27T16:55:59Z,1
CASE_00005147,SITE_C,WF_V3,PHARMA,ROUTINE,2026-02-03T19:33:51Z,2026-02-07T20:01:47Z,1
CASE_00005148,SITE_C,WF_V3,ONCO_PANEL,ROUTINE,2025-10-21T00:33:52Z,2025-10-24T22:36:28Z,1
CASE_00005149,SITE_C,WF_V3,ONCO_PANEL,ROUTINE,2025-07-31T10:27:14Z,2025-08-04T12:53:38Z,1
CASE_00005150,SITE_C,WF_V3,GERMLINE,ROUTINE,2026-02-05T15:48:39Z,2026-02-11T19:19:32Z,1
CASE_00005151,SITE_C,WF_V3,GERMLINE,ROUTINE,2026-01-05T03:43:45Z,2026-01-10T14:01:33Z,1
CASE_00005152,SITE_C,WF_V3,ONCO_PANEL,ROUTINE,2026-05-07T20:57:14Z,2026-05-12T13:13:54Z,1
CASE_00005153,SITE_C,WF_V3,ONCO_PANEL,ROUTINE,2025-09-22T22:51:35Z,2025-09-28T00:36:42Z,1
CASE_00005154,SITE_C,WF_V3,ONCO_PANEL,ROUTINE,2025-08-12T00:16:15Z,2025-08-16T04:57:03Z,1
CASE_00005155,SITE_C,WF_V3,RARE_DISEASE,ROUTINE,2025-12-29T23:51:00Z,2026-01-04T05:06:37Z,1
CASE_00005156,SITE_C,WF_V3,ONCO_PANEL,ROUTINE,2026-01-09T15:52:08Z,2026-01-13T22:54:49Z,1
CASE_00005157,SITE_C,WF_V3,GERMLINE,STAT,2026-04-28T00:02:25Z,2026-05-01T08:46:20Z,1
CASE_00005158,SITE_C,WF_V3,ONCO_PANEL,ROUTINE,2025-12-06T13:10:56Z,2025-12-11T05:31:26Z,1
CASE_00005159,SITE_C,WF_V3,PHARMA,STAT,2025-07-02T03:32:26Z,2025-07-03T21:24:50Z,1
CASE_00005160,SITE_C,WF_V3,GERMLINE,ROUTINE,2025-09-21T12:31:25Z,2025-09-27T14:48:05Z,1
CASE_00005161,SITE_C,WF_V3,GERMLINE,ROUTINE,2025-12-07T19:42:47Z,2025-12-13T05:46:54Z,1
CASE_00005162,SITE_C,WF_V3,ONCO_PANEL,ROUTINE,2025-09-08T01:15:46Z,2025-09-12T12:35:34Z,1
CASE_00005163,SITE_C,WF_V3,ONCO_PANEL,ROUTINE,2026-03-18T17:04:48Z,2026-03-22T07:22:30Z,1
CASE_00005164,SITE_C,WF_V3,GERMLINE,ROUTINE,2025-08-07T15:12:37Z,2025-08-13T00:02:32Z,1
CASE_00005165,SITE_C,WF_V3,ONCO_PANEL,ROUTINE,2025-10-17T18:28:08Z,2025-10-21T17:47:59Z,1
CASE_00005166,SITE_C,WF_V3,PHARMA,ROUTINE,2026-02-07T04:36:20Z,2026-02-10T20:37:28Z,1
CASE_00005167,SITE_C,WF_V3,RARE_DISEASE,ROUTINE,2026-04-22T01:20:59Z,2026-04-26T08:19:31Z,1
CASE_00005168,SITE_C,WF_V3,RARE_DISEASE,ROUTINE,2026-02-21T01:36:49Z,2026-02-26T08:16:41Z,1
CASE_00005169,SITE_C,WF_V3,RARE_DISEASE,ROUTINE,2026-02-06T06:58:15Z,2026-02-12T03:05:30Z,1
CASE_00005170,SITE_C,WF_V3,RARE_DISEASE,ROUTINE,2025-11-10T20:00:38Z,2025-11-16T07:30:29Z,1
CASE_00005171,SITE_C,WF_V3,PHARMA,ROUTINE,2025-11-01T08:40:38Z,2025-11-05T00:20:09Z,1
CASE_00005172,SITE_C,WF_V3,ONCO_PANEL,ROUTINE,2026-02-18T19:23:11Z,2026-02-22T15:29:41Z,1
CASE_00005173,SITE_C,WF_V3,RARE_DISEASE,ROUTINE,2026-03-09T07:42:26Z,2026-03-14T02:07:35Z,1
CASE_00005174,SITE_C,WF_V3,GERMLINE,ROUTINE,2026-04-27T06:22:51Z,2026-05-02T08:14:26Z,1
CASE_00005175,SITE_C,WF_V3,ONCO_PANEL,ROUTINE,2026-04-23T03:12:29Z,2026-04-26T21:47:32Z,1
CASE_00005176,SITE_C,WF_V3,GERMLINE,ROUTINE,2025-08-04T21:49:40Z,2025-08-10T12:04:45Z,1
CASE_00005177,SITE_C,WF_V3,ONCO_PANEL,STAT,2026-04-10T07:30:48Z,2026-04-11T23:38:43Z,1
CASE_00005178,SITE_C,WF_V3,RARE_DISEASE,ROUTINE,2026-01-01T00:59:30Z,2026-01-05T17:34:43Z,1
CASE_00005179,SITE_C,WF_V3,RARE_DISEASE,ROUTINE,2026-05-05T10:07:20Z,2026-05-10T09:39:36Z,1
CASE_00005180,SITE_C,WF_V3,ONCO_PANEL,ROUTINE,2025-12-03T11:04:25Z,2025-12-08T14:15:15Z,1
CASE_00005181,SITE_C,WF_V3,PHARMA,ROUTINE,2025-06-28T14:55:55Z,2025-07-02T19:09:03Z,1
CASE_00005182,SITE_C,WF_V3,GERMLINE,ROUTINE,2026-01-16T09:56:21Z,2026-01-21T17:34:10Z,1
CASE_00005183,SITE_C,WF_V3,ONCO_PANEL,ROUTINE,2025-12-09T06:32:38Z,2025-12-13T09:49:32Z,1
CASE_00005184,SITE_C,WF_V3,GERMLINE,ROUTINE,2025-10-10T14:12:22Z,2025-10-16T01:38:47Z,1
CASE_00005185,SITE_C,WF_V3,RARE_DISEASE,ROUTINE,2026-02-22T06:06:31Z,2026-02-27T00:43:43Z,1
CASE_00005186,SITE_C,WF_V3,ONCO_PANEL,ROUTINE,2026-05-04T12:35:34Z,2026-05-08T21:57:59Z,1
CASE_00005187,SITE_C,WF_V3,ONCO_PANEL,ROUTINE,2025-12-29T00:28:04Z,2026-01-02T12:38:44Z,1
CASE_00005188,SITE_C,WF_V3,GERMLINE,ROUTINE,2025-09-30T04:59:15Z,2025-10-04T22:28:18Z,1
CASE_00005189,SITE_C,WF_V3,RARE_DISEASE,ROUTINE,2026-04-20T08:58:13Z,2026-04-25T07:48:42Z,1
CASE_00005190,SITE_C,WF_V3,ONCO_PANEL,ROUTINE,2025-12-28T21:26:24Z,2026-01-03T09:02:51Z,1
CASE_00005191,SITE_C,WF_V3,ONCO_PANEL,ROUTINE,2026-01-13T21:18:11Z,2026-01-18T15:26:53Z,1
CASE_00005192,SITE_C,WF_V3,ONCO_PANEL,ROUTINE,2026-01-18T16:00:40Z,2026-01-23T01:17:27Z,1
CASE_00005193,SITE_C,WF_V3,GERMLINE,ROUTINE,2026-04-17T22:47:25Z,2026-04-22T15:52:17Z,1
CASE_00005194,SITE_C,WF_V3,ONCO_PANEL,ROUTINE,2025-12-01T07:31:28Z,2025-12-05T02:15:35Z,1
CASE_00005195,SITE_C,WF_V3,GERMLINE,ROUTINE,2025-07-09T19:11:34Z,2025-07-15T20:41:04Z,1
CASE_00005196,SITE_C,WF_V3,GERMLINE,ROUTINE,2025-07-18T11:53:22Z,2025-07-23T21:13:46Z,1
CASE_00005197,SITE_C,WF_V3,ONCO_PANEL,ROUTINE,2026-05-02T00:39:41Z,2026-05-06T01:23:51Z,1
CASE_00005198,SITE_C,WF_V3,ONCO_PANEL,ROUTINE,2025-09-18T14:26:43Z,2025-09-23T12:16:43Z,1
CASE_00005199,SITE_C,WF_V3,RARE_DISEASE,ROUTINE,2025-10-19T04:18:41Z,2025-10-24T01:21:40Z,1
CASE_00005200,SITE_C,WF_V3,PHARMA,ROUTINE,2026-05-29T21:09:40Z,2026-06-02T07:14:43Z,1
CASE_00005201,SITE_C,WF_V3,ONCO_PANEL,ROUTINE,2026-04-21T17:21:48Z,2026-04-26T04:45:28Z,1
CASE_00005202,SITE_C,WF_V3,GERMLINE,ROUTINE,2025-06-27T11:03:55Z,2025-07-02T07:41:07Z,1
CASE_00005203,SITE_C,WF_V3,RARE_DISEASE,ROUTINE,2025-11-11T23:08:25Z,2025-11-16T07:11:08Z,1
CASE_00005204,SITE_C,WF_V3,RARE_DISEASE,ROUTINE,2025-10-16T00:31:19Z,2025-10-21T02:30:32Z,1
CASE_00005205,SITE_C,WF_V3,PHARMA,ROUTINE,2026-01-03T09:39:26Z,2026-01-07T03:21:42Z,1
CASE_00005206,SITE_C,WF_V3,RARE_DISEASE,STAT,2025-11-25T05:57:02Z,2025-11-27T10:47:56Z,1
CASE_00005207,SITE_C,WF_V3,GERMLINE,STAT,2026-04-29T17:48:02Z,2026-05-01T21:29:40Z,1
CASE_00005208,SITE_C,WF_V3,RARE_DISEASE,ROUTINE,2025-12-11T09:02:10Z,2025-12-17T03:37:32Z,1
CASE_00005209,SITE_C,WF_V3,ONCO_PANEL,ROUTINE,2026-04-26T11:11:33Z,2026-04-30T07:12:31Z,1
CASE_00005210,SITE_C,WF_V3,GERMLINE,ROUTINE,2026-01-09T13:36:00Z,2026-01-14T21:53:37Z,1
CASE_00005211,SITE_C,WF_V3,GERMLINE,ROUTINE,2026-05-08T15:36:57Z,2026-05-14T20:53:47Z,1
CASE_00005212,SITE_C,WF_V3,RARE_DISEASE,ROUTINE,2025-10-08T18:34:05Z,2025-10-13T18:12:45Z,1
CASE_00005213,SITE_C,WF_V3,ONCO_PANEL,ROUTINE,2026-01-09T03:28:52Z,2026-01-12T13:25:36Z,1
CASE_00005214,SITE_C,WF_V3,GERMLINE,ROUTINE,2025-09-18T00:58:55Z,2025-09-23T12:41:25Z,1
CASE_00005215,SITE_C,WF_V3,ONCO_PANEL,ROUTINE,2026-03-20T18:34:55Z,2026-03-25T00:56:26Z,1
CASE_00005216,SITE_C,WF_V3,GERMLINE,ROUTINE,2026-05-07T21:09:19Z,2026-05-12T14:05:48Z,1
CASE_00005217,SITE_C,WF_V3,PHARMA,ROUTINE,2025-11-27T17:37:04Z,2025-11-30T23:41:10Z,1
CASE_00005218,SITE_C,WF_V3,ONCO_PANEL,ROUTINE,2026-03-12T21:18:18Z,2026-03-17T20:12:43Z,1
CASE_00005219,SITE_C,WF_V3,GERMLINE,STAT,2025-08-07T07:55:41Z,2025-08-10T06:52:24Z,1
CASE_00005220,SITE_C,WF_V3,ONCO_PANEL,ROUTINE,2025-06-01T04:46:35Z,2025-06-05T11:18:02Z,1
CASE_00005221,SITE_C,WF_V3,ONCO_PANEL,ROUTINE,2025-12-01T10:56:02Z,2025-12-05T10:47:51Z,1
CASE_00005222,SITE_C,WF_V3,GERMLINE,ROUTINE,2026-03-31T20:47:54Z,2026-04-06T04:14:51Z,1
CASE_00005223,SITE_C,WF_V3,PHARMA,ROUTINE,2026-03-02T20:53:19Z,2026-03-06T07:59:19Z,1
CASE_00005224,SITE_C,WF_V3,RARE_DISEASE,ROUTINE,2026-05-03T04:26:32Z,2026-05-08T12:59:44Z,1
CASE_00005225,SITE_C,WF_V3,ONCO_PANEL,ROUTINE,2025-10-20T12:48:26Z,2025-10-24T22:37:27Z,1
CASE_00005226,SITE_C,WF_V3,PHARMA,ROUTINE,2026-05-15T20:55:44Z,2026-05-19T11:16:48Z,1
CASE_00005227,SITE_C,WF_V3,GERMLINE,ROUTINE,2026-03-26T07:19:53Z,2026-03-31T20:58:52Z,1
CASE_00005228,SITE_C,WF_V3,PHARMA,ROUTINE,2026-05-04T02:00:36Z,2026-05-06T22:21:21Z,1
CASE_00005229,SITE_C,WF_V3,PHARMA,ROUTINE,2026-02-14T10:59:09Z,2026-02-17T14:43:29Z,1
CASE_00005230,SITE_C,WF_V3,RARE_DISEASE,STAT,2026-02-19T05:31:38Z,2026-02-21T15:33:55Z,1
CASE_00005231,SITE_C,WF_V3,RARE_DISEASE,ROUTINE,2026-04-18T14:57:20Z,2026-04-24T01:37:44Z,1
CASE_00005232,SITE_C,WF_V3,ONCO_PANEL,ROUTINE,2026-01-04T20:32:52Z,2026-01-09T05:37:57Z,1
CASE_00005233,SITE_C,WF_V3,ONCO_PANEL,ROUTINE,2026-03-13T19:16:19Z,2026-03-17T20:32:35Z,1
CASE_00005234,SITE_C,WF_V3,RARE_DISEASE,ROUTINE,2025-07-21T17:59:38Z,2025-07-25T23:45:04Z,1
CASE_00005235,SITE_C,WF_V3,ONCO_PANEL,ROUTINE,2025-06-12T18:39:25Z,2025-06-17T07:24:49Z,1
CASE_00005236,SITE_C,WF_V3,ONCO_PANEL,ROUTINE,2025-11-12T02:51:25Z,2025-11-15T22:16:30Z,1
CASE_00005237,SITE_C,WF_V3,GERMLINE,ROUTINE,2025-09-11T14:34:24Z,2025-09-16T14:00:19Z,1
CASE_00005238,SITE_C,WF_V3,PHARMA,ROUTINE,2026-05-14T11:34:35Z,2026-05-18T14:40:14Z,1
CASE_00005239,SITE_C,WF_V3,PHARMA,ROUTINE,2025-10-12T20:30:00Z,2025-10-16T19:44:04Z,1
CASE_00005240,SITE_C,WF_V3,ONCO_PANEL,ROUTINE,2025-07-08T15:14:56Z,2025-07-13T19:05:00Z,1
CASE_00005241,SITE_C,WF_V3,ONCO_PANEL,STAT,2025-07-15T08:58:24Z,2025-07-17T06:06:52Z,1
CASE_00005242,SITE_C,WF_V3,GERMLINE,ROUTINE,2026-04-17T10:23:48Z,2026-04-21T13:23:04Z,1
CASE_00005243,SITE_C,WF_V3,ONCO_PANEL,ROUTINE,2025-08-04T00:38:21Z,2025-08-07T16:48:48Z,1
CASE_00005244,SITE_C,WF_V3,RARE_DISEASE,ROUTINE,2025-06-29T15:08:42Z,2025-07-04T07:48:29Z,1
CASE_00005245,SITE_C,WF_V3,RARE_DISEASE,ROUTINE,2025-07-13T16:52:12Z,2025-07-18T03:38:13Z,1
CASE_00005246,SITE_C,WF_V3,GERMLINE,ROUTINE,2025-07-15T16:22:29Z,2025-07-21T20:12:16Z,1
CASE_00005247,SITE_C,WF_V3,GERMLINE,STAT,2025-10-02T11:11:41Z,2025-10-05T00:12:22Z,1
CASE_00005248,SITE_C,WF_V3,RARE_DISEASE,ROUTINE,2025-11-26T14:11:50Z,2025-12-02T10:29:37Z,1
CASE_00005249,SITE_C,WF_V3,RARE_DISEASE,ROUTINE,2025-10-02T17:14:24Z,2025-10-07T14:36:46Z,1
CASE_00005250,SITE_C,WF_V3,ONCO_PANEL,ROUTINE,2026-02-15T12:20:45Z,2026-02-20T01:33:05Z,1
CASE_00005251,SITE_C,WF_V3,RARE_DISEASE,ROUTINE,2025-06-27T15:40:39Z,2025-07-02T17:33:59Z,1
CASE_00005252,SITE_C,WF_V3,GERMLINE,STAT,2025-08-16T07:31:01Z,2025-08-18T09:00:29Z,1
CASE_00005253,SITE_C,WF_V3,RARE_DISEASE,ROUTINE,2026-02-26T18:54:07Z,2026-03-03T02:48:20Z,1
CASE_00005254,SITE_C,WF_V3,ONCO_PANEL,ROUTINE,2026-03-21T22:59:34Z,2026-03-27T00:20:39Z,1
CASE_00005255,SITE_C,WF_V3,GERMLINE,ROUTINE,2025-08-29T02:57:44Z,2025-09-03T01:45:25Z,1
CASE_00005256,SITE_C,WF_V3,GERMLINE,ROUTINE,2025-09-01T10:12:51Z,2025-09-04T16:12:57Z,1
CASE_00005257,SITE_C,WF_V3,RARE_DISEASE,ROUTINE,2025-12-05T05:10:14Z,2025-12-09T09:46:57Z,1
CASE_00005258,SITE_C,WF_V3,GERMLINE,ROUTINE,2026-05-17T20:17:56Z,2026-05-23T13:26:39Z,1
CASE_00005259,SITE_C,WF_V3,PHARMA,ROUTINE,2026-04-26T03:57:27Z,2026-04-30T02:47:42Z,1
CASE_00005260,SITE_C,WF_V3,ONCO_PANEL,ROUTINE,2026-03-22T05:31:27Z,2026-03-27T11:48:33Z,1
CASE_00005261,SITE_C,WF_V3,GERMLINE,ROUTINE,2025-07-08T22:46:13Z,2025-07-14T03:18:49Z,1
CASE_00005262,SITE_C,WF_V3,ONCO_PANEL,STAT,2026-01-15T04:06:21Z,2026-01-17T04:15:52Z,1
CASE_00005263,SITE_C,WF_V3,ONCO_PANEL,ROUTINE,2025-09-25T22:10:41Z,2025-09-30T08:52:24Z,1
CASE_00005264,SITE_C,WF_V3,RARE_DISEASE,ROUTINE,2026-01-14T03:09:54Z,2026-01-19T06:45:02Z,1
CASE_00005265,SITE_C,WF_V3,ONCO_PANEL,ROUTINE,2025-09-03T06:41:40Z,2025-09-06T16:28:12Z,1
CASE_00005266,SITE_C,WF_V3,PHARMA,ROUTINE,2025-11-01T21:19:31Z,2025-11-04T10:39:37Z,1
CASE_00005267,SITE_C,WF_V3,GERMLINE,ROUTINE,2026-02-15T09:36:28Z,2026-02-22T04:06:16Z,1
CASE_00005268,SITE_C,WF_V3,ONCO_PANEL,STAT,2025-12-22T13:01:08Z,2025-12-24T11:19:40Z,1
CASE_00005269,SITE_C,WF_V3,ONCO_PANEL,ROUTINE,2026-02-21T18:48:28Z,2026-02-25T08:58:01Z,1
CASE_00005270,SITE_C,WF_V3,PHARMA,ROUTINE,2026-01-14T21:55:57Z,2026-01-20T15:22:37Z,1
CASE_00005271,SITE_C,WF_V3,GERMLINE,ROUTINE,2025-11-13T06:08:18Z,2025-11-18T03:24:58Z,1
CASE_00005272,SITE_C,WF_V3,PHARMA,ROUTINE,2026-04-19T10:28:09Z,2026-04-23T02:19:32Z,1
CASE_00005273,SITE_C,WF_V3,RARE_DISEASE,ROUTINE,2025-08-04T22:22:41Z,2025-08-10T14:54:55Z,1
CASE_00005274,SITE_C,WF_V3,RARE_DISEASE,ROUTINE,2025-12-08T15:17:28Z,2025-12-13T18:17:27Z,1
CASE_00005275,SITE_C,WF_V3,GERMLINE,ROUTINE,2026-05-06T15:32:01Z,2026-05-12T20:28:00Z,1
CASE_00005276,SITE_C,WF_V3,ONCO_PANEL,ROUTINE,2025-11-11T23:34:34Z,2025-11-16T14:41:02Z,1
CASE_00005277,SITE_C,WF_V3,RARE_DISEASE,STAT,2026-05-02T11:09:40Z,2026-05-05T03:12:31Z,1
CASE_00005278,SITE_C,WF_V3,RARE_DISEASE,STAT,2026-01-12T14:30:11Z,2026-01-15T04:21:45Z,1
CASE_00005279,SITE_C,WF_V3,RARE_DISEASE,ROUTINE,2026-05-21T03:23:47Z,2026-05-26T06:55:00Z,1
CASE_00005280,SITE_C,WF_V3,ONCO_PANEL,ROUTINE,2025-11-08T06:42:03Z,2025-11-13T21:17:15Z,1
CASE_00005281,SITE_C,WF_V3,RARE_DISEASE,ROUTINE,2025-07-19T21:09:48Z,2025-07-24T09:13:21Z,1
CASE_00005282,SITE_C,WF_V3,GERMLINE,ROUTINE,2025-12-10T20:00:18Z,2025-12-16T11:09:48Z,1
CASE_00005283,SITE_C,WF_V3,GERMLINE,ROUTINE,2025-12-17T21:46:36Z,2025-12-24T05:56:16Z,1
CASE_00005284,SITE_C,WF_V3,GERMLINE,ROUTINE,2025-11-08T19:56:35Z,2025-11-15T04:22:28Z,1
CASE_00005285,SITE_C,WF_V3,ONCO_PANEL,ROUTINE,2025-12-02T15:18:16Z,2025-12-06T10:00:02Z,1
CASE_00005286,SITE_C,WF_V3,RARE_DISEASE,ROUTINE,2025-10-21T14:22:53Z,2025-10-25T18:54:41Z,1
CASE_00005287,SITE_C,WF_V3,GERMLINE,ROUTINE,2025-06-13T08:29:21Z,2025-06-19T01:23:01Z,1
CASE_00005288,SITE_C,WF_V3,PHARMA,ROUTINE,2025-09-12T07:26:08Z,2025-09-15T22:13:48Z,1
CASE_00005289,SITE_C,WF_V3,ONCO_PANEL,ROUTINE,2026-01-29T04:23:17Z,2026-02-02T16:17:12Z,1
CASE_00005290,SITE_C,WF_V3,ONCO_PANEL,ROUTINE,2025-06-26T17:52:32Z,2025-06-30T17:34:52Z,1
CASE_00005291,SITE_C,WF_V3,PHARMA,ROUTINE,2026-02-12T10:46:17Z,2026-02-16T04:52:15Z,1
CASE_00005292,SITE_C,WF_V3,PHARMA,ROUTINE,2026-04-22T21:11:38Z,2026-04-26T02:41:08Z,1
CASE_00005293,SITE_C,WF_V3,ONCO_PANEL,STAT,2025-09-17T07:37:43Z,2025-09-19T17:09:55Z,1
CASE_00005294,SITE_C,WF_V3,GERMLINE,ROUTINE,2025-10-22T06:19:10Z,2025-10-29T15:12:38Z,1
CASE_00005295,SITE_C,WF_V3,ONCO_PANEL,STAT,2025-12-11T23:28:14Z,2025-12-14T06:52:24Z,1
CASE_00005296,SITE_C,WF_V3,RARE_DISEASE,ROUTINE,2025-11-19T07:02:55Z,2025-11-24T10:05:37Z,1
CASE_00005297,SITE_C,WF_V3,GERMLINE,ROUTINE,2026-05-11T20:45:07Z,2026-05-18T07:27:59Z,1
CASE_00005298,SITE_C,WF_V3,RARE_DISEASE,ROUTINE,2025-09-03T03:12:29Z,2025-09-09T06:29:27Z,1
CASE_00005299,SITE_C,WF_V3,ONCO_PANEL,ROUTINE,2025-10-16T18:31:21Z,2025-10-21T00:44:34Z,1
CASE_00005300,SITE_C,WF_V3,ONCO_PANEL,ROUTINE,2026-01-13T10:06:51Z,2026-01-17T17:54:32Z,1
CASE_00005301,SITE_C,WF_V3,GERMLINE,ROUTINE,2025-08-10T23:28:37Z,2025-08-15T20:00:32Z,1
CASE_00005302,SITE_C,WF_V3,GERMLINE,ROUTINE,2026-01-28T10:21:45Z,2026-02-02T20:07:37Z,1
CASE_00005303,SITE_C,WF_V3,ONCO_PANEL,ROUTINE,2025-07-14T09:58:20Z,2025-07-19T04:00:13Z,1
CASE_00005304,SITE_C,WF_V3,ONCO_PANEL,ROUTINE,2026-01-21T09:35:48Z,2026-01-26T20:19:23Z,1
CASE_00005305,SITE_C,WF_V3,RARE_DISEASE,ROUTINE,2026-02-26T00:55:45Z,2026-03-03T11:36:31Z,1
CASE_00005306,SITE_C,WF_V3,RARE_DISEASE,ROUTINE,2025-09-30T23:53:24Z,2025-10-06T23:49:23Z,1
CASE_00005307,SITE_C,WF_V3,ONCO_PANEL,ROUTINE,2025-10-23T07:22:52Z,2025-10-28T14:11:52Z,1
CASE_00005308,SITE_C,WF_V3,RARE_DISEASE,ROUTINE,2026-03-02T20:20:54Z,2026-03-08T13:20:31Z,1
CASE_00005309,SITE_C,WF_V3,GERMLINE,STAT,2026-05-26T20:32:29Z,2026-05-29T17:33:00Z,1
CASE_00005310,SITE_C,WF_V3,GERMLINE,ROUTINE,2025-11-09T02:46:11Z,2025-11-15T09:05:18Z,1
CASE_00005311,SITE_C,WF_V3,GERMLINE,ROUTINE,2026-01-19T07:05:10Z,2026-01-24T18:09:06Z,1
CASE_00005312,SITE_C,WF_V3,ONCO_PANEL,STAT,2025-11-14T16:34:59Z,2025-11-16T20:48:25Z,1
CASE_00005313,SITE_C,WF_V3,RARE_DISEASE,ROUTINE,2026-01-21T22:20:32Z,2026-01-27T17:17:00Z,1
CASE_00005314,SITE_C,WF_V3,ONCO_PANEL,ROUTINE,2025-08-24T02:08:07Z,2025-08-28T04:18:40Z,1
CASE_00005315,SITE_C,WF_V3,ONCO_PANEL,ROUTINE,2025-12-25T20:03:11Z,2025-12-29T16:55:54Z,1
CASE_00005316,SITE_C,WF_V3,GERMLINE,ROUTINE,2026-01-29T08:07:05Z,2026-02-03T18:31:58Z,1
CASE_00005317,SITE_C,WF_V3,ONCO_PANEL,ROUTINE,2025-07-21T21:24:19Z,2025-07-27T13:26:57Z,1
CASE_00005318,SITE_C,WF_V3,ONCO_PANEL,ROUTINE,2026-05-11T19:50:49Z,2026-05-15T20:59:34Z,1
CASE_00005319,SITE_C,WF_V3,GERMLINE,ROUTINE,2026-04-14T02:01:03Z,2026-04-19T12:07:25Z,1
CASE_00005320,SITE_C,WF_V3,RARE_DISEASE,ROUTINE,2025-11-10T20:59:47Z,2025-11-16T05:27:50Z,1
CASE_00005321,SITE_C,WF_V3,GERMLINE,ROUTINE,2026-04-14T09:42:18Z,2026-04-19T19:13:54Z,1
CASE_00005322,SITE_C,WF_V3,ONCO_PANEL,ROUTINE,2026-04-29T10:30:45Z,2026-05-04T10:18:35Z,1
CASE_00005323,SITE_C,WF_V3,ONCO_PANEL,STAT,2025-12-09T00:04:50Z,2025-12-10T15:02:10Z,1
CASE_00005324,SITE_C,WF_V3,RARE_DISEASE,ROUTINE,2025-06-07T12:48:49Z,2025-06-12T10:16:59Z,1
CASE_00005325,SITE_C,WF_V3,GERMLINE,ROUTINE,2026-04-28T21:21:31Z,2026-05-03T11:11:19Z,1
CASE_00005326,SITE_C,WF_V3,ONCO_PANEL,STAT,2026-03-22T09:08:11Z,2026-03-24T02:47:59Z,1
CASE_00005327,SITE_C,WF_V3,GERMLINE,ROUTINE,2025-08-03T20:48:20Z,2025-08-08T01:41:48Z,1
CASE_00005328,SITE_C,WF_V3,GERMLINE,ROUTINE,2026-03-21T10:45:34Z,2026-03-27T20:23:48Z,1
CASE_00005329,SITE_C,WF_V3,GERMLINE,STAT,2026-05-12T22:56:51Z,2026-05-15T17:13:12Z,1
CASE_00005330,SITE_C,WF_V3,ONCO_PANEL,ROUTINE,2026-05-18T20:09:32Z,2026-05-22T21:26:57Z,1
CASE_00005331,SITE_C,WF_V3,ONCO_PANEL,ROUTINE,2025-10-16T10:12:23Z,2025-10-20T13:35:13Z,1
CASE_00005332,SITE_C,WF_V3,GERMLINE,ROUTINE,2025-06-08T12:42:14Z,2025-06-14T18:09:17Z,1
CASE_00005333,SITE_C,WF_V3,ONCO_PANEL,ROUTINE,2025-12-30T21:57:32Z,2026-01-05T22:06:43Z,1
CASE_00005334,SITE_C,WF_V3,ONCO_PANEL,STAT,2025-08-27T09:27:02Z,2025-08-29T05:47:08Z,1
CASE_00005335,SITE_C,WF_V3,PHARMA,ROUTINE,2025-06-09T00:46:57Z,2025-06-13T00:08:26Z,1
CASE_00005336,SITE_C,WF_V3,PHARMA,ROUTINE,2025-11-16T14:51:28Z,2025-11-19T18:54:01Z,1
CASE_00005337,SITE_C,WF_V3,GERMLINE,ROUTINE,2026-02-20T21:43:59Z,2026-02-25T23:53:16Z,1
CASE_00005338,SITE_C,WF_V3,ONCO_PANEL,ROUTINE,2026-04-16T04:20:22Z,2026-04-20T03:02:02Z,1
CASE_00005339,SITE_C,WF_V3,GERMLINE,ROUTINE,2025-06-20T01:43:38Z,2025-06-27T17:48:15Z,1
CASE_00005340,SITE_C,WF_V3,GERMLINE,ROUTINE,2026-03-16T19:44:59Z,2026-03-22T05:38:49Z,1
CASE_00005341,SITE_C,WF_V3,ONCO_PANEL,ROUTINE,2025-08-05T05:21:06Z,2025-08-08T16:32:27Z,1
CASE_00005342,SITE_C,WF_V3,RARE_DISEASE,ROUTINE,2025-06-03T07:05:13Z,2025-06-08T18:57:55Z,1
CASE_00005343,SITE_C,WF_V3,ONCO_PANEL,ROUTINE,2025-06-17T04:56:35Z,2025-06-22T04:09:40Z,1
CASE_00005344,SITE_C,WF_V3,RARE_DISEASE,STAT,2025-08-26T18:41:27Z,2025-08-29T20:23:02Z,1
CASE_00005345,SITE_C,WF_V3,RARE_DISEASE,ROUTINE,2025-07-07T14:57:25Z,2025-07-12T20:47:11Z,1
CASE_00005346,SITE_C,WF_V3,RARE_DISEASE,ROUTINE,2025-11-04T15:36:52Z,2025-11-09T12:25:53Z,1
CASE_00005347,SITE_C,WF_V3,RARE_DISEASE,ROUTINE,2026-02-20T17:45:14Z,2026-02-25T13:43:56Z,1
CASE_00005348,SITE_C,WF_V3,RARE_DISEASE,ROUTINE,2025-09-15T16:49:48Z,2025-09-21T12:24:33Z,1
CASE_00005349,SITE_C,WF_V3,RARE_DISEASE,ROUTINE,2026-03-14T17:12:07Z,2026-03-20T10:56:59Z,1
CASE_00005350,SITE_C,WF_V3,RARE_DISEASE,ROUTINE,2026-04-21T15:05:35Z,2026-04-26T18:46:11Z,1
CASE_00005351,SITE_C,WF_V3,ONCO_PANEL,ROUTINE,2025-06-27T04:01:20Z,2025-07-01T00:55:23Z,1
CASE_00005352,SITE_C,WF_V3,GERMLINE,ROUTINE,2026-03-17T05:45:16Z,2026-03-22T08:23:41Z,1
CASE_00005353,SITE_C,WF_V3,GERMLINE,ROUTINE,2026-04-09T06:36:01Z,2026-04-14T23:49:28Z,1
CASE_00005354,SITE_C,WF_V3,ONCO_PANEL,ROUTINE,2025-12-29T06:57:59Z,2026-01-02T20:04:37Z,1
CASE_00005355,SITE_C,WF_V3,ONCO_PANEL,ROUTINE,2025-06-28T00:48:38Z,2025-07-02T12:11:56Z,1
CASE_00005356,SITE_C,WF_V3,PHARMA,ROUTINE,2025-09-25T11:07:47Z,2025-09-28T06:21:23Z,1
CASE_00005357,SITE_C,WF_V3,ONCO_PANEL,ROUTINE,2026-05-28T04:15:37Z,2026-05-31T23:02:30Z,1
CASE_00005358,SITE_C,WF_V3,ONCO_PANEL,ROUTINE,2025-09-10T02:17:15Z,2025-09-14T15:38:10Z,1
CASE_00005359,SITE_C,WF_V3,GERMLINE,ROUTINE,2025-10-04T13:56:30Z,2025-10-09T01:11:30Z,1
CASE_00005360,SITE_C,WF_V3,ONCO_PANEL,ROUTINE,2026-03-24T20:24:27Z,2026-03-29T11:47:32Z,1
CASE_00005361,SITE_C,WF_V3,PHARMA,ROUTINE,2025-08-08T19:32:38Z,2025-08-12T16:04:34Z,1
CASE_00005362,SITE_C,WF_V3,ONCO_PANEL,ROUTINE,2025-06-19T01:01:47Z,2025-06-23T12:46:53Z,1
CASE_00005363,SITE_C,WF_V3,PHARMA,ROUTINE,2026-04-25T16:08:13Z,2026-04-28T21:52:12Z,1
CASE_00005364,SITE_C,WF_V3,ONCO_PANEL,ROUTINE,2026-05-10T19:47:45Z,2026-05-14T04:18:34Z,1
CASE_00005365,SITE_C,WF_V3,GERMLINE,ROUTINE,2025-10-04T12:32:42Z,2025-10-11T03:56:11Z,1
CASE_00005366,SITE_C,WF_V3,ONCO_PANEL,ROUTINE,2026-04-22T21:30:16Z,2026-04-27T12:50:23Z,1
CASE_00005367,SITE_C,WF_V3,RARE_DISEASE,ROUTINE,2025-07-09T01:03:26Z,2025-07-14T03:02:46Z,1
CASE_00005368,SITE_C,WF_V3,ONCO_PANEL,STAT,2025-07-30T07:38:44Z,2025-08-01T03:59:38Z,1
CASE_00005369,SITE_C,WF_V3,GERMLINE,ROUTINE,2025-06-21T21:44:23Z,2025-06-27T10:04:42Z,1
CASE_00005370,SITE_C,WF_V3,GERMLINE,STAT,2025-11-22T11:39:20Z,2025-11-25T00:40:19Z,1
CASE_00005371,SITE_C,WF_V3,GERMLINE,ROUTINE,2025-06-17T22:12:18Z,2025-06-24T16:04:23Z,1
CASE_00005372,SITE_C,WF_V3,ONCO_PANEL,ROUTINE,2026-03-19T14:00:34Z,2026-03-24T22:33:12Z,1
CASE_00005373,SITE_C,WF_V3,PHARMA,ROUTINE,2025-07-02T17:25:53Z,2025-07-06T16:08:11Z,1
CASE_00005374,SITE_C,WF_V3,RARE_DISEASE,ROUTINE,2026-05-20T08:58:27Z,2026-05-26T15:49:42Z,1
CASE_00005375,SITE_C,WF_V3,ONCO_PANEL,ROUTINE,2025-11-11T02:39:28Z,2025-11-14T07:51:14Z,1
CASE_00005376,SITE_C,WF_V3,GERMLINE,ROUTINE,2025-09-11T11:50:51Z,2025-09-18T02:51:24Z,1
CASE_00005377,SITE_C,WF_V3,ONCO_PANEL,ROUTINE,2025-06-15T10:58:33Z,2025-06-19T13:05:27Z,1
CASE_00005378,SITE_C,WF_V3,PHARMA,STAT,2026-05-08T17:08:20Z,2026-05-09T23:27:33Z,1
CASE_00005379,SITE_C,WF_V3,GERMLINE,ROUTINE,2025-10-11T01:50:01Z,2025-10-18T19:55:21Z,1
CASE_00005380,SITE_C,WF_V3,ONCO_PANEL,ROUTINE,2025-06-20T01:59:24Z,2025-06-24T14:27:01Z,1
CASE_00005381,SITE_C,WF_V3,ONCO_PANEL,ROUTINE,2025-06-12T06:50:18Z,2025-06-17T04:49:44Z,1
CASE_00005382,SITE_C,WF_V3,RARE_DISEASE,ROUTINE,2025-12-16T22:59:59Z,2025-12-21T12:18:23Z,1
CASE_00005383,SITE_C,WF_V3,RARE_DISEASE,STAT,2025-06-02T12:21:44Z,2025-06-04T11:48:58Z,1
CASE_00005384,SITE_C,WF_V3,ONCO_PANEL,STAT,2026-02-11T13:41:51Z,2026-02-13T14:20:32Z,1
CASE_00005385,SITE_C,WF_V3,RARE_DISEASE,ROUTINE,2026-01-19T04:05:34Z,2026-01-25T04:48:38Z,1
CASE_00005386,SITE_C,WF_V3,RARE_DISEASE,ROUTINE,2025-12-10T00:40:58Z,2025-12-16T06:08:36Z,1
CASE_00005387,SITE_C,WF_V3,RARE_DISEASE,ROUTINE,2025-08-15T01:00:10Z,2025-08-19T10:39:16Z,1
CASE_00005388,SITE_C,WF_V3,ONCO_PANEL,ROUTINE,2026-04-20T19:42:04Z,2026-04-25T03:45:19Z,1
CASE_00005389,SITE_C,WF_V3,ONCO_PANEL,ROUTINE,2026-04-19T02:31:29Z,2026-04-23T20:15:07Z,1
CASE_00005390,SITE_C,WF_V3,RARE_DISEASE,ROUTINE,2025-06-23T03:53:52Z,2025-06-28T05:09:48Z,1
CASE_00005391,SITE_C,WF_V3,GERMLINE,ROUTINE,2025-09-29T03:13:12Z,2025-10-04T12:31:53Z,1
CASE_00005392,SITE_C,WF_V3,ONCO_PANEL,ROUTINE,2025-08-24T18:54:15Z,2025-08-28T20:22:54Z,1
CASE_00005393,SITE_C,WF_V3,GERMLINE,ROUTINE,2025-06-18T03:32:35Z,2025-06-27T15:47:45Z,1
CASE_00005394,SITE_C,WF_V3,ONCO_PANEL,ROUTINE,2026-04-20T11:14:41Z,2026-04-24T13:50:04Z,1
CASE_00005395,SITE_C,WF_V3,ONCO_PANEL,ROUTINE,2025-09-12T23:02:19Z,2025-09-17T05:52:19Z,1
CASE_00005396,SITE_C,WF_V3,ONCO_PANEL,ROUTINE,2026-01-23T01:51:03Z,2026-01-27T08:11:53Z,1
CASE_00005397,SITE_C,WF_V3,GERMLINE,ROUTINE,2025-11-28T16:49:53Z,2025-12-03T21:28:57Z,1
CASE_00005398,SITE_C,WF_V3,RARE_DISEASE,ROUTINE,2025-10-06T01:39:31Z,2025-10-10T00:25:29Z,1
CASE_00005399,SITE_C,WF_V3,GERMLINE,ROUTINE,2025-10-01T14:40:43Z,2025-10-08T18:27:40Z,1
CASE_00005400,SITE_C,WF_V3,ONCO_PANEL,ROUTINE,2025-12-21T04:37:21Z,2025-12-25T08:49:42Z,1
CASE_00005401,SITE_C,WF_V3,PHARMA,ROUTINE,2026-05-29T20:05:48Z,2026-06-02T07:20:11Z,1
CASE_00005402,SITE_C,WF_V3,GERMLINE,ROUTINE,2026-04-15T21:30:08Z,2026-04-21T12:03:04Z,1
CASE_00005403,SITE_C,WF_V3,RARE_DISEASE,STAT,2025-11-30T00:54:34Z,2025-12-02T06:02:55Z,1
CASE_00005404,SITE_C,WF_V3,GERMLINE,ROUTINE,2025-11-26T11:38:17Z,2025-12-02T06:51:54Z,1
CASE_00005405,SITE_C,WF_V3,GERMLINE,ROUTINE,2025-09-12T08:44:34Z,2025-09-17T12:47:44Z,1
CASE_00005406,SITE_C,WF_V3,PHARMA,ROUTINE,2025-08-03T13:03:28Z,2025-08-07T19:32:31Z,1
CASE_00005407,SITE_C,WF_V3,GERMLINE,STAT,2025-11-25T16:55:42Z,2025-11-28T07:55:04Z,1
CASE_00005408,SITE_C,WF_V3,ONCO_PANEL,ROUTINE,2026-04-27T12:29:05Z,2026-05-01T07:27:42Z,1
CASE_00005409,SITE_C,WF_V3,ONCO_PANEL,ROUTINE,2026-01-17T02:47:39Z,2026-01-21T20:03:05Z,1
CASE_00005410,SITE_C,WF_V3,ONCO_PANEL,ROUTINE,2025-10-10T08:57:55Z,2025-10-14T01:45:10Z,1
CASE_00005411,SITE_C,WF_V3,PHARMA,ROUTINE,2026-01-13T12:33:12Z,2026-01-17T15:18:41Z,1
CASE_00005412,SITE_C,WF_V3,RARE_DISEASE,ROUTINE,2026-03-22T09:02:28Z,2026-03-26T22:11:18Z,1
CASE_00005413,SITE_C,WF_V3,GERMLINE,ROUTINE,2025-11-01T13:00:14Z,2025-11-07T14:55:01Z,1
CASE_00005414,SITE_C,WF_V3,RARE_DISEASE,ROUTINE,2026-03-18T22:58:31Z,2026-03-23T03:00:09Z,1
CASE_00005415,SITE_C,WF_V3,ONCO_PANEL,ROUTINE,2025-06-12T04:50:49Z,2025-06-16T17:28:15Z,1
CASE_00005416,SITE_C,WF_V3,ONCO_PANEL,ROUTINE,2026-02-28T15:12:29Z,2026-03-04T17:50:03Z,1
CASE_00005417,SITE_C,WF_V3,ONCO_PANEL,ROUTINE,2025-10-11T14:10:38Z,2025-10-16T05:38:01Z,1
CASE_00005418,SITE_C,WF_V3,GERMLINE,ROUTINE,2025-10-10T09:33:17Z,2025-10-15T18:29:29Z,1
CASE_00005419,SITE_C,WF_V3,ONCO_PANEL,ROUTINE,2025-09-22T02:41:14Z,2025-09-26T05:56:51Z,1
CASE_00005420,SITE_C,WF_V3,ONCO_PANEL,ROUTINE,2025-11-14T20:26:23Z,2025-11-19T09:05:26Z,1
CASE_00005421,SITE_C,WF_V3,ONCO_PANEL,ROUTINE,2025-11-27T14:39:28Z,2025-12-02T03:07:23Z,1
CASE_00005422,SITE_C,WF_V3,GERMLINE,ROUTINE,2026-01-08T10:22:04Z,2026-01-13T16:55:14Z,1
CASE_00005423,SITE_C,WF_V3,GERMLINE,ROUTINE,2025-10-10T06:30:30Z,2025-10-15T11:52:48Z,1
CASE_00005424,SITE_C,WF_V3,ONCO_PANEL,ROUTINE,2025-09-02T08:54:13Z,2025-09-06T05:33:00Z,1
CASE_00005425,SITE_C,WF_V3,RARE_DISEASE,ROUTINE,2025-07-22T07:59:33Z,2025-07-27T02:34:48Z,1
CASE_00005426,SITE_C,WF_V3,GERMLINE,ROUTINE,2025-12-05T01:00:59Z,2025-12-10T21:59:16Z,1
CASE_00005427,SITE_C,WF_V3,RARE_DISEASE,STAT,2025-12-30T06:05:14Z,2026-01-01T03:35:25Z,1
CASE_00005428,SITE_C,WF_V3,ONCO_PANEL,ROUTINE,2026-04-13T14:42:09Z,2026-04-17T16:05:00Z,1
CASE_00005429,SITE_C,WF_V3,RARE_DISEASE,ROUTINE,2026-02-20T21:19:21Z,2026-02-25T09:16:27Z,1
CASE_00005430,SITE_C,WF_V3,ONCO_PANEL,ROUTINE,2025-12-27T11:00:53Z,2025-12-31T02:20:32Z,1
CASE_00005431,SITE_C,WF_V3,PHARMA,ROUTINE,2025-11-12T12:10:54Z,2025-11-15T12:49:29Z,1
CASE_00005432,SITE_C,WF_V3,PHARMA,ROUTINE,2025-09-28T03:04:16Z,2025-10-02T01:53:33Z,1
CASE_00005433,SITE_C,WF_V3,ONCO_PANEL,STAT,2025-08-01T19:13:57Z,2025-08-03T21:22:48Z,1
CASE_00005434,SITE_C,WF_V3,ONCO_PANEL,ROUTINE,2025-10-15T02:56:00Z,2025-10-18T15:34:14Z,1
CASE_00005435,SITE_C,WF_V3,GERMLINE,ROUTINE,2026-05-03T19:06:03Z,2026-05-09T00:34:55Z,1
CASE_00005436,SITE_C,WF_V3,ONCO_PANEL,ROUTINE,2025-09-28T21:49:33Z,2025-10-03T16:26:25Z,1
CASE_00005437,SITE_C,WF_V3,ONCO_PANEL,ROUTINE,2026-01-18T20:53:53Z,2026-01-23T12:37:53Z,1
CASE_00005438,SITE_C,WF_V3,GERMLINE,ROUTINE,2026-02-19T08:06:46Z,2026-02-24T07:40:01Z,1
CASE_00005439,SITE_C,WF_V3,GERMLINE,ROUTINE,2026-03-08T12:39:26Z,2026-03-13T12:35:47Z,1
CASE_00005440,SITE_C,WF_V3,ONCO_PANEL,STAT,2026-04-25T21:39:31Z,2026-04-28T02:38:39Z,1
CASE_00005441,SITE_C,WF_V3,ONCO_PANEL,ROUTINE,2026-05-02T06:09:58Z,2026-05-06T13:47:24Z,1
CASE_00005442,SITE_C,WF_V3,ONCO_PANEL,ROUTINE,2026-03-22T07:53:13Z,2026-03-26T05:09:00Z,1
CASE_00005443,SITE_C,WF_V3,ONCO_PANEL,ROUTINE,2026-01-07T04:12:56Z,2026-01-10T15:54:53Z,1
CASE_00005444,SITE_C,WF_V3,RARE_DISEASE,ROUTINE,2026-04-17T10:59:56Z,,0
CASE_00005445,SITE_C,WF_V3,GERMLINE,ROUTINE,2026-05-12T23:06:18Z,,0
CASE_00005446,SITE_C,WF_V3,GERMLINE,STAT,2025-09-07T02:46:52Z,,0
CASE_00005447,SITE_C,WF_V3,RARE_DISEASE,ROUTINE,2025-09-12T05:07:59Z,,0
CASE_00005448,SITE_C,WF_V3,ONCO_PANEL,ROUTINE,2025-06-14T17:34:18Z,,0
CASE_00005449,SITE_C,WF_V3,RARE_DISEASE,STAT,2025-10-19T06:24:38Z,,0
CASE_00005450,SITE_C,WF_V3,ONCO_PANEL,ROUTINE,2025-10-01T09:45:42Z,,0
CASE_00005451,SITE_C,WF_V3,RARE_DISEASE,ROUTINE,2025-06-29T23:17:02Z,,0
CASE_00005452,SITE_C,WF_V3,ONCO_PANEL,ROUTINE,2026-04-19T18:17:24Z,,0
CASE_00005453,SITE_C,WF_V3,PHARMA,ROUTINE,2025-11-25T16:46:18Z,,0
CASE_00005454,SITE_C,WF_V3,GERMLINE,ROUTINE,2025-11-05T23:55:01Z,,0
CASE_00005455,SITE_C,WF_V3,PHARMA,ROUTINE,2025-09-19T23:55:18Z,,0
CASE_00005456,SITE_C,WF_V3,PHARMA,ROUTINE,2026-05-15T18:33:24Z,,0
CASE_00005457,SITE_C,WF_V3,ONCO_PANEL,ROUTINE,2026-03-20T04:41:13Z,,0
CASE_00005458,SITE_C,WF_V3,ONCO_PANEL,ROUTINE,2026-03-18T06:53:37Z,,0
CASE_00005459,SITE_C,WF_V3,ONCO_PANEL,ROUTINE,2026-05-20T05:16:58Z,,0
CASE_00005460,SITE_C,WF_V3,ONCO_PANEL,ROUTINE,2025-06-20T19:54:24Z,,0
CASE_00005461,SITE_C,WF_V3,RARE_DISEASE,ROUTINE,2026-05-16T20:52:20Z,,0
CASE_00005462,SITE_C,WF_V3,ONCO_PANEL,ROUTINE,2025-10-12T18:28:12Z,,0
CASE_00005463,SITE_C,WF_V3,ONCO_PANEL,STAT,2025-11-25T17:28:45Z,,0
CASE_00005464,SITE_C,WF_V3,RARE_DISEASE,ROUTINE,2025-12-16T16:53:36Z,,0
CASE_00005465,SITE_C,WF_V3,ONCO_PANEL,ROUTINE,2025-06-12T19:50:42Z,,0
CASE_00005466,SITE_C,WF_V3,GERMLINE,ROUTINE,2025-11-04T07:16:18Z,,0
CASE_00005467,SITE_C,WF_V3,PHARMA,ROUTINE,2026-04-10T00:26:42Z,,0
CASE_00005468,SITE_C,WF_V3,ONCO_PANEL,ROUTINE,2026-05-18T04:50:03Z,,0
CASE_00005469,SITE_C,WF_V3,RARE_DISEASE,ROUTINE,2026-05-11T19:42:34Z,,0
CASE_00005470,SITE_C,WF_V3,RARE_DISEASE,ROUTINE,2025-06-10T13:52:38Z,,0
CASE_00005471,SITE_C,WF_V3,RARE_DISEASE,STAT,2025-07-08T12:50:57Z,,0
CASE_00005472,SITE_C,WF_V3,GERMLINE,ROUTINE,2026-03-26T07:08:55Z,,0
CASE_00005473,SITE_C,WF_V3,ONCO_PANEL,ROUTINE,2025-07-24T22:38:53Z,,0
CASE_00005474,SITE_C,WF_V3,ONCO_PANEL,ROUTINE,2025-12-05T14:44:25Z,,0
CASE_00005475,SITE_C,WF_V3,RARE_DISEASE,ROUTINE,2026-04-26T04:09:00Z,,0
CASE_00005476,SITE_C,WF_V3,ONCO_PANEL,ROUTINE,2025-07-11T03:42:27Z,,0
CASE_00005477,SITE_C,WF_V3,ONCO_PANEL,ROUTINE,2026-03-17T11:49:07Z,,0
CASE_00005478,SITE_C,WF_V3,ONCO_PANEL,ROUTINE,2026-03-08T14:47:58Z,,0
CASE_00005479,SITE_C,WF_V3,RARE_DISEASE,ROUTINE,2025-07-27T04:40:16Z,,0
CASE_00005480,SITE_C,WF_V3,GERMLINE,ROUTINE,2026-03-26T06:12:26Z,,0
CASE_00005481,SITE_C,WF_V3,RARE_DISEASE,ROUTINE,2026-03-06T07:02:06Z,,0
CASE_00005482,SITE_C,WF_V3,ONCO_PANEL,ROUTINE,2026-02-02T02:20:18Z,,0
CASE_00005483,SITE_C,WF_V3,GERMLINE,ROUTINE,2025-10-22T04:29:22Z,,0
CASE_00005484,SITE_C,WF_V3,ONCO_PANEL,ROUTINE,2026-04-20T10:15:47Z,,0
CASE_00005485,SITE_C,WF_V3,RARE_DISEASE,ROUTINE,2025-11-12T03:47:48Z,,0
CASE_00005486,SITE_C,WF_V3,RARE_DISEASE,ROUTINE,2025-06-24T00:23:34Z,,0
CASE_00005487,SITE_C,WF_V3,ONCO_PANEL,ROUTINE,2026-04-02T06:16:35Z,,0
CASE_00005488,SITE_C,WF_V3,RARE_DISEASE,ROUTINE,2025-06-01T02:27:28Z,,0
CASE_00005489,SITE_C,WF_V3,RARE_DISEASE,STAT,2025-08-28T14:40:44Z,,0
CASE_00005490,SITE_C,WF_V3,GERMLINE,ROUTINE,2026-03-16T20:36:43Z,,0
CASE_00005491,SITE_C,WF_V3,ONCO_PANEL,ROUTINE,2026-05-10T16:21:35Z,,0
CASE_00005492,SITE_C,WF_V3,GERMLINE,ROUTINE,2025-08-26T13:21:38Z,,0
CASE_00005493,SITE_C,WF_V3,RARE_DISEASE,ROUTINE,2026-01-14T12:14:33Z,,0
CASE_00005494,SITE_C,WF_V3,ONCO_PANEL,ROUTINE,2025-12-21T22:59:43Z,,0
CASE_00005495,SITE_C,WF_V3,ONCO_PANEL,ROUTINE,2025-10-08T17:32:11Z,,0
CASE_00005496,SITE_C,WF_V3,ONCO_PANEL,ROUTINE,2025-12-15T04:51:56Z,,0
CASE_00005497,SITE_C,WF_V3,GERMLINE,ROUTINE,2025-07-24T19:00:04Z,,0
CASE_00005498,SITE_C,WF_V3,GERMLINE,ROUTINE,2025-12-15T13:35:42Z,,0
CASE_00005499,SITE_C,WF_V3,PHARMA,ROUTINE,2026-03-02T13:09:48Z,,0
CASE_00005500,SITE_C,WF_V3,RARE_DISEASE,ROUTINE,2025-10-03T14:07:26Z,,0
CASE_00005501,SITE_C,WF_V3,RARE_DISEASE,ROUTINE,2026-03-26T09:51:04Z,,0
CASE_00005502,SITE_C,WF_V3,RARE_DISEASE,ROUTINE,2025-08-20T04:11:06Z,,0
CASE_00005503,SITE_C,WF_V3,ONCO_PANEL,ROUTINE,2025-10-28T20:13:29Z,,0
CASE_00005504,SITE_C,WF_V3,ONCO_PANEL,STAT,2026-01-26T08:39:01Z,,0
CASE_00005505,SITE_C,WF_V3,PHARMA,ROUTINE,2026-04-23T16:58:41Z,,0
CASE_00005506,SITE_C,WF_V3,GERMLINE,ROUTINE,2025-07-11T03:16:19Z,,0
CASE_00005507,SITE_C,WF_V3,RARE_DISEASE,ROUTINE,2025-07-09T07:43:54Z,,0
CASE_00005508,SITE_C,WF_V3,GERMLINE,ROUTINE,2025-08-18T14:32:50Z,,0
CASE_00005509,SITE_C,WF_V3,GERMLINE,ROUTINE,2025-11-24T16:21:01Z,,0
CASE_00005510,SITE_C,WF_V3,ONCO_PANEL,ROUTINE,2026-04-15T05:00:43Z,,0
CASE_00005511,SITE_C,WF_V3,ONCO_PANEL,STAT,2026-04-27T22:44:34Z,,0
CASE_00005512,SITE_C,WF_V3,PHARMA,ROUTINE,2025-11-06T19:45:41Z,,0
CASE_00005513,SITE_C,WF_V3,ONCO_PANEL,ROUTINE,2026-04-19T16:37:57Z,,0
CASE_00005514,SITE_C,WF_V3,ONCO_PANEL,ROUTINE,2025-08-01T07:23:33Z,,0
CASE_00005515,SITE_C,WF_V3,ONCO_PANEL,ROUTINE,2026-02-24T01:46:55Z,,0
CASE_00005516,SITE_C,WF_V3,GERMLINE,ROUTINE,2026-04-22T16:35:51Z,,0
CASE_00005517,SITE_C,WF_V3,ONCO_PANEL,ROUTINE,2025-06-03T14:50:37Z,,0
CASE_00005518,SITE_C,WF_V3,RARE_DISEASE,ROUTINE,2026-01-26T14:48:15Z,,0
CASE_00005519,SITE_C,WF_V3,GERMLINE,STAT,2025-09-03T08:13:45Z,,0
CASE_00005520,SITE_C,WF_V3,GERMLINE,ROUTINE,2026-01-28T18:02:00Z,,0
CASE_00005521,SITE_C,WF_V3,RARE_DISEASE,ROUTINE,2026-01-17T16:47:45Z,,0
CASE_00005522,SITE_C,WF_V3,RARE_DISEASE,ROUTINE,2026-03-25T13:54:24Z,,0
CASE_00005523,SITE_C,WF_V3,GERMLINE,ROUTINE,2025-07-30T04:35:48Z,,0
CASE_00005524,SITE_C,WF_V3,GERMLINE,ROUTINE,2026-05-18T07:36:46Z,,0
CASE_00005525,SITE_C,WF_V3,PHARMA,ROUTINE,2025-11-29T12:20:42Z,,0
CASE_00005526,SITE_C,WF_V3,ONCO_PANEL,ROUTINE,2025-11-15T08:12:43Z,,0
CASE_00005527,SITE_C,WF_V3,ONCO_PANEL,ROUTINE,2025-08-01T21:26:22Z,,0
CASE_00005528,SITE_C,WF_V3,ONCO_PANEL,ROUTINE,2025-08-16T14:52:27Z,,0
CASE_00005529,SITE_C,WF_V3,RARE_DISEASE,ROUTINE,2025-06-22T12:29:58Z,,0
CASE_00005530,SITE_C,WF_V3,RARE_DISEASE,STAT,2026-04-18T11:19:07Z,,0
CASE_00005531,SITE_C,WF_V3,RARE_DISEASE,ROUTINE,2025-09-04T13:28:29Z,,0
CASE_00005532,SITE_C,WF_V3,ONCO_PANEL,ROUTINE,2026-01-26T15:47:35Z,,0
CASE_00005533,SITE_C,WF_V3,ONCO_PANEL,ROUTINE,2025-12-03T02:50:30Z,,0
CASE_00005534,SITE_C,WF_V3,PHARMA,ROUTINE,2025-08-27T13:43:45Z,,0
CASE_00005535,SITE_C,WF_V3,PHARMA,STAT,2025-06-22T18:36:59Z,,0
CASE_00005536,SITE_C,WF_V3,PHARMA,ROUTINE,2025-06-13T12:44:17Z,,0
CASE_00005537,SITE_C,WF_V3,GERMLINE,ROUTINE,2026-01-17T21:33:32Z,,0
CASE_00005538,SITE_C,WF_V3,PHARMA,STAT,2026-03-19T13:42:41Z,,0
CASE_00005539,SITE_C,WF_V3,GERMLINE,ROUTINE,2025-06-13T18:37:41Z,,0
CASE_00005540,SITE_C,WF_V3,GERMLINE,ROUTINE,2025-08-05T08:54:34Z,,0
CASE_00005541,SITE_C,WF_V3,PHARMA,ROUTINE,2025-09-10T06:18:23Z,,0
CASE_00005542,SITE_C,WF_V3,GERMLINE,STAT,2025-09-28T18:51:52Z,,0
CASE_00005543,SITE_C,WF_V3,ONCO_PANEL,ROUTINE,2025-06-18T17:32:17Z,,0
CASE_00005544,SITE_C,WF_V3,RARE_DISEASE,ROUTINE,2025-12-28T04:38:26Z,,0
CASE_00005545,SITE_C,WF_V3,ONCO_PANEL,ROUTINE,2026-03-07T19:36:45Z,,0
CASE_00005546,SITE_C,WF_V3,ONCO_PANEL,ROUTINE,2025-11-01T06:31:12Z,,0
CASE_00005547,SITE_C,WF_V3,RARE_DISEASE,ROUTINE,2025-06-04T18:07:05Z,,0
CASE_00005548,SITE_C,WF_V3,ONCO_PANEL,STAT,2025-06-04T14:35:45Z,,0
CASE_00005549,SITE_C,WF_V3,ONCO_PANEL,STAT,2025-07-19T17:00:06Z,,0
CASE_00005550,SITE_C,WF_V3,ONCO_PANEL,ROUTINE,2026-04-13T18:17:35Z,,0
CASE_00005551,SITE_C,WF_V3,RARE_DISEASE,ROUTINE,2025-11-12T22:28:38Z,,0
CASE_00005552,SITE_C,WF_V3,ONCO_PANEL,STAT,2025-11-01T11:23:53Z,,0
CASE_00005553,SITE_C,WF_V3,ONCO_PANEL,ROUTINE,2026-01-12T15:29:28Z,,0
CASE_00005554,SITE_C,WF_V3,RARE_DISEASE,ROUTINE,2026-01-11T10:21:38Z,,0
CASE_00005555,SITE_C,WF_V3,RARE_DISEASE,ROUTINE,2025-07-29T09:09:26Z,,0
CASE_00005556,SITE_C,WF_V3,ONCO_PANEL,ROUTINE,2025-10-20T03:57:39Z,,0
CASE_00005557,SITE_C,WF_V3,ONCO_PANEL,ROUTINE,2025-08-09T10:50:23Z,,0
CASE_00005558,SITE_C,WF_V3,ONCO_PANEL,ROUTINE,2026-02-22T01:04:15Z,,0
CASE_00005559,SITE_C,WF_V3,RARE_DISEASE,ROUTINE,2026-03-17T00:12:06Z,,0
CASE_00005560,SITE_C,WF_V3,ONCO_PANEL,ROUTINE,2025-08-06T10:17:51Z,,0
CASE_00005561,SITE_C,WF_V3,ONCO_PANEL,ROUTINE,2025-08-23T06:06:00Z,,0
CASE_00005562,SITE_C,WF_V3,GERMLINE,ROUTINE,2026-03-17T00:59:31Z,,0
CASE_00005563,SITE_C,WF_V3,RARE_DISEASE,STAT,2026-04-12T03:10:19Z,,0
CASE_00005564,SITE_C,WF_V3,GERMLINE,STAT,2025-06-15T19:15:12Z,,0
CASE_00005565,SITE_C,WF_V3,ONCO_PANEL,ROUTINE,2025-06-11T00:13:06Z,,0
CASE_00005566,SITE_C,WF_V3,RARE_DISEASE,STAT,2026-03-02T13:27:32Z,,0
CASE_00005567,SITE_C,WF_V3,GERMLINE,ROUTINE,2026-02-04T12:41:28Z,,0
CASE_00005568,SITE_C,WF_V3,GERMLINE,ROUTINE,2025-10-11T16:35:43Z,,0
CASE_00005569,SITE_C,WF_V3,RARE_DISEASE,ROUTINE,2025-11-08T17:38:19Z,,0
CASE_00005570,SITE_C,WF_V3,PHARMA,ROUTINE,2026-01-27T19:32:23Z,,0
CASE_00005571,SITE_C,WF_V3,GERMLINE,ROUTINE,2026-05-19T06:30:05Z,,0
CASE_00005572,SITE_C,WF_V3,RARE_DISEASE,ROUTINE,2026-01-28T03:52:35Z,,0
CASE_00005573,SITE_C,WF_V3,ONCO_PANEL,ROUTINE,2025-10-07T02:00:18Z,,0
CASE_00005574,SITE_C,WF_V3,GERMLINE,ROUTINE,2026-05-25T09:49:56Z,,0
CASE_00005575,SITE_C,WF_V3,GERMLINE,ROUTINE,2025-12-29T11:16:47Z,,0
CASE_00005576,SITE_C,WF_V3,GERMLINE,ROUTINE,2026-05-17T23:29:35Z,,0
CASE_00005577,SITE_C,WF_V3,RARE_DISEASE,ROUTINE,2025-08-05T23:29:17Z,,0
CASE_00005578,SITE_C,WF_V3,ONCO_PANEL,ROUTINE,2026-04-10T14:34:43Z,,0
CASE_00005579,SITE_C,WF_V3,RARE_DISEASE,STAT,2025-11-10T15:13:05Z,,0
CASE_00005580,SITE_C,WF_V3,ONCO_PANEL,ROUTINE,2025-09-09T09:42:19Z,,0
CASE_00005581,SITE_C,WF_V3,RARE_DISEASE,ROUTINE,2026-03-13T23:15:34Z,,0
CASE_00005582,SITE_C,WF_V3,RARE_DISEASE,ROUTINE,2026-04-15T18:45:21Z,,0
CASE_00005583,SITE_C,WF_V3,PHARMA,ROUTINE,2025-12-22T21:38:32Z,,0
CASE_00005584,SITE_C,WF_V3,GERMLINE,ROUTINE,2025-10-25T14:47:25Z,,0
CASE_00005585,SITE_C,WF_V3,GERMLINE,ROUTINE,2025-07-01T23:52:01Z,,0
CASE_00005586,SITE_C,WF_V3,GERMLINE,ROUTINE,2026-03-11T13:35:24Z,,0
CASE_00005587,SITE_C,WF_V3,RARE_DISEASE,ROUTINE,2025-10-26T20:44:05Z,,0
CASE_00005588,SITE_C,WF_V3,RARE_DISEASE,ROUTINE,2025-10-13T10:37:16Z,,0
CASE_00005589,SITE_C,WF_V3,ONCO_PANEL,STAT,2025-11-10T01:06:01Z,,0
CASE_00005590,SITE_C,WF_V3,ONCO_PANEL,ROUTINE,2026-03-10T08:22:09Z,,0
CASE_00005591,SITE_C,WF_V3,ONCO_PANEL,ROUTINE,2025-06-03T06:48:43Z,,0
CASE_00005592,SITE_C,WF_V3,RARE_DISEASE,ROUTINE,2026-04-29T21:28:52Z,,0
CASE_00005593,SITE_C,WF_V3,GERMLINE,ROUTINE,2026-04-06T16:15:47Z,,0
CASE_00005594,SITE_C,WF_V3,PHARMA,ROUTINE,2025-11-01T23:02:21Z,,0
CASE_00005595,SITE_C,WF_V3,PHARMA,ROUTINE,2026-01-11T22:08:38Z,,0
CASE_00005596,SITE_C,WF_V3,ONCO_PANEL,ROUTINE,2025-08-18T08:39:45Z,,0
CASE_00005597,SITE_C,WF_V4,RARE_DISEASE,ROUTINE,2026-05-22T15:50:32Z,2026-05-27T23:40:09Z,1
CASE_00005598,SITE_C,WF_V4,ONCO_PANEL,ROUTINE,2026-04-25T17:24:07Z,2026-04-29T21:38:07Z,1
CASE_00005599,SITE_C,WF_V4,GERMLINE,STAT,2026-05-25T16:27:53Z,2026-05-28T12:42:14Z,1
CASE_00005600,SITE_C,WF_V4,PHARMA,ROUTINE,2026-05-27T22:12:31Z,2026-05-31T13:29:03Z,1
CASE_00005601,SITE_C,WF_V4,ONCO_PANEL,ROUTINE,2026-05-14T13:09:58Z,2026-05-18T06:38:55Z,1
CASE_00005602,SITE_C,WF_V4,GERMLINE,ROUTINE,2026-03-29T10:48:54Z,2026-04-03T09:23:35Z,1
CASE_00005603,SITE_C,WF_V4,RARE_DISEASE,STAT,2026-04-17T04:38:14Z,2026-04-19T17:31:26Z,1
CASE_00005604,SITE_C,WF_V4,PHARMA,ROUTINE,2026-03-29T05:29:43Z,2026-04-02T10:38:22Z,1
