case_key,as_of_utc,request_id,purpose
CASE_00000001,2024-03-24T13:55:30Z,REQ_0000001,OPERATIONAL_ETA
CASE_00000002,2024-05-11T23:40:09Z,REQ_0000002,OPERATIONAL_ETA
CASE_00000003,2024-01-29T10:11:03Z,REQ_0000003,OPERATIONAL_ETA
CASE_00000004,2024-07-02T06:26:00Z,REQ_0000004,OPERATIONAL_ETA
CASE_00000004,2024-06-30T08:20:43Z,REQ_0000005,RETRO_AUDIT
CASE_00000005,2024-02-06T23:16:58Z,REQ_0000006,OPERATIONAL_ETA
CASE_00000005,2024-02-05T22:53:05Z,REQ_0000007,RETRO_AUDIT
CASE_00000006,2024-07-13T20:15:00Z,REQ_0000008,OPERATIONAL_ETA
CASE_00000007,2024-02-29T18:14:07Z,REQ_0000009,RETRO_AUDIT
CASE_00000007,2024-02-28T22:50:24Z,REQ_0000010,OPERATIONAL_ETA
CASE_00000008,2024-07-19T09:13:58Z,REQ_0000011,OPERATIONAL_ETA
CASE_00000009,2024-06-30T07:20:28Z,REQ_0000012,OPERATIONAL_ETA
CASE_00000010,2024-06-01T05:52:51Z,REQ_0000013,OPERATIONAL_ETA
CASE_00000011,2024-06-17T07:21:08Z,REQ_0000014,OPERATIONAL_ETA
CASE_00000012,2024-05-19T16:14:55Z,REQ_0000015,OPERATIONAL_ETA
CASE_00000012,2024-05-18T19:03:55Z,REQ_0000016,OPERATIONAL_ETA
CASE_00000013,2024-07-15T07:00:08Z,REQ_0000017,OPERATIONAL_ETA
CASE_00000014,2024-05-07T07:43:24Z,REQ_0000018,RETRO_AUDIT
CASE_00000014,2024-05-04T21:35:42Z,REQ_0000019,OPERATIONAL_ETA
CASE_00000015,2024-03-07T06:00:32Z,REQ_0000020,OPERATIONAL_ETA
CASE_00000016,2024-05-15T17:54:45Z,REQ_0000021,OPERATIONAL_ETA
CASE_00000017,2024-03-05T02:22:53Z,REQ_0000022,OPERATIONAL_ETA
CASE_00000018,2024-06-24T10:04:09Z,REQ_0000023,OPERATIONAL_ETA
CASE_00000019,2024-06-08T06:45:04Z,REQ_0000024,OPERATIONAL_ETA
CASE_00000020,2024-07-09T23:05:13Z,REQ_0000025,OPERATIONAL_ETA
CASE_00000021,2024-02-18T13:49:21Z,REQ_0000026,OPERATIONAL_ETA
CASE_00000022,2024-03-21T17:54:23Z,REQ_0000027,OPERATIONAL_ETA
CASE_00000023,2024-03-15T21:35:25Z,REQ_0000028,RETRO_AUDIT
CASE_00000024,2024-01-24T04:38:20Z,REQ_0000029,PILOT_CHECK
CASE_00000025,2024-04-29T11:36:55Z,REQ_0000030,OPERATIONAL_ETA
CASE_00000026,2024-01-27T05:49:29Z,REQ_0000031,OPERATIONAL_ETA
CASE_00000027,2024-02-17T01:59:29Z,REQ_0000032,OPERATIONAL_ETA
CASE_00000027,2024-02-14T22:33:36Z,REQ_0000033,RETRO_AUDIT
CASE_00000028,2024-02-21T20:45:16Z,REQ_0000034,PILOT_CHECK
CASE_00000028,2024-02-19T20:51:04Z,REQ_0000035,OPERATIONAL_ETA
CASE_00000029,2024-06-12T22:01:07Z,REQ_0000036,OPERATIONAL_ETA
CASE_00000029,2024-06-10T11:47:35Z,REQ_0000037,OPERATIONAL_ETA
CASE_00000030,2024-03-31T02:56:17Z,REQ_0000038,OPERATIONAL_ETA
CASE_00000030,2024-03-30T00:33:45Z,REQ_0000039,OPERATIONAL_ETA
CASE_00000031,2024-04-20T03:35:52Z,REQ_0000040,OPERATIONAL_ETA
CASE_00000032,2024-05-19T23:44:57Z,REQ_0000041,OPERATIONAL_ETA
CASE_00000033,2024-08-03T10:04:05Z,REQ_0000042,PILOT_CHECK
CASE_00000034,2024-07-08T20:11:20Z,REQ_0000043,RETRO_AUDIT
CASE_00000035,2024-04-18T19:12:55Z,REQ_0000044,OPERATIONAL_ETA
CASE_00000035,2024-04-17T17:05:12Z,REQ_0000045,OPERATIONAL_ETA
CASE_00000036,2024-05-21T15:51:03Z,REQ_0000046,OPERATIONAL_ETA
CASE_00000037,2024-07-31T23:58:22Z,REQ_0000047,OPERATIONAL_ETA
CASE_00000038,2024-05-13T20:33:58Z,REQ_0000048,OPERATIONAL_ETA
CASE_00000039,2024-07-31T13:21:13Z,REQ_0000049,PILOT_CHECK
CASE_00000040,2024-05-03T04:16:39Z,REQ_0000050,RETRO_AUDIT
CASE_00000040,2024-05-01T02:26:23Z,REQ_0000051,OPERATIONAL_ETA
CASE_00000041,2024-03-16T18:20:14Z,REQ_0000052,OPERATIONAL_ETA
CASE_00000042,2024-06-19T02:55:02Z,REQ_0000053,OPERATIONAL_ETA
CASE_00000043,2024-07-31T12:33:05Z,REQ_0000054,OPERATIONAL_ETA
CASE_00000044,2024-06-20T10:14:07Z,REQ_0000055,OPERATIONAL_ETA
CASE_00000045,2024-04-05T00:36:17Z,REQ_0000056,OPERATIONAL_ETA
CASE_00000046,2024-03-08T07:53:44Z,REQ_0000057,OPERATIONAL_ETA
CASE_00000047,2024-04-07T13:34:41Z,REQ_0000058,RETRO_AUDIT
CASE_00000048,2024-03-19T13:55:41Z,REQ_0000059,OPERATIONAL_ETA
CASE_00000049,2024-01-29T17:46:15Z,REQ_0000060,OPERATIONAL_ETA
CASE_00000049,2024-01-27T01:35:21Z,REQ_0000061,PILOT_CHECK
CASE_00000050,2024-04-12T23:35:24Z,REQ_0000062,RETRO_AUDIT
CASE_00000051,2024-06-10T05:38:20Z,REQ_0000063,OPERATIONAL_ETA
CASE_00000052,2024-02-20T15:25:28Z,REQ_0000064,OPERATIONAL_ETA
CASE_00000053,2024-06-07T16:40:16Z,REQ_0000065,OPERATIONAL_ETA
CASE_00000054,2024-02-03T12:39:41Z,REQ_0000066,OPERATIONAL_ETA
CASE_00000055,2024-07-03T02:15:07Z,REQ_0000067,OPERATIONAL_ETA
CASE_00000056,2024-02-21T09:44:56Z,REQ_0000068,OPERATIONAL_ETA
CASE_00000057,2024-03-29T16:24:33Z,REQ_0000069,PILOT_CHECK
CASE_00000058,2024-07-23T15:22:21Z,REQ_0000070,RETRO_AUDIT
CASE_00000059,2024-02-21T20:50:12Z,REQ_0000071,RETRO_AUDIT
CASE_00000059,2024-02-19T18:37:32Z,REQ_0000072,OPERATIONAL_ETA
CASE_00000060,2024-03-13T15:28:16Z,REQ_0000073,OPERATIONAL_ETA
CASE_00000061,2024-07-11T22:44:52Z,REQ_0000074,OPERATIONAL_ETA
CASE_00000062,2024-05-15T04:35:54Z,REQ_0000075,OPERATIONAL_ETA
CASE_00000063,2024-06-25T23:45:02Z,REQ_0000076,OPERATIONAL_ETA
CASE_00000064,2024-01-30T03:58:28Z,REQ_0000077,OPERATIONAL_ETA
CASE_00000064,2024-01-29T11:58:32Z,REQ_0000078,OPERATIONAL_ETA
CASE_00000065,2024-03-25T10:31:58Z,REQ_0000079,PILOT_CHECK
CASE_00000066,2024-04-03T02:06:33Z,REQ_0000080,PILOT_CHECK
CASE_00000066,2024-04-01T03:32:48Z,REQ_0000081,OPERATIONAL_ETA
CASE_00000067,2024-03-14T11:55:59Z,REQ_0000082,OPERATIONAL_ETA
CASE_00000067,2024-03-12T15:42:40Z,REQ_0000083,OPERATIONAL_ETA
CASE_00000068,2024-03-05T13:25:50Z,REQ_0000084,OPERATIONAL_ETA
CASE_00000069,2024-06-24T17:13:45Z,REQ_0000085,OPERATIONAL_ETA
CASE_00000070,2024-05-02T09:13:05Z,REQ_0000086,OPERATIONAL_ETA
CASE_00000070,2024-04-28T11:49:37Z,REQ_0000087,OPERATIONAL_ETA
CASE_00000071,2024-02-18T17:08:54Z,REQ_0000088,OPERATIONAL_ETA
CASE_00000072,2024-06-06T21:28:45Z,REQ_0000089,OPERATIONAL_ETA
CASE_00000073,2024-06-18T10:09:06Z,REQ_0000090,OPERATIONAL_ETA
CASE_00000074,2024-06-12T08:36:39Z,REQ_0000091,RETRO_AUDIT
CASE_00000074,2024-06-10T03:13:12Z,REQ_0000092,OPERATIONAL_ETA
CASE_00000075,2024-01-26T15:41:21Z,REQ_0000093,OPERATIONAL_ETA
CASE_00000076,2024-06-18T19:56:00Z,REQ_0000094,OPERATIONAL_ETA
CASE_00000076,2024-06-16T06:18:49Z,REQ_0000095,OPERATIONAL_ETA
CASE_00000077,2024-07-29T18:15:07Z,REQ_0000096,OPERATIONAL_ETA
CASE_00000077,2024-07-29T00:28:45Z,REQ_0000097,OPERATIONAL_ETA
CASE_00000078,2024-06-08T04:21:20Z,REQ_0000098,OPERATIONAL_ETA
CASE_00000079,2024-07-25T00:24:34Z,REQ_0000099,OPERATIONAL_ETA
CASE_00000080,2024-06-23T05:49:59Z,REQ_0000100,PILOT_CHECK
CASE_00000081,2024-03-06T12:57:28Z,REQ_0000101,RETRO_AUDIT
CASE_00000082,2024-04-10T04:50:13Z,REQ_0000102,OPERATIONAL_ETA
CASE_00000083,2024-03-16T11:57:32Z,REQ_0000103,OPERATIONAL_ETA
CASE_00000084,2024-05-12T18:47:08Z,REQ_0000104,OPERATIONAL_ETA
CASE_00000085,2024-05-08T15:38:14Z,REQ_0000105,OPERATIONAL_ETA
CASE_00000086,2024-02-09T07:56:00Z,REQ_0000106,OPERATIONAL_ETA
CASE_00000087,2024-03-27T11:56:48Z,REQ_0000107,OPERATIONAL_ETA
CASE_00000087,2024-03-26T13:07:31Z,REQ_0000108,OPERATIONAL_ETA
CASE_00000088,2024-01-28T00:34:52Z,REQ_0000109,OPERATIONAL_ETA
CASE_00000089,2024-04-19T08:38:18Z,REQ_0000110,OPERATIONAL_ETA
CASE_00000090,2024-05-08T22:10:35Z,REQ_0000111,RETRO_AUDIT
CASE_00000091,2024-06-30T07:12:50Z,REQ_0000112,OPERATIONAL_ETA
CASE_00000091,2024-06-28T13:19:43Z,REQ_0000113,OPERATIONAL_ETA
CASE_00000092,2024-05-09T08:48:00Z,REQ_0000114,OPERATIONAL_ETA
CASE_00000092,2024-05-07T10:37:56Z,REQ_0000115,OPERATIONAL_ETA
CASE_00000093,2024-03-13T05:11:36Z,REQ_0000116,OPERATIONAL_ETA
CASE_00000093,2024-03-10T08:30:10Z,REQ_0000117,OPERATIONAL_ETA
CASE_00000094,2024-03-18T06:11:35Z,REQ_0000118,OPERATIONAL_ETA
CASE_00000094,2024-03-16T09:57:46Z,REQ_0000119,OPERATIONAL_ETA
CASE_00000095,2024-06-07T19:01:44Z,REQ_0000120,OPERATIONAL_ETA
CASE_00000096,2024-07-23T21:18:40Z,REQ_0000121,OPERATIONAL_ETA
CASE_00000097,2024-06-08T10:22:47Z,REQ_0000122,PILOT_CHECK
CASE_00000098,2024-07-09T12:11:58Z,REQ_0000123,OPERATIONAL_ETA
CASE_00000099,2024-02-21T02:34:51Z,REQ_0000124,RETRO_AUDIT
CASE_00000100,2024-04-27T23:18:44Z,REQ_0000125,RETRO_AUDIT
CASE_00000100,2024-04-25T20:38:38Z,REQ_0000126,OPERATIONAL_ETA
CASE_00000101,2024-03-27T16:36:37Z,REQ_0000127,PILOT_CHECK
CASE_00000102,2024-06-28T11:49:19Z,REQ_0000128,OPERATIONAL_ETA
CASE_00000103,2024-06-20T22:12:18Z,REQ_0000129,OPERATIONAL_ETA
CASE_00000104,2024-02-14T10:24:07Z,REQ_0000130,OPERATIONAL_ETA
CASE_00000105,2024-06-17T07:08:19Z,REQ_0000131,OPERATIONAL_ETA
CASE_00000106,2024-05-14T04:04:12Z,REQ_0000132,OPERATIONAL_ETA
CASE_00000106,2024-05-12T15:32:05Z,REQ_0000133,OPERATIONAL_ETA
CASE_00000107,2024-05-29T16:12:37Z,REQ_0000134,OPERATIONAL_ETA
CASE_00000107,2024-05-29T08:28:48Z,REQ_0000135,OPERATIONAL_ETA
CASE_00000108,2024-04-23T06:02:10Z,REQ_0000136,OPERATIONAL_ETA
CASE_00000108,2024-04-20T15:23:15Z,REQ_0000137,OPERATIONAL_ETA
CASE_00000109,2024-05-29T10:40:12Z,REQ_0000138,OPERATIONAL_ETA
CASE_00000110,2024-04-03T08:00:43Z,REQ_0000139,OPERATIONAL_ETA
CASE_00000110,2024-04-03T00:27:15Z,REQ_0000140,OPERATIONAL_ETA
CASE_00000111,2024-02-05T01:13:24Z,REQ_0000141,OPERATIONAL_ETA
CASE_00000111,2024-02-02T13:53:00Z,REQ_0000142,OPERATIONAL_ETA
CASE_00000112,2024-06-30T10:13:52Z,REQ_0000143,OPERATIONAL_ETA
CASE_00000113,2024-05-04T06:01:19Z,REQ_0000144,OPERATIONAL_ETA
CASE_00000113,2024-05-02T17:00:39Z,REQ_0000145,OPERATIONAL_ETA
CASE_00000114,2024-04-09T01:47:04Z,REQ_0000146,OPERATIONAL_ETA
CASE_00000115,2024-04-05T00:18:18Z,REQ_0000147,OPERATIONAL_ETA
CASE_00000116,2024-05-18T05:36:00Z,REQ_0000148,PILOT_CHECK
CASE_00000117,2024-06-30T21:46:05Z,REQ_0000149,OPERATIONAL_ETA
CASE_00000118,2024-07-22T05:14:43Z,REQ_0000150,OPERATIONAL_ETA
CASE_00000119,2024-06-27T06:56:39Z,REQ_0000151,OPERATIONAL_ETA
CASE_00000120,2024-07-18T10:57:39Z,REQ_0000152,RETRO_AUDIT
CASE_00000121,2024-07-14T23:18:43Z,REQ_0000153,RETRO_AUDIT
CASE_00000122,2024-07-21T14:57:21Z,REQ_0000154,OPERATIONAL_ETA
CASE_00000122,2024-07-19T22:35:01Z,REQ_0000155,OPERATIONAL_ETA
CASE_00000123,2024-07-28T00:21:56Z,REQ_0000156,OPERATIONAL_ETA
CASE_00000124,2024-06-28T15:09:09Z,REQ_0000157,OPERATIONAL_ETA
CASE_00000124,2024-06-26T02:07:05Z,REQ_0000158,OPERATIONAL_ETA
CASE_00000125,2024-07-13T14:34:07Z,REQ_0000159,OPERATIONAL_ETA
CASE_00000126,2024-07-06T08:54:29Z,REQ_0000160,OPERATIONAL_ETA
CASE_00000127,2024-05-05T02:12:36Z,REQ_0000161,OPERATIONAL_ETA
CASE_00000128,2024-07-22T11:34:19Z,REQ_0000162,OPERATIONAL_ETA
CASE_00000129,2024-03-02T02:46:51Z,REQ_0000163,OPERATIONAL_ETA
CASE_00000130,2024-03-31T16:34:55Z,REQ_0000164,OPERATIONAL_ETA
CASE_00000131,2024-03-22T05:16:28Z,REQ_0000165,OPERATIONAL_ETA
CASE_00000131,2024-03-20T02:52:13Z,REQ_0000166,OPERATIONAL_ETA
CASE_00000132,2024-02-15T05:47:00Z,REQ_0000167,OPERATIONAL_ETA
CASE_00000132,2024-02-14T23:01:16Z,REQ_0000168,OPERATIONAL_ETA
CASE_00000133,2024-04-20T18:49:44Z,REQ_0000169,OPERATIONAL_ETA
CASE_00000134,2024-02-15T21:31:10Z,REQ_0000170,OPERATIONAL_ETA
CASE_00000134,2024-02-14T17:31:19Z,REQ_0000171,PILOT_CHECK
CASE_00000135,2024-03-10T00:13:29Z,REQ_0000172,OPERATIONAL_ETA
CASE_00000135,2024-03-08T13:21:17Z,REQ_0000173,OPERATIONAL_ETA
CASE_00000136,2024-07-10T04:32:12Z,REQ_0000174,OPERATIONAL_ETA
CASE_00000137,2024-07-27T05:14:59Z,REQ_0000175,OPERATIONAL_ETA
CASE_00000138,2024-05-22T22:44:39Z,REQ_0000176,PILOT_CHECK
CASE_00000139,2024-07-14T15:00:35Z,REQ_0000177,RETRO_AUDIT
CASE_00000140,2024-05-18T05:51:25Z,REQ_0000178,OPERATIONAL_ETA
CASE_00000141,2024-03-02T06:40:57Z,REQ_0000179,OPERATIONAL_ETA
CASE_00000142,2024-07-22T14:32:28Z,REQ_0000180,OPERATIONAL_ETA
CASE_00000143,2024-02-27T03:46:48Z,REQ_0000181,OPERATIONAL_ETA
CASE_00000144,2024-02-01T16:13:23Z,REQ_0000182,OPERATIONAL_ETA
CASE_00000145,2024-03-29T20:39:18Z,REQ_0000183,OPERATIONAL_ETA
CASE_00000146,2024-07-01T23:59:57Z,REQ_0000184,OPERATIONAL_ETA
CASE_00000147,2024-02-04T05:28:31Z,REQ_0000185,OPERATIONAL_ETA
CASE_00000148,2024-04-16T11:09:39Z,REQ_0000186,OPERATIONAL_ETA
CASE_00000149,2024-03-30T05:06:13Z,REQ_0000187,OPERATIONAL_ETA
CASE_00000150,2024-02-19T10:23:58Z,REQ_0000188,OPERATIONAL_ETA
CASE_00000151,2024-06-20T15:53:47Z,REQ_0000189,OPERATIONAL_ETA
CASE_00000152,2024-06-09T03:10:02Z,REQ_0000190,OPERATIONAL_ETA
CASE_00000153,2024-06-28T17:02:00Z,REQ_0000191,OPERATIONAL_ETA
CASE_00000153,2024-06-27T15:43:41Z,REQ_0000192,OPERATIONAL_ETA
CASE_00000154,2024-03-22T22:23:06Z,REQ_0000193,OPERATIONAL_ETA
CASE_00000155,2024-01-25T20:53:55Z,REQ_0000194,OPERATIONAL_ETA
CASE_00000156,2024-04-11T18:25:28Z,REQ_0000195,OPERATIONAL_ETA
CASE_00000157,2024-06-14T20:47:17Z,REQ_0000196,OPERATIONAL_ETA
CASE_00000158,2024-04-26T01:08:37Z,REQ_0000197,RETRO_AUDIT
CASE_00000159,2024-07-19T20:13:30Z,REQ_0000198,OPERATIONAL_ETA
CASE_00000160,2024-05-28T03:14:52Z,REQ_0000199,OPERATIONAL_ETA
CASE_00000161,2024-06-14T14:19:47Z,REQ_0000200,PILOT_CHECK
CASE_00000162,2024-02-09T18:48:34Z,REQ_0000201,OPERATIONAL_ETA
CASE_00000163,2024-07-29T18:53:09Z,REQ_0000202,OPERATIONAL_ETA
CASE_00000164,2024-02-11T18:15:01Z,REQ_0000203,OPERATIONAL_ETA
CASE_00000165,2024-03-23T14:15:42Z,REQ_0000204,PILOT_CHECK
CASE_00000166,2024-06-12T17:04:57Z,REQ_0000205,PILOT_CHECK
CASE_00000167,2024-02-01T21:33:06Z,REQ_0000206,OPERATIONAL_ETA
CASE_00000167,2024-02-01T04:12:45Z,REQ_0000207,OPERATIONAL_ETA
CASE_00000168,2024-04-28T13:48:03Z,REQ_0000208,OPERATIONAL_ETA
CASE_00000169,2024-05-25T10:59:56Z,REQ_0000209,OPERATIONAL_ETA
CASE_00000169,2024-05-23T17:01:38Z,REQ_0000210,OPERATIONAL_ETA
CASE_00000170,2024-04-30T19:50:17Z,REQ_0000211,OPERATIONAL_ETA
CASE_00000171,2024-03-17T21:10:50Z,REQ_0000212,OPERATIONAL_ETA
CASE_00000172,2024-04-20T07:46:51Z,REQ_0000213,OPERATIONAL_ETA
CASE_00000173,2024-04-15T12:01:46Z,REQ_0000214,OPERATIONAL_ETA
CASE_00000174,2024-01-21T05:33:32Z,REQ_0000215,OPERATIONAL_ETA
CASE_00000175,2024-02-13T18:24:02Z,REQ_0000216,OPERATIONAL_ETA
CASE_00000176,2024-04-17T22:03:37Z,REQ_0000217,PILOT_CHECK
CASE_00000177,2024-07-29T12:14:59Z,REQ_0000218,OPERATIONAL_ETA
CASE_00000178,2024-07-26T18:50:14Z,REQ_0000219,PILOT_CHECK
CASE_00000178,2024-07-26T13:10:42Z,REQ_0000220,OPERATIONAL_ETA
CASE_00000179,2024-02-29T16:50:26Z,REQ_0000221,OPERATIONAL_ETA
CASE_00000180,2024-03-26T03:29:13Z,REQ_0000222,OPERATIONAL_ETA
CASE_00000181,2024-01-23T10:34:21Z,REQ_0000223,RETRO_AUDIT
CASE_00000182,2024-04-05T19:11:25Z,REQ_0000224,OPERATIONAL_ETA
CASE_00000183,2024-01-22T03:17:48Z,REQ_0000225,OPERATIONAL_ETA
CASE_00000183,2024-01-19T10:32:19Z,REQ_0000226,OPERATIONAL_ETA
CASE_00000184,2024-07-29T19:08:43Z,REQ_0000227,OPERATIONAL_ETA
CASE_00000184,2024-07-28T07:31:55Z,REQ_0000228,OPERATIONAL_ETA
CASE_00000185,2024-04-21T21:51:52Z,REQ_0000229,PILOT_CHECK
CASE_00000185,2024-04-18T17:30:46Z,REQ_0000230,OPERATIONAL_ETA
CASE_00000186,2024-06-10T02:18:15Z,REQ_0000231,OPERATIONAL_ETA
CASE_00000187,2024-05-12T12:53:06Z,REQ_0000232,RETRO_AUDIT
CASE_00000188,2024-03-21T02:08:46Z,REQ_0000233,OPERATIONAL_ETA
CASE_00000189,2024-06-07T19:42:31Z,REQ_0000234,OPERATIONAL_ETA
CASE_00000190,2024-06-06T05:22:50Z,REQ_0000235,OPERATIONAL_ETA
CASE_00000191,2024-03-05T04:52:26Z,REQ_0000236,OPERATIONAL_ETA
CASE_00000192,2024-03-15T20:37:03Z,REQ_0000237,RETRO_AUDIT
CASE_00000192,2024-03-12T23:39:56Z,REQ_0000238,RETRO_AUDIT
CASE_00000193,2024-06-02T09:46:45Z,REQ_0000239,OPERATIONAL_ETA
CASE_00000193,2024-05-31T17:04:23Z,REQ_0000240,OPERATIONAL_ETA
CASE_00000194,2024-04-28T06:37:27Z,REQ_0000241,PILOT_CHECK
CASE_00000194,2024-04-26T14:55:10Z,REQ_0000242,OPERATIONAL_ETA
CASE_00000195,2024-06-28T02:08:29Z,REQ_0000243,RETRO_AUDIT
CASE_00000196,2024-03-16T14:24:29Z,REQ_0000244,OPERATIONAL_ETA
CASE_00000196,2024-03-16T07:35:36Z,REQ_0000245,OPERATIONAL_ETA
CASE_00000197,2024-06-18T11:18:13Z,REQ_0000246,RETRO_AUDIT
CASE_00000198,2024-05-25T09:05:04Z,REQ_0000247,PILOT_CHECK
CASE_00000198,2024-05-21T08:40:48Z,REQ_0000248,OPERATIONAL_ETA
CASE_00000199,2024-05-17T05:04:50Z,REQ_0000249,OPERATIONAL_ETA
CASE_00000200,2024-06-11T10:32:37Z,REQ_0000250,OPERATIONAL_ETA
CASE_00000201,2024-04-08T18:00:16Z,REQ_0000251,OPERATIONAL_ETA
CASE_00000202,2024-02-07T22:30:04Z,REQ_0000252,RETRO_AUDIT
CASE_00000203,2024-01-30T20:57:01Z,REQ_0000253,OPERATIONAL_ETA
CASE_00000204,2024-06-04T13:15:36Z,REQ_0000254,OPERATIONAL_ETA
CASE_00000205,2024-06-29T08:11:08Z,REQ_0000255,OPERATIONAL_ETA
CASE_00000206,2024-05-10T14:45:23Z,REQ_0000256,OPERATIONAL_ETA
CASE_00000206,2024-05-09T08:51:26Z,REQ_0000257,OPERATIONAL_ETA
CASE_00000207,2024-01-27T02:11:39Z,REQ_0000258,OPERATIONAL_ETA
CASE_00000208,2024-01-27T09:38:09Z,REQ_0000259,OPERATIONAL_ETA
CASE_00000208,2024-01-24T04:38:46Z,REQ_0000260,OPERATIONAL_ETA
CASE_00000209,2024-06-27T10:17:15Z,REQ_0000261,OPERATIONAL_ETA
CASE_00000210,2024-05-23T11:08:16Z,REQ_0000262,OPERATIONAL_ETA
CASE_00000211,2024-03-02T22:33:50Z,REQ_0000263,OPERATIONAL_ETA
CASE_00000212,2024-03-05T01:18:02Z,REQ_0000264,RETRO_AUDIT
CASE_00000212,2024-03-04T08:11:24Z,REQ_0000265,OPERATIONAL_ETA
CASE_00000213,2024-02-22T22:47:52Z,REQ_0000266,OPERATIONAL_ETA
CASE_00000213,2024-02-20T19:00:01Z,REQ_0000267,OPERATIONAL_ETA
CASE_00000214,2024-06-10T03:20:51Z,REQ_0000268,OPERATIONAL_ETA
CASE_00000215,2024-02-15T09:59:55Z,REQ_0000269,OPERATIONAL_ETA
CASE_00000216,2024-06-22T19:44:15Z,REQ_0000270,OPERATIONAL_ETA
CASE_00000216,2024-06-21T10:54:42Z,REQ_0000271,OPERATIONAL_ETA
CASE_00000217,2024-07-29T02:16:31Z,REQ_0000272,OPERATIONAL_ETA
CASE_00000218,2024-01-24T16:45:03Z,REQ_0000273,OPERATIONAL_ETA
CASE_00000219,2024-03-13T00:13:32Z,REQ_0000274,OPERATIONAL_ETA
CASE_00000220,2024-01-24T14:06:44Z,REQ_0000275,PILOT_CHECK
CASE_00000221,2024-02-07T07:24:15Z,REQ_0000276,OPERATIONAL_ETA
CASE_00000221,2024-02-05T12:57:13Z,REQ_0000277,OPERATIONAL_ETA
CASE_00000222,2024-04-16T08:15:22Z,REQ_0000278,OPERATIONAL_ETA
CASE_00000223,2024-03-03T23:17:06Z,REQ_0000279,OPERATIONAL_ETA
CASE_00000224,2024-06-10T19:50:26Z,REQ_0000280,OPERATIONAL_ETA
CASE_00000225,2024-03-19T11:12:20Z,REQ_0000281,OPERATIONAL_ETA
CASE_00000225,2024-03-17T10:44:00Z,REQ_0000282,OPERATIONAL_ETA
CASE_00000226,2024-06-29T23:00:35Z,REQ_0000283,OPERATIONAL_ETA
CASE_00000227,2024-07-23T18:30:44Z,REQ_0000284,OPERATIONAL_ETA
CASE_00000228,2024-07-10T15:28:32Z,REQ_0000285,OPERATIONAL_ETA
CASE_00000228,2024-07-10T09:08:11Z,REQ_0000286,OPERATIONAL_ETA
CASE_00000229,2024-05-02T16:06:25Z,REQ_0000287,OPERATIONAL_ETA
CASE_00000230,2024-02-04T19:17:18Z,REQ_0000288,PILOT_CHECK
CASE_00000231,2024-05-26T17:57:06Z,REQ_0000289,OPERATIONAL_ETA
CASE_00000232,2024-04-30T19:18:59Z,REQ_0000290,OPERATIONAL_ETA
CASE_00000233,2024-02-06T15:55:18Z,REQ_0000291,OPERATIONAL_ETA
CASE_00000234,2024-03-25T01:15:23Z,REQ_0000292,OPERATIONAL_ETA
CASE_00000235,2024-03-29T01:58:37Z,REQ_0000293,OPERATIONAL_ETA
CASE_00000236,2024-07-22T22:11:33Z,REQ_0000294,OPERATIONAL_ETA
CASE_00000237,2024-03-04T13:46:59Z,REQ_0000295,OPERATIONAL_ETA
CASE_00000238,2024-07-17T07:33:34Z,REQ_0000296,OPERATIONAL_ETA
CASE_00000238,2024-07-15T01:13:08Z,REQ_0000297,OPERATIONAL_ETA
CASE_00000239,2024-01-19T23:48:49Z,REQ_0000298,RETRO_AUDIT
CASE_00000240,2024-01-25T04:58:24Z,REQ_0000299,RETRO_AUDIT
CASE_00000241,2024-02-09T19:41:28Z,REQ_0000300,OPERATIONAL_ETA
CASE_00000242,2024-06-23T03:49:08Z,REQ_0000301,OPERATIONAL_ETA
CASE_00000242,2024-06-19T15:52:15Z,REQ_0000302,OPERATIONAL_ETA
CASE_00000243,2024-04-30T20:42:09Z,REQ_0000303,OPERATIONAL_ETA
CASE_00000244,2024-05-14T03:28:50Z,REQ_0000304,OPERATIONAL_ETA
CASE_00000245,2024-06-20T16:28:02Z,REQ_0000305,OPERATIONAL_ETA
CASE_00000246,2024-05-30T19:48:15Z,REQ_0000306,RETRO_AUDIT
CASE_00000247,2024-05-30T10:38:48Z,REQ_0000307,OPERATIONAL_ETA
CASE_00000248,2024-04-21T03:19:11Z,REQ_0000308,OPERATIONAL_ETA
CASE_00000249,2024-06-22T09:33:22Z,REQ_0000309,OPERATIONAL_ETA
CASE_00000250,2024-06-28T04:03:23Z,REQ_0000310,PILOT_CHECK
CASE_00000251,2024-02-10T07:38:03Z,REQ_0000311,OPERATIONAL_ETA
CASE_00000251,2024-02-07T14:39:54Z,REQ_0000312,OPERATIONAL_ETA
CASE_00000252,2024-01-22T10:30:55Z,REQ_0000313,OPERATIONAL_ETA
CASE_00000253,2024-06-15T21:22:02Z,REQ_0000314,RETRO_AUDIT
CASE_00000253,2024-06-13T06:47:52Z,REQ_0000315,OPERATIONAL_ETA
CASE_00000254,2024-03-31T20:02:07Z,REQ_0000316,OPERATIONAL_ETA
CASE_00000255,2024-06-19T20:27:38Z,REQ_0000317,OPERATIONAL_ETA
CASE_00000256,2024-07-14T02:29:47Z,REQ_0000318,OPERATIONAL_ETA
CASE_00000256,2024-07-10T09:24:38Z,REQ_0000319,OPERATIONAL_ETA
CASE_00000257,2024-02-23T08:18:31Z,REQ_0000320,OPERATIONAL_ETA
CASE_00000258,2024-02-25T04:20:35Z,REQ_0000321,OPERATIONAL_ETA
CASE_00000259,2024-01-21T13:46:45Z,REQ_0000322,PILOT_CHECK
CASE_00000260,2024-04-16T14:41:50Z,REQ_0000323,OPERATIONAL_ETA
CASE_00000261,2024-06-11T20:22:50Z,REQ_0000324,OPERATIONAL_ETA
CASE_00000262,2024-02-15T09:45:38Z,REQ_0000325,OPERATIONAL_ETA
CASE_00000262,2024-02-11T22:53:17Z,REQ_0000326,OPERATIONAL_ETA
CASE_00000263,2024-07-17T09:27:21Z,REQ_0000327,RETRO_AUDIT
CASE_00000264,2024-06-15T13:04:37Z,REQ_0000328,RETRO_AUDIT
CASE_00000265,2024-05-05T20:01:10Z,REQ_0000329,OPERATIONAL_ETA
CASE_00000266,2024-07-25T18:53:50Z,REQ_0000330,RETRO_AUDIT
CASE_00000267,2024-01-20T15:47:07Z,REQ_0000331,OPERATIONAL_ETA
CASE_00000268,2024-05-10T16:17:26Z,REQ_0000332,RETRO_AUDIT
CASE_00000269,2024-02-09T09:45:56Z,REQ_0000333,OPERATIONAL_ETA
CASE_00000270,2024-05-19T11:56:15Z,REQ_0000334,RETRO_AUDIT
CASE_00000271,2024-07-09T03:17:35Z,REQ_0000335,OPERATIONAL_ETA
CASE_00000271,2024-07-07T19:28:22Z,REQ_0000336,OPERATIONAL_ETA
CASE_00000272,2024-01-25T18:06:57Z,REQ_0000337,OPERATIONAL_ETA
CASE_00000273,2024-06-13T04:05:24Z,REQ_0000338,OPERATIONAL_ETA
CASE_00000274,2024-01-27T20:13:02Z,REQ_0000339,OPERATIONAL_ETA
CASE_00000274,2024-01-25T00:01:44Z,REQ_0000340,OPERATIONAL_ETA
CASE_00000275,2024-03-18T12:47:48Z,REQ_0000341,PILOT_CHECK
CASE_00000276,2024-02-19T00:57:06Z,REQ_0000342,OPERATIONAL_ETA
CASE_00000277,2024-01-31T08:48:58Z,REQ_0000343,OPERATIONAL_ETA
CASE_00000278,2024-04-02T18:18:32Z,REQ_0000344,RETRO_AUDIT
CASE_00000279,2024-03-20T13:14:27Z,REQ_0000345,PILOT_CHECK
CASE_00000280,2024-07-08T08:13:54Z,REQ_0000346,OPERATIONAL_ETA
CASE_00000280,2024-07-07T03:30:45Z,REQ_0000347,OPERATIONAL_ETA
CASE_00000281,2024-05-23T06:13:21Z,REQ_0000348,OPERATIONAL_ETA
CASE_00000281,2024-05-21T22:25:05Z,REQ_0000349,OPERATIONAL_ETA
CASE_00000282,2024-07-01T12:39:07Z,REQ_0000350,OPERATIONAL_ETA
CASE_00000283,2024-06-15T03:03:45Z,REQ_0000351,OPERATIONAL_ETA
CASE_00000284,2024-04-14T23:04:20Z,REQ_0000352,OPERATIONAL_ETA
CASE_00000284,2024-04-11T16:04:25Z,REQ_0000353,PILOT_CHECK
CASE_00000285,2024-04-25T17:30:54Z,REQ_0000354,OPERATIONAL_ETA
CASE_00000286,2024-06-28T05:34:26Z,REQ_0000355,OPERATIONAL_ETA
CASE_00000287,2024-05-21T08:09:12Z,REQ_0000356,OPERATIONAL_ETA
CASE_00000288,2024-04-28T20:42:30Z,REQ_0000357,OPERATIONAL_ETA
CASE_00000289,2024-04-09T05:42:21Z,REQ_0000358,OPERATIONAL_ETA
CASE_00000290,2024-03-19T08:57:15Z,REQ_0000359,OPERATIONAL_ETA
CASE_00000291,2024-02-15T18:09:07Z,REQ_0000360,OPERATIONAL_ETA
CASE_00000291,2024-02-12T16:58:01Z,REQ_0000361,OPERATIONAL_ETA
CASE_00000292,2024-08-01T05:08:40Z,REQ_0000362,OPERATIONAL_ETA
CASE_00000292,2024-07-29T20:52:05Z,REQ_0000363,OPERATIONAL_ETA
CASE_00000293,2024-02-24T04:45:43Z,REQ_0000364,OPERATIONAL_ETA
CASE_00000293,2024-02-23T05:01:51Z,REQ_0000365,OPERATIONAL_ETA
CASE_00000294,2024-04-02T05:46:28Z,REQ_0000366,RETRO_AUDIT
CASE_00000295,2024-06-24T18:34:22Z,REQ_0000367,OPERATIONAL_ETA
CASE_00000296,2024-06-28T15:35:52Z,REQ_0000368,OPERATIONAL_ETA
CASE_00000296,2024-06-28T00:55:41Z,REQ_0000369,OPERATIONAL_ETA
CASE_00000297,2024-04-22T20:23:30Z,REQ_0000370,OPERATIONAL_ETA
CASE_00000297,2024-04-22T01:24:31Z,REQ_0000371,OPERATIONAL_ETA
CASE_00000298,2024-05-04T23:11:51Z,REQ_0000372,OPERATIONAL_ETA
CASE_00000299,2024-06-25T16:56:44Z,REQ_0000373,RETRO_AUDIT
CASE_00000300,2024-04-21T17:42:47Z,REQ_0000374,PILOT_CHECK
CASE_00000301,2024-06-07T11:43:05Z,REQ_0000375,OPERATIONAL_ETA
CASE_00000302,2024-03-27T13:27:05Z,REQ_0000376,PILOT_CHECK
CASE_00000303,2024-02-13T02:22:40Z,REQ_0000377,RETRO_AUDIT
CASE_00000304,2024-07-04T05:45:27Z,REQ_0000378,OPERATIONAL_ETA
CASE_00000304,2024-07-02T14:49:08Z,REQ_0000379,OPERATIONAL_ETA
CASE_00000305,2024-02-11T08:13:35Z,REQ_0000380,OPERATIONAL_ETA
CASE_00000306,2024-05-21T01:24:12Z,REQ_0000381,OPERATIONAL_ETA
CASE_00000307,2024-03-23T18:45:18Z,REQ_0000382,OPERATIONAL_ETA
CASE_00000308,2024-03-26T01:45:40Z,REQ_0000383,OPERATIONAL_ETA
CASE_00000309,2024-05-29T13:11:51Z,REQ_0000384,OPERATIONAL_ETA
CASE_00000309,2024-05-28T14:19:01Z,REQ_0000385,OPERATIONAL_ETA
CASE_00000310,2024-02-22T14:55:23Z,REQ_0000386,OPERATIONAL_ETA
CASE_00000311,2024-04-15T13:22:24Z,REQ_0000387,OPERATIONAL_ETA
CASE_00000312,2024-05-24T03:36:58Z,REQ_0000388,OPERATIONAL_ETA
CASE_00000313,2024-05-16T12:10:59Z,REQ_0000389,RETRO_AUDIT
CASE_00000313,2024-05-13T14:23:06Z,REQ_0000390,OPERATIONAL_ETA
CASE_00000314,2024-03-25T23:43:32Z,REQ_0000391,OPERATIONAL_ETA
CASE_00000315,2024-04-20T06:28:23Z,REQ_0000392,OPERATIONAL_ETA
CASE_00000316,2024-02-05T10:22:02Z,REQ_0000393,OPERATIONAL_ETA
CASE_00000317,2024-05-29T09:11:21Z,REQ_0000394,OPERATIONAL_ETA
CASE_00000318,2024-07-21T23:26:38Z,REQ_0000395,OPERATIONAL_ETA
CASE_00000319,2024-04-10T22:14:02Z,REQ_0000396,OPERATIONAL_ETA
CASE_00000320,2024-04-04T09:20:18Z,REQ_0000397,OPERATIONAL_ETA
CASE_00000320,2024-04-03T20:46:20Z,REQ_0000398,OPERATIONAL_ETA
CASE_00000321,2024-08-06T01:47:49Z,REQ_0000399,OPERATIONAL_ETA
CASE_00000322,2024-06-03T19:19:42Z,REQ_0000400,OPERATIONAL_ETA
CASE_00000323,2024-06-08T10:21:38Z,REQ_0000401,OPERATIONAL_ETA
CASE_00000324,2024-04-13T18:07:23Z,REQ_0000402,OPERATIONAL_ETA
CASE_00000325,2024-05-15T23:57:20Z,REQ_0000403,OPERATIONAL_ETA
CASE_00000326,2024-06-23T19:35:10Z,REQ_0000404,OPERATIONAL_ETA
CASE_00000326,2024-06-21T06:44:03Z,REQ_0000405,OPERATIONAL_ETA
CASE_00000327,2024-02-20T10:53:46Z,REQ_0000406,PILOT_CHECK
CASE_00000328,2024-08-05T16:39:27Z,REQ_0000407,OPERATIONAL_ETA
CASE_00000328,2024-08-03T17:48:43Z,REQ_0000408,RETRO_AUDIT
CASE_00000329,2024-05-17T04:54:06Z,REQ_0000409,OPERATIONAL_ETA
CASE_00000330,2024-02-14T21:12:43Z,REQ_0000410,OPERATIONAL_ETA
CASE_00000331,2024-01-29T09:50:45Z,REQ_0000411,OPERATIONAL_ETA
CASE_00000332,2024-07-11T14:29:15Z,REQ_0000412,OPERATIONAL_ETA
CASE_00000333,2024-08-02T02:20:59Z,REQ_0000413,OPERATIONAL_ETA
CASE_00000333,2024-07-31T13:21:23Z,REQ_0000414,OPERATIONAL_ETA
CASE_00000334,2024-05-07T17:18:50Z,REQ_0000415,OPERATIONAL_ETA
CASE_00000335,2024-03-18T03:29:51Z,REQ_0000416,OPERATIONAL_ETA
CASE_00000336,2024-05-20T03:15:43Z,REQ_0000417,RETRO_AUDIT
CASE_00000337,2024-03-30T07:27:30Z,REQ_0000418,OPERATIONAL_ETA
CASE_00000337,2024-03-27T14:04:59Z,REQ_0000419,OPERATIONAL_ETA
CASE_00000338,2024-03-22T16:04:26Z,REQ_0000420,OPERATIONAL_ETA
CASE_00000339,2024-03-16T16:30:54Z,REQ_0000421,OPERATIONAL_ETA
CASE_00000340,2024-07-22T22:10:50Z,REQ_0000422,OPERATIONAL_ETA
CASE_00000341,2024-04-14T12:18:29Z,REQ_0000423,OPERATIONAL_ETA
CASE_00000341,2024-04-12T10:49:20Z,REQ_0000424,PILOT_CHECK
CASE_00000342,2024-05-19T07:37:30Z,REQ_0000425,OPERATIONAL_ETA
CASE_00000343,2024-06-17T12:59:50Z,REQ_0000426,OPERATIONAL_ETA
CASE_00000343,2024-06-16T04:54:01Z,REQ_0000427,OPERATIONAL_ETA
CASE_00000344,2024-07-29T15:34:28Z,REQ_0000428,RETRO_AUDIT
CASE_00000345,2024-02-18T11:13:16Z,REQ_0000429,OPERATIONAL_ETA
CASE_00000346,2024-05-05T11:05:36Z,REQ_0000430,OPERATIONAL_ETA
CASE_00000347,2024-04-14T06:05:30Z,REQ_0000431,OPERATIONAL_ETA
CASE_00000348,2024-01-18T23:56:15Z,REQ_0000432,OPERATIONAL_ETA
CASE_00000349,2024-02-25T05:21:35Z,REQ_0000433,OPERATIONAL_ETA
CASE_00000350,2024-03-22T07:41:57Z,REQ_0000434,OPERATIONAL_ETA
CASE_00000351,2024-07-26T06:15:54Z,REQ_0000435,OPERATIONAL_ETA
CASE_00000351,2024-07-24T02:56:23Z,REQ_0000436,RETRO_AUDIT
CASE_00000352,2024-03-08T13:10:05Z,REQ_0000437,OPERATIONAL_ETA
CASE_00000353,2024-03-19T15:06:40Z,REQ_0000438,OPERATIONAL_ETA
CASE_00000354,2024-06-06T17:56:12Z,REQ_0000439,OPERATIONAL_ETA
CASE_00000355,2024-05-22T04:17:55Z,REQ_0000440,OPERATIONAL_ETA
CASE_00000356,2024-04-13T23:26:53Z,REQ_0000441,OPERATIONAL_ETA
CASE_00000356,2024-04-12T11:22:52Z,REQ_0000442,OPERATIONAL_ETA
CASE_00000357,2024-05-10T10:11:19Z,REQ_0000443,OPERATIONAL_ETA
CASE_00000358,2024-03-14T16:33:58Z,REQ_0000444,OPERATIONAL_ETA
CASE_00000359,2024-07-23T15:31:15Z,REQ_0000445,OPERATIONAL_ETA
CASE_00000360,2024-05-04T15:53:35Z,REQ_0000446,OPERATIONAL_ETA
CASE_00000361,2024-06-05T04:39:49Z,REQ_0000447,OPERATIONAL_ETA
CASE_00000361,2024-06-02T20:31:26Z,REQ_0000448,OPERATIONAL_ETA
CASE_00000362,2024-04-16T07:37:03Z,REQ_0000449,OPERATIONAL_ETA
CASE_00000362,2024-04-15T09:54:10Z,REQ_0000450,OPERATIONAL_ETA
CASE_00000363,2024-04-02T01:44:00Z,REQ_0000451,OPERATIONAL_ETA
CASE_00000364,2024-01-31T08:29:16Z,REQ_0000452,OPERATIONAL_ETA
CASE_00000365,2024-05-04T21:44:38Z,REQ_0000453,OPERATIONAL_ETA
CASE_00000366,2024-04-30T00:54:46Z,REQ_0000454,OPERATIONAL_ETA
CASE_00000366,2024-04-28T01:37:22Z,REQ_0000455,OPERATIONAL_ETA
CASE_00000367,2024-01-28T04:59:54Z,REQ_0000456,PILOT_CHECK
CASE_00000368,2024-07-11T21:47:17Z,REQ_0000457,OPERATIONAL_ETA
CASE_00000369,2024-02-24T05:14:24Z,REQ_0000458,OPERATIONAL_ETA
CASE_00000370,2024-06-19T03:16:14Z,REQ_0000459,OPERATIONAL_ETA
CASE_00000371,2024-07-10T23:43:24Z,REQ_0000460,OPERATIONAL_ETA
CASE_00000371,2024-07-09T20:33:46Z,REQ_0000461,OPERATIONAL_ETA
CASE_00000372,2024-08-01T14:20:10Z,REQ_0000462,OPERATIONAL_ETA
CASE_00000373,2024-01-29T06:22:06Z,REQ_0000463,PILOT_CHECK
CASE_00000374,2024-02-16T07:22:03Z,REQ_0000464,OPERATIONAL_ETA
CASE_00000374,2024-02-15T10:56:53Z,REQ_0000465,RETRO_AUDIT
CASE_00000375,2024-01-22T21:22:50Z,REQ_0000466,OPERATIONAL_ETA
CASE_00000376,2024-02-28T15:22:08Z,REQ_0000467,OPERATIONAL_ETA
CASE_00000377,2024-01-25T21:29:35Z,REQ_0000468,OPERATIONAL_ETA
CASE_00000378,2024-02-19T17:14:25Z,REQ_0000469,OPERATIONAL_ETA
CASE_00000379,2024-07-23T14:58:01Z,REQ_0000470,PILOT_CHECK
CASE_00000380,2024-01-23T02:46:20Z,REQ_0000471,OPERATIONAL_ETA
CASE_00000380,2024-01-20T19:21:45Z,REQ_0000472,OPERATIONAL_ETA
CASE_00000381,2024-06-18T09:14:47Z,REQ_0000473,OPERATIONAL_ETA
CASE_00000382,2024-03-15T09:48:38Z,REQ_0000474,OPERATIONAL_ETA
CASE_00000383,2024-05-01T11:40:11Z,REQ_0000475,OPERATIONAL_ETA
CASE_00000384,2024-04-09T00:35:09Z,REQ_0000476,PILOT_CHECK
CASE_00000384,2024-04-07T10:58:56Z,REQ_0000477,OPERATIONAL_ETA
CASE_00000385,2024-04-01T23:44:17Z,REQ_0000478,PILOT_CHECK
CASE_00000386,2024-02-10T15:51:35Z,REQ_0000479,OPERATIONAL_ETA
CASE_00000387,2024-03-25T23:01:17Z,REQ_0000480,OPERATIONAL_ETA
CASE_00000388,2024-01-21T14:44:03Z,REQ_0000481,OPERATIONAL_ETA
CASE_00000388,2024-01-19T00:31:07Z,REQ_0000482,OPERATIONAL_ETA
CASE_00000389,2024-06-01T10:52:59Z,REQ_0000483,OPERATIONAL_ETA
CASE_00000390,2024-07-08T20:47:49Z,REQ_0000484,OPERATIONAL_ETA
CASE_00000391,2024-04-02T10:56:11Z,REQ_0000485,OPERATIONAL_ETA
CASE_00000392,2024-04-18T09:50:25Z,REQ_0000486,PILOT_CHECK
CASE_00000393,2024-06-16T17:41:26Z,REQ_0000487,OPERATIONAL_ETA
CASE_00000394,2024-06-03T22:22:41Z,REQ_0000488,PILOT_CHECK
CASE_00000395,2024-07-06T03:34:30Z,REQ_0000489,RETRO_AUDIT
CASE_00000396,2024-02-21T21:49:03Z,REQ_0000490,OPERATIONAL_ETA
CASE_00000397,2024-03-28T02:40:20Z,REQ_0000491,RETRO_AUDIT
CASE_00000398,2024-03-18T03:07:39Z,REQ_0000492,OPERATIONAL_ETA
CASE_00000399,2024-06-28T22:56:29Z,REQ_0000493,OPERATIONAL_ETA
CASE_00000400,2024-04-23T22:57:26Z,REQ_0000494,OPERATIONAL_ETA
CASE_00000401,2024-08-04T01:45:36Z,REQ_0000495,OPERATIONAL_ETA
CASE_00000401,2024-08-02T05:13:47Z,REQ_0000496,OPERATIONAL_ETA
CASE_00000402,2024-07-02T09:22:10Z,REQ_0000497,PILOT_CHECK
CASE_00000403,2024-02-05T04:45:31Z,REQ_0000498,OPERATIONAL_ETA
CASE_00000403,2024-02-03T17:05:57Z,REQ_0000499,OPERATIONAL_ETA
CASE_00000404,2024-04-22T18:25:25Z,REQ_0000500,OPERATIONAL_ETA
CASE_00000405,2024-04-15T18:04:21Z,REQ_0000501,OPERATIONAL_ETA
CASE_00000406,2024-03-21T06:04:50Z,REQ_0000502,OPERATIONAL_ETA
CASE_00000406,2024-03-19T20:33:37Z,REQ_0000503,OPERATIONAL_ETA
CASE_00000407,2024-07-15T18:18:00Z,REQ_0000504,OPERATIONAL_ETA
CASE_00000408,2024-02-29T16:02:22Z,REQ_0000505,OPERATIONAL_ETA
CASE_00000409,2024-06-03T16:56:13Z,REQ_0000506,OPERATIONAL_ETA
CASE_00000410,2024-03-13T12:04:11Z,REQ_0000507,OPERATIONAL_ETA
CASE_00000411,2024-05-24T17:10:48Z,REQ_0000508,OPERATIONAL_ETA
CASE_00000412,2024-05-11T18:14:53Z,REQ_0000509,OPERATIONAL_ETA
CASE_00000413,2024-03-19T01:26:41Z,REQ_0000510,OPERATIONAL_ETA
CASE_00000414,2024-07-23T20:40:31Z,REQ_0000511,OPERATIONAL_ETA
CASE_00000415,2024-07-23T05:53:37Z,REQ_0000512,OPERATIONAL_ETA
CASE_00000416,2024-02-21T01:11:20Z,REQ_0000513,OPERATIONAL_ETA
CASE_00000417,2024-04-26T17:56:06Z,REQ_0000514,OPERATIONAL_ETA
CASE_00000418,2024-03-29T01:47:40Z,REQ_0000515,PILOT_CHECK
CASE_00000419,2024-05-25T21:40:51Z,REQ_0000516,OPERATIONAL_ETA
CASE_00000420,2024-05-14T10:13:26Z,REQ_0000517,RETRO_AUDIT
CASE_00000420,2024-05-12T19:35:32Z,REQ_0000518,OPERATIONAL_ETA
CASE_00000421,2024-02-29T02:41:54Z,REQ_0000519,OPERATIONAL_ETA
CASE_00000422,2024-01-25T09:29:15Z,REQ_0000520,OPERATIONAL_ETA
CASE_00000423,2024-06-30T09:28:57Z,REQ_0000521,PILOT_CHECK
CASE_00000424,2024-05-25T03:10:01Z,REQ_0000522,OPERATIONAL_ETA
CASE_00000425,2024-02-19T12:31:34Z,REQ_0000523,OPERATIONAL_ETA
CASE_00000425,2024-02-17T15:05:50Z,REQ_0000524,RETRO_AUDIT
CASE_00000426,2024-05-02T04:51:46Z,REQ_0000525,RETRO_AUDIT
CASE_00000427,2024-02-02T04:26:47Z,REQ_0000526,OPERATIONAL_ETA
CASE_00000428,2024-01-26T22:42:36Z,REQ_0000527,OPERATIONAL_ETA
CASE_00000429,2024-02-23T15:00:57Z,REQ_0000528,OPERATIONAL_ETA
CASE_00000430,2024-07-22T06:11:55Z,REQ_0000529,OPERATIONAL_ETA
CASE_00000430,2024-07-19T15:53:26Z,REQ_0000530,RETRO_AUDIT
CASE_00000431,2024-04-02T05:06:44Z,REQ_0000531,OPERATIONAL_ETA
CASE_00000432,2024-05-02T21:41:59Z,REQ_0000532,OPERATIONAL_ETA
CASE_00000433,2024-02-05T17:05:06Z,REQ_0000533,OPERATIONAL_ETA
CASE_00000434,2025-04-15T04:59:02Z,REQ_0000534,RETRO_AUDIT
CASE_00000435,2025-01-06T15:54:50Z,REQ_0000535,PILOT_CHECK
CASE_00000436,2024-12-14T21:19:30Z,REQ_0000536,OPERATIONAL_ETA
CASE_00000436,2024-12-11T20:33:11Z,REQ_0000537,RETRO_AUDIT
CASE_00000437,2025-04-02T15:18:21Z,REQ_0000538,OPERATIONAL_ETA
CASE_00000438,2025-03-11T10:12:08Z,REQ_0000539,OPERATIONAL_ETA
CASE_00000439,2024-10-31T22:30:39Z,REQ_0000540,OPERATIONAL_ETA
CASE_00000439,2024-10-30T18:25:25Z,REQ_0000541,OPERATIONAL_ETA
CASE_00000440,2024-10-24T03:56:42Z,REQ_0000542,OPERATIONAL_ETA
CASE_00000440,2024-10-22T02:37:27Z,REQ_0000543,OPERATIONAL_ETA
CASE_00000441,2024-11-25T23:35:30Z,REQ_0000544,OPERATIONAL_ETA
CASE_00000442,2024-10-13T12:25:44Z,REQ_0000545,OPERATIONAL_ETA
CASE_00000443,2025-03-29T01:49:52Z,REQ_0000546,OPERATIONAL_ETA
CASE_00000444,2024-09-22T04:42:15Z,REQ_0000547,OPERATIONAL_ETA
CASE_00000445,2025-03-24T12:39:43Z,REQ_0000548,OPERATIONAL_ETA
CASE_00000446,2025-01-10T19:50:00Z,REQ_0000549,RETRO_AUDIT
CASE_00000447,2025-04-30T16:59:55Z,REQ_0000550,PILOT_CHECK
CASE_00000448,2024-11-16T05:48:36Z,REQ_0000551,OPERATIONAL_ETA
CASE_00000449,2025-04-03T02:13:30Z,REQ_0000552,OPERATIONAL_ETA
CASE_00000450,2025-02-02T12:42:33Z,REQ_0000553,OPERATIONAL_ETA
CASE_00000451,2024-09-19T12:57:46Z,REQ_0000554,OPERATIONAL_ETA
CASE_00000452,2024-09-24T01:50:19Z,REQ_0000555,PILOT_CHECK
CASE_00000452,2024-09-22T12:27:24Z,REQ_0000556,OPERATIONAL_ETA
CASE_00000453,2024-12-12T00:14:59Z,REQ_0000557,OPERATIONAL_ETA
CASE_00000454,2024-12-30T11:51:12Z,REQ_0000558,OPERATIONAL_ETA
CASE_00000455,2024-11-23T12:24:50Z,REQ_0000559,RETRO_AUDIT
CASE_00000456,2024-09-23T13:12:26Z,REQ_0000560,PILOT_CHECK
CASE_00000457,2025-04-27T20:35:54Z,REQ_0000561,RETRO_AUDIT
CASE_00000458,2025-04-15T14:27:32Z,REQ_0000562,OPERATIONAL_ETA
CASE_00000458,2025-04-14T17:18:40Z,REQ_0000563,OPERATIONAL_ETA
CASE_00000459,2024-12-13T17:32:02Z,REQ_0000564,OPERATIONAL_ETA
CASE_00000459,2024-12-13T01:15:48Z,REQ_0000565,OPERATIONAL_ETA
CASE_00000460,2025-01-04T12:23:23Z,REQ_0000566,OPERATIONAL_ETA
CASE_00000461,2025-04-27T05:01:40Z,REQ_0000567,OPERATIONAL_ETA
CASE_00000462,2024-11-28T04:34:20Z,REQ_0000568,OPERATIONAL_ETA
CASE_00000463,2025-01-01T03:24:28Z,REQ_0000569,OPERATIONAL_ETA
CASE_00000463,2024-12-31T19:49:36Z,REQ_0000570,RETRO_AUDIT
CASE_00000464,2025-01-05T21:27:07Z,REQ_0000571,OPERATIONAL_ETA
CASE_00000465,2024-11-18T02:57:15Z,REQ_0000572,OPERATIONAL_ETA
CASE_00000466,2024-11-10T11:01:19Z,REQ_0000573,OPERATIONAL_ETA
CASE_00000467,2025-04-04T11:03:39Z,REQ_0000574,OPERATIONAL_ETA
CASE_00000468,2025-01-11T14:59:07Z,REQ_0000575,OPERATIONAL_ETA
CASE_00000469,2024-09-28T02:32:19Z,REQ_0000576,OPERATIONAL_ETA
CASE_00000469,2024-09-26T15:02:11Z,REQ_0000577,OPERATIONAL_ETA
CASE_00000470,2024-12-23T12:28:05Z,REQ_0000578,OPERATIONAL_ETA
CASE_00000471,2024-11-12T16:46:17Z,REQ_0000579,OPERATIONAL_ETA
CASE_00000471,2024-11-11T17:01:21Z,REQ_0000580,OPERATIONAL_ETA
CASE_00000472,2024-10-30T07:09:48Z,REQ_0000581,OPERATIONAL_ETA
CASE_00000472,2024-10-29T12:50:15Z,REQ_0000582,OPERATIONAL_ETA
CASE_00000473,2025-01-24T11:41:00Z,REQ_0000583,OPERATIONAL_ETA
CASE_00000473,2025-01-15T14:09:11Z,REQ_0000584,OPERATIONAL_ETA
CASE_00000474,2025-02-25T19:37:55Z,REQ_0000585,PILOT_CHECK
CASE_00000475,2025-02-22T06:25:55Z,REQ_0000586,OPERATIONAL_ETA
CASE_00000476,2025-04-24T21:31:24Z,REQ_0000587,PILOT_CHECK
CASE_00000477,2025-02-07T22:50:38Z,REQ_0000588,OPERATIONAL_ETA
CASE_00000478,2025-03-25T06:30:56Z,REQ_0000589,OPERATIONAL_ETA
CASE_00000479,2025-03-04T18:28:40Z,REQ_0000590,OPERATIONAL_ETA
CASE_00000479,2025-03-03T05:59:47Z,REQ_0000591,OPERATIONAL_ETA
CASE_00000480,2024-11-10T18:44:30Z,REQ_0000592,RETRO_AUDIT
CASE_00000481,2025-03-10T18:12:25Z,REQ_0000593,OPERATIONAL_ETA
CASE_00000482,2025-01-16T07:31:34Z,REQ_0000594,OPERATIONAL_ETA
CASE_00000483,2025-03-02T04:22:08Z,REQ_0000595,OPERATIONAL_ETA
CASE_00000484,2024-10-11T01:17:36Z,REQ_0000596,OPERATIONAL_ETA
CASE_00000485,2024-12-05T12:29:13Z,REQ_0000597,RETRO_AUDIT
CASE_00000485,2024-12-04T10:25:05Z,REQ_0000598,OPERATIONAL_ETA
CASE_00000486,2024-09-10T20:46:58Z,REQ_0000599,OPERATIONAL_ETA
CASE_00000486,2024-09-09T23:52:07Z,REQ_0000600,RETRO_AUDIT
CASE_00000487,2025-01-11T18:05:19Z,REQ_0000601,OPERATIONAL_ETA
CASE_00000488,2025-04-28T03:40:59Z,REQ_0000602,OPERATIONAL_ETA
CASE_00000489,2025-04-02T03:01:58Z,REQ_0000603,RETRO_AUDIT
CASE_00000490,2025-01-31T07:21:59Z,REQ_0000604,OPERATIONAL_ETA
CASE_00000491,2025-05-01T13:23:49Z,REQ_0000605,PILOT_CHECK
CASE_00000492,2025-04-09T16:06:08Z,REQ_0000606,OPERATIONAL_ETA
CASE_00000493,2024-09-12T15:09:02Z,REQ_0000607,OPERATIONAL_ETA
CASE_00000494,2024-11-21T13:52:24Z,REQ_0000608,OPERATIONAL_ETA
CASE_00000495,2025-03-29T06:33:08Z,REQ_0000609,OPERATIONAL_ETA
CASE_00000495,2025-03-27T22:01:25Z,REQ_0000610,OPERATIONAL_ETA
CASE_00000496,2025-01-25T19:58:48Z,REQ_0000611,OPERATIONAL_ETA
CASE_00000496,2025-01-24T00:32:12Z,REQ_0000612,OPERATIONAL_ETA
CASE_00000497,2024-09-08T09:30:12Z,REQ_0000613,OPERATIONAL_ETA
CASE_00000497,2024-09-06T00:13:09Z,REQ_0000614,OPERATIONAL_ETA
CASE_00000498,2025-03-25T00:20:27Z,REQ_0000615,RETRO_AUDIT
CASE_00000499,2024-10-12T12:17:33Z,REQ_0000616,OPERATIONAL_ETA
CASE_00000500,2025-03-12T03:11:23Z,REQ_0000617,PILOT_CHECK
CASE_00000501,2024-12-12T10:59:45Z,REQ_0000618,PILOT_CHECK
CASE_00000502,2024-10-21T07:36:28Z,REQ_0000619,PILOT_CHECK
CASE_00000503,2025-04-30T01:41:12Z,REQ_0000620,RETRO_AUDIT
CASE_00000503,2025-04-28T05:04:24Z,REQ_0000621,OPERATIONAL_ETA
CASE_00000504,2025-05-02T23:07:09Z,REQ_0000622,RETRO_AUDIT
CASE_00000505,2025-03-05T11:45:41Z,REQ_0000623,OPERATIONAL_ETA
CASE_00000505,2025-03-04T14:19:18Z,REQ_0000624,OPERATIONAL_ETA
CASE_00000506,2024-12-21T23:23:21Z,REQ_0000625,OPERATIONAL_ETA
CASE_00000506,2024-12-19T23:32:40Z,REQ_0000626,OPERATIONAL_ETA
CASE_00000507,2025-03-30T10:56:21Z,REQ_0000627,OPERATIONAL_ETA
CASE_00000508,2024-09-08T08:47:35Z,REQ_0000628,PILOT_CHECK
CASE_00000509,2024-12-14T00:22:09Z,REQ_0000629,OPERATIONAL_ETA
CASE_00000509,2024-12-12T15:49:08Z,REQ_0000630,OPERATIONAL_ETA
CASE_00000510,2024-12-04T09:45:26Z,REQ_0000631,OPERATIONAL_ETA
CASE_00000511,2025-04-10T08:14:12Z,REQ_0000632,OPERATIONAL_ETA
CASE_00000512,2025-02-21T23:38:36Z,REQ_0000633,OPERATIONAL_ETA
CASE_00000513,2025-01-15T08:30:42Z,REQ_0000634,PILOT_CHECK
CASE_00000514,2024-11-03T21:50:33Z,REQ_0000635,OPERATIONAL_ETA
CASE_00000515,2024-09-27T12:20:01Z,REQ_0000636,OPERATIONAL_ETA
CASE_00000516,2024-12-16T15:25:11Z,REQ_0000637,OPERATIONAL_ETA
CASE_00000517,2024-10-06T05:55:37Z,REQ_0000638,OPERATIONAL_ETA
CASE_00000518,2024-11-26T00:24:12Z,REQ_0000639,RETRO_AUDIT
CASE_00000519,2024-12-01T08:04:33Z,REQ_0000640,OPERATIONAL_ETA
CASE_00000519,2024-11-30T20:04:01Z,REQ_0000641,OPERATIONAL_ETA
CASE_00000520,2024-10-26T19:02:27Z,REQ_0000642,OPERATIONAL_ETA
CASE_00000521,2024-10-05T20:42:47Z,REQ_0000643,RETRO_AUDIT
CASE_00000522,2024-11-29T18:01:55Z,REQ_0000644,OPERATIONAL_ETA
CASE_00000522,2024-11-28T00:38:13Z,REQ_0000645,OPERATIONAL_ETA
CASE_00000523,2025-03-16T22:00:02Z,REQ_0000646,OPERATIONAL_ETA
CASE_00000523,2025-03-15T11:47:18Z,REQ_0000647,RETRO_AUDIT
CASE_00000524,2024-11-05T00:41:52Z,REQ_0000648,OPERATIONAL_ETA
CASE_00000525,2025-04-18T21:13:06Z,REQ_0000649,OPERATIONAL_ETA
CASE_00000526,2025-01-19T00:51:41Z,REQ_0000650,RETRO_AUDIT
CASE_00000526,2025-01-17T06:13:14Z,REQ_0000651,OPERATIONAL_ETA
CASE_00000527,2025-02-22T18:30:25Z,REQ_0000652,OPERATIONAL_ETA
CASE_00000528,2025-01-09T23:44:37Z,REQ_0000653,OPERATIONAL_ETA
CASE_00000528,2025-01-08T13:10:13Z,REQ_0000654,RETRO_AUDIT
CASE_00000529,2024-12-24T08:41:56Z,REQ_0000655,PILOT_CHECK
CASE_00000529,2024-12-22T19:02:23Z,REQ_0000656,OPERATIONAL_ETA
CASE_00000530,2025-04-28T17:39:43Z,REQ_0000657,RETRO_AUDIT
CASE_00000531,2024-12-07T20:27:42Z,REQ_0000658,OPERATIONAL_ETA
CASE_00000532,2024-09-13T20:06:25Z,REQ_0000659,OPERATIONAL_ETA
CASE_00000533,2024-09-10T22:36:47Z,REQ_0000660,OPERATIONAL_ETA
CASE_00000533,2024-09-10T02:05:12Z,REQ_0000661,PILOT_CHECK
CASE_00000534,2025-02-02T08:54:14Z,REQ_0000662,OPERATIONAL_ETA
CASE_00000534,2025-02-01T12:37:44Z,REQ_0000663,RETRO_AUDIT
CASE_00000535,2024-11-15T09:15:37Z,REQ_0000664,OPERATIONAL_ETA
CASE_00000536,2024-11-14T07:03:05Z,REQ_0000665,PILOT_CHECK
CASE_00000536,2024-11-11T23:17:44Z,REQ_0000666,PILOT_CHECK
CASE_00000537,2024-09-18T11:34:30Z,REQ_0000667,OPERATIONAL_ETA
CASE_00000538,2024-10-30T15:02:53Z,REQ_0000668,OPERATIONAL_ETA
CASE_00000539,2024-09-21T20:33:15Z,REQ_0000669,OPERATIONAL_ETA
CASE_00000539,2024-09-20T04:37:26Z,REQ_0000670,OPERATIONAL_ETA
CASE_00000540,2025-01-20T04:11:33Z,REQ_0000671,OPERATIONAL_ETA
CASE_00000541,2025-02-06T14:00:34Z,REQ_0000672,OPERATIONAL_ETA
CASE_00000542,2024-12-25T09:34:19Z,REQ_0000673,OPERATIONAL_ETA
CASE_00000543,2025-02-26T19:30:27Z,REQ_0000674,OPERATIONAL_ETA
CASE_00000543,2025-02-24T18:53:43Z,REQ_0000675,PILOT_CHECK
CASE_00000544,2025-04-29T01:22:13Z,REQ_0000676,OPERATIONAL_ETA
CASE_00000545,2025-02-18T16:36:15Z,REQ_0000677,OPERATIONAL_ETA
CASE_00000546,2025-03-21T16:26:15Z,REQ_0000678,OPERATIONAL_ETA
CASE_00000546,2025-03-19T09:40:26Z,REQ_0000679,OPERATIONAL_ETA
CASE_00000547,2025-01-29T06:11:27Z,REQ_0000680,OPERATIONAL_ETA
CASE_00000547,2025-01-28T08:33:24Z,REQ_0000681,OPERATIONAL_ETA
CASE_00000548,2024-10-03T00:55:08Z,REQ_0000682,OPERATIONAL_ETA
CASE_00000549,2024-12-01T12:34:03Z,REQ_0000683,OPERATIONAL_ETA
CASE_00000550,2024-11-20T11:58:33Z,REQ_0000684,PILOT_CHECK
CASE_00000551,2025-03-15T11:03:17Z,REQ_0000685,OPERATIONAL_ETA
CASE_00000552,2025-04-22T06:42:01Z,REQ_0000686,OPERATIONAL_ETA
CASE_00000552,2025-04-20T05:13:00Z,REQ_0000687,OPERATIONAL_ETA
CASE_00000553,2024-11-22T11:48:32Z,REQ_0000688,OPERATIONAL_ETA
CASE_00000554,2024-10-10T16:39:47Z,REQ_0000689,OPERATIONAL_ETA
CASE_00000555,2024-11-27T22:23:43Z,REQ_0000690,OPERATIONAL_ETA
CASE_00000556,2024-10-22T14:41:42Z,REQ_0000691,OPERATIONAL_ETA
CASE_00000556,2024-10-21T02:40:09Z,REQ_0000692,OPERATIONAL_ETA
CASE_00000557,2024-09-21T14:31:23Z,REQ_0000693,RETRO_AUDIT
CASE_00000558,2024-10-19T20:46:34Z,REQ_0000694,OPERATIONAL_ETA
CASE_00000559,2024-11-26T01:03:14Z,REQ_0000695,OPERATIONAL_ETA
CASE_00000560,2025-03-24T16:28:45Z,REQ_0000696,OPERATIONAL_ETA
CASE_00000561,2025-04-18T14:59:53Z,REQ_0000697,OPERATIONAL_ETA
CASE_00000562,2024-09-19T06:09:23Z,REQ_0000698,OPERATIONAL_ETA
CASE_00000563,2024-09-07T15:35:34Z,REQ_0000699,OPERATIONAL_ETA
CASE_00000564,2025-04-15T18:23:54Z,REQ_0000700,RETRO_AUDIT
CASE_00000565,2025-01-28T05:59:52Z,REQ_0000701,OPERATIONAL_ETA
CASE_00000565,2025-01-24T17:35:49Z,REQ_0000702,OPERATIONAL_ETA
CASE_00000566,2024-12-15T23:36:01Z,REQ_0000703,PILOT_CHECK
CASE_00000567,2025-01-12T06:25:32Z,REQ_0000704,OPERATIONAL_ETA
CASE_00000567,2025-01-11T07:15:07Z,REQ_0000705,OPERATIONAL_ETA
CASE_00000568,2025-01-04T19:40:25Z,REQ_0000706,OPERATIONAL_ETA
CASE_00000569,2025-02-10T15:36:40Z,REQ_0000707,OPERATIONAL_ETA
CASE_00000570,2024-12-21T05:39:25Z,REQ_0000708,OPERATIONAL_ETA
CASE_00000571,2025-02-02T20:54:11Z,REQ_0000709,OPERATIONAL_ETA
CASE_00000572,2024-10-02T01:09:35Z,REQ_0000710,PILOT_CHECK
CASE_00000572,2024-09-30T08:10:49Z,REQ_0000711,OPERATIONAL_ETA
CASE_00000573,2024-11-19T11:17:11Z,REQ_0000712,OPERATIONAL_ETA
CASE_00000574,2024-10-16T09:20:28Z,REQ_0000713,OPERATIONAL_ETA
CASE_00000574,2024-10-14T15:11:58Z,REQ_0000714,RETRO_AUDIT
CASE_00000575,2025-03-15T00:05:03Z,REQ_0000715,OPERATIONAL_ETA
CASE_00000576,2025-01-16T07:04:48Z,REQ_0000716,OPERATIONAL_ETA
CASE_00000577,2025-02-25T07:29:11Z,REQ_0000717,OPERATIONAL_ETA
CASE_00000578,2024-12-21T06:27:37Z,REQ_0000718,PILOT_CHECK
CASE_00000578,2024-12-19T04:03:13Z,REQ_0000719,OPERATIONAL_ETA
CASE_00000579,2024-09-07T11:51:23Z,REQ_0000720,OPERATIONAL_ETA
CASE_00000580,2024-11-15T09:48:37Z,REQ_0000721,PILOT_CHECK
CASE_00000580,2024-11-14T05:55:47Z,REQ_0000722,OPERATIONAL_ETA
CASE_00000581,2024-10-19T10:32:58Z,REQ_0000723,PILOT_CHECK
CASE_00000582,2024-12-19T20:32:15Z,REQ_0000724,OPERATIONAL_ETA
CASE_00000582,2024-12-18T02:43:31Z,REQ_0000725,PILOT_CHECK
CASE_00000583,2025-01-14T03:59:23Z,REQ_0000726,PILOT_CHECK
CASE_00000584,2024-12-29T21:45:33Z,REQ_0000727,OPERATIONAL_ETA
CASE_00000585,2024-11-10T10:18:17Z,REQ_0000728,OPERATIONAL_ETA
CASE_00000585,2024-11-08T22:05:33Z,REQ_0000729,OPERATIONAL_ETA
CASE_00000586,2025-03-27T18:39:01Z,REQ_0000730,OPERATIONAL_ETA
CASE_00000587,2024-09-26T02:06:03Z,REQ_0000731,OPERATIONAL_ETA
CASE_00000588,2024-10-29T15:38:09Z,REQ_0000732,PILOT_CHECK
CASE_00000589,2025-01-10T07:57:45Z,REQ_0000733,OPERATIONAL_ETA
CASE_00000590,2025-03-07T06:50:26Z,REQ_0000734,OPERATIONAL_ETA
CASE_00000590,2025-03-06T11:29:52Z,REQ_0000735,OPERATIONAL_ETA
CASE_00000591,2024-12-11T21:23:23Z,REQ_0000736,RETRO_AUDIT
CASE_00000592,2024-11-03T02:49:47Z,REQ_0000737,OPERATIONAL_ETA
CASE_00000593,2024-12-10T09:17:12Z,REQ_0000738,OPERATIONAL_ETA
CASE_00000593,2024-12-08T07:17:10Z,REQ_0000739,OPERATIONAL_ETA
CASE_00000594,2024-12-09T03:31:45Z,REQ_0000740,OPERATIONAL_ETA
CASE_00000595,2024-11-16T21:01:39Z,REQ_0000741,OPERATIONAL_ETA
CASE_00000596,2024-09-21T10:45:30Z,REQ_0000742,OPERATIONAL_ETA
CASE_00000597,2025-03-21T00:31:04Z,REQ_0000743,OPERATIONAL_ETA
CASE_00000598,2024-11-07T16:14:22Z,REQ_0000744,OPERATIONAL_ETA
CASE_00000598,2024-11-06T18:20:02Z,REQ_0000745,OPERATIONAL_ETA
CASE_00000599,2025-04-30T10:42:59Z,REQ_0000746,OPERATIONAL_ETA
CASE_00000600,2024-10-13T04:28:21Z,REQ_0000747,OPERATIONAL_ETA
CASE_00000601,2024-10-27T06:13:35Z,REQ_0000748,RETRO_AUDIT
CASE_00000602,2024-10-12T08:27:13Z,REQ_0000749,PILOT_CHECK
CASE_00000602,2024-10-11T03:20:28Z,REQ_0000750,RETRO_AUDIT
CASE_00000603,2025-02-21T10:54:47Z,REQ_0000751,PILOT_CHECK
CASE_00000604,2025-04-16T03:43:29Z,REQ_0000752,OPERATIONAL_ETA
CASE_00000605,2025-01-16T00:48:58Z,REQ_0000753,PILOT_CHECK
CASE_00000606,2025-01-13T02:49:24Z,REQ_0000754,OPERATIONAL_ETA
CASE_00000606,2025-01-11T05:01:49Z,REQ_0000755,OPERATIONAL_ETA
CASE_00000607,2025-02-13T06:19:11Z,REQ_0000756,OPERATIONAL_ETA
CASE_00000607,2025-02-11T20:01:23Z,REQ_0000757,OPERATIONAL_ETA
CASE_00000608,2025-03-23T10:02:46Z,REQ_0000758,PILOT_CHECK
CASE_00000609,2024-11-09T02:09:20Z,REQ_0000759,OPERATIONAL_ETA
CASE_00000610,2024-12-06T06:50:03Z,REQ_0000760,OPERATIONAL_ETA
CASE_00000611,2025-03-10T01:00:51Z,REQ_0000761,OPERATIONAL_ETA
CASE_00000612,2025-03-27T03:33:08Z,REQ_0000762,OPERATIONAL_ETA
CASE_00000613,2025-04-10T05:00:23Z,REQ_0000763,OPERATIONAL_ETA
CASE_00000614,2024-10-08T19:50:15Z,REQ_0000764,OPERATIONAL_ETA
CASE_00000614,2024-10-06T23:56:59Z,REQ_0000765,OPERATIONAL_ETA
CASE_00000615,2024-10-15T14:37:53Z,REQ_0000766,OPERATIONAL_ETA
CASE_00000616,2025-03-30T17:36:47Z,REQ_0000767,OPERATIONAL_ETA
CASE_00000616,2025-03-28T02:31:50Z,REQ_0000768,OPERATIONAL_ETA
CASE_00000617,2024-10-26T07:34:05Z,REQ_0000769,OPERATIONAL_ETA
CASE_00000618,2025-02-28T18:40:52Z,REQ_0000770,OPERATIONAL_ETA
CASE_00000618,2025-02-26T21:46:20Z,REQ_0000771,OPERATIONAL_ETA
CASE_00000619,2024-09-27T15:34:41Z,REQ_0000772,OPERATIONAL_ETA
CASE_00000620,2025-04-11T21:49:17Z,REQ_0000773,PILOT_CHECK
CASE_00000621,2024-09-28T18:55:15Z,REQ_0000774,OPERATIONAL_ETA
CASE_00000622,2025-02-07T10:26:49Z,REQ_0000775,OPERATIONAL_ETA
CASE_00000623,2025-02-10T19:50:39Z,REQ_0000776,OPERATIONAL_ETA
CASE_00000623,2025-02-10T10:02:09Z,REQ_0000777,OPERATIONAL_ETA
CASE_00000624,2025-02-22T12:29:06Z,REQ_0000778,RETRO_AUDIT
CASE_00000625,2024-09-16T16:09:19Z,REQ_0000779,OPERATIONAL_ETA
CASE_00000626,2024-09-11T03:47:30Z,REQ_0000780,OPERATIONAL_ETA
CASE_00000626,2024-09-09T07:34:49Z,REQ_0000781,OPERATIONAL_ETA
CASE_00000627,2025-04-04T16:45:00Z,REQ_0000782,OPERATIONAL_ETA
CASE_00000627,2025-04-04T02:34:11Z,REQ_0000783,OPERATIONAL_ETA
CASE_00000628,2024-11-03T08:45:30Z,REQ_0000784,PILOT_CHECK
CASE_00000629,2025-01-23T03:49:00Z,REQ_0000785,OPERATIONAL_ETA
CASE_00000630,2025-04-05T15:02:45Z,REQ_0000786,PILOT_CHECK
CASE_00000630,2025-04-04T02:41:05Z,REQ_0000787,OPERATIONAL_ETA
CASE_00000631,2025-03-27T04:36:43Z,REQ_0000788,OPERATIONAL_ETA
CASE_00000631,2025-03-25T18:05:05Z,REQ_0000789,OPERATIONAL_ETA
CASE_00000632,2025-01-08T16:07:04Z,REQ_0000790,OPERATIONAL_ETA
CASE_00000633,2024-12-28T01:36:28Z,REQ_0000791,PILOT_CHECK
CASE_00000634,2024-10-21T18:46:12Z,REQ_0000792,OPERATIONAL_ETA
CASE_00000635,2025-02-14T19:53:47Z,REQ_0000793,PILOT_CHECK
CASE_00000635,2025-02-13T22:09:03Z,REQ_0000794,OPERATIONAL_ETA
CASE_00000636,2024-12-22T02:33:21Z,REQ_0000795,RETRO_AUDIT
CASE_00000637,2025-02-22T12:01:49Z,REQ_0000796,OPERATIONAL_ETA
CASE_00000638,2025-02-04T20:52:36Z,REQ_0000797,PILOT_CHECK
CASE_00000639,2024-10-05T08:40:57Z,REQ_0000798,OPERATIONAL_ETA
CASE_00000639,2024-10-04T16:38:42Z,REQ_0000799,OPERATIONAL_ETA
CASE_00000640,2024-12-27T20:50:37Z,REQ_0000800,OPERATIONAL_ETA
CASE_00000640,2024-12-26T23:22:31Z,REQ_0000801,OPERATIONAL_ETA
CASE_00000641,2025-04-02T14:55:26Z,REQ_0000802,PILOT_CHECK
CASE_00000642,2025-03-18T23:04:47Z,REQ_0000803,OPERATIONAL_ETA
CASE_00000643,2024-11-18T11:12:02Z,REQ_0000804,OPERATIONAL_ETA
CASE_00000644,2024-09-08T16:16:55Z,REQ_0000805,OPERATIONAL_ETA
CASE_00000645,2025-01-06T19:36:05Z,REQ_0000806,RETRO_AUDIT
CASE_00000645,2025-01-05T11:13:00Z,REQ_0000807,OPERATIONAL_ETA
CASE_00000646,2024-10-20T13:35:34Z,REQ_0000808,OPERATIONAL_ETA
CASE_00000647,2025-01-13T20:14:08Z,REQ_0000809,RETRO_AUDIT
CASE_00000648,2024-11-24T15:41:58Z,REQ_0000810,OPERATIONAL_ETA
CASE_00000649,2024-09-16T23:31:21Z,REQ_0000811,OPERATIONAL_ETA
CASE_00000650,2024-12-17T01:32:12Z,REQ_0000812,OPERATIONAL_ETA
CASE_00000651,2024-12-21T22:45:17Z,REQ_0000813,OPERATIONAL_ETA
CASE_00000652,2025-03-21T11:17:30Z,REQ_0000814,PILOT_CHECK
CASE_00000653,2025-02-26T03:31:37Z,REQ_0000815,PILOT_CHECK
CASE_00000654,2024-11-11T03:15:29Z,REQ_0000816,OPERATIONAL_ETA
CASE_00000655,2024-12-15T04:29:34Z,REQ_0000817,OPERATIONAL_ETA
CASE_00000656,2024-12-22T03:42:27Z,REQ_0000818,OPERATIONAL_ETA
CASE_00000657,2025-02-06T15:21:29Z,REQ_0000819,OPERATIONAL_ETA
CASE_00000658,2025-04-20T01:58:17Z,REQ_0000820,OPERATIONAL_ETA
CASE_00000659,2024-11-02T10:53:44Z,REQ_0000821,OPERATIONAL_ETA
CASE_00000660,2024-10-24T09:57:18Z,REQ_0000822,OPERATIONAL_ETA
CASE_00000661,2024-12-11T15:49:23Z,REQ_0000823,OPERATIONAL_ETA
CASE_00000662,2025-04-10T13:17:40Z,REQ_0000824,OPERATIONAL_ETA
CASE_00000663,2024-09-22T17:16:54Z,REQ_0000825,OPERATIONAL_ETA
CASE_00000664,2025-03-11T20:21:55Z,REQ_0000826,OPERATIONAL_ETA
CASE_00000665,2025-01-20T07:16:32Z,REQ_0000827,RETRO_AUDIT
CASE_00000665,2025-01-19T11:26:55Z,REQ_0000828,OPERATIONAL_ETA
CASE_00000666,2025-02-06T23:04:49Z,REQ_0000829,OPERATIONAL_ETA
CASE_00000667,2024-10-24T23:02:02Z,REQ_0000830,OPERATIONAL_ETA
CASE_00000667,2024-10-24T04:41:03Z,REQ_0000831,OPERATIONAL_ETA
CASE_00000668,2024-09-22T21:00:02Z,REQ_0000832,RETRO_AUDIT
CASE_00000669,2025-01-16T15:27:33Z,REQ_0000833,OPERATIONAL_ETA
CASE_00000670,2024-12-28T14:21:37Z,REQ_0000834,OPERATIONAL_ETA
CASE_00000671,2024-12-07T17:33:42Z,REQ_0000835,RETRO_AUDIT
CASE_00000672,2024-09-04T09:04:50Z,REQ_0000836,PILOT_CHECK
CASE_00000673,2025-02-07T16:39:28Z,REQ_0000837,OPERATIONAL_ETA
CASE_00000674,2024-10-10T23:02:45Z,REQ_0000838,OPERATIONAL_ETA
CASE_00000675,2025-03-11T17:27:02Z,REQ_0000839,RETRO_AUDIT
CASE_00000675,2025-03-11T00:11:33Z,REQ_0000840,OPERATIONAL_ETA
CASE_00000676,2025-05-02T02:48:45Z,REQ_0000841,OPERATIONAL_ETA
CASE_00000677,2024-10-29T09:18:07Z,REQ_0000842,PILOT_CHECK
CASE_00000677,2024-10-28T16:18:07Z,REQ_0000843,OPERATIONAL_ETA
CASE_00000678,2025-01-07T23:55:53Z,REQ_0000844,OPERATIONAL_ETA
CASE_00000679,2025-02-27T01:26:11Z,REQ_0000845,OPERATIONAL_ETA
CASE_00000680,2024-10-25T01:16:05Z,REQ_0000846,OPERATIONAL_ETA
CASE_00000681,2024-09-11T21:20:44Z,REQ_0000847,OPERATIONAL_ETA
CASE_00000682,2024-10-26T14:53:43Z,REQ_0000848,OPERATIONAL_ETA
CASE_00000683,2025-03-25T05:42:21Z,REQ_0000849,OPERATIONAL_ETA
CASE_00000684,2025-03-10T05:03:42Z,REQ_0000850,PILOT_CHECK
CASE_00000684,2025-03-08T04:08:03Z,REQ_0000851,OPERATIONAL_ETA
CASE_00000685,2025-02-23T10:52:05Z,REQ_0000852,RETRO_AUDIT
CASE_00000685,2025-02-22T06:22:29Z,REQ_0000853,OPERATIONAL_ETA
CASE_00000686,2024-12-02T19:36:57Z,REQ_0000854,PILOT_CHECK
CASE_00000687,2025-03-19T21:12:37Z,REQ_0000855,RETRO_AUDIT
CASE_00000688,2024-12-28T02:56:28Z,REQ_0000856,RETRO_AUDIT
CASE_00000689,2024-12-13T23:40:07Z,REQ_0000857,OPERATIONAL_ETA
CASE_00000690,2024-12-03T16:13:00Z,REQ_0000858,OPERATIONAL_ETA
CASE_00000690,2024-12-02T06:29:00Z,REQ_0000859,RETRO_AUDIT
CASE_00000691,2025-04-28T16:39:46Z,REQ_0000860,OPERATIONAL_ETA
CASE_00000691,2025-04-27T09:09:04Z,REQ_0000861,OPERATIONAL_ETA
CASE_00000692,2024-11-20T04:12:58Z,REQ_0000862,OPERATIONAL_ETA
CASE_00000693,2024-11-05T21:46:59Z,REQ_0000863,OPERATIONAL_ETA
CASE_00000694,2024-10-20T18:13:41Z,REQ_0000864,RETRO_AUDIT
CASE_00000695,2025-01-13T02:55:27Z,REQ_0000865,OPERATIONAL_ETA
CASE_00000695,2025-01-11T21:15:16Z,REQ_0000866,OPERATIONAL_ETA
CASE_00000696,2024-12-27T10:55:00Z,REQ_0000867,RETRO_AUDIT
CASE_00000697,2025-03-17T12:10:57Z,REQ_0000868,OPERATIONAL_ETA
CASE_00000698,2024-10-23T07:09:41Z,REQ_0000869,RETRO_AUDIT
CASE_00000699,2025-01-22T09:18:17Z,REQ_0000870,PILOT_CHECK
CASE_00000699,2025-01-21T19:22:59Z,REQ_0000871,OPERATIONAL_ETA
CASE_00000700,2025-03-12T07:54:25Z,REQ_0000872,PILOT_CHECK
CASE_00000701,2025-02-09T20:03:19Z,REQ_0000873,RETRO_AUDIT
CASE_00000702,2024-10-27T12:12:57Z,REQ_0000874,OPERATIONAL_ETA
CASE_00000703,2025-01-12T13:05:45Z,REQ_0000875,OPERATIONAL_ETA
CASE_00000704,2024-11-02T23:48:11Z,REQ_0000876,OPERATIONAL_ETA
CASE_00000705,2024-10-09T13:17:21Z,REQ_0000877,OPERATIONAL_ETA
CASE_00000706,2025-04-26T19:14:23Z,REQ_0000878,OPERATIONAL_ETA
CASE_00000707,2025-04-08T06:35:10Z,REQ_0000879,OPERATIONAL_ETA
CASE_00000708,2025-03-10T01:42:30Z,REQ_0000880,OPERATIONAL_ETA
CASE_00000709,2025-04-06T22:06:24Z,REQ_0000881,OPERATIONAL_ETA
CASE_00000710,2025-03-15T03:51:59Z,REQ_0000882,OPERATIONAL_ETA
CASE_00000711,2025-02-23T07:13:47Z,REQ_0000883,OPERATIONAL_ETA
CASE_00000711,2025-02-20T19:18:34Z,REQ_0000884,OPERATIONAL_ETA
CASE_00000712,2025-03-24T13:47:29Z,REQ_0000885,OPERATIONAL_ETA
CASE_00000713,2025-03-23T15:32:37Z,REQ_0000886,OPERATIONAL_ETA
CASE_00000714,2024-10-29T05:27:41Z,REQ_0000887,OPERATIONAL_ETA
CASE_00000715,2024-10-24T17:55:33Z,REQ_0000888,RETRO_AUDIT
CASE_00000715,2024-10-23T17:56:24Z,REQ_0000889,PILOT_CHECK
CASE_00000716,2024-09-29T16:24:24Z,REQ_0000890,OPERATIONAL_ETA
CASE_00000717,2024-09-17T20:22:40Z,REQ_0000891,OPERATIONAL_ETA
CASE_00000717,2024-09-16T03:32:06Z,REQ_0000892,PILOT_CHECK
CASE_00000718,2025-04-02T11:33:40Z,REQ_0000893,RETRO_AUDIT
CASE_00000719,2025-02-01T21:30:28Z,REQ_0000894,RETRO_AUDIT
CASE_00000720,2025-01-03T11:42:22Z,REQ_0000895,OPERATIONAL_ETA
CASE_00000721,2025-01-29T04:39:50Z,REQ_0000896,OPERATIONAL_ETA
CASE_00000722,2024-09-19T21:05:02Z,REQ_0000897,OPERATIONAL_ETA
CASE_00000723,2024-09-09T19:26:40Z,REQ_0000898,OPERATIONAL_ETA
CASE_00000724,2025-04-10T10:20:46Z,REQ_0000899,OPERATIONAL_ETA
CASE_00000725,2025-04-28T11:36:02Z,REQ_0000900,RETRO_AUDIT
CASE_00000726,2025-04-09T15:44:21Z,REQ_0000901,OPERATIONAL_ETA
CASE_00000727,2025-02-15T03:13:40Z,REQ_0000902,RETRO_AUDIT
CASE_00000727,2025-02-13T20:33:50Z,REQ_0000903,OPERATIONAL_ETA
CASE_00000728,2024-11-07T16:11:28Z,REQ_0000904,OPERATIONAL_ETA
CASE_00000729,2024-12-20T03:50:04Z,REQ_0000905,OPERATIONAL_ETA
CASE_00000730,2025-02-10T00:19:25Z,REQ_0000906,OPERATIONAL_ETA
CASE_00000731,2024-10-19T06:10:30Z,REQ_0000907,PILOT_CHECK
CASE_00000732,2024-12-26T10:13:21Z,REQ_0000908,OPERATIONAL_ETA
CASE_00000732,2024-12-24T21:41:03Z,REQ_0000909,OPERATIONAL_ETA
CASE_00000733,2024-12-17T18:27:50Z,REQ_0000910,OPERATIONAL_ETA
CASE_00000734,2025-01-11T13:47:21Z,REQ_0000911,RETRO_AUDIT
CASE_00000735,2024-10-02T02:05:29Z,REQ_0000912,OPERATIONAL_ETA
CASE_00000736,2024-09-29T18:52:35Z,REQ_0000913,OPERATIONAL_ETA
CASE_00000736,2024-09-29T00:27:51Z,REQ_0000914,OPERATIONAL_ETA
CASE_00000737,2024-09-24T00:57:34Z,REQ_0000915,OPERATIONAL_ETA
CASE_00000738,2024-10-31T21:38:19Z,REQ_0000916,OPERATIONAL_ETA
CASE_00000739,2025-03-27T14:26:11Z,REQ_0000917,OPERATIONAL_ETA
CASE_00000739,2025-03-27T03:01:12Z,REQ_0000918,OPERATIONAL_ETA
CASE_00000740,2025-03-26T14:26:07Z,REQ_0000919,OPERATIONAL_ETA
CASE_00000741,2024-12-13T01:24:39Z,REQ_0000920,RETRO_AUDIT
CASE_00000742,2025-04-05T18:49:19Z,REQ_0000921,OPERATIONAL_ETA
CASE_00000742,2025-04-05T09:21:42Z,REQ_0000922,OPERATIONAL_ETA
CASE_00000743,2025-02-24T10:59:47Z,REQ_0000923,OPERATIONAL_ETA
CASE_00000743,2025-02-22T12:35:13Z,REQ_0000924,OPERATIONAL_ETA
CASE_00000744,2024-11-25T05:33:07Z,REQ_0000925,OPERATIONAL_ETA
CASE_00000745,2025-03-15T08:41:23Z,REQ_0000926,OPERATIONAL_ETA
CASE_00000746,2025-05-03T11:08:55Z,REQ_0000927,OPERATIONAL_ETA
CASE_00000747,2025-02-23T21:09:35Z,REQ_0000928,OPERATIONAL_ETA
CASE_00000748,2025-03-03T08:27:14Z,REQ_0000929,RETRO_AUDIT
CASE_00000749,2025-01-17T00:06:16Z,REQ_0000930,OPERATIONAL_ETA
CASE_00000750,2025-04-07T03:10:18Z,REQ_0000931,OPERATIONAL_ETA
CASE_00000751,2024-12-27T17:02:56Z,REQ_0000932,OPERATIONAL_ETA
CASE_00000752,2025-03-05T20:47:43Z,REQ_0000933,OPERATIONAL_ETA
CASE_00000753,2025-02-20T04:31:06Z,REQ_0000934,PILOT_CHECK
CASE_00000754,2024-09-05T11:48:17Z,REQ_0000935,OPERATIONAL_ETA
CASE_00000755,2024-10-31T01:07:17Z,REQ_0000936,OPERATIONAL_ETA
CASE_00000756,2025-03-30T01:17:37Z,REQ_0000937,OPERATIONAL_ETA
CASE_00000756,2025-03-29T00:39:57Z,REQ_0000938,OPERATIONAL_ETA
CASE_00000757,2025-04-12T04:08:43Z,REQ_0000939,OPERATIONAL_ETA
CASE_00000758,2024-10-24T02:40:40Z,REQ_0000940,PILOT_CHECK
CASE_00000758,2024-10-22T12:35:18Z,REQ_0000941,OPERATIONAL_ETA
CASE_00000759,2024-12-19T13:10:25Z,REQ_0000942,OPERATIONAL_ETA
CASE_00000760,2025-02-01T22:45:54Z,REQ_0000943,OPERATIONAL_ETA
CASE_00000761,2024-10-03T13:29:23Z,REQ_0000944,PILOT_CHECK
CASE_00000762,2024-10-06T09:24:52Z,REQ_0000945,OPERATIONAL_ETA
CASE_00000763,2024-10-15T11:42:39Z,REQ_0000946,OPERATIONAL_ETA
CASE_00000764,2024-10-29T23:04:07Z,REQ_0000947,OPERATIONAL_ETA
CASE_00000765,2024-10-25T22:24:58Z,REQ_0000948,OPERATIONAL_ETA
CASE_00000766,2024-12-21T11:40:36Z,REQ_0000949,OPERATIONAL_ETA
CASE_00000767,2024-12-14T02:58:45Z,REQ_0000950,RETRO_AUDIT
CASE_00000767,2024-12-13T14:44:12Z,REQ_0000951,OPERATIONAL_ETA
CASE_00000768,2024-09-20T09:14:56Z,REQ_0000952,OPERATIONAL_ETA
CASE_00000768,2024-09-18T17:26:39Z,REQ_0000953,OPERATIONAL_ETA
CASE_00000769,2025-01-05T11:23:13Z,REQ_0000954,OPERATIONAL_ETA
CASE_00000770,2025-03-10T19:04:41Z,REQ_0000955,RETRO_AUDIT
CASE_00000771,2024-10-13T14:09:18Z,REQ_0000956,OPERATIONAL_ETA
CASE_00000772,2024-11-07T20:26:13Z,REQ_0000957,PILOT_CHECK
CASE_00000773,2025-02-22T14:35:52Z,REQ_0000958,OPERATIONAL_ETA
CASE_00000774,2025-02-03T16:02:13Z,REQ_0000959,OPERATIONAL_ETA
CASE_00000775,2025-03-02T06:24:52Z,REQ_0000960,OPERATIONAL_ETA
CASE_00000776,2024-09-15T02:45:25Z,REQ_0000961,OPERATIONAL_ETA
CASE_00000777,2024-09-11T05:46:16Z,REQ_0000962,OPERATIONAL_ETA
CASE_00000778,2025-01-19T05:30:58Z,REQ_0000963,OPERATIONAL_ETA
CASE_00000779,2024-09-22T10:30:44Z,REQ_0000964,OPERATIONAL_ETA
CASE_00000780,2025-02-13T01:41:07Z,REQ_0000965,OPERATIONAL_ETA
CASE_00000781,2025-03-03T21:47:19Z,REQ_0000966,PILOT_CHECK
CASE_00000782,2025-01-02T08:46:48Z,REQ_0000967,OPERATIONAL_ETA
CASE_00000783,2024-12-26T17:08:29Z,REQ_0000968,OPERATIONAL_ETA
CASE_00000784,2025-03-16T00:27:52Z,REQ_0000969,OPERATIONAL_ETA
CASE_00000784,2025-03-13T09:17:05Z,REQ_0000970,OPERATIONAL_ETA
CASE_00000785,2025-02-22T10:42:51Z,REQ_0000971,OPERATIONAL_ETA
CASE_00000785,2025-02-20T19:21:39Z,REQ_0000972,OPERATIONAL_ETA
CASE_00000786,2025-02-06T11:23:14Z,REQ_0000973,OPERATIONAL_ETA
CASE_00000787,2025-01-18T18:30:41Z,REQ_0000974,OPERATIONAL_ETA
CASE_00000788,2025-02-09T07:23:30Z,REQ_0000975,OPERATIONAL_ETA
CASE_00000789,2024-10-20T20:16:01Z,REQ_0000976,OPERATIONAL_ETA
CASE_00000790,2024-10-19T03:40:27Z,REQ_0000977,OPERATIONAL_ETA
CASE_00000790,2024-10-16T03:39:40Z,REQ_0000978,OPERATIONAL_ETA
CASE_00000791,2024-11-13T18:22:01Z,REQ_0000979,OPERATIONAL_ETA
CASE_00000792,2024-11-01T06:16:52Z,REQ_0000980,PILOT_CHECK
CASE_00000793,2024-09-13T08:11:06Z,REQ_0000981,OPERATIONAL_ETA
CASE_00000794,2024-09-21T19:03:10Z,REQ_0000982,OPERATIONAL_ETA
CASE_00000794,2024-09-20T04:04:51Z,REQ_0000983,PILOT_CHECK
CASE_00000795,2024-10-28T03:20:53Z,REQ_0000984,OPERATIONAL_ETA
CASE_00000795,2024-10-26T08:03:22Z,REQ_0000985,OPERATIONAL_ETA
CASE_00000796,2024-12-30T06:13:20Z,REQ_0000986,OPERATIONAL_ETA
CASE_00000797,2025-01-20T19:44:28Z,REQ_0000987,OPERATIONAL_ETA
CASE_00000798,2025-01-09T12:05:37Z,REQ_0000988,RETRO_AUDIT
CASE_00000798,2025-01-07T12:08:49Z,REQ_0000989,OPERATIONAL_ETA
CASE_00000799,2024-09-23T19:10:39Z,REQ_0000990,RETRO_AUDIT
CASE_00000799,2024-09-22T12:52:05Z,REQ_0000991,OPERATIONAL_ETA
CASE_00000800,2025-04-19T23:10:42Z,REQ_0000992,OPERATIONAL_ETA
CASE_00000801,2024-11-20T17:55:55Z,REQ_0000993,OPERATIONAL_ETA
CASE_00000802,2025-03-22T08:35:31Z,REQ_0000994,PILOT_CHECK
CASE_00000803,2025-02-16T06:19:34Z,REQ_0000995,OPERATIONAL_ETA
CASE_00000804,2024-12-30T01:49:55Z,REQ_0000996,OPERATIONAL_ETA
CASE_00000805,2024-09-16T20:58:53Z,REQ_0000997,OPERATIONAL_ETA
CASE_00000806,2025-02-21T12:19:07Z,REQ_0000998,OPERATIONAL_ETA
CASE_00000807,2025-02-20T09:42:06Z,REQ_0000999,OPERATIONAL_ETA
CASE_00000808,2024-09-07T07:03:16Z,REQ_0001000,OPERATIONAL_ETA
CASE_00000809,2025-03-19T00:29:21Z,REQ_0001001,OPERATIONAL_ETA
CASE_00000810,2024-09-16T18:39:39Z,REQ_0001002,OPERATIONAL_ETA
CASE_00000810,2024-09-15T01:20:46Z,REQ_0001003,OPERATIONAL_ETA
CASE_00000811,2025-02-24T01:22:44Z,REQ_0001004,OPERATIONAL_ETA
CASE_00000812,2024-11-20T09:40:33Z,REQ_0001005,OPERATIONAL_ETA
CASE_00000813,2025-02-22T14:06:50Z,REQ_0001006,RETRO_AUDIT
CASE_00000814,2025-02-03T18:28:36Z,REQ_0001007,OPERATIONAL_ETA
CASE_00000814,2025-02-02T03:24:49Z,REQ_0001008,OPERATIONAL_ETA
CASE_00000815,2024-11-12T16:27:31Z,REQ_0001009,PILOT_CHECK
CASE_00000816,2025-04-13T12:03:37Z,REQ_0001010,OPERATIONAL_ETA
CASE_00000817,2024-09-30T20:23:20Z,REQ_0001011,OPERATIONAL_ETA
CASE_00000818,2024-11-15T22:28:21Z,REQ_0001012,OPERATIONAL_ETA
CASE_00000818,2024-11-14T07:15:04Z,REQ_0001013,OPERATIONAL_ETA
CASE_00000819,2025-03-16T20:34:52Z,REQ_0001014,OPERATIONAL_ETA
CASE_00000820,2024-10-29T18:37:32Z,REQ_0001015,OPERATIONAL_ETA
CASE_00000820,2024-10-28T04:41:20Z,REQ_0001016,OPERATIONAL_ETA
CASE_00000821,2024-09-27T05:53:12Z,REQ_0001017,RETRO_AUDIT
CASE_00000822,2025-04-24T11:03:16Z,REQ_0001018,RETRO_AUDIT
CASE_00000823,2024-10-29T01:37:32Z,REQ_0001019,OPERATIONAL_ETA
CASE_00000824,2025-04-22T22:44:36Z,REQ_0001020,PILOT_CHECK
CASE_00000825,2024-11-23T07:20:42Z,REQ_0001021,OPERATIONAL_ETA
CASE_00000825,2024-11-22T03:43:14Z,REQ_0001022,PILOT_CHECK
CASE_00000826,2024-11-16T15:14:14Z,REQ_0001023,RETRO_AUDIT
CASE_00000826,2024-11-16T10:44:51Z,REQ_0001024,OPERATIONAL_ETA
CASE_00000827,2024-11-03T00:18:40Z,REQ_0001025,OPERATIONAL_ETA
CASE_00000827,2024-11-01T11:20:31Z,REQ_0001026,OPERATIONAL_ETA
CASE_00000828,2025-01-24T03:37:30Z,REQ_0001027,OPERATIONAL_ETA
CASE_00000828,2025-01-23T03:09:41Z,REQ_0001028,OPERATIONAL_ETA
CASE_00000829,2024-09-27T10:15:33Z,REQ_0001029,OPERATIONAL_ETA
CASE_00000829,2024-09-25T13:58:33Z,REQ_0001030,OPERATIONAL_ETA
CASE_00000830,2025-05-01T19:02:13Z,REQ_0001031,OPERATIONAL_ETA
CASE_00000831,2025-03-14T04:50:32Z,REQ_0001032,OPERATIONAL_ETA
CASE_00000832,2025-03-29T02:57:14Z,REQ_0001033,OPERATIONAL_ETA
CASE_00000833,2025-02-10T20:16:45Z,REQ_0001034,OPERATIONAL_ETA
CASE_00000833,2025-02-09T22:23:56Z,REQ_0001035,OPERATIONAL_ETA
CASE_00000834,2024-10-21T01:56:10Z,REQ_0001036,OPERATIONAL_ETA
CASE_00000835,2024-10-10T10:42:46Z,REQ_0001037,OPERATIONAL_ETA
CASE_00000835,2024-10-08T20:03:45Z,REQ_0001038,OPERATIONAL_ETA
CASE_00000836,2025-05-01T15:44:38Z,REQ_0001039,OPERATIONAL_ETA
CASE_00000837,2024-10-31T01:32:05Z,REQ_0001040,OPERATIONAL_ETA
CASE_00000838,2025-01-11T00:28:26Z,REQ_0001041,OPERATIONAL_ETA
CASE_00000839,2025-03-19T14:04:17Z,REQ_0001042,PILOT_CHECK
CASE_00000840,2024-12-22T20:17:33Z,REQ_0001043,OPERATIONAL_ETA
CASE_00000841,2025-03-16T00:56:57Z,REQ_0001044,OPERATIONAL_ETA
CASE_00000842,2025-03-28T12:35:24Z,REQ_0001045,OPERATIONAL_ETA
CASE_00000843,2025-04-19T10:07:46Z,REQ_0001046,OPERATIONAL_ETA
CASE_00000844,2024-12-29T01:45:11Z,REQ_0001047,RETRO_AUDIT
CASE_00000845,2025-04-21T17:20:45Z,REQ_0001048,OPERATIONAL_ETA
CASE_00000845,2025-04-21T01:37:20Z,REQ_0001049,OPERATIONAL_ETA
CASE_00000846,2024-09-10T09:03:23Z,REQ_0001050,OPERATIONAL_ETA
CASE_00000847,2025-01-09T06:47:15Z,REQ_0001051,OPERATIONAL_ETA
CASE_00000847,2025-01-08T07:55:29Z,REQ_0001052,OPERATIONAL_ETA
CASE_00000848,2024-10-14T03:14:25Z,REQ_0001053,OPERATIONAL_ETA
CASE_00000849,2024-10-23T10:17:50Z,REQ_0001054,OPERATIONAL_ETA
CASE_00000850,2024-09-18T09:52:52Z,REQ_0001055,OPERATIONAL_ETA
CASE_00000851,2025-01-30T14:15:45Z,REQ_0001056,OPERATIONAL_ETA
CASE_00000852,2024-11-24T22:22:16Z,REQ_0001057,OPERATIONAL_ETA
CASE_00000853,2024-10-07T06:46:32Z,REQ_0001058,OPERATIONAL_ETA
CASE_00000854,2025-02-02T12:00:10Z,REQ_0001059,OPERATIONAL_ETA
CASE_00000855,2025-03-24T04:04:06Z,REQ_0001060,OPERATIONAL_ETA
CASE_00000856,2025-01-14T14:59:01Z,REQ_0001061,OPERATIONAL_ETA
CASE_00000857,2025-04-07T23:17:08Z,REQ_0001062,OPERATIONAL_ETA
CASE_00000858,2024-12-20T02:09:58Z,REQ_0001063,RETRO_AUDIT
CASE_00000859,2025-01-07T04:24:06Z,REQ_0001064,RETRO_AUDIT
CASE_00000860,2025-01-15T13:23:08Z,REQ_0001065,RETRO_AUDIT
CASE_00000860,2025-01-13T08:39:08Z,REQ_0001066,OPERATIONAL_ETA
CASE_00000861,2025-05-04T15:50:51Z,REQ_0001067,OPERATIONAL_ETA
CASE_00000862,2025-01-22T20:28:13Z,REQ_0001068,RETRO_AUDIT
CASE_00000863,2025-03-06T18:11:25Z,REQ_0001069,PILOT_CHECK
CASE_00000864,2025-04-07T16:30:52Z,REQ_0001070,OPERATIONAL_ETA
CASE_00000865,2025-03-28T08:55:41Z,REQ_0001071,OPERATIONAL_ETA
CASE_00000866,2025-05-03T06:10:13Z,REQ_0001072,OPERATIONAL_ETA
CASE_00000867,2024-12-16T08:59:41Z,REQ_0001073,OPERATIONAL_ETA
CASE_00000867,2024-12-15T19:21:48Z,REQ_0001074,PILOT_CHECK
CASE_00000868,2025-05-01T03:08:28Z,REQ_0001075,OPERATIONAL_ETA
CASE_00000869,2024-10-07T18:41:39Z,REQ_0001076,OPERATIONAL_ETA
CASE_00000870,2024-12-18T08:06:36Z,REQ_0001077,OPERATIONAL_ETA
CASE_00000871,2024-10-07T06:29:52Z,REQ_0001078,OPERATIONAL_ETA
CASE_00000871,2024-10-05T23:01:07Z,REQ_0001079,RETRO_AUDIT
CASE_00000872,2024-12-07T10:58:28Z,REQ_0001080,PILOT_CHECK
CASE_00000872,2024-12-06T03:34:19Z,REQ_0001081,OPERATIONAL_ETA
CASE_00000873,2025-02-24T15:36:24Z,REQ_0001082,OPERATIONAL_ETA
CASE_00000874,2025-04-01T18:43:12Z,REQ_0001083,PILOT_CHECK
CASE_00000875,2024-11-18T19:38:27Z,REQ_0001084,RETRO_AUDIT
CASE_00000876,2025-05-04T19:37:28Z,REQ_0001085,OPERATIONAL_ETA
CASE_00000877,2025-02-22T13:21:55Z,REQ_0001086,OPERATIONAL_ETA
CASE_00000877,2025-02-21T07:14:57Z,REQ_0001087,OPERATIONAL_ETA
CASE_00000878,2024-11-13T18:11:17Z,REQ_0001088,OPERATIONAL_ETA
CASE_00000879,2025-04-17T10:30:12Z,REQ_0001089,RETRO_AUDIT
CASE_00000880,2024-11-07T17:26:40Z,REQ_0001090,PILOT_CHECK
CASE_00000881,2025-02-11T10:47:11Z,REQ_0001091,OPERATIONAL_ETA
CASE_00000882,2024-11-01T19:58:00Z,REQ_0001092,OPERATIONAL_ETA
CASE_00000883,2025-04-09T00:28:00Z,REQ_0001093,OPERATIONAL_ETA
CASE_00000883,2025-04-07T12:14:11Z,REQ_0001094,OPERATIONAL_ETA
CASE_00000884,2025-01-11T02:05:28Z,REQ_0001095,OPERATIONAL_ETA
CASE_00000885,2024-09-12T02:06:32Z,REQ_0001096,OPERATIONAL_ETA
CASE_00000886,2024-12-10T08:00:23Z,REQ_0001097,OPERATIONAL_ETA
CASE_00000887,2025-03-27T18:08:37Z,REQ_0001098,OPERATIONAL_ETA
CASE_00000887,2025-03-26T11:45:41Z,REQ_0001099,OPERATIONAL_ETA
CASE_00000888,2025-02-03T13:42:46Z,REQ_0001100,OPERATIONAL_ETA
CASE_00000889,2025-02-16T03:51:38Z,REQ_0001101,RETRO_AUDIT
CASE_00000890,2025-05-03T13:42:09Z,REQ_0001102,OPERATIONAL_ETA
CASE_00000890,2025-05-02T02:13:50Z,REQ_0001103,OPERATIONAL_ETA
CASE_00000891,2025-03-16T18:34:14Z,REQ_0001104,OPERATIONAL_ETA
CASE_00000892,2025-01-09T18:44:58Z,REQ_0001105,RETRO_AUDIT
CASE_00000893,2025-01-24T06:58:33Z,REQ_0001106,OPERATIONAL_ETA
CASE_00000894,2025-01-15T10:51:38Z,REQ_0001107,OPERATIONAL_ETA
CASE_00000895,2024-12-06T17:13:37Z,REQ_0001108,PILOT_CHECK
CASE_00000896,2024-11-23T10:27:23Z,REQ_0001109,OPERATIONAL_ETA
CASE_00000897,2024-10-17T14:53:27Z,REQ_0001110,OPERATIONAL_ETA
CASE_00000898,2025-04-13T12:02:07Z,REQ_0001111,OPERATIONAL_ETA
CASE_00000899,2024-11-30T20:09:54Z,REQ_0001112,OPERATIONAL_ETA
CASE_00000900,2025-03-15T13:11:03Z,REQ_0001113,OPERATIONAL_ETA
CASE_00000900,2025-03-13T15:19:36Z,REQ_0001114,PILOT_CHECK
CASE_00000901,2025-03-06T02:39:53Z,REQ_0001115,OPERATIONAL_ETA
CASE_00000902,2025-03-30T18:46:26Z,REQ_0001116,OPERATIONAL_ETA
CASE_00000902,2025-03-30T07:45:12Z,REQ_0001117,OPERATIONAL_ETA
CASE_00000903,2025-01-02T02:36:33Z,REQ_0001118,PILOT_CHECK
CASE_00000904,2024-10-29T06:08:36Z,REQ_0001119,OPERATIONAL_ETA
CASE_00000905,2024-12-25T00:46:10Z,REQ_0001120,OPERATIONAL_ETA
CASE_00000906,2025-01-15T23:18:39Z,REQ_0001121,OPERATIONAL_ETA
CASE_00000907,2025-02-22T10:23:51Z,REQ_0001122,OPERATIONAL_ETA
CASE_00000908,2025-04-15T20:07:17Z,REQ_0001123,OPERATIONAL_ETA
CASE_00000909,2024-10-04T12:48:06Z,REQ_0001124,OPERATIONAL_ETA
CASE_00000910,2025-04-16T16:21:17Z,REQ_0001125,OPERATIONAL_ETA
CASE_00000910,2025-04-15T19:51:55Z,REQ_0001126,OPERATIONAL_ETA
CASE_00000911,2024-10-15T09:43:04Z,REQ_0001127,OPERATIONAL_ETA
CASE_00000912,2024-10-19T08:11:13Z,REQ_0001128,PILOT_CHECK
CASE_00000913,2025-02-06T03:50:18Z,REQ_0001129,OPERATIONAL_ETA
CASE_00000914,2025-01-14T00:40:58Z,REQ_0001130,OPERATIONAL_ETA
CASE_00000914,2025-01-12T06:46:50Z,REQ_0001131,OPERATIONAL_ETA
CASE_00000915,2025-01-17T05:18:16Z,REQ_0001132,OPERATIONAL_ETA
CASE_00000916,2024-09-19T06:00:27Z,REQ_0001133,OPERATIONAL_ETA
CASE_00000917,2024-12-23T07:43:28Z,REQ_0001134,OPERATIONAL_ETA
CASE_00000917,2024-12-21T08:57:38Z,REQ_0001135,OPERATIONAL_ETA
CASE_00000918,2024-10-03T22:37:33Z,REQ_0001136,OPERATIONAL_ETA
CASE_00000919,2025-01-11T18:11:37Z,REQ_0001137,OPERATIONAL_ETA
CASE_00000920,2025-03-20T05:51:33Z,REQ_0001138,OPERATIONAL_ETA
CASE_00000921,2024-10-06T09:16:32Z,REQ_0001139,PILOT_CHECK
CASE_00000922,2024-12-28T21:54:11Z,REQ_0001140,OPERATIONAL_ETA
CASE_00000923,2024-11-02T20:06:27Z,REQ_0001141,OPERATIONAL_ETA
CASE_00000924,2024-10-23T02:56:29Z,REQ_0001142,OPERATIONAL_ETA
CASE_00000925,2025-01-15T13:50:33Z,REQ_0001143,OPERATIONAL_ETA
CASE_00000926,2025-02-25T11:50:14Z,REQ_0001144,OPERATIONAL_ETA
CASE_00000926,2025-02-24T12:36:34Z,REQ_0001145,PILOT_CHECK
CASE_00000927,2025-03-15T01:29:36Z,REQ_0001146,PILOT_CHECK
CASE_00000928,2024-12-11T17:38:21Z,REQ_0001147,OPERATIONAL_ETA
CASE_00000928,2024-12-10T12:42:39Z,REQ_0001148,OPERATIONAL_ETA
CASE_00000929,2025-02-18T23:02:47Z,REQ_0001149,OPERATIONAL_ETA
CASE_00000930,2024-12-10T16:55:33Z,REQ_0001150,OPERATIONAL_ETA
CASE_00000930,2024-12-09T09:41:20Z,REQ_0001151,OPERATIONAL_ETA
CASE_00000931,2025-02-12T02:21:02Z,REQ_0001152,OPERATIONAL_ETA
CASE_00000932,2025-04-30T05:15:42Z,REQ_0001153,OPERATIONAL_ETA
CASE_00000932,2025-04-29T20:25:12Z,REQ_0001154,OPERATIONAL_ETA
CASE_00000933,2024-10-17T12:56:38Z,REQ_0001155,OPERATIONAL_ETA
CASE_00000934,2024-11-24T15:30:08Z,REQ_0001156,OPERATIONAL_ETA
CASE_00000935,2025-01-25T02:41:19Z,REQ_0001157,OPERATIONAL_ETA
CASE_00000936,2025-02-05T21:55:11Z,REQ_0001158,OPERATIONAL_ETA
CASE_00000937,2024-09-30T02:10:37Z,REQ_0001159,OPERATIONAL_ETA
CASE_00000938,2025-03-03T18:40:45Z,REQ_0001160,OPERATIONAL_ETA
CASE_00000939,2024-09-28T21:03:11Z,REQ_0001161,OPERATIONAL_ETA
CASE_00000940,2025-02-21T09:39:27Z,REQ_0001162,OPERATIONAL_ETA
CASE_00000940,2025-02-19T01:06:28Z,REQ_0001163,OPERATIONAL_ETA
CASE_00000941,2025-02-17T06:42:19Z,REQ_0001164,OPERATIONAL_ETA
CASE_00000942,2024-12-27T18:48:12Z,REQ_0001165,OPERATIONAL_ETA
CASE_00000943,2025-01-08T18:55:50Z,REQ_0001166,OPERATIONAL_ETA
CASE_00000944,2025-02-28T14:15:33Z,REQ_0001167,OPERATIONAL_ETA
CASE_00000945,2024-10-15T23:10:49Z,REQ_0001168,OPERATIONAL_ETA
CASE_00000945,2024-10-15T10:06:53Z,REQ_0001169,OPERATIONAL_ETA
CASE_00000946,2025-01-01T23:59:04Z,REQ_0001170,PILOT_CHECK
CASE_00000946,2025-01-01T05:38:23Z,REQ_0001171,OPERATIONAL_ETA
CASE_00000947,2024-11-02T01:16:32Z,REQ_0001172,RETRO_AUDIT
CASE_00000948,2024-12-03T10:40:35Z,REQ_0001173,OPERATIONAL_ETA
CASE_00000949,2025-01-27T12:18:20Z,REQ_0001174,PILOT_CHECK
CASE_00000949,2025-01-25T06:21:58Z,REQ_0001175,PILOT_CHECK
CASE_00000950,2024-12-18T11:21:35Z,REQ_0001176,OPERATIONAL_ETA
CASE_00000951,2025-03-07T03:25:32Z,REQ_0001177,RETRO_AUDIT
CASE_00000952,2025-02-01T19:59:59Z,REQ_0001178,OPERATIONAL_ETA
CASE_00000953,2025-02-23T18:04:57Z,REQ_0001179,OPERATIONAL_ETA
CASE_00000953,2025-02-23T04:38:44Z,REQ_0001180,OPERATIONAL_ETA
CASE_00000954,2025-03-30T12:13:16Z,REQ_0001181,OPERATIONAL_ETA
CASE_00000954,2025-03-28T06:20:07Z,REQ_0001182,OPERATIONAL_ETA
CASE_00000955,2024-10-27T15:13:54Z,REQ_0001183,RETRO_AUDIT
CASE_00000956,2025-04-25T05:41:03Z,REQ_0001184,OPERATIONAL_ETA
CASE_00000957,2025-03-16T02:55:50Z,REQ_0001185,OPERATIONAL_ETA
CASE_00000958,2025-03-19T07:30:35Z,REQ_0001186,RETRO_AUDIT
CASE_00000959,2025-01-28T16:42:29Z,REQ_0001187,OPERATIONAL_ETA
CASE_00000960,2025-02-07T23:14:33Z,REQ_0001188,OPERATIONAL_ETA
CASE_00000961,2024-09-14T15:10:14Z,REQ_0001189,OPERATIONAL_ETA
CASE_00000962,2024-11-11T13:39:27Z,REQ_0001190,OPERATIONAL_ETA
CASE_00000963,2025-03-01T03:37:30Z,REQ_0001191,OPERATIONAL_ETA
CASE_00000964,2025-03-22T22:59:02Z,REQ_0001192,OPERATIONAL_ETA
CASE_00000965,2025-02-05T10:51:04Z,REQ_0001193,PILOT_CHECK
CASE_00000966,2025-03-04T19:47:40Z,REQ_0001194,RETRO_AUDIT
CASE_00000967,2024-10-30T17:09:33Z,REQ_0001195,OPERATIONAL_ETA
CASE_00000968,2024-10-19T22:05:53Z,REQ_0001196,OPERATIONAL_ETA
CASE_00000969,2025-04-19T07:02:50Z,REQ_0001197,OPERATIONAL_ETA
CASE_00000970,2024-12-21T16:37:53Z,REQ_0001198,OPERATIONAL_ETA
CASE_00000971,2024-10-20T04:44:34Z,REQ_0001199,OPERATIONAL_ETA
CASE_00000972,2025-04-23T02:34:22Z,REQ_0001200,OPERATIONAL_ETA
CASE_00000973,2025-02-17T13:54:02Z,REQ_0001201,PILOT_CHECK
CASE_00000974,2025-01-21T05:06:37Z,REQ_0001202,OPERATIONAL_ETA
CASE_00000975,2025-04-07T01:26:29Z,REQ_0001203,OPERATIONAL_ETA
CASE_00000976,2024-12-29T06:50:13Z,REQ_0001204,OPERATIONAL_ETA
CASE_00000977,2025-03-03T16:06:22Z,REQ_0001205,OPERATIONAL_ETA
CASE_00000978,2024-10-05T03:58:02Z,REQ_0001206,OPERATIONAL_ETA
CASE_00000979,2024-12-13T22:02:24Z,REQ_0001207,RETRO_AUDIT
CASE_00000980,2024-11-29T21:35:34Z,REQ_0001208,RETRO_AUDIT
CASE_00000981,2025-01-25T18:25:53Z,REQ_0001209,OPERATIONAL_ETA
CASE_00000982,2024-10-30T04:33:12Z,REQ_0001210,OPERATIONAL_ETA
CASE_00000983,2025-02-26T00:48:22Z,REQ_0001211,OPERATIONAL_ETA
CASE_00000984,2025-03-29T13:43:50Z,REQ_0001212,OPERATIONAL_ETA
CASE_00000985,2025-02-24T09:42:28Z,REQ_0001213,RETRO_AUDIT
CASE_00000986,2025-03-17T01:31:14Z,REQ_0001214,OPERATIONAL_ETA
CASE_00000987,2024-09-10T00:12:24Z,REQ_0001215,OPERATIONAL_ETA
CASE_00000988,2025-01-21T12:01:32Z,REQ_0001216,OPERATIONAL_ETA
CASE_00000989,2025-02-08T17:01:19Z,REQ_0001217,OPERATIONAL_ETA
CASE_00000990,2025-01-21T07:47:39Z,REQ_0001218,RETRO_AUDIT
CASE_00000991,2024-11-17T13:18:32Z,REQ_0001219,OPERATIONAL_ETA
CASE_00000992,2024-11-22T09:15:43Z,REQ_0001220,OPERATIONAL_ETA
CASE_00000993,2024-09-27T10:19:32Z,REQ_0001221,OPERATIONAL_ETA
CASE_00000994,2025-01-20T17:06:02Z,REQ_0001222,OPERATIONAL_ETA
CASE_00000995,2024-10-06T00:24:22Z,REQ_0001223,OPERATIONAL_ETA
CASE_00000996,2025-02-25T01:18:22Z,REQ_0001224,OPERATIONAL_ETA
CASE_00000997,2025-03-08T06:27:34Z,REQ_0001225,OPERATIONAL_ETA
CASE_00000998,2026-02-22T00:15:47Z,REQ_0001226,OPERATIONAL_ETA
CASE_00000999,2025-08-30T17:45:42Z,REQ_0001227,OPERATIONAL_ETA
CASE_00000999,2025-08-29T04:26:00Z,REQ_0001228,RETRO_AUDIT
CASE_00001000,2026-01-24T11:53:51Z,REQ_0001229,OPERATIONAL_ETA
CASE_00001001,2025-12-10T01:41:55Z,REQ_0001230,OPERATIONAL_ETA
CASE_00001001,2025-12-09T09:51:05Z,REQ_0001231,OPERATIONAL_ETA
CASE_00001002,2025-12-04T13:54:16Z,REQ_0001232,OPERATIONAL_ETA
CASE_00001003,2026-03-31T07:21:05Z,REQ_0001233,OPERATIONAL_ETA
CASE_00001004,2025-06-30T19:59:19Z,REQ_0001234,PILOT_CHECK
CASE_00001005,2026-04-21T21:30:59Z,REQ_0001235,OPERATIONAL_ETA
CASE_00001006,2025-07-01T17:59:22Z,REQ_0001236,OPERATIONAL_ETA
CASE_00001007,2026-02-02T03:09:29Z,REQ_0001237,OPERATIONAL_ETA
CASE_00001008,2025-08-24T05:33:13Z,REQ_0001238,RETRO_AUDIT
CASE_00001009,2026-03-01T13:01:34Z,REQ_0001239,OPERATIONAL_ETA
CASE_00001010,2025-09-12T00:52:50Z,REQ_0001240,RETRO_AUDIT
CASE_00001010,2025-09-10T04:52:17Z,REQ_0001241,OPERATIONAL_ETA
CASE_00001011,2025-06-29T09:22:06Z,REQ_0001242,OPERATIONAL_ETA
CASE_00001011,2025-06-28T21:38:13Z,REQ_0001243,OPERATIONAL_ETA
CASE_00001012,2025-11-10T03:34:58Z,REQ_0001244,OPERATIONAL_ETA
CASE_00001013,2026-05-13T05:39:39Z,REQ_0001245,OPERATIONAL_ETA
CASE_00001013,2026-05-12T01:01:43Z,REQ_0001246,OPERATIONAL_ETA
CASE_00001014,2025-07-23T16:38:41Z,REQ_0001247,OPERATIONAL_ETA
CASE_00001015,2025-07-26T11:25:59Z,REQ_0001248,PILOT_CHECK
CASE_00001015,2025-07-24T20:31:31Z,REQ_0001249,OPERATIONAL_ETA
CASE_00001016,2026-02-26T00:30:05Z,REQ_0001250,OPERATIONAL_ETA
CASE_00001017,2025-07-06T16:32:38Z,REQ_0001251,OPERATIONAL_ETA
CASE_00001018,2025-06-18T20:34:26Z,REQ_0001252,OPERATIONAL_ETA
CASE_00001019,2025-06-24T08:50:14Z,REQ_0001253,OPERATIONAL_ETA
CASE_00001020,2025-11-24T02:43:19Z,REQ_0001254,OPERATIONAL_ETA
CASE_00001021,2025-08-12T16:55:51Z,REQ_0001255,OPERATIONAL_ETA
CASE_00001022,2026-06-03T11:49:40Z,REQ_0001256,RETRO_AUDIT
CASE_00001023,2025-09-15T15:26:31Z,REQ_0001257,OPERATIONAL_ETA
CASE_00001024,2026-06-01T18:44:38Z,REQ_0001258,OPERATIONAL_ETA
CASE_00001025,2026-01-02T13:46:45Z,REQ_0001259,OPERATIONAL_ETA
CASE_00001025,2026-01-01T11:53:53Z,REQ_0001260,OPERATIONAL_ETA
CASE_00001026,2025-07-31T11:20:03Z,REQ_0001261,OPERATIONAL_ETA
CASE_00001027,2025-10-09T04:26:08Z,REQ_0001262,OPERATIONAL_ETA
CASE_00001027,2025-10-08T03:39:02Z,REQ_0001263,PILOT_CHECK
CASE_00001028,2026-02-03T06:53:23Z,REQ_0001264,OPERATIONAL_ETA
CASE_00001029,2026-03-27T17:56:38Z,REQ_0001265,OPERATIONAL_ETA
CASE_00001030,2025-12-02T19:50:03Z,REQ_0001266,RETRO_AUDIT
CASE_00001030,2025-12-01T21:19:19Z,REQ_0001267,RETRO_AUDIT
CASE_00001031,2025-12-14T04:26:37Z,REQ_0001268,OPERATIONAL_ETA
CASE_00001031,2025-12-12T15:19:17Z,REQ_0001269,OPERATIONAL_ETA
CASE_00001032,2026-03-14T16:56:55Z,REQ_0001270,RETRO_AUDIT
CASE_00001033,2025-09-06T16:04:13Z,REQ_0001271,OPERATIONAL_ETA
CASE_00001034,2025-09-22T06:12:41Z,REQ_0001272,OPERATIONAL_ETA
CASE_00001034,2025-09-21T14:18:43Z,REQ_0001273,PILOT_CHECK
CASE_00001035,2025-10-08T12:59:56Z,REQ_0001274,OPERATIONAL_ETA
CASE_00001036,2026-02-06T20:51:33Z,REQ_0001275,OPERATIONAL_ETA
CASE_00001037,2025-12-11T21:30:39Z,REQ_0001276,PILOT_CHECK
CASE_00001038,2026-03-09T07:24:40Z,REQ_0001277,OPERATIONAL_ETA
CASE_00001038,2026-03-07T11:15:25Z,REQ_0001278,RETRO_AUDIT
CASE_00001039,2026-04-21T06:38:08Z,REQ_0001279,OPERATIONAL_ETA
CASE_00001040,2025-06-20T04:02:02Z,REQ_0001280,OPERATIONAL_ETA
CASE_00001041,2025-06-07T10:25:07Z,REQ_0001281,OPERATIONAL_ETA
CASE_00001042,2025-11-17T01:37:53Z,REQ_0001282,PILOT_CHECK
CASE_00001042,2025-11-15T12:00:01Z,REQ_0001283,OPERATIONAL_ETA
CASE_00001043,2025-07-06T13:35:10Z,REQ_0001284,RETRO_AUDIT
CASE_00001044,2025-12-22T17:58:55Z,REQ_0001285,OPERATIONAL_ETA
CASE_00001045,2026-05-17T08:36:48Z,REQ_0001286,OPERATIONAL_ETA
CASE_00001046,2026-04-29T01:03:59Z,REQ_0001287,OPERATIONAL_ETA
CASE_00001047,2026-01-04T14:46:52Z,REQ_0001288,OPERATIONAL_ETA
CASE_00001047,2026-01-02T15:50:21Z,REQ_0001289,OPERATIONAL_ETA
CASE_00001048,2025-10-05T13:27:39Z,REQ_0001290,OPERATIONAL_ETA
CASE_00001049,2025-11-17T18:20:41Z,REQ_0001291,OPERATIONAL_ETA
CASE_00001050,2025-06-19T19:07:02Z,REQ_0001292,OPERATIONAL_ETA
CASE_00001050,2025-06-18T08:45:38Z,REQ_0001293,PILOT_CHECK
CASE_00001051,2025-08-10T00:10:35Z,REQ_0001294,OPERATIONAL_ETA
CASE_00001052,2025-07-02T00:54:18Z,REQ_0001295,OPERATIONAL_ETA
CASE_00001053,2026-01-11T09:19:17Z,REQ_0001296,OPERATIONAL_ETA
CASE_00001054,2025-07-05T15:01:28Z,REQ_0001297,OPERATIONAL_ETA
CASE_00001055,2026-03-21T19:13:24Z,REQ_0001298,OPERATIONAL_ETA
CASE_00001056,2026-01-05T13:51:31Z,REQ_0001299,OPERATIONAL_ETA
CASE_00001056,2026-01-04T12:46:55Z,REQ_0001300,OPERATIONAL_ETA
CASE_00001057,2026-05-01T07:37:24Z,REQ_0001301,OPERATIONAL_ETA
CASE_00001058,2025-06-19T13:33:54Z,REQ_0001302,OPERATIONAL_ETA
CASE_00001059,2025-08-27T14:47:51Z,REQ_0001303,RETRO_AUDIT
CASE_00001059,2025-08-27T04:27:54Z,REQ_0001304,PILOT_CHECK
CASE_00001060,2025-10-03T09:24:21Z,REQ_0001305,OPERATIONAL_ETA
CASE_00001060,2025-10-02T12:27:16Z,REQ_0001306,OPERATIONAL_ETA
CASE_00001061,2025-06-26T09:24:07Z,REQ_0001307,PILOT_CHECK
CASE_00001062,2025-06-05T04:30:30Z,REQ_0001308,OPERATIONAL_ETA
CASE_00001062,2025-06-04T23:58:50Z,REQ_0001309,OPERATIONAL_ETA
CASE_00001063,2025-11-07T03:23:43Z,REQ_0001310,OPERATIONAL_ETA
CASE_00001063,2025-11-06T06:46:31Z,REQ_0001311,OPERATIONAL_ETA
CASE_00001064,2026-01-01T20:42:23Z,REQ_0001312,OPERATIONAL_ETA
CASE_00001064,2026-01-01T16:57:45Z,REQ_0001313,OPERATIONAL_ETA
CASE_00001065,2026-03-30T13:09:27Z,REQ_0001314,OPERATIONAL_ETA
CASE_00001065,2026-03-30T07:10:53Z,REQ_0001315,RETRO_AUDIT
CASE_00001066,2026-02-24T12:03:01Z,REQ_0001316,OPERATIONAL_ETA
CASE_00001066,2026-02-22T11:28:56Z,REQ_0001317,OPERATIONAL_ETA
CASE_00001067,2025-12-20T18:20:38Z,REQ_0001318,RETRO_AUDIT
CASE_00001068,2025-07-06T03:08:34Z,REQ_0001319,OPERATIONAL_ETA
CASE_00001069,2025-06-30T05:17:00Z,REQ_0001320,OPERATIONAL_ETA
CASE_00001070,2025-11-02T01:39:37Z,REQ_0001321,OPERATIONAL_ETA
CASE_00001071,2025-12-25T07:14:45Z,REQ_0001322,RETRO_AUDIT
CASE_00001071,2025-12-24T13:43:12Z,REQ_0001323,OPERATIONAL_ETA
CASE_00001072,2026-02-23T22:07:14Z,REQ_0001324,OPERATIONAL_ETA
CASE_00001073,2026-01-30T07:06:16Z,REQ_0001325,RETRO_AUDIT
CASE_00001074,2025-07-02T17:07:15Z,REQ_0001326,OPERATIONAL_ETA
CASE_00001075,2025-12-21T13:53:48Z,REQ_0001327,OPERATIONAL_ETA
CASE_00001075,2025-12-20T09:28:32Z,REQ_0001328,RETRO_AUDIT
CASE_00001076,2026-04-13T05:00:35Z,REQ_0001329,OPERATIONAL_ETA
CASE_00001076,2026-04-12T15:12:02Z,REQ_0001330,OPERATIONAL_ETA
CASE_00001077,2025-09-16T20:31:36Z,REQ_0001331,OPERATIONAL_ETA
CASE_00001077,2025-09-14T11:58:31Z,REQ_0001332,OPERATIONAL_ETA
CASE_00001078,2025-08-05T04:10:56Z,REQ_0001333,OPERATIONAL_ETA
CASE_00001079,2026-03-15T14:10:57Z,REQ_0001334,OPERATIONAL_ETA
CASE_00001080,2025-06-19T01:43:36Z,REQ_0001335,OPERATIONAL_ETA
CASE_00001081,2026-05-20T09:31:49Z,REQ_0001336,OPERATIONAL_ETA
CASE_00001082,2025-11-14T06:44:07Z,REQ_0001337,OPERATIONAL_ETA
CASE_00001082,2025-11-12T12:51:17Z,REQ_0001338,OPERATIONAL_ETA
CASE_00001083,2025-11-21T07:35:08Z,REQ_0001339,OPERATIONAL_ETA
CASE_00001084,2026-01-14T06:02:38Z,REQ_0001340,PILOT_CHECK
CASE_00001085,2026-01-04T08:03:20Z,REQ_0001341,OPERATIONAL_ETA
CASE_00001086,2025-06-17T10:02:27Z,REQ_0001342,OPERATIONAL_ETA
CASE_00001087,2025-09-24T16:41:39Z,REQ_0001343,OPERATIONAL_ETA
CASE_00001087,2025-09-23T14:55:43Z,REQ_0001344,OPERATIONAL_ETA
CASE_00001088,2026-03-31T10:39:00Z,REQ_0001345,PILOT_CHECK
CASE_00001089,2025-10-03T06:33:56Z,REQ_0001346,RETRO_AUDIT
CASE_00001090,2025-09-25T08:38:35Z,REQ_0001347,OPERATIONAL_ETA
CASE_00001091,2025-09-16T01:25:28Z,REQ_0001348,OPERATIONAL_ETA
CASE_00001092,2025-12-16T19:32:15Z,REQ_0001349,OPERATIONAL_ETA
CASE_00001093,2025-12-13T15:28:54Z,REQ_0001350,OPERATIONAL_ETA
CASE_00001094,2025-06-12T22:03:39Z,REQ_0001351,OPERATIONAL_ETA
CASE_00001095,2026-03-10T05:06:16Z,REQ_0001352,OPERATIONAL_ETA
CASE_00001095,2026-03-09T08:58:07Z,REQ_0001353,OPERATIONAL_ETA
CASE_00001096,2025-07-30T06:45:47Z,REQ_0001354,OPERATIONAL_ETA
CASE_00001097,2026-01-13T18:10:39Z,REQ_0001355,OPERATIONAL_ETA
CASE_00001098,2025-09-28T16:16:29Z,REQ_0001356,OPERATIONAL_ETA
CASE_00001099,2026-02-04T16:32:16Z,REQ_0001357,OPERATIONAL_ETA
CASE_00001099,2026-02-02T15:24:53Z,REQ_0001358,RETRO_AUDIT
CASE_00001100,2026-04-07T21:40:19Z,REQ_0001359,OPERATIONAL_ETA
CASE_00001101,2025-12-24T05:57:01Z,REQ_0001360,OPERATIONAL_ETA
CASE_00001101,2025-12-21T16:26:42Z,REQ_0001361,OPERATIONAL_ETA
CASE_00001102,2025-07-16T22:51:16Z,REQ_0001362,OPERATIONAL_ETA
CASE_00001102,2025-07-15T16:18:28Z,REQ_0001363,OPERATIONAL_ETA
CASE_00001103,2025-09-20T10:48:53Z,REQ_0001364,OPERATIONAL_ETA
CASE_00001104,2025-09-29T06:13:39Z,REQ_0001365,OPERATIONAL_ETA
CASE_00001105,2026-02-27T08:53:21Z,REQ_0001366,PILOT_CHECK
CASE_00001106,2025-06-14T13:24:21Z,REQ_0001367,OPERATIONAL_ETA
CASE_00001107,2025-09-08T08:16:04Z,REQ_0001368,OPERATIONAL_ETA
CASE_00001108,2026-02-01T16:36:27Z,REQ_0001369,OPERATIONAL_ETA
CASE_00001108,2026-01-31T10:16:36Z,REQ_0001370,OPERATIONAL_ETA
CASE_00001109,2025-10-08T00:29:05Z,REQ_0001371,OPERATIONAL_ETA
CASE_00001110,2025-09-09T20:19:42Z,REQ_0001372,OPERATIONAL_ETA
CASE_00001111,2025-08-17T01:32:22Z,REQ_0001373,OPERATIONAL_ETA
CASE_00001112,2026-05-03T11:24:14Z,REQ_0001374,RETRO_AUDIT
CASE_00001113,2026-01-20T00:13:38Z,REQ_0001375,OPERATIONAL_ETA
CASE_00001114,2025-11-30T09:10:24Z,REQ_0001376,RETRO_AUDIT
CASE_00001115,2025-09-27T03:54:22Z,REQ_0001377,OPERATIONAL_ETA
CASE_00001116,2025-10-19T19:50:35Z,REQ_0001378,PILOT_CHECK
CASE_00001116,2025-10-18T20:00:02Z,REQ_0001379,OPERATIONAL_ETA
CASE_00001117,2025-06-13T23:40:01Z,REQ_0001380,OPERATIONAL_ETA
CASE_00001117,2025-06-12T15:30:05Z,REQ_0001381,OPERATIONAL_ETA
CASE_00001118,2025-11-21T00:47:33Z,REQ_0001382,OPERATIONAL_ETA
CASE_00001119,2025-12-03T09:22:35Z,REQ_0001383,OPERATIONAL_ETA
CASE_00001119,2025-12-01T07:19:26Z,REQ_0001384,OPERATIONAL_ETA
CASE_00001120,2025-07-21T14:27:35Z,REQ_0001385,RETRO_AUDIT
CASE_00001120,2025-07-19T09:01:35Z,REQ_0001386,OPERATIONAL_ETA
CASE_00001121,2025-06-25T00:45:24Z,REQ_0001387,OPERATIONAL_ETA
CASE_00001122,2025-07-10T10:32:14Z,REQ_0001388,OPERATIONAL_ETA
CASE_00001123,2025-12-22T09:56:48Z,REQ_0001389,OPERATIONAL_ETA
CASE_00001123,2025-12-21T20:21:46Z,REQ_0001390,OPERATIONAL_ETA
CASE_00001124,2026-02-03T23:10:42Z,REQ_0001391,OPERATIONAL_ETA
CASE_00001125,2026-01-04T00:05:14Z,REQ_0001392,PILOT_CHECK
CASE_00001126,2025-07-07T13:10:00Z,REQ_0001393,OPERATIONAL_ETA
CASE_00001126,2025-07-06T00:57:54Z,REQ_0001394,OPERATIONAL_ETA
CASE_00001127,2025-07-17T18:26:40Z,REQ_0001395,OPERATIONAL_ETA
CASE_00001128,2025-12-29T04:19:24Z,REQ_0001396,OPERATIONAL_ETA
CASE_00001128,2025-12-27T20:59:06Z,REQ_0001397,OPERATIONAL_ETA
CASE_00001129,2025-11-04T21:18:53Z,REQ_0001398,OPERATIONAL_ETA
CASE_00001130,2026-02-26T19:21:17Z,REQ_0001399,OPERATIONAL_ETA
CASE_00001131,2026-05-04T10:26:17Z,REQ_0001400,OPERATIONAL_ETA
CASE_00001132,2026-02-12T19:50:52Z,REQ_0001401,PILOT_CHECK
CASE_00001133,2025-10-24T10:16:55Z,REQ_0001402,OPERATIONAL_ETA
CASE_00001134,2025-11-11T16:57:41Z,REQ_0001403,OPERATIONAL_ETA
CASE_00001135,2025-12-11T20:38:24Z,REQ_0001404,OPERATIONAL_ETA
CASE_00001136,2025-10-22T03:51:26Z,REQ_0001405,OPERATIONAL_ETA
CASE_00001137,2026-04-22T20:32:56Z,REQ_0001406,OPERATIONAL_ETA
CASE_00001138,2025-11-30T09:24:12Z,REQ_0001407,OPERATIONAL_ETA
CASE_00001139,2025-06-08T01:26:40Z,REQ_0001408,OPERATIONAL_ETA
CASE_00001140,2025-07-25T08:06:20Z,REQ_0001409,OPERATIONAL_ETA
CASE_00001141,2026-03-07T16:49:43Z,REQ_0001410,OPERATIONAL_ETA
CASE_00001142,2026-04-28T08:28:03Z,REQ_0001411,OPERATIONAL_ETA
CASE_00001142,2026-04-26T22:04:58Z,REQ_0001412,OPERATIONAL_ETA
CASE_00001143,2025-11-24T00:49:09Z,REQ_0001413,OPERATIONAL_ETA
CASE_00001144,2026-01-14T12:04:43Z,REQ_0001414,OPERATIONAL_ETA
CASE_00001145,2025-12-17T05:30:23Z,REQ_0001415,OPERATIONAL_ETA
CASE_00001145,2025-12-16T07:20:32Z,REQ_0001416,OPERATIONAL_ETA
CASE_00001146,2025-11-16T13:21:42Z,REQ_0001417,OPERATIONAL_ETA
CASE_00001147,2025-08-16T07:04:54Z,REQ_0001418,OPERATIONAL_ETA
CASE_00001148,2026-01-12T22:12:34Z,REQ_0001419,OPERATIONAL_ETA
CASE_00001148,2026-01-11T04:22:09Z,REQ_0001420,OPERATIONAL_ETA
CASE_00001149,2025-12-18T14:45:44Z,REQ_0001421,OPERATIONAL_ETA
CASE_00001150,2025-08-13T18:44:06Z,REQ_0001422,OPERATIONAL_ETA
CASE_00001151,2026-05-11T22:01:50Z,REQ_0001423,OPERATIONAL_ETA
CASE_00001152,2025-07-07T07:04:34Z,REQ_0001424,OPERATIONAL_ETA
CASE_00001152,2025-07-05T01:55:49Z,REQ_0001425,OPERATIONAL_ETA
CASE_00001153,2025-12-12T09:35:41Z,REQ_0001426,OPERATIONAL_ETA
CASE_00001154,2025-09-09T13:47:45Z,REQ_0001427,PILOT_CHECK
CASE_00001154,2025-09-08T19:00:34Z,REQ_0001428,OPERATIONAL_ETA
CASE_00001155,2026-01-01T22:23:41Z,REQ_0001429,OPERATIONAL_ETA
CASE_00001156,2025-09-11T15:10:39Z,REQ_0001430,OPERATIONAL_ETA
CASE_00001157,2025-06-12T06:35:57Z,REQ_0001431,OPERATIONAL_ETA
CASE_00001158,2025-06-27T03:44:44Z,REQ_0001432,OPERATIONAL_ETA
CASE_00001159,2026-02-04T11:35:23Z,REQ_0001433,OPERATIONAL_ETA
CASE_00001160,2025-06-05T20:06:24Z,REQ_0001434,OPERATIONAL_ETA
CASE_00001161,2025-06-21T02:24:48Z,REQ_0001435,OPERATIONAL_ETA
CASE_00001162,2026-01-19T10:27:18Z,REQ_0001436,OPERATIONAL_ETA
CASE_00001162,2026-01-19T04:33:55Z,REQ_0001437,OPERATIONAL_ETA
CASE_00001163,2025-06-19T10:46:45Z,REQ_0001438,RETRO_AUDIT
CASE_00001164,2025-07-30T08:03:16Z,REQ_0001439,OPERATIONAL_ETA
CASE_00001164,2025-07-28T16:50:17Z,REQ_0001440,OPERATIONAL_ETA
CASE_00001165,2026-05-18T05:38:25Z,REQ_0001441,RETRO_AUDIT
CASE_00001166,2026-05-03T20:34:26Z,REQ_0001442,PILOT_CHECK
CASE_00001166,2026-05-02T18:29:27Z,REQ_0001443,OPERATIONAL_ETA
CASE_00001167,2026-01-02T18:25:11Z,REQ_0001444,PILOT_CHECK
CASE_00001168,2025-10-17T04:36:18Z,REQ_0001445,RETRO_AUDIT
CASE_00001169,2025-11-08T08:48:30Z,REQ_0001446,OPERATIONAL_ETA
CASE_00001170,2025-09-21T20:16:29Z,REQ_0001447,PILOT_CHECK
CASE_00001171,2025-08-26T15:43:34Z,REQ_0001448,OPERATIONAL_ETA
CASE_00001172,2026-05-09T18:18:49Z,REQ_0001449,OPERATIONAL_ETA
CASE_00001173,2026-05-12T23:24:32Z,REQ_0001450,OPERATIONAL_ETA
CASE_00001174,2025-12-23T12:32:06Z,REQ_0001451,PILOT_CHECK
CASE_00001175,2025-11-29T15:19:29Z,REQ_0001452,PILOT_CHECK
CASE_00001176,2026-01-21T06:05:32Z,REQ_0001453,OPERATIONAL_ETA
CASE_00001177,2026-01-16T11:47:10Z,REQ_0001454,OPERATIONAL_ETA
CASE_00001178,2026-01-07T09:58:42Z,REQ_0001455,RETRO_AUDIT
CASE_00001179,2026-01-19T21:26:48Z,REQ_0001456,RETRO_AUDIT
CASE_00001180,2025-11-07T18:12:47Z,REQ_0001457,RETRO_AUDIT
CASE_00001181,2026-02-08T20:00:22Z,REQ_0001458,OPERATIONAL_ETA
CASE_00001181,2026-02-07T09:42:48Z,REQ_0001459,RETRO_AUDIT
CASE_00001182,2025-10-22T17:16:17Z,REQ_0001460,OPERATIONAL_ETA
CASE_00001182,2025-10-21T08:17:34Z,REQ_0001461,OPERATIONAL_ETA
CASE_00001183,2026-02-28T01:43:59Z,REQ_0001462,OPERATIONAL_ETA
CASE_00001183,2026-02-27T17:11:36Z,REQ_0001463,OPERATIONAL_ETA
CASE_00001184,2026-03-27T07:30:38Z,REQ_0001464,OPERATIONAL_ETA
CASE_00001185,2025-11-04T22:09:47Z,REQ_0001465,OPERATIONAL_ETA
CASE_00001186,2026-01-29T14:15:49Z,REQ_0001466,OPERATIONAL_ETA
CASE_00001187,2025-09-05T20:25:13Z,REQ_0001467,OPERATIONAL_ETA
CASE_00001188,2025-10-29T00:20:58Z,REQ_0001468,OPERATIONAL_ETA
CASE_00001188,2025-10-27T21:58:39Z,REQ_0001469,RETRO_AUDIT
CASE_00001189,2026-02-15T04:14:57Z,REQ_0001470,OPERATIONAL_ETA
CASE_00001190,2026-05-09T03:02:36Z,REQ_0001471,PILOT_CHECK
CASE_00001191,2025-08-04T07:13:54Z,REQ_0001472,OPERATIONAL_ETA
CASE_00001191,2025-08-03T06:16:41Z,REQ_0001473,OPERATIONAL_ETA
CASE_00001192,2026-05-16T06:44:34Z,REQ_0001474,OPERATIONAL_ETA
CASE_00001193,2025-08-08T16:28:09Z,REQ_0001475,PILOT_CHECK
CASE_00001193,2025-08-07T13:17:27Z,REQ_0001476,OPERATIONAL_ETA
CASE_00001194,2026-01-20T03:28:45Z,REQ_0001477,OPERATIONAL_ETA
CASE_00001195,2026-05-11T02:46:47Z,REQ_0001478,OPERATIONAL_ETA
CASE_00001196,2026-03-16T23:58:49Z,REQ_0001479,PILOT_CHECK
CASE_00001197,2025-10-28T20:10:08Z,REQ_0001480,OPERATIONAL_ETA
CASE_00001198,2025-09-13T09:05:58Z,REQ_0001481,OPERATIONAL_ETA
CASE_00001199,2026-04-09T09:04:07Z,REQ_0001482,OPERATIONAL_ETA
CASE_00001200,2026-04-12T21:45:31Z,REQ_0001483,OPERATIONAL_ETA
CASE_00001201,2026-03-17T13:39:14Z,REQ_0001484,RETRO_AUDIT
CASE_00001202,2025-10-28T16:31:57Z,REQ_0001485,OPERATIONAL_ETA
CASE_00001203,2026-01-18T12:10:45Z,REQ_0001486,OPERATIONAL_ETA
CASE_00001203,2026-01-17T08:42:10Z,REQ_0001487,OPERATIONAL_ETA
CASE_00001204,2025-09-10T23:57:08Z,REQ_0001488,PILOT_CHECK
CASE_00001204,2025-09-10T09:10:25Z,REQ_0001489,OPERATIONAL_ETA
CASE_00001205,2025-08-09T03:35:59Z,REQ_0001490,OPERATIONAL_ETA
CASE_00001206,2025-09-15T18:33:18Z,REQ_0001491,OPERATIONAL_ETA
CASE_00001206,2025-09-13T07:34:44Z,REQ_0001492,OPERATIONAL_ETA
CASE_00001207,2025-10-15T08:24:42Z,REQ_0001493,OPERATIONAL_ETA
CASE_00001207,2025-10-13T11:56:40Z,REQ_0001494,RETRO_AUDIT
CASE_00001208,2026-02-03T07:50:10Z,REQ_0001495,PILOT_CHECK
CASE_00001209,2025-12-17T01:53:54Z,REQ_0001496,OPERATIONAL_ETA
CASE_00001210,2026-04-13T09:24:45Z,REQ_0001497,RETRO_AUDIT
CASE_00001211,2026-03-29T08:22:00Z,REQ_0001498,OPERATIONAL_ETA
CASE_00001212,2026-05-09T18:45:48Z,REQ_0001499,OPERATIONAL_ETA
CASE_00001213,2026-05-08T13:33:24Z,REQ_0001500,OPERATIONAL_ETA
CASE_00001213,2026-05-07T17:59:03Z,REQ_0001501,OPERATIONAL_ETA
CASE_00001214,2025-11-01T21:29:34Z,REQ_0001502,OPERATIONAL_ETA
CASE_00001215,2026-04-11T07:45:25Z,REQ_0001503,OPERATIONAL_ETA
CASE_00001216,2026-04-09T15:20:53Z,REQ_0001504,OPERATIONAL_ETA
CASE_00001217,2025-10-12T22:44:04Z,REQ_0001505,OPERATIONAL_ETA
CASE_00001217,2025-10-11T20:30:05Z,REQ_0001506,PILOT_CHECK
CASE_00001218,2026-02-24T00:25:39Z,REQ_0001507,OPERATIONAL_ETA
CASE_00001218,2026-02-23T08:51:34Z,REQ_0001508,OPERATIONAL_ETA
CASE_00001219,2026-05-29T12:56:42Z,REQ_0001509,RETRO_AUDIT
CASE_00001219,2026-05-27T12:28:04Z,REQ_0001510,OPERATIONAL_ETA
CASE_00001220,2025-09-09T19:22:30Z,REQ_0001511,RETRO_AUDIT
CASE_00001221,2025-11-21T13:53:38Z,REQ_0001512,OPERATIONAL_ETA
CASE_00001221,2025-11-20T13:22:20Z,REQ_0001513,OPERATIONAL_ETA
CASE_00001222,2025-12-26T22:00:44Z,REQ_0001514,OPERATIONAL_ETA
CASE_00001223,2026-02-02T19:19:15Z,REQ_0001515,OPERATIONAL_ETA
CASE_00001224,2026-02-26T02:03:47Z,REQ_0001516,PILOT_CHECK
CASE_00001224,2026-02-25T05:43:45Z,REQ_0001517,OPERATIONAL_ETA
CASE_00001225,2025-09-14T05:06:11Z,REQ_0001518,OPERATIONAL_ETA
CASE_00001226,2025-08-22T11:10:08Z,REQ_0001519,OPERATIONAL_ETA
CASE_00001226,2025-08-21T21:33:39Z,REQ_0001520,OPERATIONAL_ETA
CASE_00001227,2025-10-14T20:43:07Z,REQ_0001521,OPERATIONAL_ETA
CASE_00001228,2026-04-10T05:51:06Z,REQ_0001522,OPERATIONAL_ETA
CASE_00001229,2026-02-25T23:34:47Z,REQ_0001523,OPERATIONAL_ETA
CASE_00001230,2026-05-05T22:35:28Z,REQ_0001524,OPERATIONAL_ETA
CASE_00001231,2026-04-10T23:36:02Z,REQ_0001525,OPERATIONAL_ETA
CASE_00001232,2025-10-29T01:09:22Z,REQ_0001526,OPERATIONAL_ETA
CASE_00001233,2025-11-29T06:20:02Z,REQ_0001527,PILOT_CHECK
CASE_00001234,2025-08-08T07:31:58Z,REQ_0001528,OPERATIONAL_ETA
CASE_00001235,2025-09-29T01:02:27Z,REQ_0001529,OPERATIONAL_ETA
CASE_00001235,2025-09-27T23:09:08Z,REQ_0001530,PILOT_CHECK
CASE_00001236,2025-10-07T22:31:36Z,REQ_0001531,OPERATIONAL_ETA
CASE_00001236,2025-10-07T10:57:06Z,REQ_0001532,OPERATIONAL_ETA
CASE_00001237,2025-07-03T21:19:01Z,REQ_0001533,OPERATIONAL_ETA
CASE_00001238,2026-05-02T19:37:45Z,REQ_0001534,OPERATIONAL_ETA
CASE_00001239,2026-03-13T06:58:46Z,REQ_0001535,OPERATIONAL_ETA
CASE_00001239,2026-03-11T00:26:33Z,REQ_0001536,OPERATIONAL_ETA
CASE_00001240,2025-06-28T14:59:59Z,REQ_0001537,OPERATIONAL_ETA
CASE_00001241,2025-08-09T13:34:18Z,REQ_0001538,RETRO_AUDIT
CASE_00001242,2026-02-11T23:52:47Z,REQ_0001539,OPERATIONAL_ETA
CASE_00001243,2025-12-15T13:54:36Z,REQ_0001540,PILOT_CHECK
CASE_00001244,2026-02-13T05:09:26Z,REQ_0001541,OPERATIONAL_ETA
CASE_00001245,2026-05-06T04:10:49Z,REQ_0001542,OPERATIONAL_ETA
CASE_00001246,2025-08-01T04:16:01Z,REQ_0001543,RETRO_AUDIT
CASE_00001247,2025-09-26T13:43:21Z,REQ_0001544,OPERATIONAL_ETA
CASE_00001248,2026-03-09T00:49:06Z,REQ_0001545,OPERATIONAL_ETA
CASE_00001249,2025-12-31T15:19:59Z,REQ_0001546,OPERATIONAL_ETA
CASE_00001250,2025-06-24T01:47:59Z,REQ_0001547,RETRO_AUDIT
CASE_00001251,2025-11-27T09:17:25Z,REQ_0001548,OPERATIONAL_ETA
CASE_00001252,2025-08-19T23:50:27Z,REQ_0001549,RETRO_AUDIT
CASE_00001253,2025-07-01T23:44:34Z,REQ_0001550,RETRO_AUDIT
CASE_00001254,2025-10-12T02:58:59Z,REQ_0001551,PILOT_CHECK
CASE_00001255,2026-04-12T07:02:48Z,REQ_0001552,OPERATIONAL_ETA
CASE_00001256,2026-01-01T07:55:25Z,REQ_0001553,OPERATIONAL_ETA
CASE_00001257,2025-11-09T23:32:15Z,REQ_0001554,OPERATIONAL_ETA
CASE_00001258,2025-07-21T21:53:38Z,REQ_0001555,OPERATIONAL_ETA
CASE_00001259,2025-06-29T13:09:06Z,REQ_0001556,PILOT_CHECK
CASE_00001260,2026-03-25T16:36:38Z,REQ_0001557,OPERATIONAL_ETA
CASE_00001261,2025-09-26T08:16:22Z,REQ_0001558,OPERATIONAL_ETA
CASE_00001261,2025-09-24T06:45:17Z,REQ_0001559,OPERATIONAL_ETA
CASE_00001262,2025-12-08T02:20:23Z,REQ_0001560,OPERATIONAL_ETA
CASE_00001262,2025-12-05T17:28:27Z,REQ_0001561,PILOT_CHECK
CASE_00001263,2026-04-03T03:30:50Z,REQ_0001562,OPERATIONAL_ETA
CASE_00001264,2025-06-07T18:40:40Z,REQ_0001563,OPERATIONAL_ETA
CASE_00001264,2025-06-05T18:37:10Z,REQ_0001564,RETRO_AUDIT
CASE_00001265,2026-01-21T17:14:56Z,REQ_0001565,RETRO_AUDIT
CASE_00001266,2025-07-19T09:39:45Z,REQ_0001566,OPERATIONAL_ETA
CASE_00001267,2025-12-26T07:55:21Z,REQ_0001567,RETRO_AUDIT
CASE_00001268,2026-01-24T10:48:01Z,REQ_0001568,OPERATIONAL_ETA
CASE_00001268,2026-01-22T09:25:57Z,REQ_0001569,PILOT_CHECK
CASE_00001269,2026-05-20T07:01:44Z,REQ_0001570,OPERATIONAL_ETA
CASE_00001270,2026-05-20T19:46:42Z,REQ_0001571,OPERATIONAL_ETA
CASE_00001271,2025-11-02T16:28:15Z,REQ_0001572,OPERATIONAL_ETA
CASE_00001272,2025-10-01T08:02:44Z,REQ_0001573,OPERATIONAL_ETA
CASE_00001273,2026-03-10T01:28:45Z,REQ_0001574,OPERATIONAL_ETA
CASE_00001273,2026-03-08T23:35:14Z,REQ_0001575,OPERATIONAL_ETA
CASE_00001274,2025-09-16T21:27:18Z,REQ_0001576,OPERATIONAL_ETA
CASE_00001275,2025-06-24T11:05:44Z,REQ_0001577,OPERATIONAL_ETA
CASE_00001276,2025-07-06T18:51:50Z,REQ_0001578,OPERATIONAL_ETA
CASE_00001277,2026-01-27T13:02:48Z,REQ_0001579,PILOT_CHECK
CASE_00001278,2026-03-02T05:02:12Z,REQ_0001580,OPERATIONAL_ETA
CASE_00001279,2025-06-26T15:01:49Z,REQ_0001581,PILOT_CHECK
CASE_00001280,2025-09-05T09:37:14Z,REQ_0001582,OPERATIONAL_ETA
CASE_00001281,2025-06-22T08:01:58Z,REQ_0001583,RETRO_AUDIT
CASE_00001282,2026-05-14T12:04:09Z,REQ_0001584,PILOT_CHECK
CASE_00001283,2025-10-03T00:09:21Z,REQ_0001585,OPERATIONAL_ETA
CASE_00001284,2026-02-28T16:39:12Z,REQ_0001586,OPERATIONAL_ETA
CASE_00001284,2026-02-27T14:52:53Z,REQ_0001587,OPERATIONAL_ETA
CASE_00001285,2026-02-28T08:39:51Z,REQ_0001588,RETRO_AUDIT
CASE_00001285,2026-02-27T05:22:46Z,REQ_0001589,PILOT_CHECK
CASE_00001286,2025-06-17T22:51:09Z,REQ_0001590,OPERATIONAL_ETA
CASE_00001286,2025-06-17T05:45:46Z,REQ_0001591,OPERATIONAL_ETA
CASE_00001287,2026-02-13T08:37:42Z,REQ_0001592,OPERATIONAL_ETA
CASE_00001288,2025-11-28T03:40:25Z,REQ_0001593,OPERATIONAL_ETA
CASE_00001288,2025-11-25T21:25:15Z,REQ_0001594,OPERATIONAL_ETA
CASE_00001289,2025-10-24T21:53:57Z,REQ_0001595,OPERATIONAL_ETA
CASE_00001290,2026-05-23T18:59:52Z,REQ_0001596,PILOT_CHECK
CASE_00001290,2026-05-22T11:57:46Z,REQ_0001597,PILOT_CHECK
CASE_00001291,2025-07-09T18:52:50Z,REQ_0001598,OPERATIONAL_ETA
CASE_00001291,2025-07-09T06:32:50Z,REQ_0001599,OPERATIONAL_ETA
CASE_00001292,2026-02-02T02:44:07Z,REQ_0001600,OPERATIONAL_ETA
CASE_00001293,2026-05-25T07:42:11Z,REQ_0001601,OPERATIONAL_ETA
CASE_00001294,2026-01-04T01:28:39Z,REQ_0001602,OPERATIONAL_ETA
CASE_00001295,2025-08-15T20:56:46Z,REQ_0001603,OPERATIONAL_ETA
CASE_00001296,2026-01-15T17:35:37Z,REQ_0001604,OPERATIONAL_ETA
CASE_00001296,2026-01-14T03:50:30Z,REQ_0001605,OPERATIONAL_ETA
CASE_00001297,2025-08-24T23:55:32Z,REQ_0001606,OPERATIONAL_ETA
CASE_00001297,2025-08-12T15:18:28Z,REQ_0001607,OPERATIONAL_ETA
CASE_00001298,2026-02-25T07:26:43Z,REQ_0001608,OPERATIONAL_ETA
CASE_00001298,2026-02-24T22:54:07Z,REQ_0001609,OPERATIONAL_ETA
CASE_00001299,2025-10-19T18:05:58Z,REQ_0001610,OPERATIONAL_ETA
CASE_00001300,2026-02-25T04:56:08Z,REQ_0001611,OPERATIONAL_ETA
CASE_00001301,2025-09-07T07:53:03Z,REQ_0001612,OPERATIONAL_ETA
CASE_00001302,2025-09-03T01:33:13Z,REQ_0001613,OPERATIONAL_ETA
CASE_00001303,2026-01-11T19:21:31Z,REQ_0001614,OPERATIONAL_ETA
CASE_00001303,2026-01-09T05:17:06Z,REQ_0001615,OPERATIONAL_ETA
CASE_00001304,2026-01-08T14:12:59Z,REQ_0001616,OPERATIONAL_ETA
CASE_00001305,2025-06-17T11:54:54Z,REQ_0001617,OPERATIONAL_ETA
CASE_00001305,2025-06-16T09:19:58Z,REQ_0001618,PILOT_CHECK
CASE_00001306,2026-05-14T14:04:00Z,REQ_0001619,OPERATIONAL_ETA
CASE_00001307,2025-07-20T05:18:41Z,REQ_0001620,PILOT_CHECK
CASE_00001308,2026-04-15T02:14:07Z,REQ_0001621,PILOT_CHECK
CASE_00001308,2026-04-13T10:31:59Z,REQ_0001622,OPERATIONAL_ETA
CASE_00001309,2025-10-18T19:32:40Z,REQ_0001623,OPERATIONAL_ETA
CASE_00001310,2025-12-17T10:44:45Z,REQ_0001624,OPERATIONAL_ETA
CASE_00001311,2026-05-20T22:12:48Z,REQ_0001625,RETRO_AUDIT
CASE_00001311,2026-05-20T08:28:48Z,REQ_0001626,RETRO_AUDIT
CASE_00001312,2026-02-13T21:26:09Z,REQ_0001627,RETRO_AUDIT
CASE_00001312,2026-02-13T12:12:13Z,REQ_0001628,OPERATIONAL_ETA
CASE_00001313,2025-09-15T06:58:38Z,REQ_0001629,OPERATIONAL_ETA
CASE_00001314,2025-09-06T06:27:08Z,REQ_0001630,OPERATIONAL_ETA
CASE_00001315,2025-12-12T05:54:20Z,REQ_0001631,OPERATIONAL_ETA
CASE_00001316,2025-07-07T19:14:52Z,REQ_0001632,OPERATIONAL_ETA
CASE_00001317,2026-02-24T06:04:17Z,REQ_0001633,OPERATIONAL_ETA
CASE_00001318,2025-06-15T02:32:46Z,REQ_0001634,OPERATIONAL_ETA
CASE_00001319,2026-04-25T17:45:31Z,REQ_0001635,OPERATIONAL_ETA
CASE_00001320,2025-06-26T01:23:42Z,REQ_0001636,OPERATIONAL_ETA
CASE_00001321,2026-04-30T08:31:01Z,REQ_0001637,OPERATIONAL_ETA
CASE_00001321,2026-04-30T00:13:24Z,REQ_0001638,OPERATIONAL_ETA
CASE_00001322,2025-09-21T02:15:20Z,REQ_0001639,OPERATIONAL_ETA
CASE_00001323,2026-03-06T12:47:47Z,REQ_0001640,PILOT_CHECK
CASE_00001323,2026-03-05T09:36:49Z,REQ_0001641,PILOT_CHECK
CASE_00001324,2026-02-17T09:28:00Z,REQ_0001642,OPERATIONAL_ETA
CASE_00001325,2025-11-14T14:57:19Z,REQ_0001643,OPERATIONAL_ETA
CASE_00001326,2025-06-19T11:07:44Z,REQ_0001644,PILOT_CHECK
CASE_00001326,2025-06-17T21:50:31Z,REQ_0001645,OPERATIONAL_ETA
CASE_00001327,2025-10-23T21:09:15Z,REQ_0001646,OPERATIONAL_ETA
CASE_00001327,2025-10-22T09:27:11Z,REQ_0001647,OPERATIONAL_ETA
CASE_00001328,2025-11-04T12:34:56Z,REQ_0001648,OPERATIONAL_ETA
CASE_00001329,2026-04-15T16:48:07Z,REQ_0001649,OPERATIONAL_ETA
CASE_00001330,2025-09-06T20:52:32Z,REQ_0001650,OPERATIONAL_ETA
CASE_00001331,2026-03-07T03:58:08Z,REQ_0001651,PILOT_CHECK
CASE_00001331,2026-03-05T10:49:20Z,REQ_0001652,OPERATIONAL_ETA
CASE_00001332,2025-10-02T12:37:54Z,REQ_0001653,OPERATIONAL_ETA
CASE_00001333,2025-07-17T15:52:23Z,REQ_0001654,PILOT_CHECK
CASE_00001333,2025-07-16T17:58:19Z,REQ_0001655,RETRO_AUDIT
CASE_00001334,2026-04-02T23:56:15Z,REQ_0001656,OPERATIONAL_ETA
CASE_00001335,2026-02-09T03:11:00Z,REQ_0001657,RETRO_AUDIT
CASE_00001336,2025-08-14T20:48:52Z,REQ_0001658,OPERATIONAL_ETA
CASE_00001337,2025-07-21T01:42:49Z,REQ_0001659,OPERATIONAL_ETA
CASE_00001338,2025-07-17T14:44:31Z,REQ_0001660,OPERATIONAL_ETA
CASE_00001338,2025-07-15T05:06:39Z,REQ_0001661,OPERATIONAL_ETA
CASE_00001339,2026-05-08T07:20:49Z,REQ_0001662,OPERATIONAL_ETA
CASE_00001340,2025-08-31T21:09:27Z,REQ_0001663,OPERATIONAL_ETA
CASE_00001341,2026-03-01T15:03:52Z,REQ_0001664,RETRO_AUDIT
CASE_00001342,2026-05-05T21:27:24Z,REQ_0001665,RETRO_AUDIT
CASE_00001343,2026-02-08T08:44:38Z,REQ_0001666,RETRO_AUDIT
CASE_00001344,2026-04-14T15:57:40Z,REQ_0001667,OPERATIONAL_ETA
CASE_00001345,2025-07-09T09:08:59Z,REQ_0001668,OPERATIONAL_ETA
CASE_00001346,2026-04-13T19:14:19Z,REQ_0001669,OPERATIONAL_ETA
CASE_00001347,2026-01-02T12:57:43Z,REQ_0001670,OPERATIONAL_ETA
CASE_00001347,2026-01-01T03:06:00Z,REQ_0001671,OPERATIONAL_ETA
CASE_00001348,2026-02-14T15:01:29Z,REQ_0001672,PILOT_CHECK
CASE_00001349,2025-08-15T23:41:22Z,REQ_0001673,OPERATIONAL_ETA
CASE_00001350,2026-02-07T00:22:41Z,REQ_0001674,OPERATIONAL_ETA
CASE_00001351,2025-12-19T23:09:32Z,REQ_0001675,OPERATIONAL_ETA
CASE_00001352,2025-08-03T09:40:10Z,REQ_0001676,OPERATIONAL_ETA
CASE_00001353,2026-03-05T01:00:15Z,REQ_0001677,OPERATIONAL_ETA
CASE_00001354,2025-11-17T10:31:58Z,REQ_0001678,RETRO_AUDIT
CASE_00001355,2025-10-28T10:53:20Z,REQ_0001679,PILOT_CHECK
CASE_00001355,2025-10-27T11:09:02Z,REQ_0001680,PILOT_CHECK
CASE_00001356,2025-07-21T09:06:21Z,REQ_0001681,OPERATIONAL_ETA
CASE_00001356,2025-07-21T00:53:45Z,REQ_0001682,OPERATIONAL_ETA
CASE_00001357,2026-03-28T19:00:33Z,REQ_0001683,PILOT_CHECK
CASE_00001358,2026-05-19T16:50:55Z,REQ_0001684,OPERATIONAL_ETA
CASE_00001359,2026-05-27T18:18:35Z,REQ_0001685,OPERATIONAL_ETA
CASE_00001360,2025-07-21T02:25:41Z,REQ_0001686,OPERATIONAL_ETA
CASE_00001360,2025-07-20T12:43:58Z,REQ_0001687,RETRO_AUDIT
CASE_00001361,2026-03-15T00:24:58Z,REQ_0001688,OPERATIONAL_ETA
CASE_00001361,2026-03-12T17:21:06Z,REQ_0001689,OPERATIONAL_ETA
CASE_00001362,2026-03-20T03:51:42Z,REQ_0001690,OPERATIONAL_ETA
CASE_00001363,2026-02-17T15:54:48Z,REQ_0001691,OPERATIONAL_ETA
CASE_00001363,2026-02-16T23:11:50Z,REQ_0001692,OPERATIONAL_ETA
CASE_00001364,2025-11-04T17:08:47Z,REQ_0001693,OPERATIONAL_ETA
CASE_00001365,2026-04-12T11:25:40Z,REQ_0001694,OPERATIONAL_ETA
CASE_00001365,2026-04-11T11:34:15Z,REQ_0001695,OPERATIONAL_ETA
CASE_00001366,2025-07-26T05:59:11Z,REQ_0001696,OPERATIONAL_ETA
CASE_00001367,2025-11-25T12:05:45Z,REQ_0001697,OPERATIONAL_ETA
CASE_00001368,2025-08-22T03:11:53Z,REQ_0001698,OPERATIONAL_ETA
CASE_00001369,2025-08-08T20:20:44Z,REQ_0001699,RETRO_AUDIT
CASE_00001370,2026-05-18T04:34:22Z,REQ_0001700,OPERATIONAL_ETA
CASE_00001371,2025-08-04T06:28:51Z,REQ_0001701,OPERATIONAL_ETA
CASE_00001372,2026-01-12T11:11:05Z,REQ_0001702,OPERATIONAL_ETA
CASE_00001373,2026-03-22T09:07:57Z,REQ_0001703,RETRO_AUDIT
CASE_00001374,2025-10-15T12:01:38Z,REQ_0001704,OPERATIONAL_ETA
CASE_00001374,2025-10-13T06:50:37Z,REQ_0001705,OPERATIONAL_ETA
CASE_00001375,2025-11-20T21:24:41Z,REQ_0001706,RETRO_AUDIT
CASE_00001375,2025-11-19T15:56:14Z,REQ_0001707,RETRO_AUDIT
CASE_00001376,2026-04-15T10:13:23Z,REQ_0001708,OPERATIONAL_ETA
CASE_00001376,2026-04-14T09:49:18Z,REQ_0001709,OPERATIONAL_ETA
CASE_00001377,2025-12-18T16:14:57Z,REQ_0001710,OPERATIONAL_ETA
CASE_00001378,2025-10-19T20:23:27Z,REQ_0001711,OPERATIONAL_ETA
CASE_00001379,2026-03-29T23:04:33Z,REQ_0001712,OPERATIONAL_ETA
CASE_00001380,2025-09-16T21:10:44Z,REQ_0001713,OPERATIONAL_ETA
CASE_00001381,2025-09-25T03:53:12Z,REQ_0001714,OPERATIONAL_ETA
CASE_00001382,2026-06-01T20:45:14Z,REQ_0001715,PILOT_CHECK
CASE_00001383,2026-02-14T00:48:51Z,REQ_0001716,PILOT_CHECK
CASE_00001383,2026-02-11T22:34:51Z,REQ_0001717,OPERATIONAL_ETA
CASE_00001384,2026-04-09T23:54:34Z,REQ_0001718,OPERATIONAL_ETA
CASE_00001384,2026-04-09T13:54:09Z,REQ_0001719,PILOT_CHECK
CASE_00001385,2025-08-24T06:29:52Z,REQ_0001720,OPERATIONAL_ETA
CASE_00001386,2025-08-03T20:46:06Z,REQ_0001721,OPERATIONAL_ETA
CASE_00001387,2025-11-08T22:22:47Z,REQ_0001722,OPERATIONAL_ETA
CASE_00001388,2025-11-19T00:31:07Z,REQ_0001723,PILOT_CHECK
CASE_00001388,2025-11-18T12:50:42Z,REQ_0001724,OPERATIONAL_ETA
CASE_00001389,2026-05-15T08:31:24Z,REQ_0001725,OPERATIONAL_ETA
CASE_00001389,2026-05-14T03:25:08Z,REQ_0001726,RETRO_AUDIT
CASE_00001390,2025-08-03T02:48:44Z,REQ_0001727,OPERATIONAL_ETA
CASE_00001390,2025-08-02T13:09:58Z,REQ_0001728,OPERATIONAL_ETA
CASE_00001391,2026-03-22T20:08:50Z,REQ_0001729,OPERATIONAL_ETA
CASE_00001392,2025-10-25T07:02:40Z,REQ_0001730,PILOT_CHECK
CASE_00001393,2026-03-27T02:59:40Z,REQ_0001731,OPERATIONAL_ETA
CASE_00001394,2025-08-02T20:41:42Z,REQ_0001732,RETRO_AUDIT
CASE_00001395,2025-09-20T17:27:26Z,REQ_0001733,OPERATIONAL_ETA
CASE_00001396,2025-11-14T22:05:43Z,REQ_0001734,OPERATIONAL_ETA
CASE_00001397,2025-12-11T00:02:35Z,REQ_0001735,OPERATIONAL_ETA
CASE_00001398,2025-11-27T21:09:53Z,REQ_0001736,OPERATIONAL_ETA
CASE_00001399,2026-05-20T05:49:38Z,REQ_0001737,OPERATIONAL_ETA
CASE_00001400,2025-07-29T09:10:43Z,REQ_0001738,OPERATIONAL_ETA
CASE_00001401,2025-11-18T03:25:16Z,REQ_0001739,OPERATIONAL_ETA
CASE_00001402,2026-05-12T18:30:16Z,REQ_0001740,OPERATIONAL_ETA
CASE_00001402,2026-05-11T13:54:14Z,REQ_0001741,OPERATIONAL_ETA
CASE_00001403,2025-08-31T22:57:48Z,REQ_0001742,OPERATIONAL_ETA
CASE_00001404,2026-03-22T17:44:01Z,REQ_0001743,OPERATIONAL_ETA
CASE_00001405,2025-06-24T17:01:11Z,REQ_0001744,OPERATIONAL_ETA
CASE_00001406,2025-08-06T20:05:07Z,REQ_0001745,OPERATIONAL_ETA
CASE_00001407,2026-01-30T06:08:08Z,REQ_0001746,OPERATIONAL_ETA
CASE_00001408,2025-11-05T10:22:04Z,REQ_0001747,OPERATIONAL_ETA
CASE_00001408,2025-11-04T07:31:12Z,REQ_0001748,OPERATIONAL_ETA
CASE_00001409,2025-07-05T01:21:27Z,REQ_0001749,OPERATIONAL_ETA
CASE_00001410,2026-05-04T09:22:48Z,REQ_0001750,PILOT_CHECK
CASE_00001410,2026-04-27T20:24:14Z,REQ_0001751,OPERATIONAL_ETA
CASE_00001411,2026-04-24T11:30:28Z,REQ_0001752,OPERATIONAL_ETA
CASE_00001412,2026-03-08T09:21:15Z,REQ_0001753,OPERATIONAL_ETA
CASE_00001413,2026-02-16T07:12:05Z,REQ_0001754,OPERATIONAL_ETA
CASE_00001414,2025-06-19T17:46:04Z,REQ_0001755,OPERATIONAL_ETA
CASE_00001415,2025-10-09T22:52:26Z,REQ_0001756,PILOT_CHECK
CASE_00001416,2026-05-25T01:21:05Z,REQ_0001757,OPERATIONAL_ETA
CASE_00001416,2026-05-23T23:23:19Z,REQ_0001758,OPERATIONAL_ETA
CASE_00001417,2025-07-15T22:23:08Z,REQ_0001759,OPERATIONAL_ETA
CASE_00001417,2025-07-15T09:58:41Z,REQ_0001760,OPERATIONAL_ETA
CASE_00001418,2025-09-23T12:58:25Z,REQ_0001761,OPERATIONAL_ETA
CASE_00001419,2025-10-13T04:00:06Z,REQ_0001762,OPERATIONAL_ETA
CASE_00001420,2026-04-30T08:32:01Z,REQ_0001763,OPERATIONAL_ETA
CASE_00001421,2025-09-03T06:56:26Z,REQ_0001764,OPERATIONAL_ETA
CASE_00001421,2025-09-02T15:51:54Z,REQ_0001765,OPERATIONAL_ETA
CASE_00001422,2025-12-01T19:20:53Z,REQ_0001766,OPERATIONAL_ETA
CASE_00001422,2025-11-30T16:09:57Z,REQ_0001767,OPERATIONAL_ETA
CASE_00001423,2026-05-13T19:31:02Z,REQ_0001768,OPERATIONAL_ETA
CASE_00001423,2026-05-11T22:51:21Z,REQ_0001769,OPERATIONAL_ETA
CASE_00001424,2025-09-07T20:32:46Z,REQ_0001770,OPERATIONAL_ETA
CASE_00001425,2025-11-27T14:59:46Z,REQ_0001771,RETRO_AUDIT
CASE_00001425,2025-11-26T16:46:08Z,REQ_0001772,OPERATIONAL_ETA
CASE_00001426,2026-05-19T21:37:26Z,REQ_0001773,OPERATIONAL_ETA
CASE_00001426,2026-05-18T04:49:41Z,REQ_0001774,OPERATIONAL_ETA
CASE_00001427,2026-05-07T05:20:04Z,REQ_0001775,OPERATIONAL_ETA
CASE_00001428,2026-05-30T19:00:32Z,REQ_0001776,PILOT_CHECK
CASE_00001429,2026-03-20T18:04:24Z,REQ_0001777,RETRO_AUDIT
CASE_00001430,2025-10-20T22:26:59Z,REQ_0001778,OPERATIONAL_ETA
CASE_00001431,2025-06-08T12:35:32Z,REQ_0001779,OPERATIONAL_ETA
CASE_00001432,2025-12-18T23:48:34Z,REQ_0001780,PILOT_CHECK
CASE_00001432,2025-12-09T22:56:18Z,REQ_0001781,OPERATIONAL_ETA
CASE_00001433,2026-03-20T15:34:08Z,REQ_0001782,PILOT_CHECK
CASE_00001434,2026-05-06T11:46:51Z,REQ_0001783,OPERATIONAL_ETA
CASE_00001435,2025-09-19T16:25:24Z,REQ_0001784,OPERATIONAL_ETA
CASE_00001435,2025-09-18T23:03:00Z,REQ_0001785,OPERATIONAL_ETA
CASE_00001436,2025-11-30T09:23:20Z,REQ_0001786,OPERATIONAL_ETA
CASE_00001437,2026-03-22T17:55:28Z,REQ_0001787,OPERATIONAL_ETA
CASE_00001438,2026-01-03T11:37:49Z,REQ_0001788,OPERATIONAL_ETA
CASE_00001438,2026-01-03T00:24:05Z,REQ_0001789,OPERATIONAL_ETA
CASE_00001439,2026-05-06T08:12:17Z,REQ_0001790,RETRO_AUDIT
CASE_00001440,2025-12-30T23:04:15Z,REQ_0001791,OPERATIONAL_ETA
CASE_00001441,2025-06-13T10:42:51Z,REQ_0001792,OPERATIONAL_ETA
CASE_00001442,2026-04-17T17:33:20Z,REQ_0001793,RETRO_AUDIT
CASE_00001442,2026-04-17T14:16:00Z,REQ_0001794,OPERATIONAL_ETA
CASE_00001443,2026-01-25T02:08:45Z,REQ_0001795,OPERATIONAL_ETA
CASE_00001444,2026-05-06T19:20:38Z,REQ_0001796,OPERATIONAL_ETA
CASE_00001444,2026-05-05T22:13:21Z,REQ_0001797,OPERATIONAL_ETA
CASE_00001445,2025-07-07T01:11:52Z,REQ_0001798,PILOT_CHECK
CASE_00001446,2025-08-25T21:30:09Z,REQ_0001799,OPERATIONAL_ETA
CASE_00001446,2025-08-24T17:42:35Z,REQ_0001800,RETRO_AUDIT
CASE_00001447,2026-05-08T20:49:35Z,REQ_0001801,RETRO_AUDIT
CASE_00001447,2026-05-07T21:16:06Z,REQ_0001802,OPERATIONAL_ETA
CASE_00001448,2025-11-20T15:26:46Z,REQ_0001803,OPERATIONAL_ETA
CASE_00001449,2025-10-07T08:43:00Z,REQ_0001804,PILOT_CHECK
CASE_00001449,2025-10-06T05:45:14Z,REQ_0001805,OPERATIONAL_ETA
CASE_00001450,2025-12-08T12:16:23Z,REQ_0001806,OPERATIONAL_ETA
CASE_00001450,2025-12-07T20:45:13Z,REQ_0001807,OPERATIONAL_ETA
CASE_00001451,2025-11-15T04:24:18Z,REQ_0001808,OPERATIONAL_ETA
CASE_00001452,2025-09-28T23:38:05Z,REQ_0001809,OPERATIONAL_ETA
CASE_00001453,2025-08-05T01:06:06Z,REQ_0001810,RETRO_AUDIT
CASE_00001454,2026-04-17T03:58:28Z,REQ_0001811,OPERATIONAL_ETA
CASE_00001455,2026-04-11T08:33:30Z,REQ_0001812,OPERATIONAL_ETA
CASE_00001455,2026-04-10T17:30:17Z,REQ_0001813,OPERATIONAL_ETA
CASE_00001456,2025-06-17T13:25:23Z,REQ_0001814,RETRO_AUDIT
CASE_00001457,2025-12-03T08:06:02Z,REQ_0001815,OPERATIONAL_ETA
CASE_00001458,2025-07-21T12:16:05Z,REQ_0001816,OPERATIONAL_ETA
CASE_00001459,2025-10-03T09:42:00Z,REQ_0001817,OPERATIONAL_ETA
CASE_00001460,2025-06-20T13:56:09Z,REQ_0001818,PILOT_CHECK
CASE_00001461,2025-12-27T12:10:17Z,REQ_0001819,OPERATIONAL_ETA
CASE_00001462,2026-01-28T02:57:48Z,REQ_0001820,OPERATIONAL_ETA
CASE_00001463,2025-06-03T13:41:30Z,REQ_0001821,OPERATIONAL_ETA
CASE_00001463,2025-06-03T07:34:58Z,REQ_0001822,OPERATIONAL_ETA
CASE_00001464,2025-09-02T22:31:20Z,REQ_0001823,OPERATIONAL_ETA
CASE_00001465,2026-05-12T07:16:41Z,REQ_0001824,OPERATIONAL_ETA
CASE_00001466,2026-01-17T11:40:56Z,REQ_0001825,OPERATIONAL_ETA
CASE_00001467,2025-06-05T04:33:59Z,REQ_0001826,OPERATIONAL_ETA
CASE_00001468,2026-02-19T02:01:00Z,REQ_0001827,OPERATIONAL_ETA
CASE_00001468,2026-02-17T08:11:23Z,REQ_0001828,OPERATIONAL_ETA
CASE_00001469,2025-12-12T07:18:00Z,REQ_0001829,OPERATIONAL_ETA
CASE_00001469,2025-12-10T11:18:33Z,REQ_0001830,OPERATIONAL_ETA
CASE_00001470,2026-01-01T14:27:42Z,REQ_0001831,OPERATIONAL_ETA
CASE_00001470,2025-12-31T11:47:48Z,REQ_0001832,OPERATIONAL_ETA
CASE_00001471,2026-04-06T19:04:26Z,REQ_0001833,OPERATIONAL_ETA
CASE_00001472,2025-12-08T01:21:28Z,REQ_0001834,OPERATIONAL_ETA
CASE_00001473,2025-06-13T11:43:58Z,REQ_0001835,OPERATIONAL_ETA
CASE_00001474,2026-02-28T19:46:18Z,REQ_0001836,PILOT_CHECK
CASE_00001475,2025-07-02T07:03:39Z,REQ_0001837,OPERATIONAL_ETA
CASE_00001476,2025-08-05T04:31:17Z,REQ_0001838,OPERATIONAL_ETA
CASE_00001477,2025-06-05T17:32:50Z,REQ_0001839,OPERATIONAL_ETA
CASE_00001478,2026-04-27T10:55:05Z,REQ_0001840,OPERATIONAL_ETA
CASE_00001478,2026-04-26T00:25:38Z,REQ_0001841,OPERATIONAL_ETA
CASE_00001479,2025-12-20T12:24:29Z,REQ_0001842,OPERATIONAL_ETA
CASE_00001479,2025-12-19T05:32:42Z,REQ_0001843,OPERATIONAL_ETA
CASE_00001480,2025-10-23T22:17:35Z,REQ_0001844,OPERATIONAL_ETA
CASE_00001481,2025-09-14T05:53:57Z,REQ_0001845,OPERATIONAL_ETA
CASE_00001482,2026-05-04T13:50:13Z,REQ_0001846,OPERATIONAL_ETA
CASE_00001483,2025-06-20T10:17:03Z,REQ_0001847,OPERATIONAL_ETA
CASE_00001484,2025-06-11T22:10:51Z,REQ_0001848,OPERATIONAL_ETA
CASE_00001485,2026-04-02T05:50:23Z,REQ_0001849,OPERATIONAL_ETA
CASE_00001486,2026-02-08T11:56:45Z,REQ_0001850,OPERATIONAL_ETA
CASE_00001486,2026-02-07T22:54:12Z,REQ_0001851,PILOT_CHECK
CASE_00001487,2025-08-19T02:30:08Z,REQ_0001852,OPERATIONAL_ETA
CASE_00001488,2026-03-04T22:00:56Z,REQ_0001853,OPERATIONAL_ETA
CASE_00001489,2026-04-02T09:17:21Z,REQ_0001854,OPERATIONAL_ETA
CASE_00001490,2026-02-26T21:13:42Z,REQ_0001855,OPERATIONAL_ETA
CASE_00001491,2026-05-29T19:40:55Z,REQ_0001856,OPERATIONAL_ETA
CASE_00001492,2025-10-05T18:23:05Z,REQ_0001857,RETRO_AUDIT
CASE_00001492,2025-10-04T12:45:48Z,REQ_0001858,RETRO_AUDIT
CASE_00001493,2025-11-07T15:29:17Z,REQ_0001859,OPERATIONAL_ETA
CASE_00001494,2025-11-13T13:37:50Z,REQ_0001860,OPERATIONAL_ETA
CASE_00001495,2025-06-17T16:23:06Z,REQ_0001861,OPERATIONAL_ETA
CASE_00001495,2025-06-16T16:38:33Z,REQ_0001862,OPERATIONAL_ETA
CASE_00001496,2026-02-26T04:47:47Z,REQ_0001863,OPERATIONAL_ETA
CASE_00001497,2025-09-04T12:22:46Z,REQ_0001864,OPERATIONAL_ETA
CASE_00001497,2025-09-02T23:14:56Z,REQ_0001865,PILOT_CHECK
CASE_00001498,2025-09-04T10:37:26Z,REQ_0001866,OPERATIONAL_ETA
CASE_00001498,2025-09-03T22:44:07Z,REQ_0001867,RETRO_AUDIT
CASE_00001499,2026-01-16T16:44:16Z,REQ_0001868,OPERATIONAL_ETA
CASE_00001500,2025-12-30T08:53:06Z,REQ_0001869,OPERATIONAL_ETA
CASE_00001501,2025-10-05T18:40:13Z,REQ_0001870,PILOT_CHECK
CASE_00001501,2025-10-04T23:52:14Z,REQ_0001871,OPERATIONAL_ETA
CASE_00001502,2026-02-18T14:18:52Z,REQ_0001872,OPERATIONAL_ETA
CASE_00001503,2025-11-30T01:10:44Z,REQ_0001873,OPERATIONAL_ETA
CASE_00001503,2025-11-28T19:49:14Z,REQ_0001874,RETRO_AUDIT
CASE_00001504,2025-10-10T21:37:31Z,REQ_0001875,OPERATIONAL_ETA
CASE_00001504,2025-10-09T12:16:01Z,REQ_0001876,OPERATIONAL_ETA
CASE_00001505,2025-07-28T19:26:49Z,REQ_0001877,OPERATIONAL_ETA
CASE_00001506,2026-04-19T18:54:14Z,REQ_0001878,OPERATIONAL_ETA
CASE_00001506,2026-04-17T19:43:43Z,REQ_0001879,OPERATIONAL_ETA
CASE_00001507,2025-11-23T23:47:33Z,REQ_0001880,OPERATIONAL_ETA
CASE_00001508,2025-08-31T22:26:14Z,REQ_0001881,OPERATIONAL_ETA
CASE_00001509,2026-02-23T11:18:10Z,REQ_0001882,OPERATIONAL_ETA
CASE_00001510,2025-11-23T20:01:59Z,REQ_0001883,PILOT_CHECK
CASE_00001511,2025-07-21T05:00:47Z,REQ_0001884,OPERATIONAL_ETA
CASE_00001512,2025-08-16T10:55:12Z,REQ_0001885,PILOT_CHECK
CASE_00001513,2025-11-19T08:21:10Z,REQ_0001886,OPERATIONAL_ETA
CASE_00001514,2026-05-18T21:41:27Z,REQ_0001887,OPERATIONAL_ETA
CASE_00001515,2026-01-24T16:23:43Z,REQ_0001888,OPERATIONAL_ETA
CASE_00001515,2026-01-22T15:49:09Z,REQ_0001889,OPERATIONAL_ETA
CASE_00001516,2025-10-04T06:43:51Z,REQ_0001890,OPERATIONAL_ETA
CASE_00001517,2026-04-10T17:54:13Z,REQ_0001891,OPERATIONAL_ETA
CASE_00001518,2025-12-09T15:20:46Z,REQ_0001892,OPERATIONAL_ETA
CASE_00001519,2026-03-07T18:37:42Z,REQ_0001893,OPERATIONAL_ETA
CASE_00001520,2025-09-11T02:02:08Z,REQ_0001894,OPERATIONAL_ETA
CASE_00001521,2026-04-12T19:36:26Z,REQ_0001895,OPERATIONAL_ETA
CASE_00001521,2026-04-11T11:33:02Z,REQ_0001896,OPERATIONAL_ETA
CASE_00001522,2026-02-24T11:35:35Z,REQ_0001897,OPERATIONAL_ETA
CASE_00001523,2025-10-06T00:42:39Z,REQ_0001898,RETRO_AUDIT
CASE_00001523,2025-10-05T02:04:53Z,REQ_0001899,OPERATIONAL_ETA
CASE_00001524,2025-10-09T05:39:58Z,REQ_0001900,OPERATIONAL_ETA
CASE_00001525,2026-04-20T08:18:24Z,REQ_0001901,PILOT_CHECK
CASE_00001526,2025-10-21T01:36:44Z,REQ_0001902,OPERATIONAL_ETA
CASE_00001527,2026-01-25T08:49:57Z,REQ_0001903,OPERATIONAL_ETA
CASE_00001527,2026-01-24T01:55:51Z,REQ_0001904,OPERATIONAL_ETA
CASE_00001528,2026-04-14T11:25:10Z,REQ_0001905,RETRO_AUDIT
CASE_00001529,2026-03-01T23:46:53Z,REQ_0001906,OPERATIONAL_ETA
CASE_00001529,2026-03-01T14:50:43Z,REQ_0001907,OPERATIONAL_ETA
CASE_00001530,2025-06-16T17:20:11Z,REQ_0001908,OPERATIONAL_ETA
CASE_00001531,2025-11-17T10:03:10Z,REQ_0001909,OPERATIONAL_ETA
CASE_00001532,2025-06-07T05:34:10Z,REQ_0001910,OPERATIONAL_ETA
CASE_00001532,2025-06-05T16:45:11Z,REQ_0001911,OPERATIONAL_ETA
CASE_00001533,2026-05-03T03:15:37Z,REQ_0001912,OPERATIONAL_ETA
CASE_00001534,2025-10-21T22:10:07Z,REQ_0001913,OPERATIONAL_ETA
CASE_00001534,2025-10-21T03:35:43Z,REQ_0001914,OPERATIONAL_ETA
CASE_00001535,2025-10-11T19:39:56Z,REQ_0001915,PILOT_CHECK
CASE_00001536,2025-09-09T13:41:10Z,REQ_0001916,OPERATIONAL_ETA
CASE_00001537,2025-11-19T07:47:43Z,REQ_0001917,OPERATIONAL_ETA
CASE_00001537,2025-11-17T20:06:51Z,REQ_0001918,PILOT_CHECK
CASE_00001538,2026-05-02T14:15:14Z,REQ_0001919,OPERATIONAL_ETA
CASE_00001539,2025-07-30T18:59:37Z,REQ_0001920,OPERATIONAL_ETA
CASE_00001539,2025-07-29T08:33:56Z,REQ_0001921,OPERATIONAL_ETA
CASE_00001540,2025-12-09T13:33:14Z,REQ_0001922,PILOT_CHECK
CASE_00001541,2025-09-06T12:15:58Z,REQ_0001923,OPERATIONAL_ETA
CASE_00001541,2025-09-05T17:03:18Z,REQ_0001924,OPERATIONAL_ETA
CASE_00001542,2026-04-23T07:51:31Z,REQ_0001925,OPERATIONAL_ETA
CASE_00001543,2025-07-16T14:34:34Z,REQ_0001926,OPERATIONAL_ETA
CASE_00001544,2025-09-02T00:51:51Z,REQ_0001927,OPERATIONAL_ETA
CASE_00001544,2025-08-31T18:22:25Z,REQ_0001928,OPERATIONAL_ETA
CASE_00001545,2025-06-03T08:28:25Z,REQ_0001929,OPERATIONAL_ETA
CASE_00001546,2025-08-27T11:00:23Z,REQ_0001930,PILOT_CHECK
CASE_00001547,2026-01-09T11:06:03Z,REQ_0001931,OPERATIONAL_ETA
CASE_00001547,2026-01-08T10:45:20Z,REQ_0001932,OPERATIONAL_ETA
CASE_00001548,2025-06-27T02:07:22Z,REQ_0001933,OPERATIONAL_ETA
CASE_00001549,2025-10-09T03:15:40Z,REQ_0001934,PILOT_CHECK
CASE_00001550,2026-03-22T10:44:27Z,REQ_0001935,OPERATIONAL_ETA
CASE_00001551,2025-09-06T20:27:45Z,REQ_0001936,OPERATIONAL_ETA
CASE_00001552,2026-01-21T15:54:27Z,REQ_0001937,OPERATIONAL_ETA
CASE_00001552,2026-01-20T15:12:22Z,REQ_0001938,OPERATIONAL_ETA
CASE_00001553,2026-02-14T09:23:48Z,REQ_0001939,OPERATIONAL_ETA
CASE_00001554,2025-12-15T05:38:17Z,REQ_0001940,OPERATIONAL_ETA
CASE_00001554,2025-12-12T21:41:02Z,REQ_0001941,OPERATIONAL_ETA
CASE_00001555,2025-08-28T20:43:44Z,REQ_0001942,OPERATIONAL_ETA
CASE_00001556,2026-05-07T22:24:18Z,REQ_0001943,OPERATIONAL_ETA
CASE_00001557,2025-12-20T16:26:46Z,REQ_0001944,OPERATIONAL_ETA
CASE_00001558,2026-05-29T07:28:53Z,REQ_0001945,OPERATIONAL_ETA
CASE_00001559,2026-04-14T18:50:21Z,REQ_0001946,PILOT_CHECK
CASE_00001560,2025-09-23T18:53:25Z,REQ_0001947,OPERATIONAL_ETA
CASE_00001560,2025-09-22T09:17:50Z,REQ_0001948,OPERATIONAL_ETA
CASE_00001561,2025-07-18T05:02:36Z,REQ_0001949,RETRO_AUDIT
CASE_00001562,2026-02-25T17:17:54Z,REQ_0001950,OPERATIONAL_ETA
CASE_00001563,2026-03-07T02:20:03Z,REQ_0001951,PILOT_CHECK
CASE_00001564,2025-12-13T18:06:02Z,REQ_0001952,OPERATIONAL_ETA
CASE_00001565,2025-06-25T01:12:44Z,REQ_0001953,OPERATIONAL_ETA
CASE_00001566,2026-01-29T09:42:27Z,REQ_0001954,OPERATIONAL_ETA
CASE_00001567,2025-12-10T13:49:03Z,REQ_0001955,RETRO_AUDIT
CASE_00001568,2026-04-02T21:25:47Z,REQ_0001956,OPERATIONAL_ETA
CASE_00001569,2025-12-04T22:49:28Z,REQ_0001957,OPERATIONAL_ETA
CASE_00001570,2026-01-22T11:45:00Z,REQ_0001958,OPERATIONAL_ETA
CASE_00001570,2026-01-21T22:33:52Z,REQ_0001959,OPERATIONAL_ETA
CASE_00001571,2025-12-27T19:15:58Z,REQ_0001960,RETRO_AUDIT
CASE_00001572,2026-03-03T12:43:05Z,REQ_0001961,OPERATIONAL_ETA
CASE_00001573,2025-11-30T17:52:12Z,REQ_0001962,OPERATIONAL_ETA
CASE_00001573,2025-11-30T15:02:31Z,REQ_0001963,OPERATIONAL_ETA
CASE_00001574,2026-02-15T08:43:57Z,REQ_0001964,OPERATIONAL_ETA
CASE_00001575,2025-06-16T15:45:34Z,REQ_0001965,RETRO_AUDIT
CASE_00001576,2026-05-28T07:12:16Z,REQ_0001966,RETRO_AUDIT
CASE_00001576,2026-05-27T18:04:37Z,REQ_0001967,PILOT_CHECK
CASE_00001577,2025-11-21T09:21:33Z,REQ_0001968,OPERATIONAL_ETA
CASE_00001578,2025-12-07T23:36:30Z,REQ_0001969,PILOT_CHECK
CASE_00001579,2025-07-04T18:18:37Z,REQ_0001970,OPERATIONAL_ETA
CASE_00001579,2025-07-03T19:13:23Z,REQ_0001971,OPERATIONAL_ETA
CASE_00001580,2026-03-21T11:46:39Z,REQ_0001972,OPERATIONAL_ETA
CASE_00001580,2026-03-20T18:04:07Z,REQ_0001973,OPERATIONAL_ETA
CASE_00001581,2025-09-04T17:28:30Z,REQ_0001974,OPERATIONAL_ETA
CASE_00001581,2025-09-04T08:47:41Z,REQ_0001975,OPERATIONAL_ETA
CASE_00001582,2026-01-25T12:22:19Z,REQ_0001976,RETRO_AUDIT
CASE_00001583,2025-12-18T13:07:03Z,REQ_0001977,OPERATIONAL_ETA
CASE_00001584,2025-11-10T21:41:32Z,REQ_0001978,OPERATIONAL_ETA
CASE_00001585,2026-01-10T16:28:14Z,REQ_0001979,OPERATIONAL_ETA
CASE_00001586,2025-10-13T14:05:29Z,REQ_0001980,RETRO_AUDIT
CASE_00001587,2026-03-25T03:51:57Z,REQ_0001981,OPERATIONAL_ETA
CASE_00001588,2025-11-11T23:12:31Z,REQ_0001982,OPERATIONAL_ETA
CASE_00001589,2025-07-13T06:55:16Z,REQ_0001983,OPERATIONAL_ETA
CASE_00001589,2025-07-12T20:54:54Z,REQ_0001984,OPERATIONAL_ETA
CASE_00001590,2026-03-27T12:26:42Z,REQ_0001985,OPERATIONAL_ETA
CASE_00001591,2025-08-21T02:34:52Z,REQ_0001986,OPERATIONAL_ETA
CASE_00001592,2025-09-08T05:08:52Z,REQ_0001987,OPERATIONAL_ETA
CASE_00001592,2025-09-07T02:17:30Z,REQ_0001988,OPERATIONAL_ETA
CASE_00001593,2026-03-14T12:26:44Z,REQ_0001989,PILOT_CHECK
CASE_00001593,2026-03-14T05:14:40Z,REQ_0001990,OPERATIONAL_ETA
CASE_00001594,2025-06-13T06:47:17Z,REQ_0001991,OPERATIONAL_ETA
CASE_00001595,2025-07-29T03:50:13Z,REQ_0001992,OPERATIONAL_ETA
CASE_00001596,2026-04-07T00:26:43Z,REQ_0001993,OPERATIONAL_ETA
CASE_00001597,2026-05-05T02:24:48Z,REQ_0001994,OPERATIONAL_ETA
CASE_00001598,2026-02-24T04:28:47Z,REQ_0001995,OPERATIONAL_ETA
CASE_00001599,2025-10-15T15:37:05Z,REQ_0001996,OPERATIONAL_ETA
CASE_00001600,2025-09-20T10:26:19Z,REQ_0001997,PILOT_CHECK
CASE_00001601,2025-09-04T18:16:54Z,REQ_0001998,OPERATIONAL_ETA
CASE_00001602,2025-07-11T23:59:42Z,REQ_0001999,OPERATIONAL_ETA
CASE_00001603,2025-12-10T14:38:45Z,REQ_0002000,OPERATIONAL_ETA
CASE_00001604,2025-10-02T01:14:02Z,REQ_0002001,PILOT_CHECK
CASE_00001605,2025-08-24T21:37:34Z,REQ_0002002,PILOT_CHECK
CASE_00001606,2025-06-19T11:08:55Z,REQ_0002003,OPERATIONAL_ETA
CASE_00001607,2025-08-11T23:23:46Z,REQ_0002004,OPERATIONAL_ETA
CASE_00001608,2025-11-30T19:41:31Z,REQ_0002005,PILOT_CHECK
CASE_00001609,2025-08-22T09:03:17Z,REQ_0002006,RETRO_AUDIT
CASE_00001610,2025-08-19T03:58:26Z,REQ_0002007,PILOT_CHECK
CASE_00001611,2025-10-14T20:45:33Z,REQ_0002008,OPERATIONAL_ETA
CASE_00001612,2025-07-03T20:18:34Z,REQ_0002009,PILOT_CHECK
CASE_00001613,2025-10-08T12:31:38Z,REQ_0002010,OPERATIONAL_ETA
CASE_00001614,2025-11-21T23:29:15Z,REQ_0002011,OPERATIONAL_ETA
CASE_00001615,2025-07-16T12:10:47Z,REQ_0002012,OPERATIONAL_ETA
CASE_00001616,2025-10-25T11:14:56Z,REQ_0002013,OPERATIONAL_ETA
CASE_00001617,2025-09-13T03:41:48Z,REQ_0002014,OPERATIONAL_ETA
CASE_00001618,2025-08-21T12:37:45Z,REQ_0002015,OPERATIONAL_ETA
CASE_00001619,2026-03-29T07:20:36Z,REQ_0002016,PILOT_CHECK
CASE_00001620,2025-08-09T13:22:32Z,REQ_0002017,OPERATIONAL_ETA
CASE_00001621,2025-11-08T08:26:20Z,REQ_0002018,OPERATIONAL_ETA
CASE_00001622,2025-06-29T19:50:29Z,REQ_0002019,OPERATIONAL_ETA
CASE_00001623,2025-09-22T17:07:43Z,REQ_0002020,OPERATIONAL_ETA
CASE_00001624,2025-09-11T02:30:13Z,REQ_0002021,PILOT_CHECK
CASE_00001625,2025-07-21T00:53:27Z,REQ_0002022,OPERATIONAL_ETA
CASE_00001626,2025-11-26T12:00:56Z,REQ_0002023,OPERATIONAL_ETA
CASE_00001627,2026-02-03T23:57:41Z,REQ_0002024,OPERATIONAL_ETA
CASE_00001628,2026-01-17T00:25:26Z,REQ_0002025,OPERATIONAL_ETA
CASE_00001629,2025-12-01T12:53:36Z,REQ_0002026,RETRO_AUDIT
CASE_00001630,2025-10-30T21:58:13Z,REQ_0002027,PILOT_CHECK
CASE_00001631,2025-11-24T05:38:47Z,REQ_0002028,OPERATIONAL_ETA
CASE_00001632,2026-03-09T16:16:23Z,REQ_0002029,OPERATIONAL_ETA
CASE_00001633,2025-09-27T15:10:31Z,REQ_0002030,OPERATIONAL_ETA
CASE_00001634,2025-09-20T20:39:58Z,REQ_0002031,PILOT_CHECK
CASE_00001635,2025-11-23T18:26:04Z,REQ_0002032,OPERATIONAL_ETA
CASE_00001636,2025-09-19T09:23:22Z,REQ_0002033,OPERATIONAL_ETA
CASE_00001637,2026-01-01T22:21:49Z,REQ_0002034,OPERATIONAL_ETA
CASE_00001638,2025-09-13T07:09:01Z,REQ_0002035,OPERATIONAL_ETA
CASE_00001639,2025-09-04T05:58:58Z,REQ_0002036,RETRO_AUDIT
CASE_00001640,2026-05-23T03:05:15Z,REQ_0002037,OPERATIONAL_ETA
CASE_00001641,2025-07-26T22:52:07Z,REQ_0002038,OPERATIONAL_ETA
CASE_00001642,2025-11-10T00:01:32Z,REQ_0002039,OPERATIONAL_ETA
CASE_00001643,2026-03-03T14:35:49Z,REQ_0002040,OPERATIONAL_ETA
CASE_00001644,2025-11-29T06:48:18Z,REQ_0002041,OPERATIONAL_ETA
CASE_00001645,2026-05-30T15:32:37Z,REQ_0002042,OPERATIONAL_ETA
CASE_00001646,2026-04-14T11:34:58Z,REQ_0002043,RETRO_AUDIT
CASE_00001647,2025-07-15T03:21:26Z,REQ_0002044,OPERATIONAL_ETA
CASE_00001648,2025-12-08T19:51:59Z,REQ_0002045,RETRO_AUDIT
CASE_00001649,2025-11-30T04:30:13Z,REQ_0002046,PILOT_CHECK
CASE_00001650,2026-02-04T07:28:32Z,REQ_0002047,OPERATIONAL_ETA
CASE_00001651,2026-01-28T07:18:49Z,REQ_0002048,RETRO_AUDIT
CASE_00001652,2025-11-01T11:32:10Z,REQ_0002049,OPERATIONAL_ETA
CASE_00001653,2025-06-20T03:31:59Z,REQ_0002050,OPERATIONAL_ETA
CASE_00001654,2025-08-03T09:50:24Z,REQ_0002051,OPERATIONAL_ETA
CASE_00001655,2026-03-27T19:11:18Z,REQ_0002052,OPERATIONAL_ETA
CASE_00001656,2026-05-14T03:18:52Z,REQ_0002053,OPERATIONAL_ETA
CASE_00001657,2026-05-31T11:54:46Z,REQ_0002054,RETRO_AUDIT
CASE_00001658,2026-01-18T22:49:25Z,REQ_0002055,OPERATIONAL_ETA
CASE_00001659,2025-06-26T23:42:10Z,REQ_0002056,OPERATIONAL_ETA
CASE_00001660,2025-07-15T17:22:22Z,REQ_0002057,OPERATIONAL_ETA
CASE_00001661,2025-11-11T06:24:17Z,REQ_0002058,RETRO_AUDIT
CASE_00001662,2025-10-23T12:38:41Z,REQ_0002059,OPERATIONAL_ETA
CASE_00001663,2025-09-07T04:18:11Z,REQ_0002060,OPERATIONAL_ETA
CASE_00001664,2026-04-08T12:33:35Z,REQ_0002061,PILOT_CHECK
CASE_00001665,2025-07-30T08:17:17Z,REQ_0002062,OPERATIONAL_ETA
CASE_00001666,2026-05-01T16:29:53Z,REQ_0002063,OPERATIONAL_ETA
CASE_00001667,2025-10-17T02:29:42Z,REQ_0002064,OPERATIONAL_ETA
CASE_00001668,2026-05-30T00:07:29Z,REQ_0002065,OPERATIONAL_ETA
CASE_00001669,2026-01-16T03:35:23Z,REQ_0002066,OPERATIONAL_ETA
CASE_00001670,2026-03-01T00:32:36Z,REQ_0002067,RETRO_AUDIT
CASE_00001671,2026-04-10T14:17:54Z,REQ_0002068,OPERATIONAL_ETA
CASE_00001672,2026-02-06T12:10:33Z,REQ_0002069,OPERATIONAL_ETA
CASE_00001673,2026-01-26T18:11:03Z,REQ_0002070,PILOT_CHECK
CASE_00001674,2025-06-20T10:35:01Z,REQ_0002071,OPERATIONAL_ETA
CASE_00001675,2025-11-02T20:14:53Z,REQ_0002072,OPERATIONAL_ETA
CASE_00001676,2026-04-29T10:35:57Z,REQ_0002073,OPERATIONAL_ETA
CASE_00001677,2026-03-11T18:50:35Z,REQ_0002074,RETRO_AUDIT
CASE_00001678,2025-09-30T23:18:04Z,REQ_0002075,PILOT_CHECK
CASE_00001679,2025-09-07T20:55:00Z,REQ_0002076,OPERATIONAL_ETA
CASE_00001680,2025-10-06T17:22:57Z,REQ_0002077,OPERATIONAL_ETA
CASE_00001681,2025-09-22T04:40:48Z,REQ_0002078,PILOT_CHECK
CASE_00001682,2026-03-20T18:06:33Z,REQ_0002079,OPERATIONAL_ETA
CASE_00001683,2026-04-05T05:49:32Z,REQ_0002080,OPERATIONAL_ETA
CASE_00001684,2025-12-06T00:12:41Z,REQ_0002081,OPERATIONAL_ETA
CASE_00001685,2026-02-04T00:10:02Z,REQ_0002082,PILOT_CHECK
CASE_00001686,2026-04-12T11:46:17Z,REQ_0002083,OPERATIONAL_ETA
CASE_00001687,2026-04-04T23:02:01Z,REQ_0002084,OPERATIONAL_ETA
CASE_00001688,2026-01-19T21:39:03Z,REQ_0002085,OPERATIONAL_ETA
CASE_00001689,2025-06-17T06:31:01Z,REQ_0002086,OPERATIONAL_ETA
CASE_00001690,2025-07-07T21:41:24Z,REQ_0002087,RETRO_AUDIT
CASE_00001691,2025-07-15T12:17:44Z,REQ_0002088,OPERATIONAL_ETA
CASE_00001692,2026-03-08T03:44:43Z,REQ_0002089,OPERATIONAL_ETA
CASE_00001693,2026-01-22T15:48:13Z,REQ_0002090,OPERATIONAL_ETA
CASE_00001694,2025-07-29T22:54:40Z,REQ_0002091,OPERATIONAL_ETA
CASE_00001695,2026-03-19T00:18:56Z,REQ_0002092,OPERATIONAL_ETA
CASE_00001696,2025-09-29T17:44:52Z,REQ_0002093,OPERATIONAL_ETA
CASE_00001697,2026-05-13T08:58:01Z,REQ_0002094,OPERATIONAL_ETA
CASE_00001698,2026-05-13T00:36:31Z,REQ_0002095,OPERATIONAL_ETA
CASE_00001699,2025-11-26T12:54:32Z,REQ_0002096,OPERATIONAL_ETA
CASE_00001700,2026-03-17T20:39:39Z,REQ_0002097,PILOT_CHECK
CASE_00001701,2026-05-16T10:57:25Z,REQ_0002098,OPERATIONAL_ETA
CASE_00001702,2025-08-29T22:36:02Z,REQ_0002099,OPERATIONAL_ETA
CASE_00001703,2026-04-12T01:14:38Z,REQ_0002100,OPERATIONAL_ETA
CASE_00001704,2025-12-23T08:22:01Z,REQ_0002101,OPERATIONAL_ETA
CASE_00001705,2025-06-20T19:37:45Z,REQ_0002102,OPERATIONAL_ETA
CASE_00001706,2026-04-14T10:36:49Z,REQ_0002103,OPERATIONAL_ETA
CASE_00001707,2025-06-28T13:04:02Z,REQ_0002104,OPERATIONAL_ETA
CASE_00001708,2025-09-28T03:06:43Z,REQ_0002105,RETRO_AUDIT
CASE_00001709,2026-05-10T13:30:27Z,REQ_0002106,OPERATIONAL_ETA
CASE_00001710,2026-04-29T02:41:30Z,REQ_0002107,RETRO_AUDIT
CASE_00001711,2025-07-31T12:45:54Z,REQ_0002108,OPERATIONAL_ETA
CASE_00001712,2025-07-31T08:01:29Z,REQ_0002109,OPERATIONAL_ETA
CASE_00001713,2026-03-31T11:33:02Z,REQ_0002110,OPERATIONAL_ETA
CASE_00001714,2025-10-27T00:59:08Z,REQ_0002111,OPERATIONAL_ETA
CASE_00001715,2026-06-01T17:23:57Z,REQ_0002112,PILOT_CHECK
CASE_00001716,2026-02-10T02:24:44Z,REQ_0002113,OPERATIONAL_ETA
CASE_00001717,2026-03-02T08:03:03Z,REQ_0002114,OPERATIONAL_ETA
CASE_00001718,2025-06-16T03:53:23Z,REQ_0002115,RETRO_AUDIT
CASE_00001719,2026-05-16T01:05:24Z,REQ_0002116,OPERATIONAL_ETA
CASE_00001720,2025-08-31T18:16:26Z,REQ_0002117,OPERATIONAL_ETA
CASE_00001721,2025-08-03T01:16:16Z,REQ_0002118,OPERATIONAL_ETA
CASE_00001722,2025-11-26T01:12:08Z,REQ_0002119,OPERATIONAL_ETA
CASE_00001723,2025-08-17T10:55:07Z,REQ_0002120,OPERATIONAL_ETA
CASE_00001724,2025-08-11T13:37:33Z,REQ_0002121,RETRO_AUDIT
CASE_00001725,2026-04-02T10:10:46Z,REQ_0002122,OPERATIONAL_ETA
CASE_00001726,2026-05-28T10:56:18Z,REQ_0002123,OPERATIONAL_ETA
CASE_00001727,2025-08-01T12:37:27Z,REQ_0002124,OPERATIONAL_ETA
CASE_00001728,2025-10-31T18:32:20Z,REQ_0002125,OPERATIONAL_ETA
CASE_00001729,2025-11-03T16:23:38Z,REQ_0002126,OPERATIONAL_ETA
CASE_00001730,2026-03-12T01:19:27Z,REQ_0002127,OPERATIONAL_ETA
CASE_00001731,2025-07-26T13:33:10Z,REQ_0002128,RETRO_AUDIT
CASE_00001732,2025-11-30T20:52:25Z,REQ_0002129,RETRO_AUDIT
CASE_00001733,2025-08-21T23:54:32Z,REQ_0002130,RETRO_AUDIT
CASE_00001734,2026-05-24T17:05:07Z,REQ_0002131,PILOT_CHECK
CASE_00001735,2025-09-28T00:32:04Z,REQ_0002132,OPERATIONAL_ETA
CASE_00001736,2025-12-25T02:43:42Z,REQ_0002133,OPERATIONAL_ETA
CASE_00001737,2025-07-29T13:25:25Z,REQ_0002134,OPERATIONAL_ETA
CASE_00001738,2025-11-04T09:45:53Z,REQ_0002135,OPERATIONAL_ETA
CASE_00001739,2025-11-29T19:53:12Z,REQ_0002136,OPERATIONAL_ETA
CASE_00001740,2026-04-20T10:38:32Z,REQ_0002137,OPERATIONAL_ETA
CASE_00001741,2025-09-08T12:31:44Z,REQ_0002138,PILOT_CHECK
CASE_00001742,2025-07-11T00:43:45Z,REQ_0002139,PILOT_CHECK
CASE_00001743,2026-02-26T01:58:23Z,REQ_0002140,OPERATIONAL_ETA
CASE_00001744,2025-11-16T18:22:02Z,REQ_0002141,RETRO_AUDIT
CASE_00001745,2025-07-18T23:24:00Z,REQ_0002142,OPERATIONAL_ETA
CASE_00001746,2026-02-20T12:50:11Z,REQ_0002143,OPERATIONAL_ETA
CASE_00001747,2026-02-04T23:54:43Z,REQ_0002144,OPERATIONAL_ETA
CASE_00001748,2026-01-17T16:49:12Z,REQ_0002145,OPERATIONAL_ETA
CASE_00001749,2026-04-24T19:43:18Z,REQ_0002146,OPERATIONAL_ETA
CASE_00001750,2026-03-23T02:16:59Z,REQ_0002147,RETRO_AUDIT
CASE_00001751,2026-04-13T05:03:49Z,REQ_0002148,OPERATIONAL_ETA
CASE_00001752,2026-03-09T01:58:14Z,REQ_0002149,OPERATIONAL_ETA
CASE_00001752,2026-03-08T12:33:19Z,REQ_0002150,OPERATIONAL_ETA
CASE_00001753,2026-02-19T11:55:00Z,REQ_0002151,OPERATIONAL_ETA
CASE_00001754,2026-04-08T02:45:51Z,REQ_0002152,OPERATIONAL_ETA
CASE_00001754,2026-04-07T08:06:49Z,REQ_0002153,OPERATIONAL_ETA
CASE_00001755,2024-04-08T21:17:16Z,REQ_0002154,OPERATIONAL_ETA
CASE_00001756,2024-02-02T01:55:06Z,REQ_0002155,OPERATIONAL_ETA
CASE_00001757,2024-03-14T08:46:26Z,REQ_0002156,OPERATIONAL_ETA
CASE_00001757,2024-03-12T08:10:20Z,REQ_0002157,OPERATIONAL_ETA
CASE_00001758,2024-04-09T10:38:52Z,REQ_0002158,OPERATIONAL_ETA
CASE_00001759,2024-06-23T02:28:36Z,REQ_0002159,OPERATIONAL_ETA
CASE_00001759,2024-06-20T17:19:29Z,REQ_0002160,OPERATIONAL_ETA
CASE_00001760,2024-05-22T11:31:35Z,REQ_0002161,OPERATIONAL_ETA
CASE_00001761,2024-07-23T19:06:42Z,REQ_0002162,OPERATIONAL_ETA
CASE_00001762,2024-02-12T14:29:23Z,REQ_0002163,OPERATIONAL_ETA
CASE_00001763,2024-07-21T17:48:59Z,REQ_0002164,RETRO_AUDIT
CASE_00001764,2024-08-01T19:14:50Z,REQ_0002165,RETRO_AUDIT
CASE_00001765,2024-02-27T18:02:13Z,REQ_0002166,OPERATIONAL_ETA
CASE_00001766,2024-02-26T15:30:37Z,REQ_0002167,RETRO_AUDIT
CASE_00001766,2024-02-25T07:26:52Z,REQ_0002168,RETRO_AUDIT
CASE_00001767,2024-07-10T20:20:37Z,REQ_0002169,OPERATIONAL_ETA
CASE_00001767,2024-07-09T20:51:14Z,REQ_0002170,OPERATIONAL_ETA
CASE_00001768,2024-01-26T08:57:58Z,REQ_0002171,RETRO_AUDIT
CASE_00001769,2024-01-28T05:56:03Z,REQ_0002172,OPERATIONAL_ETA
CASE_00001770,2024-07-03T06:07:33Z,REQ_0002173,OPERATIONAL_ETA
CASE_00001771,2024-07-26T01:58:57Z,REQ_0002174,OPERATIONAL_ETA
CASE_00001772,2024-03-25T12:05:50Z,REQ_0002175,OPERATIONAL_ETA
CASE_00001773,2024-07-13T00:32:24Z,REQ_0002176,OPERATIONAL_ETA
CASE_00001774,2024-01-26T15:58:34Z,REQ_0002177,OPERATIONAL_ETA
CASE_00001775,2024-04-16T10:23:52Z,REQ_0002178,OPERATIONAL_ETA
CASE_00001775,2024-04-13T17:32:34Z,REQ_0002179,OPERATIONAL_ETA
CASE_00001776,2024-06-25T05:02:28Z,REQ_0002180,OPERATIONAL_ETA
CASE_00001777,2024-02-10T01:09:43Z,REQ_0002181,RETRO_AUDIT
CASE_00001778,2024-05-02T08:06:46Z,REQ_0002182,OPERATIONAL_ETA
CASE_00001779,2024-02-15T02:38:17Z,REQ_0002183,OPERATIONAL_ETA
CASE_00001779,2024-02-14T13:39:26Z,REQ_0002184,OPERATIONAL_ETA
CASE_00001780,2024-03-28T04:10:22Z,REQ_0002185,OPERATIONAL_ETA
CASE_00001781,2024-03-04T22:36:58Z,REQ_0002186,OPERATIONAL_ETA
CASE_00001782,2024-05-20T06:14:03Z,REQ_0002187,OPERATIONAL_ETA
CASE_00001783,2024-01-23T00:46:58Z,REQ_0002188,OPERATIONAL_ETA
CASE_00001784,2024-06-28T21:04:31Z,REQ_0002189,OPERATIONAL_ETA
CASE_00001784,2024-06-26T20:47:47Z,REQ_0002190,OPERATIONAL_ETA
CASE_00001785,2024-04-06T20:25:24Z,REQ_0002191,OPERATIONAL_ETA
CASE_00001786,2024-01-24T01:24:12Z,REQ_0002192,OPERATIONAL_ETA
CASE_00001786,2024-01-22T08:55:06Z,REQ_0002193,OPERATIONAL_ETA
CASE_00001787,2024-05-21T19:07:39Z,REQ_0002194,OPERATIONAL_ETA
CASE_00001788,2024-05-03T13:35:12Z,REQ_0002195,PILOT_CHECK
CASE_00001788,2024-05-03T00:10:24Z,REQ_0002196,OPERATIONAL_ETA
CASE_00001789,2024-03-17T08:29:30Z,REQ_0002197,RETRO_AUDIT
CASE_00001790,2024-03-25T15:24:52Z,REQ_0002198,OPERATIONAL_ETA
CASE_00001791,2024-02-14T05:43:39Z,REQ_0002199,OPERATIONAL_ETA
CASE_00001792,2024-07-02T10:16:57Z,REQ_0002200,OPERATIONAL_ETA
CASE_00001793,2024-04-25T18:22:20Z,REQ_0002201,OPERATIONAL_ETA
CASE_00001793,2024-04-24T09:00:32Z,REQ_0002202,OPERATIONAL_ETA
CASE_00001794,2024-05-14T00:58:38Z,REQ_0002203,OPERATIONAL_ETA
CASE_00001795,2024-03-09T13:01:36Z,REQ_0002204,OPERATIONAL_ETA
CASE_00001796,2024-05-10T05:56:56Z,REQ_0002205,OPERATIONAL_ETA
CASE_00001796,2024-05-09T07:07:44Z,REQ_0002206,OPERATIONAL_ETA
CASE_00001797,2024-07-12T16:22:24Z,REQ_0002207,OPERATIONAL_ETA
CASE_00001797,2024-07-10T02:41:39Z,REQ_0002208,OPERATIONAL_ETA
CASE_00001798,2024-03-21T19:53:55Z,REQ_0002209,OPERATIONAL_ETA
CASE_00001799,2024-05-10T03:29:32Z,REQ_0002210,OPERATIONAL_ETA
CASE_00001800,2024-04-20T16:23:49Z,REQ_0002211,OPERATIONAL_ETA
CASE_00001801,2024-02-18T03:30:59Z,REQ_0002212,OPERATIONAL_ETA
CASE_00001802,2024-06-08T18:01:23Z,REQ_0002213,OPERATIONAL_ETA
CASE_00001803,2024-04-10T00:05:39Z,REQ_0002214,PILOT_CHECK
CASE_00001804,2024-04-12T18:37:43Z,REQ_0002215,OPERATIONAL_ETA
CASE_00001805,2024-05-31T04:14:40Z,REQ_0002216,RETRO_AUDIT
CASE_00001805,2024-05-27T22:43:30Z,REQ_0002217,OPERATIONAL_ETA
CASE_00001806,2024-04-11T04:05:55Z,REQ_0002218,PILOT_CHECK
CASE_00001807,2024-01-22T13:08:14Z,REQ_0002219,OPERATIONAL_ETA
CASE_00001808,2024-07-02T07:51:02Z,REQ_0002220,OPERATIONAL_ETA
CASE_00001809,2024-07-27T13:33:07Z,REQ_0002221,OPERATIONAL_ETA
CASE_00001810,2024-03-06T00:06:50Z,REQ_0002222,OPERATIONAL_ETA
CASE_00001810,2024-03-03T12:47:17Z,REQ_0002223,PILOT_CHECK
CASE_00001811,2024-04-15T06:04:36Z,REQ_0002224,OPERATIONAL_ETA
CASE_00001812,2024-05-10T20:27:17Z,REQ_0002225,RETRO_AUDIT
CASE_00001812,2024-05-09T21:59:32Z,REQ_0002226,OPERATIONAL_ETA
CASE_00001813,2024-06-07T03:22:08Z,REQ_0002227,RETRO_AUDIT
CASE_00001814,2024-02-02T02:09:40Z,REQ_0002228,OPERATIONAL_ETA
CASE_00001815,2024-05-16T10:46:01Z,REQ_0002229,OPERATIONAL_ETA
CASE_00001816,2024-07-30T07:59:26Z,REQ_0002230,OPERATIONAL_ETA
CASE_00001817,2024-07-04T13:37:34Z,REQ_0002231,OPERATIONAL_ETA
CASE_00001818,2024-02-18T19:03:32Z,REQ_0002232,OPERATIONAL_ETA
CASE_00001818,2024-02-17T05:24:13Z,REQ_0002233,PILOT_CHECK
CASE_00001819,2024-07-25T15:36:28Z,REQ_0002234,OPERATIONAL_ETA
CASE_00001820,2024-02-27T18:58:58Z,REQ_0002235,OPERATIONAL_ETA
CASE_00001821,2024-04-19T15:21:22Z,REQ_0002236,OPERATIONAL_ETA
CASE_00001822,2024-06-11T14:30:46Z,REQ_0002237,PILOT_CHECK
CASE_00001823,2024-03-29T22:37:48Z,REQ_0002238,OPERATIONAL_ETA
CASE_00001823,2024-03-29T18:27:20Z,REQ_0002239,PILOT_CHECK
CASE_00001824,2024-05-06T22:46:46Z,REQ_0002240,OPERATIONAL_ETA
CASE_00001825,2024-03-19T06:33:14Z,REQ_0002241,OPERATIONAL_ETA
CASE_00001826,2024-02-23T06:15:59Z,REQ_0002242,RETRO_AUDIT
CASE_00001827,2024-03-05T23:20:07Z,REQ_0002243,OPERATIONAL_ETA
CASE_00001828,2024-06-10T02:51:07Z,REQ_0002244,OPERATIONAL_ETA
CASE_00001829,2024-04-21T22:08:52Z,REQ_0002245,OPERATIONAL_ETA
CASE_00001830,2024-07-11T12:23:21Z,REQ_0002246,OPERATIONAL_ETA
CASE_00001830,2024-07-09T15:41:51Z,REQ_0002247,OPERATIONAL_ETA
CASE_00001831,2024-05-19T13:52:46Z,REQ_0002248,OPERATIONAL_ETA
CASE_00001832,2024-05-28T10:38:44Z,REQ_0002249,RETRO_AUDIT
CASE_00001833,2024-02-20T22:47:44Z,REQ_0002250,OPERATIONAL_ETA
CASE_00001834,2024-04-13T12:44:42Z,REQ_0002251,OPERATIONAL_ETA
CASE_00001835,2024-03-11T22:13:35Z,REQ_0002252,OPERATIONAL_ETA
CASE_00001836,2024-02-14T21:35:21Z,REQ_0002253,OPERATIONAL_ETA
CASE_00001837,2024-06-24T02:52:52Z,REQ_0002254,OPERATIONAL_ETA
CASE_00001838,2024-06-03T00:25:34Z,REQ_0002255,OPERATIONAL_ETA
CASE_00001838,2024-05-30T16:57:10Z,REQ_0002256,RETRO_AUDIT
CASE_00001839,2024-02-18T06:36:36Z,REQ_0002257,OPERATIONAL_ETA
CASE_00001840,2024-03-07T18:03:25Z,REQ_0002258,OPERATIONAL_ETA
CASE_00001841,2024-05-14T01:12:35Z,REQ_0002259,OPERATIONAL_ETA
CASE_00001842,2024-06-05T02:24:46Z,REQ_0002260,OPERATIONAL_ETA
CASE_00001843,2024-01-20T17:42:09Z,REQ_0002261,OPERATIONAL_ETA
CASE_00001844,2024-02-13T18:36:43Z,REQ_0002262,OPERATIONAL_ETA
CASE_00001844,2024-02-11T22:09:30Z,REQ_0002263,OPERATIONAL_ETA
CASE_00001845,2024-06-12T07:22:17Z,REQ_0002264,OPERATIONAL_ETA
CASE_00001845,2024-06-09T17:57:00Z,REQ_0002265,OPERATIONAL_ETA
CASE_00001846,2024-06-24T03:08:59Z,REQ_0002266,OPERATIONAL_ETA
CASE_00001846,2024-06-22T12:08:34Z,REQ_0002267,OPERATIONAL_ETA
CASE_00001847,2024-02-09T01:09:00Z,REQ_0002268,OPERATIONAL_ETA
CASE_00001848,2024-05-20T17:24:49Z,REQ_0002269,OPERATIONAL_ETA
CASE_00001849,2024-05-02T23:31:59Z,REQ_0002270,OPERATIONAL_ETA
CASE_00001849,2024-05-01T13:22:59Z,REQ_0002271,OPERATIONAL_ETA
CASE_00001850,2024-02-05T11:36:12Z,REQ_0002272,OPERATIONAL_ETA
CASE_00001851,2024-04-22T15:18:45Z,REQ_0002273,OPERATIONAL_ETA
CASE_00001851,2024-04-20T17:54:16Z,REQ_0002274,OPERATIONAL_ETA
CASE_00001852,2024-05-01T23:05:47Z,REQ_0002275,OPERATIONAL_ETA
CASE_00001853,2024-01-28T03:13:13Z,REQ_0002276,OPERATIONAL_ETA
CASE_00001854,2024-06-03T13:09:23Z,REQ_0002277,OPERATIONAL_ETA
CASE_00001854,2024-06-02T13:51:28Z,REQ_0002278,OPERATIONAL_ETA
CASE_00001855,2024-05-21T02:14:15Z,REQ_0002279,PILOT_CHECK
CASE_00001855,2024-05-18T23:15:58Z,REQ_0002280,OPERATIONAL_ETA
CASE_00001856,2024-05-27T05:51:23Z,REQ_0002281,PILOT_CHECK
CASE_00001856,2024-05-25T01:22:46Z,REQ_0002282,OPERATIONAL_ETA
CASE_00001857,2024-05-10T12:03:29Z,REQ_0002283,RETRO_AUDIT
CASE_00001858,2024-05-09T15:43:00Z,REQ_0002284,OPERATIONAL_ETA
CASE_00001858,2024-05-08T01:47:37Z,REQ_0002285,OPERATIONAL_ETA
CASE_00001859,2024-02-10T01:34:27Z,REQ_0002286,OPERATIONAL_ETA
CASE_00001860,2024-05-12T20:30:11Z,REQ_0002287,OPERATIONAL_ETA
CASE_00001860,2024-05-11T09:53:26Z,REQ_0002288,OPERATIONAL_ETA
CASE_00001861,2024-02-01T11:23:42Z,REQ_0002289,OPERATIONAL_ETA
CASE_00001862,2024-04-28T14:11:20Z,REQ_0002290,OPERATIONAL_ETA
CASE_00001862,2024-04-27T05:55:41Z,REQ_0002291,OPERATIONAL_ETA
CASE_00001863,2024-07-30T01:06:17Z,REQ_0002292,OPERATIONAL_ETA
CASE_00001863,2024-07-28T04:37:44Z,REQ_0002293,OPERATIONAL_ETA
CASE_00001864,2024-04-23T03:03:36Z,REQ_0002294,OPERATIONAL_ETA
CASE_00001865,2024-06-18T09:52:38Z,REQ_0002295,OPERATIONAL_ETA
CASE_00001865,2024-06-18T01:54:28Z,REQ_0002296,OPERATIONAL_ETA
CASE_00001866,2024-04-07T12:48:54Z,REQ_0002297,OPERATIONAL_ETA
CASE_00001867,2024-03-12T08:38:34Z,REQ_0002298,OPERATIONAL_ETA
CASE_00001867,2024-03-10T07:48:13Z,REQ_0002299,RETRO_AUDIT
CASE_00001868,2024-05-14T08:12:40Z,REQ_0002300,OPERATIONAL_ETA
CASE_00001868,2024-05-13T04:44:13Z,REQ_0002301,OPERATIONAL_ETA
CASE_00001869,2024-05-19T05:03:46Z,REQ_0002302,RETRO_AUDIT
CASE_00001870,2024-06-07T21:53:41Z,REQ_0002303,OPERATIONAL_ETA
CASE_00001871,2024-02-06T06:09:05Z,REQ_0002304,OPERATIONAL_ETA
CASE_00001872,2024-03-02T20:52:36Z,REQ_0002305,OPERATIONAL_ETA
CASE_00001873,2024-04-21T17:35:50Z,REQ_0002306,OPERATIONAL_ETA
CASE_00001874,2024-03-28T03:14:00Z,REQ_0002307,OPERATIONAL_ETA
CASE_00001875,2024-02-02T09:26:58Z,REQ_0002308,OPERATIONAL_ETA
CASE_00001875,2024-01-30T11:20:58Z,REQ_0002309,OPERATIONAL_ETA
CASE_00001876,2024-05-07T13:47:21Z,REQ_0002310,OPERATIONAL_ETA
CASE_00001877,2024-04-14T14:06:35Z,REQ_0002311,OPERATIONAL_ETA
CASE_00001878,2024-02-15T01:11:23Z,REQ_0002312,OPERATIONAL_ETA
CASE_00001879,2024-02-15T13:26:18Z,REQ_0002313,OPERATIONAL_ETA
CASE_00001880,2024-03-10T12:16:58Z,REQ_0002314,OPERATIONAL_ETA
CASE_00001881,2024-02-18T15:38:04Z,REQ_0002315,OPERATIONAL_ETA
CASE_00001882,2024-05-02T09:29:51Z,REQ_0002316,OPERATIONAL_ETA
CASE_00001883,2024-02-17T01:47:47Z,REQ_0002317,OPERATIONAL_ETA
CASE_00001884,2024-05-12T22:51:00Z,REQ_0002318,OPERATIONAL_ETA
CASE_00001885,2024-03-19T13:26:57Z,REQ_0002319,OPERATIONAL_ETA
CASE_00001885,2024-03-17T01:00:27Z,REQ_0002320,OPERATIONAL_ETA
CASE_00001886,2024-06-25T12:37:39Z,REQ_0002321,RETRO_AUDIT
CASE_00001887,2024-03-31T13:23:22Z,REQ_0002322,OPERATIONAL_ETA
CASE_00001888,2024-03-02T11:11:39Z,REQ_0002323,OPERATIONAL_ETA
CASE_00001889,2024-02-19T09:04:43Z,REQ_0002324,OPERATIONAL_ETA
CASE_00001890,2024-01-20T13:55:22Z,REQ_0002325,OPERATIONAL_ETA
CASE_00001890,2024-01-20T01:30:09Z,REQ_0002326,OPERATIONAL_ETA
CASE_00001891,2024-04-13T01:10:07Z,REQ_0002327,OPERATIONAL_ETA
CASE_00001891,2024-04-12T15:43:59Z,REQ_0002328,OPERATIONAL_ETA
CASE_00001892,2024-01-30T06:02:26Z,REQ_0002329,OPERATIONAL_ETA
CASE_00001893,2024-04-18T04:56:08Z,REQ_0002330,OPERATIONAL_ETA
CASE_00001894,2024-04-12T05:12:57Z,REQ_0002331,OPERATIONAL_ETA
CASE_00001894,2024-04-10T14:54:52Z,REQ_0002332,OPERATIONAL_ETA
CASE_00001895,2024-05-10T17:54:55Z,REQ_0002333,OPERATIONAL_ETA
CASE_00001895,2024-05-09T04:19:44Z,REQ_0002334,OPERATIONAL_ETA
CASE_00001896,2024-06-29T06:38:51Z,REQ_0002335,OPERATIONAL_ETA
CASE_00001897,2024-03-26T22:40:57Z,REQ_0002336,PILOT_CHECK
CASE_00001897,2024-03-24T18:13:02Z,REQ_0002337,OPERATIONAL_ETA
CASE_00001898,2024-07-19T16:55:21Z,REQ_0002338,OPERATIONAL_ETA
CASE_00001898,2024-07-17T14:24:11Z,REQ_0002339,OPERATIONAL_ETA
CASE_00001899,2024-06-26T06:45:38Z,REQ_0002340,PILOT_CHECK
CASE_00001900,2024-07-26T07:59:14Z,REQ_0002341,OPERATIONAL_ETA
CASE_00001901,2024-06-20T14:10:48Z,REQ_0002342,OPERATIONAL_ETA
CASE_00001901,2024-06-20T01:16:29Z,REQ_0002343,OPERATIONAL_ETA
CASE_00001902,2024-05-02T07:56:57Z,REQ_0002344,OPERATIONAL_ETA
CASE_00001903,2024-06-26T13:37:29Z,REQ_0002345,PILOT_CHECK
CASE_00001904,2024-07-25T04:40:59Z,REQ_0002346,OPERATIONAL_ETA
CASE_00001904,2024-07-22T22:27:11Z,REQ_0002347,PILOT_CHECK
CASE_00001905,2024-07-04T05:12:46Z,REQ_0002348,RETRO_AUDIT
CASE_00001906,2024-05-25T08:45:33Z,REQ_0002349,OPERATIONAL_ETA
CASE_00001907,2024-07-01T10:59:00Z,REQ_0002350,OPERATIONAL_ETA
CASE_00001908,2024-03-21T07:08:49Z,REQ_0002351,OPERATIONAL_ETA
CASE_00001908,2024-03-17T14:42:23Z,REQ_0002352,OPERATIONAL_ETA
CASE_00001909,2024-01-23T04:47:27Z,REQ_0002353,OPERATIONAL_ETA
CASE_00001910,2024-05-03T12:29:19Z,REQ_0002354,OPERATIONAL_ETA
CASE_00001910,2024-05-02T02:48:00Z,REQ_0002355,OPERATIONAL_ETA
CASE_00001911,2024-05-29T10:41:45Z,REQ_0002356,OPERATIONAL_ETA
CASE_00001912,2024-03-16T12:52:16Z,REQ_0002357,OPERATIONAL_ETA
CASE_00001913,2024-07-29T12:07:38Z,REQ_0002358,OPERATIONAL_ETA
CASE_00001914,2024-06-06T07:34:13Z,REQ_0002359,OPERATIONAL_ETA
CASE_00001915,2024-06-20T05:14:42Z,REQ_0002360,OPERATIONAL_ETA
CASE_00001916,2024-07-15T20:01:28Z,REQ_0002361,OPERATIONAL_ETA
CASE_00001916,2024-07-15T00:46:55Z,REQ_0002362,OPERATIONAL_ETA
CASE_00001917,2024-06-15T18:26:10Z,REQ_0002363,OPERATIONAL_ETA
CASE_00001917,2024-06-14T17:01:13Z,REQ_0002364,OPERATIONAL_ETA
CASE_00001918,2024-06-16T22:37:15Z,REQ_0002365,OPERATIONAL_ETA
CASE_00001919,2024-04-25T10:38:27Z,REQ_0002366,OPERATIONAL_ETA
CASE_00001919,2024-04-23T14:16:23Z,REQ_0002367,PILOT_CHECK
CASE_00001920,2024-03-03T06:54:47Z,REQ_0002368,OPERATIONAL_ETA
CASE_00001920,2024-03-01T18:25:24Z,REQ_0002369,RETRO_AUDIT
CASE_00001921,2024-03-17T14:23:51Z,REQ_0002370,RETRO_AUDIT
CASE_00001922,2024-07-24T03:23:37Z,REQ_0002371,PILOT_CHECK
CASE_00001923,2024-03-19T14:54:23Z,REQ_0002372,OPERATIONAL_ETA
CASE_00001923,2024-03-16T03:43:28Z,REQ_0002373,PILOT_CHECK
CASE_00001924,2024-06-15T23:22:20Z,REQ_0002374,OPERATIONAL_ETA
CASE_00001924,2024-06-15T02:22:11Z,REQ_0002375,OPERATIONAL_ETA
CASE_00001925,2024-03-15T03:57:45Z,REQ_0002376,RETRO_AUDIT
CASE_00001926,2024-04-02T03:52:54Z,REQ_0002377,OPERATIONAL_ETA
CASE_00001927,2024-04-07T02:12:58Z,REQ_0002378,OPERATIONAL_ETA
CASE_00001928,2024-07-01T04:27:18Z,REQ_0002379,OPERATIONAL_ETA
CASE_00001929,2024-03-29T14:46:26Z,REQ_0002380,OPERATIONAL_ETA
CASE_00001930,2024-04-05T13:15:17Z,REQ_0002381,OPERATIONAL_ETA
CASE_00001931,2024-01-23T07:24:04Z,REQ_0002382,PILOT_CHECK
CASE_00001932,2024-04-25T05:28:24Z,REQ_0002383,OPERATIONAL_ETA
CASE_00001933,2024-06-01T04:05:17Z,REQ_0002384,OPERATIONAL_ETA
CASE_00001934,2024-03-19T08:55:23Z,REQ_0002385,OPERATIONAL_ETA
CASE_00001935,2024-03-18T02:34:25Z,REQ_0002386,RETRO_AUDIT
CASE_00001935,2024-03-16T13:33:05Z,REQ_0002387,OPERATIONAL_ETA
CASE_00001936,2024-02-16T16:46:09Z,REQ_0002388,OPERATIONAL_ETA
CASE_00001936,2024-02-13T15:51:50Z,REQ_0002389,OPERATIONAL_ETA
CASE_00001937,2024-01-24T20:27:08Z,REQ_0002390,OPERATIONAL_ETA
CASE_00001938,2024-06-08T02:16:36Z,REQ_0002391,OPERATIONAL_ETA
CASE_00001939,2024-05-26T15:17:03Z,REQ_0002392,PILOT_CHECK
CASE_00001939,2024-05-24T14:54:29Z,REQ_0002393,OPERATIONAL_ETA
CASE_00001940,2024-02-25T07:26:02Z,REQ_0002394,PILOT_CHECK
CASE_00001941,2024-02-03T04:11:55Z,REQ_0002395,OPERATIONAL_ETA
CASE_00001942,2024-05-21T08:06:36Z,REQ_0002396,OPERATIONAL_ETA
CASE_00001942,2024-05-18T07:21:39Z,REQ_0002397,OPERATIONAL_ETA
CASE_00001943,2024-07-10T03:07:37Z,REQ_0002398,OPERATIONAL_ETA
CASE_00001943,2024-07-09T08:13:21Z,REQ_0002399,OPERATIONAL_ETA
CASE_00001944,2024-08-05T09:21:36Z,REQ_0002400,PILOT_CHECK
CASE_00001944,2024-08-03T16:26:35Z,REQ_0002401,OPERATIONAL_ETA
CASE_00001945,2024-06-12T09:47:07Z,REQ_0002402,OPERATIONAL_ETA
CASE_00001946,2024-02-17T23:00:12Z,REQ_0002403,OPERATIONAL_ETA
CASE_00001947,2024-06-18T21:25:47Z,REQ_0002404,OPERATIONAL_ETA
CASE_00001948,2024-07-02T15:32:11Z,REQ_0002405,OPERATIONAL_ETA
CASE_00001949,2024-02-29T22:38:57Z,REQ_0002406,OPERATIONAL_ETA
CASE_00001950,2024-03-20T13:06:42Z,REQ_0002407,OPERATIONAL_ETA
CASE_00001951,2024-05-13T08:09:46Z,REQ_0002408,OPERATIONAL_ETA
CASE_00001951,2024-05-09T11:29:57Z,REQ_0002409,OPERATIONAL_ETA
CASE_00001952,2024-03-25T17:33:32Z,REQ_0002410,RETRO_AUDIT
CASE_00001953,2024-02-28T02:17:35Z,REQ_0002411,OPERATIONAL_ETA
CASE_00001954,2024-05-01T13:10:15Z,REQ_0002412,OPERATIONAL_ETA
CASE_00001955,2024-07-18T04:39:13Z,REQ_0002413,OPERATIONAL_ETA
CASE_00001956,2024-01-22T20:37:20Z,REQ_0002414,OPERATIONAL_ETA
CASE_00001956,2024-01-20T15:23:47Z,REQ_0002415,OPERATIONAL_ETA
CASE_00001957,2024-07-16T08:50:12Z,REQ_0002416,OPERATIONAL_ETA
CASE_00001957,2024-07-15T09:02:01Z,REQ_0002417,OPERATIONAL_ETA
CASE_00001958,2024-03-15T22:11:58Z,REQ_0002418,OPERATIONAL_ETA
CASE_00001958,2024-03-14T06:59:10Z,REQ_0002419,OPERATIONAL_ETA
CASE_00001959,2024-07-28T07:10:26Z,REQ_0002420,PILOT_CHECK
CASE_00001960,2024-02-17T01:41:39Z,REQ_0002421,OPERATIONAL_ETA
CASE_00001961,2024-01-23T09:02:10Z,REQ_0002422,OPERATIONAL_ETA
CASE_00001962,2024-05-26T15:55:14Z,REQ_0002423,OPERATIONAL_ETA
CASE_00001963,2024-04-04T20:58:08Z,REQ_0002424,OPERATIONAL_ETA
CASE_00001963,2024-04-03T04:53:22Z,REQ_0002425,OPERATIONAL_ETA
CASE_00001964,2024-05-25T01:58:33Z,REQ_0002426,OPERATIONAL_ETA
CASE_00001965,2024-02-08T14:27:51Z,REQ_0002427,OPERATIONAL_ETA
CASE_00001965,2024-02-07T02:25:40Z,REQ_0002428,OPERATIONAL_ETA
CASE_00001966,2024-05-24T17:00:29Z,REQ_0002429,OPERATIONAL_ETA
CASE_00001966,2024-05-23T17:34:18Z,REQ_0002430,PILOT_CHECK
CASE_00001967,2024-06-19T05:53:55Z,REQ_0002431,OPERATIONAL_ETA
CASE_00001968,2024-07-23T11:14:26Z,REQ_0002432,OPERATIONAL_ETA
CASE_00001968,2024-07-21T01:48:40Z,REQ_0002433,OPERATIONAL_ETA
CASE_00001969,2024-07-11T09:44:51Z,REQ_0002434,OPERATIONAL_ETA
CASE_00001970,2024-06-22T20:48:15Z,REQ_0002435,OPERATIONAL_ETA
CASE_00001971,2024-02-26T19:13:53Z,REQ_0002436,OPERATIONAL_ETA
CASE_00001971,2024-02-23T18:49:03Z,REQ_0002437,OPERATIONAL_ETA
CASE_00001972,2024-02-25T21:00:30Z,REQ_0002438,OPERATIONAL_ETA
CASE_00001972,2024-02-24T22:05:59Z,REQ_0002439,OPERATIONAL_ETA
CASE_00001973,2024-06-22T14:30:57Z,REQ_0002440,OPERATIONAL_ETA
CASE_00001974,2024-04-18T13:39:28Z,REQ_0002441,OPERATIONAL_ETA
CASE_00001975,2024-07-22T16:30:43Z,REQ_0002442,OPERATIONAL_ETA
CASE_00001976,2024-01-17T19:28:49Z,REQ_0002443,OPERATIONAL_ETA
CASE_00001977,2024-06-09T15:34:29Z,REQ_0002444,OPERATIONAL_ETA
CASE_00001977,2024-06-08T14:12:53Z,REQ_0002445,RETRO_AUDIT
CASE_00001978,2024-07-31T00:01:55Z,REQ_0002446,OPERATIONAL_ETA
CASE_00001979,2024-01-19T18:00:28Z,REQ_0002447,OPERATIONAL_ETA
CASE_00001980,2024-02-01T22:03:53Z,REQ_0002448,OPERATIONAL_ETA
CASE_00001981,2024-04-19T22:26:33Z,REQ_0002449,OPERATIONAL_ETA
CASE_00001982,2024-05-11T14:05:44Z,REQ_0002450,OPERATIONAL_ETA
CASE_00001983,2024-03-17T01:54:36Z,REQ_0002451,OPERATIONAL_ETA
CASE_00001983,2024-03-13T06:57:47Z,REQ_0002452,RETRO_AUDIT
CASE_00001984,2024-04-20T23:38:35Z,REQ_0002453,OPERATIONAL_ETA
CASE_00001984,2024-04-20T07:24:50Z,REQ_0002454,OPERATIONAL_ETA
CASE_00001985,2024-04-14T18:35:27Z,REQ_0002455,RETRO_AUDIT
CASE_00001986,2024-01-22T01:00:53Z,REQ_0002456,OPERATIONAL_ETA
CASE_00001987,2024-04-08T10:11:06Z,REQ_0002457,OPERATIONAL_ETA
CASE_00001988,2024-02-28T00:52:26Z,REQ_0002458,PILOT_CHECK
CASE_00001989,2024-08-01T21:44:41Z,REQ_0002459,RETRO_AUDIT
CASE_00001990,2024-03-12T19:34:46Z,REQ_0002460,OPERATIONAL_ETA
CASE_00001991,2024-05-16T05:52:26Z,REQ_0002461,PILOT_CHECK
CASE_00001992,2024-03-18T20:54:16Z,REQ_0002462,OPERATIONAL_ETA
CASE_00001992,2024-03-17T17:46:44Z,REQ_0002463,OPERATIONAL_ETA
CASE_00001993,2024-03-29T08:30:21Z,REQ_0002464,OPERATIONAL_ETA
CASE_00001994,2024-03-03T05:39:50Z,REQ_0002465,OPERATIONAL_ETA
CASE_00001995,2024-04-15T13:54:27Z,REQ_0002466,OPERATIONAL_ETA
CASE_00001996,2024-03-14T22:44:57Z,REQ_0002467,OPERATIONAL_ETA
CASE_00001997,2024-03-07T05:31:30Z,REQ_0002468,OPERATIONAL_ETA
CASE_00001998,2024-04-24T01:53:00Z,REQ_0002469,OPERATIONAL_ETA
CASE_00001999,2024-07-25T12:00:42Z,REQ_0002470,PILOT_CHECK
CASE_00001999,2024-07-24T12:22:13Z,REQ_0002471,RETRO_AUDIT
CASE_00002000,2024-03-19T23:48:01Z,REQ_0002472,PILOT_CHECK
CASE_00002001,2024-06-21T07:23:54Z,REQ_0002473,OPERATIONAL_ETA
CASE_00002001,2024-06-17T22:06:59Z,REQ_0002474,PILOT_CHECK
CASE_00002002,2024-06-01T02:38:30Z,REQ_0002475,OPERATIONAL_ETA
CASE_00002003,2024-04-30T04:15:52Z,REQ_0002476,OPERATIONAL_ETA
CASE_00002004,2024-05-08T04:13:14Z,REQ_0002477,RETRO_AUDIT
CASE_00002004,2024-05-06T18:18:17Z,REQ_0002478,OPERATIONAL_ETA
CASE_00002005,2024-02-08T20:04:48Z,REQ_0002479,OPERATIONAL_ETA
CASE_00002006,2024-03-27T10:00:19Z,REQ_0002480,OPERATIONAL_ETA
CASE_00002006,2024-03-26T11:39:32Z,REQ_0002481,OPERATIONAL_ETA
CASE_00002007,2024-01-24T10:35:18Z,REQ_0002482,OPERATIONAL_ETA
CASE_00002007,2024-01-22T19:19:22Z,REQ_0002483,OPERATIONAL_ETA
CASE_00002008,2024-05-29T17:58:39Z,REQ_0002484,OPERATIONAL_ETA
CASE_00002009,2024-05-18T08:19:28Z,REQ_0002485,OPERATIONAL_ETA
CASE_00002010,2024-02-13T16:53:42Z,REQ_0002486,OPERATIONAL_ETA
CASE_00002011,2024-02-08T22:45:12Z,REQ_0002487,OPERATIONAL_ETA
CASE_00002011,2024-02-06T00:30:52Z,REQ_0002488,PILOT_CHECK
CASE_00002012,2024-08-01T12:38:20Z,REQ_0002489,OPERATIONAL_ETA
CASE_00002012,2024-07-30T00:59:33Z,REQ_0002490,OPERATIONAL_ETA
CASE_00002013,2024-05-14T13:51:22Z,REQ_0002491,OPERATIONAL_ETA
CASE_00002014,2024-07-06T02:38:25Z,REQ_0002492,OPERATIONAL_ETA
CASE_00002015,2024-05-11T00:30:17Z,REQ_0002493,RETRO_AUDIT
CASE_00002016,2024-02-29T03:33:45Z,REQ_0002494,RETRO_AUDIT
CASE_00002016,2024-02-27T03:15:13Z,REQ_0002495,PILOT_CHECK
CASE_00002017,2024-05-29T14:48:03Z,REQ_0002496,OPERATIONAL_ETA
CASE_00002017,2024-05-28T05:52:55Z,REQ_0002497,OPERATIONAL_ETA
CASE_00002018,2024-06-12T14:43:31Z,REQ_0002498,OPERATIONAL_ETA
CASE_00002018,2024-06-11T12:33:52Z,REQ_0002499,PILOT_CHECK
CASE_00002019,2024-07-03T16:51:38Z,REQ_0002500,PILOT_CHECK
CASE_00002020,2024-04-08T21:48:18Z,REQ_0002501,RETRO_AUDIT
CASE_00002020,2024-04-06T05:46:16Z,REQ_0002502,OPERATIONAL_ETA
CASE_00002021,2024-03-27T19:52:38Z,REQ_0002503,OPERATIONAL_ETA
CASE_00002022,2024-04-30T18:44:16Z,REQ_0002504,OPERATIONAL_ETA
CASE_00002023,2024-06-05T15:35:17Z,REQ_0002505,RETRO_AUDIT
CASE_00002023,2024-06-02T04:02:12Z,REQ_0002506,RETRO_AUDIT
CASE_00002024,2024-06-07T11:28:34Z,REQ_0002507,OPERATIONAL_ETA
CASE_00002024,2024-06-04T18:52:02Z,REQ_0002508,OPERATIONAL_ETA
CASE_00002025,2024-07-05T06:01:26Z,REQ_0002509,RETRO_AUDIT
CASE_00002026,2024-05-17T08:21:10Z,REQ_0002510,OPERATIONAL_ETA
CASE_00002027,2024-05-29T09:19:12Z,REQ_0002511,OPERATIONAL_ETA
CASE_00002027,2024-05-27T20:36:32Z,REQ_0002512,OPERATIONAL_ETA
CASE_00002028,2024-03-20T10:04:31Z,REQ_0002513,PILOT_CHECK
CASE_00002029,2024-03-18T09:09:28Z,REQ_0002514,OPERATIONAL_ETA
CASE_00002030,2024-06-11T20:49:04Z,REQ_0002515,OPERATIONAL_ETA
CASE_00002030,2024-06-10T00:07:48Z,REQ_0002516,OPERATIONAL_ETA
CASE_00002031,2024-07-18T00:52:37Z,REQ_0002517,OPERATIONAL_ETA
CASE_00002032,2024-02-02T20:04:24Z,REQ_0002518,PILOT_CHECK
CASE_00002032,2024-02-01T10:30:00Z,REQ_0002519,OPERATIONAL_ETA
CASE_00002033,2024-04-27T04:21:00Z,REQ_0002520,RETRO_AUDIT
CASE_00002034,2024-03-29T03:53:04Z,REQ_0002521,OPERATIONAL_ETA
CASE_00002034,2024-03-26T21:58:44Z,REQ_0002522,OPERATIONAL_ETA
CASE_00002035,2024-02-11T01:52:24Z,REQ_0002523,OPERATIONAL_ETA
CASE_00002036,2024-05-19T08:32:08Z,REQ_0002524,OPERATIONAL_ETA
CASE_00002037,2024-03-18T20:14:45Z,REQ_0002525,OPERATIONAL_ETA
CASE_00002038,2024-02-12T12:00:23Z,REQ_0002526,OPERATIONAL_ETA
CASE_00002039,2024-07-07T01:17:56Z,REQ_0002527,OPERATIONAL_ETA
CASE_00002039,2024-07-06T05:28:18Z,REQ_0002528,OPERATIONAL_ETA
CASE_00002040,2024-03-05T13:00:14Z,REQ_0002529,OPERATIONAL_ETA
CASE_00002041,2024-05-04T15:36:02Z,REQ_0002530,PILOT_CHECK
CASE_00002042,2024-04-16T22:26:25Z,REQ_0002531,RETRO_AUDIT
CASE_00002043,2024-05-18T17:10:26Z,REQ_0002532,OPERATIONAL_ETA
CASE_00002044,2024-01-28T15:07:55Z,REQ_0002533,OPERATIONAL_ETA
CASE_00002044,2024-01-26T00:03:33Z,REQ_0002534,OPERATIONAL_ETA
CASE_00002045,2024-07-11T13:00:13Z,REQ_0002535,OPERATIONAL_ETA
CASE_00002045,2024-07-08T12:37:18Z,REQ_0002536,RETRO_AUDIT
CASE_00002046,2024-06-05T09:06:56Z,REQ_0002537,OPERATIONAL_ETA
CASE_00002047,2024-06-22T10:10:41Z,REQ_0002538,OPERATIONAL_ETA
CASE_00002048,2024-02-05T06:15:39Z,REQ_0002539,OPERATIONAL_ETA
CASE_00002049,2024-02-15T03:04:04Z,REQ_0002540,OPERATIONAL_ETA
CASE_00002050,2024-07-02T03:18:40Z,REQ_0002541,OPERATIONAL_ETA
CASE_00002051,2024-06-25T16:54:16Z,REQ_0002542,OPERATIONAL_ETA
CASE_00002052,2024-03-11T07:28:14Z,REQ_0002543,OPERATIONAL_ETA
CASE_00002053,2024-03-25T01:35:06Z,REQ_0002544,OPERATIONAL_ETA
CASE_00002053,2024-03-23T21:51:17Z,REQ_0002545,PILOT_CHECK
CASE_00002054,2024-05-28T22:40:53Z,REQ_0002546,OPERATIONAL_ETA
CASE_00002055,2024-02-09T21:25:21Z,REQ_0002547,OPERATIONAL_ETA
CASE_00002056,2024-01-17T13:06:39Z,REQ_0002548,OPERATIONAL_ETA
CASE_00002057,2024-04-26T08:05:02Z,REQ_0002549,OPERATIONAL_ETA
CASE_00002058,2024-06-22T11:13:50Z,REQ_0002550,OPERATIONAL_ETA
CASE_00002059,2024-02-25T04:09:17Z,REQ_0002551,RETRO_AUDIT
CASE_00002059,2024-02-24T05:29:46Z,REQ_0002552,RETRO_AUDIT
CASE_00002060,2024-05-23T01:14:57Z,REQ_0002553,OPERATIONAL_ETA
CASE_00002061,2024-02-14T16:10:12Z,REQ_0002554,OPERATIONAL_ETA
CASE_00002062,2024-03-26T20:28:35Z,REQ_0002555,OPERATIONAL_ETA
CASE_00002062,2024-03-25T00:51:52Z,REQ_0002556,OPERATIONAL_ETA
CASE_00002063,2024-03-08T15:07:02Z,REQ_0002557,OPERATIONAL_ETA
CASE_00002064,2024-02-08T15:37:26Z,REQ_0002558,OPERATIONAL_ETA
CASE_00002065,2024-03-27T01:17:19Z,REQ_0002559,OPERATIONAL_ETA
CASE_00002066,2024-05-08T19:25:37Z,REQ_0002560,OPERATIONAL_ETA
CASE_00002067,2024-03-27T21:16:49Z,REQ_0002561,OPERATIONAL_ETA
CASE_00002068,2024-05-19T05:41:42Z,REQ_0002562,OPERATIONAL_ETA
CASE_00002069,2024-07-16T05:45:03Z,REQ_0002563,OPERATIONAL_ETA
CASE_00002070,2024-06-16T09:37:36Z,REQ_0002564,OPERATIONAL_ETA
CASE_00002071,2024-05-14T13:53:29Z,REQ_0002565,OPERATIONAL_ETA
CASE_00002071,2024-05-12T11:43:29Z,REQ_0002566,OPERATIONAL_ETA
CASE_00002072,2024-01-23T06:20:30Z,REQ_0002567,OPERATIONAL_ETA
CASE_00002073,2024-03-30T04:43:04Z,REQ_0002568,OPERATIONAL_ETA
CASE_00002074,2024-06-28T12:11:57Z,REQ_0002569,OPERATIONAL_ETA
CASE_00002075,2024-04-21T04:07:55Z,REQ_0002570,PILOT_CHECK
CASE_00002076,2024-02-13T01:47:06Z,REQ_0002571,PILOT_CHECK
CASE_00002077,2024-03-13T13:28:23Z,REQ_0002572,PILOT_CHECK
CASE_00002078,2024-02-27T06:23:20Z,REQ_0002573,OPERATIONAL_ETA
CASE_00002079,2024-06-06T13:28:15Z,REQ_0002574,OPERATIONAL_ETA
CASE_00002080,2024-03-06T19:53:42Z,REQ_0002575,OPERATIONAL_ETA
CASE_00002080,2024-03-04T11:24:27Z,REQ_0002576,PILOT_CHECK
CASE_00002081,2024-04-14T21:52:27Z,REQ_0002577,OPERATIONAL_ETA
CASE_00002082,2024-07-16T19:03:01Z,REQ_0002578,OPERATIONAL_ETA
CASE_00002082,2024-07-14T23:23:00Z,REQ_0002579,OPERATIONAL_ETA
CASE_00002083,2024-03-17T01:23:15Z,REQ_0002580,RETRO_AUDIT
CASE_00002084,2024-02-10T17:59:53Z,REQ_0002581,OPERATIONAL_ETA
CASE_00002084,2024-02-10T00:36:34Z,REQ_0002582,OPERATIONAL_ETA
CASE_00002085,2024-06-11T01:16:49Z,REQ_0002583,OPERATIONAL_ETA
CASE_00002086,2024-03-26T06:06:45Z,REQ_0002584,OPERATIONAL_ETA
CASE_00002087,2024-04-09T09:02:22Z,REQ_0002585,OPERATIONAL_ETA
CASE_00002088,2024-03-05T15:11:23Z,REQ_0002586,RETRO_AUDIT
CASE_00002088,2024-03-04T08:53:58Z,REQ_0002587,OPERATIONAL_ETA
CASE_00002089,2024-07-12T20:51:30Z,REQ_0002588,OPERATIONAL_ETA
CASE_00002089,2024-07-10T13:29:35Z,REQ_0002589,OPERATIONAL_ETA
CASE_00002090,2024-06-20T13:32:14Z,REQ_0002590,OPERATIONAL_ETA
CASE_00002091,2024-02-08T13:00:41Z,REQ_0002591,OPERATIONAL_ETA
CASE_00002092,2024-03-15T07:24:54Z,REQ_0002592,OPERATIONAL_ETA
CASE_00002093,2024-06-12T22:52:57Z,REQ_0002593,OPERATIONAL_ETA
CASE_00002093,2024-06-12T00:03:35Z,REQ_0002594,OPERATIONAL_ETA
CASE_00002094,2024-07-14T14:47:57Z,REQ_0002595,OPERATIONAL_ETA
CASE_00002095,2024-01-31T21:35:06Z,REQ_0002596,OPERATIONAL_ETA
CASE_00002096,2024-03-03T06:14:47Z,REQ_0002597,OPERATIONAL_ETA
CASE_00002097,2024-02-04T12:38:11Z,REQ_0002598,RETRO_AUDIT
CASE_00002098,2024-07-11T17:37:39Z,REQ_0002599,OPERATIONAL_ETA
CASE_00002098,2024-07-09T20:11:12Z,REQ_0002600,OPERATIONAL_ETA
CASE_00002099,2024-05-04T15:00:55Z,REQ_0002601,OPERATIONAL_ETA
CASE_00002099,2024-05-03T15:57:56Z,REQ_0002602,OPERATIONAL_ETA
CASE_00002100,2024-03-20T21:08:20Z,REQ_0002603,OPERATIONAL_ETA
CASE_00002101,2024-06-12T12:55:38Z,REQ_0002604,OPERATIONAL_ETA
CASE_00002102,2024-05-08T01:29:23Z,REQ_0002605,RETRO_AUDIT
CASE_00002103,2024-04-04T23:30:39Z,REQ_0002606,OPERATIONAL_ETA
CASE_00002104,2024-07-23T16:55:01Z,REQ_0002607,OPERATIONAL_ETA
CASE_00002105,2024-03-25T19:29:59Z,REQ_0002608,OPERATIONAL_ETA
CASE_00002106,2024-07-26T10:31:16Z,REQ_0002609,OPERATIONAL_ETA
CASE_00002107,2024-05-21T17:56:34Z,REQ_0002610,OPERATIONAL_ETA
CASE_00002107,2024-05-12T19:36:02Z,REQ_0002611,RETRO_AUDIT
CASE_00002108,2024-05-24T00:07:21Z,REQ_0002612,OPERATIONAL_ETA
CASE_00002109,2024-04-04T04:12:47Z,REQ_0002613,OPERATIONAL_ETA
CASE_00002110,2024-05-09T13:17:25Z,REQ_0002614,OPERATIONAL_ETA
CASE_00002110,2024-05-08T06:52:31Z,REQ_0002615,OPERATIONAL_ETA
CASE_00002111,2024-05-20T21:00:42Z,REQ_0002616,OPERATIONAL_ETA
CASE_00002112,2024-05-28T18:54:10Z,REQ_0002617,RETRO_AUDIT
CASE_00002113,2024-06-14T16:34:36Z,REQ_0002618,OPERATIONAL_ETA
CASE_00002114,2024-01-20T08:19:42Z,REQ_0002619,OPERATIONAL_ETA
CASE_00002115,2024-06-21T13:15:40Z,REQ_0002620,PILOT_CHECK
CASE_00002116,2024-05-23T01:39:55Z,REQ_0002621,OPERATIONAL_ETA
CASE_00002117,2024-07-10T17:30:32Z,REQ_0002622,OPERATIONAL_ETA
CASE_00002118,2024-04-27T11:39:34Z,REQ_0002623,OPERATIONAL_ETA
CASE_00002119,2024-04-14T03:27:17Z,REQ_0002624,OPERATIONAL_ETA
CASE_00002119,2024-04-12T05:08:10Z,REQ_0002625,OPERATIONAL_ETA
CASE_00002120,2024-05-04T20:08:34Z,REQ_0002626,OPERATIONAL_ETA
CASE_00002121,2024-03-19T13:02:33Z,REQ_0002627,OPERATIONAL_ETA
CASE_00002122,2024-05-25T20:45:11Z,REQ_0002628,OPERATIONAL_ETA
CASE_00002123,2024-03-27T20:37:51Z,REQ_0002629,OPERATIONAL_ETA
CASE_00002123,2024-03-25T15:42:14Z,REQ_0002630,OPERATIONAL_ETA
CASE_00002124,2024-05-02T20:09:22Z,REQ_0002631,OPERATIONAL_ETA
CASE_00002125,2024-06-27T10:04:01Z,REQ_0002632,OPERATIONAL_ETA
CASE_00002126,2024-01-30T00:40:12Z,REQ_0002633,OPERATIONAL_ETA
CASE_00002127,2024-07-02T00:18:11Z,REQ_0002634,OPERATIONAL_ETA
CASE_00002128,2024-07-17T16:15:26Z,REQ_0002635,OPERATIONAL_ETA
CASE_00002129,2024-04-10T02:44:01Z,REQ_0002636,OPERATIONAL_ETA
CASE_00002130,2024-02-04T09:23:52Z,REQ_0002637,OPERATIONAL_ETA
CASE_00002131,2024-01-31T20:18:57Z,REQ_0002638,OPERATIONAL_ETA
CASE_00002132,2024-02-27T13:42:28Z,REQ_0002639,PILOT_CHECK
CASE_00002133,2024-06-09T06:30:14Z,REQ_0002640,OPERATIONAL_ETA
CASE_00002133,2024-06-06T10:14:32Z,REQ_0002641,OPERATIONAL_ETA
CASE_00002134,2024-03-18T19:47:07Z,REQ_0002642,OPERATIONAL_ETA
CASE_00002135,2024-04-17T16:44:04Z,REQ_0002643,OPERATIONAL_ETA
CASE_00002135,2024-04-16T09:04:05Z,REQ_0002644,OPERATIONAL_ETA
CASE_00002136,2024-04-01T21:01:41Z,REQ_0002645,PILOT_CHECK
CASE_00002136,2024-03-30T02:24:52Z,REQ_0002646,OPERATIONAL_ETA
CASE_00002137,2024-05-12T01:50:25Z,REQ_0002647,OPERATIONAL_ETA
CASE_00002138,2024-03-20T09:46:43Z,REQ_0002648,OPERATIONAL_ETA
CASE_00002138,2024-03-18T11:06:07Z,REQ_0002649,OPERATIONAL_ETA
CASE_00002139,2024-05-01T13:47:28Z,REQ_0002650,OPERATIONAL_ETA
CASE_00002140,2024-07-07T23:39:57Z,REQ_0002651,PILOT_CHECK
CASE_00002141,2024-02-10T01:26:40Z,REQ_0002652,OPERATIONAL_ETA
CASE_00002142,2024-04-25T20:56:51Z,REQ_0002653,OPERATIONAL_ETA
CASE_00002142,2024-04-23T10:41:36Z,REQ_0002654,OPERATIONAL_ETA
CASE_00002143,2024-04-08T20:54:25Z,REQ_0002655,RETRO_AUDIT
CASE_00002144,2024-05-06T05:07:40Z,REQ_0002656,OPERATIONAL_ETA
CASE_00002144,2024-05-04T01:01:45Z,REQ_0002657,OPERATIONAL_ETA
CASE_00002145,2024-04-27T14:37:55Z,REQ_0002658,OPERATIONAL_ETA
CASE_00002146,2024-02-10T06:03:21Z,REQ_0002659,OPERATIONAL_ETA
CASE_00002147,2024-06-23T12:36:57Z,REQ_0002660,OPERATIONAL_ETA
CASE_00002147,2024-06-22T14:18:09Z,REQ_0002661,OPERATIONAL_ETA
CASE_00002148,2024-03-23T08:10:48Z,REQ_0002662,OPERATIONAL_ETA
CASE_00002149,2024-04-15T12:04:22Z,REQ_0002663,OPERATIONAL_ETA
CASE_00002150,2024-04-12T10:26:51Z,REQ_0002664,OPERATIONAL_ETA
CASE_00002150,2024-04-10T09:42:32Z,REQ_0002665,OPERATIONAL_ETA
CASE_00002151,2024-04-20T10:49:22Z,REQ_0002666,PILOT_CHECK
CASE_00002151,2024-04-19T01:19:24Z,REQ_0002667,OPERATIONAL_ETA
CASE_00002152,2024-04-30T23:30:38Z,REQ_0002668,OPERATIONAL_ETA
CASE_00002153,2024-07-23T16:42:39Z,REQ_0002669,PILOT_CHECK
CASE_00002154,2024-05-19T06:15:07Z,REQ_0002670,OPERATIONAL_ETA
CASE_00002155,2024-07-08T19:19:41Z,REQ_0002671,OPERATIONAL_ETA
CASE_00002155,2024-07-07T16:40:15Z,REQ_0002672,OPERATIONAL_ETA
CASE_00002156,2024-02-14T08:21:15Z,REQ_0002673,RETRO_AUDIT
CASE_00002157,2024-03-22T04:15:33Z,REQ_0002674,OPERATIONAL_ETA
CASE_00002157,2024-03-09T14:59:02Z,REQ_0002675,OPERATIONAL_ETA
CASE_00002158,2024-04-15T13:06:56Z,REQ_0002676,OPERATIONAL_ETA
CASE_00002159,2024-06-25T13:20:40Z,REQ_0002677,OPERATIONAL_ETA
CASE_00002160,2024-01-21T15:16:31Z,REQ_0002678,OPERATIONAL_ETA
CASE_00002160,2024-01-20T01:52:09Z,REQ_0002679,PILOT_CHECK
CASE_00002161,2024-07-26T01:38:01Z,REQ_0002680,OPERATIONAL_ETA
CASE_00002162,2024-08-04T20:52:39Z,REQ_0002681,RETRO_AUDIT
CASE_00002163,2024-07-18T22:46:40Z,REQ_0002682,RETRO_AUDIT
CASE_00002164,2024-02-14T23:22:16Z,REQ_0002683,OPERATIONAL_ETA
CASE_00002165,2024-07-27T07:53:36Z,REQ_0002684,OPERATIONAL_ETA
CASE_00002166,2024-04-14T02:28:20Z,REQ_0002685,PILOT_CHECK
CASE_00002167,2024-07-18T18:52:22Z,REQ_0002686,OPERATIONAL_ETA
CASE_00002168,2024-04-28T07:10:42Z,REQ_0002687,OPERATIONAL_ETA
CASE_00002169,2024-05-12T18:35:47Z,REQ_0002688,RETRO_AUDIT
CASE_00002169,2024-05-08T19:49:16Z,REQ_0002689,RETRO_AUDIT
CASE_00002170,2024-02-16T09:10:56Z,REQ_0002690,OPERATIONAL_ETA
CASE_00002171,2024-04-23T11:09:02Z,REQ_0002691,OPERATIONAL_ETA
CASE_00002172,2024-05-28T20:20:56Z,REQ_0002692,RETRO_AUDIT
CASE_00002172,2024-05-28T04:06:05Z,REQ_0002693,OPERATIONAL_ETA
CASE_00002173,2024-04-24T19:58:11Z,REQ_0002694,PILOT_CHECK
CASE_00002173,2024-04-22T12:36:35Z,REQ_0002695,OPERATIONAL_ETA
CASE_00002174,2024-06-11T08:47:29Z,REQ_0002696,PILOT_CHECK
CASE_00002175,2024-07-11T00:56:42Z,REQ_0002697,OPERATIONAL_ETA
CASE_00002176,2024-05-20T17:05:33Z,REQ_0002698,OPERATIONAL_ETA
CASE_00002176,2024-05-18T10:20:57Z,REQ_0002699,OPERATIONAL_ETA
CASE_00002177,2024-01-20T13:44:54Z,REQ_0002700,PILOT_CHECK
CASE_00002177,2024-01-18T22:50:13Z,REQ_0002701,OPERATIONAL_ETA
CASE_00002178,2024-03-25T11:03:55Z,REQ_0002702,OPERATIONAL_ETA
CASE_00002179,2024-07-28T17:51:19Z,REQ_0002703,RETRO_AUDIT
CASE_00002179,2024-07-27T11:16:54Z,REQ_0002704,PILOT_CHECK
CASE_00002180,2024-04-25T09:38:46Z,REQ_0002705,OPERATIONAL_ETA
CASE_00002180,2024-04-24T12:44:36Z,REQ_0002706,OPERATIONAL_ETA
CASE_00002181,2024-05-19T11:16:44Z,REQ_0002707,OPERATIONAL_ETA
CASE_00002182,2024-07-16T19:24:01Z,REQ_0002708,OPERATIONAL_ETA
CASE_00002182,2024-07-15T01:27:06Z,REQ_0002709,RETRO_AUDIT
CASE_00002183,2024-01-21T21:31:08Z,REQ_0002710,OPERATIONAL_ETA
CASE_00002183,2024-01-20T03:09:40Z,REQ_0002711,OPERATIONAL_ETA
CASE_00002184,2024-02-15T15:12:31Z,REQ_0002712,PILOT_CHECK
CASE_00002185,2024-07-11T16:05:32Z,REQ_0002713,RETRO_AUDIT
CASE_00002186,2024-06-15T02:33:12Z,REQ_0002714,OPERATIONAL_ETA
CASE_00002187,2024-05-25T16:59:23Z,REQ_0002715,OPERATIONAL_ETA
CASE_00002188,2024-04-12T06:44:52Z,REQ_0002716,OPERATIONAL_ETA
CASE_00002189,2024-02-19T03:53:26Z,REQ_0002717,RETRO_AUDIT
CASE_00002190,2024-06-26T18:54:01Z,REQ_0002718,OPERATIONAL_ETA
CASE_00002191,2024-06-23T18:02:53Z,REQ_0002719,PILOT_CHECK
CASE_00002192,2024-03-16T22:42:17Z,REQ_0002720,OPERATIONAL_ETA
CASE_00002193,2024-02-14T18:43:39Z,REQ_0002721,OPERATIONAL_ETA
CASE_00002194,2024-07-08T10:14:16Z,REQ_0002722,OPERATIONAL_ETA
CASE_00002195,2024-04-11T20:31:13Z,REQ_0002723,OPERATIONAL_ETA
CASE_00002196,2024-05-28T23:41:20Z,REQ_0002724,OPERATIONAL_ETA
CASE_00002197,2024-04-18T19:44:45Z,REQ_0002725,OPERATIONAL_ETA
CASE_00002198,2024-08-06T01:30:32Z,REQ_0002726,OPERATIONAL_ETA
CASE_00002199,2024-05-01T22:27:54Z,REQ_0002727,OPERATIONAL_ETA
CASE_00002199,2024-04-29T14:41:54Z,REQ_0002728,OPERATIONAL_ETA
CASE_00002200,2024-04-03T15:04:59Z,REQ_0002729,OPERATIONAL_ETA
CASE_00002201,2024-04-23T12:50:28Z,REQ_0002730,OPERATIONAL_ETA
CASE_00002201,2024-04-22T02:41:39Z,REQ_0002731,OPERATIONAL_ETA
CASE_00002202,2024-07-10T22:55:50Z,REQ_0002732,OPERATIONAL_ETA
CASE_00002202,2024-07-08T11:03:17Z,REQ_0002733,PILOT_CHECK
CASE_00002203,2024-07-05T09:02:59Z,REQ_0002734,OPERATIONAL_ETA
CASE_00002204,2024-06-30T11:31:38Z,REQ_0002735,PILOT_CHECK
CASE_00002205,2024-07-12T20:45:09Z,REQ_0002736,PILOT_CHECK
CASE_00002206,2024-06-24T15:12:05Z,REQ_0002737,PILOT_CHECK
CASE_00002206,2024-06-23T08:40:51Z,REQ_0002738,OPERATIONAL_ETA
CASE_00002207,2024-04-27T08:59:42Z,REQ_0002739,OPERATIONAL_ETA
CASE_00002208,2024-02-04T12:37:26Z,REQ_0002740,OPERATIONAL_ETA
CASE_00002208,2024-02-01T05:55:27Z,REQ_0002741,PILOT_CHECK
CASE_00002209,2024-03-03T06:33:01Z,REQ_0002742,OPERATIONAL_ETA
CASE_00002210,2024-02-19T00:44:21Z,REQ_0002743,OPERATIONAL_ETA
CASE_00002210,2024-02-17T06:27:06Z,REQ_0002744,OPERATIONAL_ETA
CASE_00002211,2024-03-08T20:22:23Z,REQ_0002745,PILOT_CHECK
CASE_00002212,2024-04-25T19:02:57Z,REQ_0002746,OPERATIONAL_ETA
CASE_00002213,2024-05-15T20:06:28Z,REQ_0002747,OPERATIONAL_ETA
CASE_00002214,2024-04-05T11:02:14Z,REQ_0002748,OPERATIONAL_ETA
CASE_00002215,2024-02-03T15:17:19Z,REQ_0002749,OPERATIONAL_ETA
CASE_00002216,2024-05-20T01:09:13Z,REQ_0002750,OPERATIONAL_ETA
CASE_00002217,2024-03-06T20:53:53Z,REQ_0002751,OPERATIONAL_ETA
CASE_00002217,2024-03-05T03:46:06Z,REQ_0002752,RETRO_AUDIT
CASE_00002218,2024-06-05T20:55:55Z,REQ_0002753,OPERATIONAL_ETA
CASE_00002219,2024-01-30T22:56:16Z,REQ_0002754,OPERATIONAL_ETA
CASE_00002219,2024-01-30T01:31:45Z,REQ_0002755,OPERATIONAL_ETA
CASE_00002220,2024-08-04T02:41:49Z,REQ_0002756,PILOT_CHECK
CASE_00002220,2024-08-01T15:13:46Z,REQ_0002757,OPERATIONAL_ETA
CASE_00002221,2024-06-06T11:12:07Z,REQ_0002758,OPERATIONAL_ETA
CASE_00002222,2024-02-21T16:34:48Z,REQ_0002759,OPERATIONAL_ETA
CASE_00002222,2024-02-19T17:24:55Z,REQ_0002760,OPERATIONAL_ETA
CASE_00002223,2024-01-18T13:58:59Z,REQ_0002761,OPERATIONAL_ETA
CASE_00002224,2024-05-03T20:53:11Z,REQ_0002762,OPERATIONAL_ETA
CASE_00002225,2024-07-07T01:51:07Z,REQ_0002763,OPERATIONAL_ETA
CASE_00002226,2024-02-02T06:49:04Z,REQ_0002764,OPERATIONAL_ETA
CASE_00002227,2024-03-07T07:50:11Z,REQ_0002765,OPERATIONAL_ETA
CASE_00002228,2024-07-15T23:08:52Z,REQ_0002766,OPERATIONAL_ETA
CASE_00002228,2024-07-13T18:08:04Z,REQ_0002767,OPERATIONAL_ETA
CASE_00002229,2024-02-14T22:21:34Z,REQ_0002768,OPERATIONAL_ETA
CASE_00002230,2024-05-20T17:06:24Z,REQ_0002769,OPERATIONAL_ETA
CASE_00002230,2024-05-19T16:00:10Z,REQ_0002770,OPERATIONAL_ETA
CASE_00002231,2024-05-07T16:51:30Z,REQ_0002771,OPERATIONAL_ETA
CASE_00002232,2024-01-25T01:02:30Z,REQ_0002772,OPERATIONAL_ETA
CASE_00002233,2024-03-12T07:39:48Z,REQ_0002773,OPERATIONAL_ETA
CASE_00002234,2024-03-03T16:32:07Z,REQ_0002774,OPERATIONAL_ETA
CASE_00002234,2024-03-02T17:35:02Z,REQ_0002775,OPERATIONAL_ETA
CASE_00002235,2024-07-30T06:53:34Z,REQ_0002776,OPERATIONAL_ETA
CASE_00002236,2024-07-28T11:44:32Z,REQ_0002777,OPERATIONAL_ETA
CASE_00002236,2024-07-28T04:08:54Z,REQ_0002778,OPERATIONAL_ETA
CASE_00002237,2024-04-07T09:42:02Z,REQ_0002779,OPERATIONAL_ETA
CASE_00002238,2024-07-03T14:31:14Z,REQ_0002780,OPERATIONAL_ETA
CASE_00002239,2024-06-04T11:15:13Z,REQ_0002781,OPERATIONAL_ETA
CASE_00002240,2024-03-31T22:24:28Z,REQ_0002782,OPERATIONAL_ETA
CASE_00002240,2024-03-30T09:41:54Z,REQ_0002783,OPERATIONAL_ETA
CASE_00002241,2024-02-18T22:19:10Z,REQ_0002784,OPERATIONAL_ETA
CASE_00002241,2024-02-16T23:18:08Z,REQ_0002785,PILOT_CHECK
CASE_00002242,2024-01-27T06:58:55Z,REQ_0002786,OPERATIONAL_ETA
CASE_00002243,2024-08-04T21:05:26Z,REQ_0002787,OPERATIONAL_ETA
CASE_00002243,2024-08-03T18:56:57Z,REQ_0002788,OPERATIONAL_ETA
CASE_00002244,2024-04-06T20:04:41Z,REQ_0002789,RETRO_AUDIT
CASE_00002244,2024-04-04T06:35:53Z,REQ_0002790,OPERATIONAL_ETA
CASE_00002245,2024-02-08T06:30:26Z,REQ_0002791,PILOT_CHECK
CASE_00002246,2024-02-19T15:11:22Z,REQ_0002792,RETRO_AUDIT
CASE_00002247,2024-05-07T18:54:58Z,REQ_0002793,OPERATIONAL_ETA
CASE_00002248,2024-06-28T03:44:52Z,REQ_0002794,OPERATIONAL_ETA
CASE_00002248,2024-06-25T03:12:09Z,REQ_0002795,RETRO_AUDIT
CASE_00002249,2024-03-04T14:44:04Z,REQ_0002796,OPERATIONAL_ETA
CASE_00002250,2024-04-13T23:05:29Z,REQ_0002797,OPERATIONAL_ETA
CASE_00002251,2024-03-06T12:33:18Z,REQ_0002798,OPERATIONAL_ETA
CASE_00002252,2024-04-15T07:32:44Z,REQ_0002799,OPERATIONAL_ETA
CASE_00002253,2024-05-19T07:26:34Z,REQ_0002800,OPERATIONAL_ETA
CASE_00002254,2024-02-02T07:28:15Z,REQ_0002801,OPERATIONAL_ETA
CASE_00002255,2024-02-22T17:20:32Z,REQ_0002802,OPERATIONAL_ETA
CASE_00002256,2024-06-24T05:36:35Z,REQ_0002803,OPERATIONAL_ETA
CASE_00002257,2024-06-28T05:27:23Z,REQ_0002804,OPERATIONAL_ETA
CASE_00002258,2024-05-06T12:10:36Z,REQ_0002805,OPERATIONAL_ETA
CASE_00002259,2024-06-18T18:18:10Z,REQ_0002806,OPERATIONAL_ETA
CASE_00002260,2024-04-26T07:52:44Z,REQ_0002807,OPERATIONAL_ETA
CASE_00002260,2024-04-25T00:19:42Z,REQ_0002808,OPERATIONAL_ETA
CASE_00002261,2024-07-24T07:23:02Z,REQ_0002809,OPERATIONAL_ETA
CASE_00002262,2024-02-11T00:26:59Z,REQ_0002810,OPERATIONAL_ETA
CASE_00002262,2024-02-08T20:36:52Z,REQ_0002811,OPERATIONAL_ETA
CASE_00002263,2024-03-28T06:46:34Z,REQ_0002812,OPERATIONAL_ETA
CASE_00002263,2024-03-27T01:31:49Z,REQ_0002813,OPERATIONAL_ETA
CASE_00002264,2024-02-26T10:14:52Z,REQ_0002814,OPERATIONAL_ETA
CASE_00002265,2024-03-23T06:37:29Z,REQ_0002815,OPERATIONAL_ETA
CASE_00002265,2024-03-21T23:24:00Z,REQ_0002816,OPERATIONAL_ETA
CASE_00002266,2024-03-30T02:58:36Z,REQ_0002817,OPERATIONAL_ETA
CASE_00002266,2024-03-27T09:20:05Z,REQ_0002818,OPERATIONAL_ETA
CASE_00002267,2024-02-21T04:14:03Z,REQ_0002819,PILOT_CHECK
CASE_00002268,2024-03-16T18:31:22Z,REQ_0002820,OPERATIONAL_ETA
CASE_00002269,2024-06-26T19:04:41Z,REQ_0002821,OPERATIONAL_ETA
CASE_00002270,2024-05-12T20:40:00Z,REQ_0002822,PILOT_CHECK
CASE_00002271,2024-05-31T23:49:30Z,REQ_0002823,OPERATIONAL_ETA
CASE_00002271,2024-05-31T01:06:05Z,REQ_0002824,OPERATIONAL_ETA
CASE_00002272,2024-03-13T05:53:41Z,REQ_0002825,OPERATIONAL_ETA
CASE_00002273,2024-05-30T12:58:00Z,REQ_0002826,OPERATIONAL_ETA
CASE_00002274,2024-03-04T13:44:24Z,REQ_0002827,OPERATIONAL_ETA
CASE_00002274,2024-03-02T18:03:36Z,REQ_0002828,OPERATIONAL_ETA
CASE_00002275,2024-07-16T18:41:37Z,REQ_0002829,PILOT_CHECK
CASE_00002276,2024-07-31T11:18:02Z,REQ_0002830,OPERATIONAL_ETA
CASE_00002277,2024-05-02T01:53:36Z,REQ_0002831,PILOT_CHECK
CASE_00002278,2024-06-25T19:03:54Z,REQ_0002832,RETRO_AUDIT
CASE_00002279,2024-06-18T11:52:47Z,REQ_0002833,OPERATIONAL_ETA
CASE_00002279,2024-06-17T07:39:06Z,REQ_0002834,OPERATIONAL_ETA
CASE_00002280,2024-06-25T22:27:49Z,REQ_0002835,OPERATIONAL_ETA
CASE_00002281,2024-04-20T12:56:31Z,REQ_0002836,OPERATIONAL_ETA
CASE_00002282,2024-02-16T21:29:29Z,REQ_0002837,OPERATIONAL_ETA
CASE_00002283,2024-05-22T13:45:40Z,REQ_0002838,OPERATIONAL_ETA
CASE_00002284,2024-05-13T18:21:02Z,REQ_0002839,OPERATIONAL_ETA
CASE_00002285,2024-03-23T20:28:41Z,REQ_0002840,OPERATIONAL_ETA
CASE_00002286,2024-06-15T20:39:56Z,REQ_0002841,OPERATIONAL_ETA
CASE_00002287,2024-03-06T00:32:38Z,REQ_0002842,OPERATIONAL_ETA
CASE_00002287,2024-03-03T16:45:07Z,REQ_0002843,OPERATIONAL_ETA
CASE_00002288,2024-06-18T03:03:57Z,REQ_0002844,PILOT_CHECK
CASE_00002289,2024-03-08T23:25:40Z,REQ_0002845,OPERATIONAL_ETA
CASE_00002289,2024-03-06T21:28:43Z,REQ_0002846,OPERATIONAL_ETA
CASE_00002290,2024-01-29T12:19:48Z,REQ_0002847,OPERATIONAL_ETA
CASE_00002291,2024-03-02T02:08:59Z,REQ_0002848,OPERATIONAL_ETA
CASE_00002292,2024-01-21T17:00:12Z,REQ_0002849,OPERATIONAL_ETA
CASE_00002293,2024-07-16T02:17:14Z,REQ_0002850,OPERATIONAL_ETA
CASE_00002294,2024-03-18T19:43:17Z,REQ_0002851,OPERATIONAL_ETA
CASE_00002295,2024-05-17T12:00:03Z,REQ_0002852,OPERATIONAL_ETA
CASE_00002296,2024-04-07T22:11:46Z,REQ_0002853,OPERATIONAL_ETA
CASE_00002297,2024-04-10T15:57:18Z,REQ_0002854,OPERATIONAL_ETA
CASE_00002298,2024-03-13T19:31:15Z,REQ_0002855,OPERATIONAL_ETA
CASE_00002299,2024-05-15T10:20:11Z,REQ_0002856,OPERATIONAL_ETA
CASE_00002300,2024-07-08T03:07:43Z,REQ_0002857,OPERATIONAL_ETA
CASE_00002300,2024-07-06T13:11:23Z,REQ_0002858,OPERATIONAL_ETA
CASE_00002301,2024-06-13T06:54:19Z,REQ_0002859,OPERATIONAL_ETA
CASE_00002302,2024-06-12T11:44:47Z,REQ_0002860,PILOT_CHECK
CASE_00002302,2024-06-11T07:00:05Z,REQ_0002861,OPERATIONAL_ETA
CASE_00002303,2024-06-15T07:32:56Z,REQ_0002862,OPERATIONAL_ETA
CASE_00002304,2024-06-07T07:28:21Z,REQ_0002863,OPERATIONAL_ETA
CASE_00002305,2024-01-23T10:33:13Z,REQ_0002864,PILOT_CHECK
CASE_00002306,2024-07-16T02:04:58Z,REQ_0002865,RETRO_AUDIT
CASE_00002307,2024-07-12T01:45:51Z,REQ_0002866,OPERATIONAL_ETA
CASE_00002308,2024-02-07T23:23:19Z,REQ_0002867,PILOT_CHECK
CASE_00002309,2024-05-26T00:18:11Z,REQ_0002868,OPERATIONAL_ETA
CASE_00002310,2024-02-04T07:30:39Z,REQ_0002869,RETRO_AUDIT
CASE_00002310,2024-02-01T19:04:58Z,REQ_0002870,OPERATIONAL_ETA
CASE_00002311,2024-02-13T04:43:01Z,REQ_0002871,OPERATIONAL_ETA
CASE_00002312,2024-08-02T14:43:53Z,REQ_0002872,OPERATIONAL_ETA
CASE_00002313,2024-06-18T23:18:13Z,REQ_0002873,OPERATIONAL_ETA
CASE_00002314,2024-06-13T19:05:53Z,REQ_0002874,OPERATIONAL_ETA
CASE_00002315,2024-07-06T19:42:55Z,REQ_0002875,OPERATIONAL_ETA
CASE_00002316,2024-06-15T12:51:44Z,REQ_0002876,OPERATIONAL_ETA
CASE_00002317,2024-02-14T05:48:59Z,REQ_0002877,OPERATIONAL_ETA
CASE_00002318,2024-02-08T11:56:10Z,REQ_0002878,OPERATIONAL_ETA
CASE_00002319,2024-04-24T04:40:33Z,REQ_0002879,RETRO_AUDIT
CASE_00002320,2024-04-15T11:48:42Z,REQ_0002880,OPERATIONAL_ETA
CASE_00002321,2024-06-21T16:28:46Z,REQ_0002881,OPERATIONAL_ETA
CASE_00002322,2024-02-13T13:05:54Z,REQ_0002882,OPERATIONAL_ETA
CASE_00002323,2024-06-19T19:22:50Z,REQ_0002883,OPERATIONAL_ETA
CASE_00002324,2024-02-17T21:36:09Z,REQ_0002884,OPERATIONAL_ETA
CASE_00002325,2024-03-28T02:54:01Z,REQ_0002885,OPERATIONAL_ETA
CASE_00002326,2024-06-29T11:59:21Z,REQ_0002886,OPERATIONAL_ETA
CASE_00002327,2024-03-26T18:12:33Z,REQ_0002887,OPERATIONAL_ETA
CASE_00002328,2024-02-27T23:31:55Z,REQ_0002888,OPERATIONAL_ETA
CASE_00002328,2024-02-25T00:42:23Z,REQ_0002889,OPERATIONAL_ETA
CASE_00002329,2024-06-29T06:31:59Z,REQ_0002890,OPERATIONAL_ETA
CASE_00002329,2024-06-28T01:47:35Z,REQ_0002891,OPERATIONAL_ETA
CASE_00002330,2024-06-17T04:50:03Z,REQ_0002892,OPERATIONAL_ETA
CASE_00002331,2024-07-27T17:26:21Z,REQ_0002893,OPERATIONAL_ETA
CASE_00002332,2024-02-09T15:40:54Z,REQ_0002894,PILOT_CHECK
CASE_00002333,2024-01-25T21:51:17Z,REQ_0002895,OPERATIONAL_ETA
CASE_00002334,2024-05-22T22:30:24Z,REQ_0002896,RETRO_AUDIT
CASE_00002335,2024-02-13T15:54:25Z,REQ_0002897,OPERATIONAL_ETA
CASE_00002336,2024-03-23T05:48:15Z,REQ_0002898,OPERATIONAL_ETA
CASE_00002336,2024-03-22T16:58:38Z,REQ_0002899,OPERATIONAL_ETA
CASE_00002337,2024-04-21T09:53:55Z,REQ_0002900,OPERATIONAL_ETA
CASE_00002338,2024-07-25T19:18:56Z,REQ_0002901,OPERATIONAL_ETA
CASE_00002339,2024-05-18T23:17:17Z,REQ_0002902,OPERATIONAL_ETA
CASE_00002340,2024-05-19T02:43:43Z,REQ_0002903,OPERATIONAL_ETA
CASE_00002341,2024-06-29T01:19:33Z,REQ_0002904,OPERATIONAL_ETA
CASE_00002342,2024-04-28T03:50:46Z,REQ_0002905,RETRO_AUDIT
CASE_00002343,2024-07-13T11:20:23Z,REQ_0002906,OPERATIONAL_ETA
CASE_00002344,2024-01-30T22:24:55Z,REQ_0002907,OPERATIONAL_ETA
CASE_00002344,2024-01-29T19:50:32Z,REQ_0002908,OPERATIONAL_ETA
CASE_00002345,2024-04-15T10:03:00Z,REQ_0002909,OPERATIONAL_ETA
CASE_00002346,2024-06-17T20:32:48Z,REQ_0002910,OPERATIONAL_ETA
CASE_00002347,2024-07-28T02:35:03Z,REQ_0002911,OPERATIONAL_ETA
CASE_00002348,2024-05-13T21:32:11Z,REQ_0002912,OPERATIONAL_ETA
CASE_00002349,2024-01-25T05:26:22Z,REQ_0002913,PILOT_CHECK
CASE_00002349,2024-01-24T15:44:55Z,REQ_0002914,OPERATIONAL_ETA
CASE_00002350,2024-03-16T19:51:13Z,REQ_0002915,OPERATIONAL_ETA
CASE_00002350,2024-03-14T20:37:12Z,REQ_0002916,OPERATIONAL_ETA
CASE_00002351,2024-02-01T17:48:22Z,REQ_0002917,PILOT_CHECK
CASE_00002352,2024-07-08T04:46:48Z,REQ_0002918,OPERATIONAL_ETA
CASE_00002352,2024-07-05T20:27:16Z,REQ_0002919,OPERATIONAL_ETA
CASE_00002353,2024-06-06T23:40:54Z,REQ_0002920,PILOT_CHECK
CASE_00002353,2024-06-04T23:38:53Z,REQ_0002921,OPERATIONAL_ETA
CASE_00002354,2024-02-26T14:37:06Z,REQ_0002922,OPERATIONAL_ETA
CASE_00002354,2024-02-25T00:50:01Z,REQ_0002923,OPERATIONAL_ETA
CASE_00002355,2024-06-23T09:09:10Z,REQ_0002924,OPERATIONAL_ETA
CASE_00002356,2024-01-31T17:00:43Z,REQ_0002925,OPERATIONAL_ETA
CASE_00002357,2024-03-11T12:02:07Z,REQ_0002926,OPERATIONAL_ETA
CASE_00002358,2024-01-28T13:46:46Z,REQ_0002927,PILOT_CHECK
CASE_00002358,2024-01-24T05:04:22Z,REQ_0002928,OPERATIONAL_ETA
CASE_00002359,2024-02-28T16:17:00Z,REQ_0002929,OPERATIONAL_ETA
CASE_00002360,2024-07-17T10:24:27Z,REQ_0002930,OPERATIONAL_ETA
CASE_00002360,2024-07-16T06:05:51Z,REQ_0002931,OPERATIONAL_ETA
CASE_00002361,2024-05-29T19:16:41Z,REQ_0002932,OPERATIONAL_ETA
CASE_00002362,2024-03-18T02:46:21Z,REQ_0002933,OPERATIONAL_ETA
CASE_00002362,2024-03-17T12:46:09Z,REQ_0002934,PILOT_CHECK
CASE_00002363,2024-05-12T14:38:54Z,REQ_0002935,PILOT_CHECK
CASE_00002364,2024-03-31T23:06:18Z,REQ_0002936,OPERATIONAL_ETA
CASE_00002365,2024-05-16T15:42:01Z,REQ_0002937,RETRO_AUDIT
CASE_00002365,2024-05-14T22:49:44Z,REQ_0002938,RETRO_AUDIT
CASE_00002366,2024-04-04T17:55:50Z,REQ_0002939,OPERATIONAL_ETA
CASE_00002367,2024-02-26T05:45:20Z,REQ_0002940,OPERATIONAL_ETA
CASE_00002368,2024-05-26T21:19:01Z,REQ_0002941,OPERATIONAL_ETA
CASE_00002368,2024-05-25T06:52:05Z,REQ_0002942,OPERATIONAL_ETA
CASE_00002369,2024-07-24T07:50:36Z,REQ_0002943,OPERATIONAL_ETA
CASE_00002370,2025-02-05T04:35:01Z,REQ_0002944,OPERATIONAL_ETA
CASE_00002370,2025-02-02T13:58:17Z,REQ_0002945,RETRO_AUDIT
CASE_00002371,2024-09-22T18:32:57Z,REQ_0002946,OPERATIONAL_ETA
CASE_00002372,2024-11-17T06:21:58Z,REQ_0002947,OPERATIONAL_ETA
CASE_00002373,2025-01-22T08:20:21Z,REQ_0002948,PILOT_CHECK
CASE_00002374,2025-01-06T12:03:20Z,REQ_0002949,OPERATIONAL_ETA
CASE_00002375,2024-11-20T22:52:59Z,REQ_0002950,OPERATIONAL_ETA
CASE_00002375,2024-11-20T04:39:11Z,REQ_0002951,OPERATIONAL_ETA
CASE_00002376,2024-09-06T12:28:08Z,REQ_0002952,OPERATIONAL_ETA
CASE_00002376,2024-09-05T07:42:40Z,REQ_0002953,OPERATIONAL_ETA
CASE_00002377,2024-11-15T04:54:45Z,REQ_0002954,PILOT_CHECK
CASE_00002378,2025-01-11T15:18:38Z,REQ_0002955,RETRO_AUDIT
CASE_00002379,2024-09-26T08:27:01Z,REQ_0002956,OPERATIONAL_ETA
CASE_00002380,2024-12-26T09:22:32Z,REQ_0002957,OPERATIONAL_ETA
CASE_00002380,2024-12-25T01:34:45Z,REQ_0002958,OPERATIONAL_ETA
CASE_00002381,2024-11-11T11:52:22Z,REQ_0002959,RETRO_AUDIT
CASE_00002381,2024-11-09T17:07:42Z,REQ_0002960,OPERATIONAL_ETA
CASE_00002382,2025-03-16T03:33:52Z,REQ_0002961,OPERATIONAL_ETA
CASE_00002383,2024-12-14T05:23:45Z,REQ_0002962,OPERATIONAL_ETA
CASE_00002383,2024-12-12T10:16:33Z,REQ_0002963,OPERATIONAL_ETA
CASE_00002384,2024-10-05T17:21:26Z,REQ_0002964,OPERATIONAL_ETA
CASE_00002385,2024-12-17T00:19:32Z,REQ_0002965,OPERATIONAL_ETA
CASE_00002386,2025-03-06T03:46:39Z,REQ_0002966,PILOT_CHECK
CASE_00002386,2025-03-03T22:49:49Z,REQ_0002967,OPERATIONAL_ETA
CASE_00002387,2024-11-25T20:58:18Z,REQ_0002968,OPERATIONAL_ETA
CASE_00002388,2025-01-30T01:52:36Z,REQ_0002969,OPERATIONAL_ETA
CASE_00002389,2025-01-24T18:19:48Z,REQ_0002970,RETRO_AUDIT
CASE_00002390,2024-12-18T11:13:46Z,REQ_0002971,OPERATIONAL_ETA
CASE_00002390,2024-12-16T08:29:17Z,REQ_0002972,OPERATIONAL_ETA
CASE_00002391,2024-10-15T00:29:02Z,REQ_0002973,PILOT_CHECK
CASE_00002392,2024-09-15T07:36:48Z,REQ_0002974,OPERATIONAL_ETA
CASE_00002392,2024-09-14T02:32:51Z,REQ_0002975,OPERATIONAL_ETA
CASE_00002393,2025-01-10T07:34:14Z,REQ_0002976,PILOT_CHECK
CASE_00002394,2024-10-11T22:25:52Z,REQ_0002977,OPERATIONAL_ETA
CASE_00002395,2025-02-14T13:30:39Z,REQ_0002978,OPERATIONAL_ETA
CASE_00002396,2024-10-23T14:55:37Z,REQ_0002979,OPERATIONAL_ETA
CASE_00002397,2024-10-27T18:25:17Z,REQ_0002980,OPERATIONAL_ETA
CASE_00002398,2024-12-04T07:39:45Z,REQ_0002981,OPERATIONAL_ETA
CASE_00002398,2024-12-02T15:58:06Z,REQ_0002982,RETRO_AUDIT
CASE_00002399,2025-02-03T15:05:12Z,REQ_0002983,OPERATIONAL_ETA
CASE_00002400,2024-12-05T18:27:33Z,REQ_0002984,OPERATIONAL_ETA
CASE_00002401,2024-12-02T03:47:33Z,REQ_0002985,OPERATIONAL_ETA
CASE_00002402,2025-01-13T00:43:47Z,REQ_0002986,OPERATIONAL_ETA
CASE_00002403,2025-01-17T09:25:20Z,REQ_0002987,OPERATIONAL_ETA
CASE_00002404,2025-03-26T13:07:19Z,REQ_0002988,OPERATIONAL_ETA
CASE_00002405,2024-09-11T11:21:10Z,REQ_0002989,OPERATIONAL_ETA
CASE_00002406,2024-11-08T10:29:33Z,REQ_0002990,OPERATIONAL_ETA
CASE_00002407,2025-01-19T14:57:24Z,REQ_0002991,OPERATIONAL_ETA
CASE_00002408,2025-03-15T12:26:34Z,REQ_0002992,RETRO_AUDIT
CASE_00002409,2025-02-06T19:47:45Z,REQ_0002993,OPERATIONAL_ETA
CASE_00002410,2024-12-16T12:11:27Z,REQ_0002994,OPERATIONAL_ETA
CASE_00002411,2025-01-26T21:32:18Z,REQ_0002995,OPERATIONAL_ETA
CASE_00002412,2024-11-13T23:29:20Z,REQ_0002996,PILOT_CHECK
CASE_00002413,2024-11-16T09:15:48Z,REQ_0002997,OPERATIONAL_ETA
CASE_00002414,2024-10-06T11:30:26Z,REQ_0002998,RETRO_AUDIT
CASE_00002414,2024-10-04T22:34:44Z,REQ_0002999,OPERATIONAL_ETA
CASE_00002415,2025-03-15T23:35:20Z,REQ_0003000,OPERATIONAL_ETA
CASE_00002416,2024-09-18T23:37:32Z,REQ_0003001,OPERATIONAL_ETA
CASE_00002417,2025-02-28T20:39:53Z,REQ_0003002,OPERATIONAL_ETA
CASE_00002418,2025-04-24T12:45:42Z,REQ_0003003,OPERATIONAL_ETA
CASE_00002419,2025-02-06T00:14:42Z,REQ_0003004,OPERATIONAL_ETA
CASE_00002420,2025-04-11T06:47:09Z,REQ_0003005,OPERATIONAL_ETA
CASE_00002421,2024-12-13T18:39:51Z,REQ_0003006,OPERATIONAL_ETA
CASE_00002422,2025-02-26T13:15:11Z,REQ_0003007,OPERATIONAL_ETA
CASE_00002423,2025-02-17T03:31:25Z,REQ_0003008,OPERATIONAL_ETA
CASE_00002424,2024-09-04T04:07:54Z,REQ_0003009,OPERATIONAL_ETA
CASE_00002425,2025-02-25T13:05:29Z,REQ_0003010,OPERATIONAL_ETA
CASE_00002425,2025-02-22T20:07:53Z,REQ_0003011,RETRO_AUDIT
CASE_00002426,2025-03-13T09:17:43Z,REQ_0003012,OPERATIONAL_ETA
CASE_00002427,2025-02-27T10:28:00Z,REQ_0003013,PILOT_CHECK
CASE_00002428,2025-04-29T23:45:29Z,REQ_0003014,OPERATIONAL_ETA
CASE_00002429,2025-02-04T07:45:22Z,REQ_0003015,OPERATIONAL_ETA
CASE_00002429,2025-02-03T16:20:53Z,REQ_0003016,PILOT_CHECK
CASE_00002430,2024-09-10T18:02:36Z,REQ_0003017,OPERATIONAL_ETA
CASE_00002431,2025-04-03T00:38:44Z,REQ_0003018,OPERATIONAL_ETA
CASE_00002432,2024-10-12T17:50:18Z,REQ_0003019,RETRO_AUDIT
CASE_00002433,2024-12-30T12:36:57Z,REQ_0003020,OPERATIONAL_ETA
CASE_00002434,2024-10-12T16:29:22Z,REQ_0003021,OPERATIONAL_ETA
CASE_00002435,2024-10-08T01:57:18Z,REQ_0003022,OPERATIONAL_ETA
CASE_00002435,2024-10-07T09:19:11Z,REQ_0003023,PILOT_CHECK
CASE_00002436,2024-12-05T17:24:02Z,REQ_0003024,OPERATIONAL_ETA
CASE_00002436,2024-12-05T07:14:31Z,REQ_0003025,OPERATIONAL_ETA
CASE_00002437,2024-12-30T07:17:17Z,REQ_0003026,OPERATIONAL_ETA
CASE_00002438,2025-03-30T09:35:45Z,REQ_0003027,RETRO_AUDIT
CASE_00002439,2025-04-30T11:17:55Z,REQ_0003028,OPERATIONAL_ETA
CASE_00002440,2024-10-11T05:18:12Z,REQ_0003029,RETRO_AUDIT
CASE_00002440,2024-10-09T22:47:54Z,REQ_0003030,OPERATIONAL_ETA
CASE_00002441,2025-03-02T11:08:43Z,REQ_0003031,OPERATIONAL_ETA
CASE_00002442,2024-09-28T12:46:53Z,REQ_0003032,RETRO_AUDIT
CASE_00002443,2024-11-29T05:53:14Z,REQ_0003033,OPERATIONAL_ETA
CASE_00002444,2024-10-29T14:57:51Z,REQ_0003034,OPERATIONAL_ETA
CASE_00002444,2024-10-28T18:33:35Z,REQ_0003035,OPERATIONAL_ETA
CASE_00002445,2024-10-31T17:53:43Z,REQ_0003036,OPERATIONAL_ETA
CASE_00002446,2024-10-12T01:30:40Z,REQ_0003037,OPERATIONAL_ETA
CASE_00002447,2024-11-16T07:20:02Z,REQ_0003038,OPERATIONAL_ETA
CASE_00002448,2025-01-11T09:19:18Z,REQ_0003039,OPERATIONAL_ETA
CASE_00002449,2024-09-05T03:36:43Z,REQ_0003040,OPERATIONAL_ETA
CASE_00002449,2024-09-03T22:46:04Z,REQ_0003041,OPERATIONAL_ETA
CASE_00002450,2025-02-02T09:34:25Z,REQ_0003042,OPERATIONAL_ETA
CASE_00002451,2024-11-04T19:06:58Z,REQ_0003043,OPERATIONAL_ETA
CASE_00002452,2024-09-11T02:09:33Z,REQ_0003044,OPERATIONAL_ETA
CASE_00002452,2024-09-09T21:13:37Z,REQ_0003045,RETRO_AUDIT
CASE_00002453,2024-11-25T05:24:05Z,REQ_0003046,RETRO_AUDIT
CASE_00002454,2024-09-08T18:14:31Z,REQ_0003047,OPERATIONAL_ETA
CASE_00002455,2024-11-04T11:05:22Z,REQ_0003048,OPERATIONAL_ETA
CASE_00002456,2025-01-13T20:38:32Z,REQ_0003049,OPERATIONAL_ETA
CASE_00002457,2024-12-27T23:11:39Z,REQ_0003050,OPERATIONAL_ETA
CASE_00002457,2024-12-27T00:19:26Z,REQ_0003051,RETRO_AUDIT
CASE_00002458,2025-02-19T22:31:05Z,REQ_0003052,OPERATIONAL_ETA
CASE_00002459,2025-03-06T13:58:50Z,REQ_0003053,OPERATIONAL_ETA
CASE_00002460,2024-12-20T04:40:53Z,REQ_0003054,RETRO_AUDIT
CASE_00002461,2025-03-23T16:32:22Z,REQ_0003055,OPERATIONAL_ETA
CASE_00002462,2024-12-29T17:38:38Z,REQ_0003056,OPERATIONAL_ETA
CASE_00002463,2024-12-11T02:13:42Z,REQ_0003057,OPERATIONAL_ETA
CASE_00002464,2025-04-17T08:35:06Z,REQ_0003058,OPERATIONAL_ETA
CASE_00002464,2025-04-16T15:14:45Z,REQ_0003059,OPERATIONAL_ETA
CASE_00002465,2025-02-17T04:00:56Z,REQ_0003060,OPERATIONAL_ETA
CASE_00002466,2024-10-20T00:05:41Z,REQ_0003061,RETRO_AUDIT
CASE_00002466,2024-10-17T18:28:05Z,REQ_0003062,OPERATIONAL_ETA
CASE_00002467,2024-11-03T09:07:33Z,REQ_0003063,PILOT_CHECK
CASE_00002468,2024-09-19T00:49:46Z,REQ_0003064,OPERATIONAL_ETA
CASE_00002469,2024-09-21T04:06:38Z,REQ_0003065,OPERATIONAL_ETA
CASE_00002470,2025-03-17T03:34:29Z,REQ_0003066,OPERATIONAL_ETA
CASE_00002471,2024-12-18T11:27:41Z,REQ_0003067,RETRO_AUDIT
CASE_00002472,2025-01-10T15:28:25Z,REQ_0003068,OPERATIONAL_ETA
CASE_00002473,2024-12-10T01:09:16Z,REQ_0003069,OPERATIONAL_ETA
CASE_00002474,2025-04-04T17:39:12Z,REQ_0003070,OPERATIONAL_ETA
CASE_00002475,2024-09-12T10:25:35Z,REQ_0003071,OPERATIONAL_ETA
CASE_00002476,2025-01-03T19:34:09Z,REQ_0003072,OPERATIONAL_ETA
CASE_00002477,2024-11-20T07:15:16Z,REQ_0003073,OPERATIONAL_ETA
CASE_00002478,2025-04-28T00:54:31Z,REQ_0003074,OPERATIONAL_ETA
CASE_00002479,2024-10-02T07:21:59Z,REQ_0003075,OPERATIONAL_ETA
CASE_00002479,2024-09-30T07:15:50Z,REQ_0003076,RETRO_AUDIT
CASE_00002480,2024-09-15T01:55:08Z,REQ_0003077,OPERATIONAL_ETA
CASE_00002481,2025-02-26T03:00:07Z,REQ_0003078,OPERATIONAL_ETA
CASE_00002481,2025-02-24T12:24:04Z,REQ_0003079,OPERATIONAL_ETA
CASE_00002482,2024-09-04T00:29:21Z,REQ_0003080,OPERATIONAL_ETA
CASE_00002483,2024-11-05T02:04:34Z,REQ_0003081,OPERATIONAL_ETA
CASE_00002484,2024-11-28T00:06:52Z,REQ_0003082,OPERATIONAL_ETA
CASE_00002485,2025-03-17T16:17:15Z,REQ_0003083,PILOT_CHECK
CASE_00002486,2024-11-15T22:32:43Z,REQ_0003084,PILOT_CHECK
CASE_00002487,2024-12-30T07:59:17Z,REQ_0003085,OPERATIONAL_ETA
CASE_00002487,2024-12-28T06:39:18Z,REQ_0003086,OPERATIONAL_ETA
CASE_00002488,2024-10-08T16:44:48Z,REQ_0003087,OPERATIONAL_ETA
CASE_00002489,2025-02-16T01:10:36Z,REQ_0003088,OPERATIONAL_ETA
CASE_00002490,2024-10-05T18:33:08Z,REQ_0003089,OPERATIONAL_ETA
CASE_00002491,2024-09-10T05:02:03Z,REQ_0003090,OPERATIONAL_ETA
CASE_00002492,2024-11-13T22:27:49Z,REQ_0003091,OPERATIONAL_ETA
CASE_00002493,2025-03-28T07:59:08Z,REQ_0003092,OPERATIONAL_ETA
CASE_00002493,2025-03-27T02:50:46Z,REQ_0003093,OPERATIONAL_ETA
CASE_00002494,2024-10-11T09:57:47Z,REQ_0003094,OPERATIONAL_ETA
CASE_00002494,2024-10-09T11:01:46Z,REQ_0003095,RETRO_AUDIT
CASE_00002495,2025-03-31T08:54:22Z,REQ_0003096,OPERATIONAL_ETA
CASE_00002496,2025-03-16T18:02:02Z,REQ_0003097,OPERATIONAL_ETA
CASE_00002497,2025-04-30T06:10:15Z,REQ_0003098,OPERATIONAL_ETA
CASE_00002498,2025-01-24T15:41:25Z,REQ_0003099,PILOT_CHECK
CASE_00002499,2024-10-26T12:04:37Z,REQ_0003100,OPERATIONAL_ETA
CASE_00002499,2024-10-24T16:58:19Z,REQ_0003101,OPERATIONAL_ETA
CASE_00002500,2025-03-23T17:54:16Z,REQ_0003102,OPERATIONAL_ETA
CASE_00002501,2024-11-22T14:59:22Z,REQ_0003103,OPERATIONAL_ETA
CASE_00002502,2024-10-23T22:58:49Z,REQ_0003104,OPERATIONAL_ETA
CASE_00002503,2025-01-03T04:25:55Z,REQ_0003105,OPERATIONAL_ETA
CASE_00002503,2025-01-01T21:11:12Z,REQ_0003106,OPERATIONAL_ETA
CASE_00002504,2025-04-27T14:53:48Z,REQ_0003107,OPERATIONAL_ETA
CASE_00002505,2024-09-11T20:17:49Z,REQ_0003108,OPERATIONAL_ETA
CASE_00002506,2024-10-23T21:54:24Z,REQ_0003109,RETRO_AUDIT
CASE_00002506,2024-10-22T17:16:51Z,REQ_0003110,OPERATIONAL_ETA
CASE_00002507,2025-02-16T07:06:54Z,REQ_0003111,RETRO_AUDIT
CASE_00002508,2025-01-21T00:26:41Z,REQ_0003112,PILOT_CHECK
CASE_00002508,2025-01-19T18:16:28Z,REQ_0003113,OPERATIONAL_ETA
CASE_00002509,2024-10-10T13:33:18Z,REQ_0003114,OPERATIONAL_ETA
CASE_00002510,2024-11-09T14:27:03Z,REQ_0003115,OPERATIONAL_ETA
CASE_00002511,2025-02-13T15:14:58Z,REQ_0003116,OPERATIONAL_ETA
CASE_00002512,2024-12-08T07:43:19Z,REQ_0003117,OPERATIONAL_ETA
CASE_00002513,2024-12-15T06:33:56Z,REQ_0003118,OPERATIONAL_ETA
CASE_00002513,2024-12-14T16:12:45Z,REQ_0003119,OPERATIONAL_ETA
CASE_00002514,2025-04-07T14:37:11Z,REQ_0003120,OPERATIONAL_ETA
CASE_00002515,2024-09-15T00:24:11Z,REQ_0003121,OPERATIONAL_ETA
CASE_00002516,2025-04-12T00:47:35Z,REQ_0003122,RETRO_AUDIT
CASE_00002517,2024-10-04T03:32:34Z,REQ_0003123,OPERATIONAL_ETA
CASE_00002518,2024-10-01T02:54:41Z,REQ_0003124,OPERATIONAL_ETA
CASE_00002518,2024-09-30T07:19:59Z,REQ_0003125,OPERATIONAL_ETA
CASE_00002519,2024-10-08T17:30:08Z,REQ_0003126,OPERATIONAL_ETA
CASE_00002520,2025-01-17T12:33:01Z,REQ_0003127,OPERATIONAL_ETA
CASE_00002521,2024-12-09T13:11:03Z,REQ_0003128,OPERATIONAL_ETA
CASE_00002522,2025-01-04T17:41:34Z,REQ_0003129,OPERATIONAL_ETA
CASE_00002523,2024-12-23T03:37:14Z,REQ_0003130,OPERATIONAL_ETA
CASE_00002524,2024-12-31T01:11:18Z,REQ_0003131,OPERATIONAL_ETA
CASE_00002524,2024-12-28T21:15:34Z,REQ_0003132,OPERATIONAL_ETA
CASE_00002525,2025-01-09T17:22:02Z,REQ_0003133,OPERATIONAL_ETA
CASE_00002526,2025-03-24T03:24:20Z,REQ_0003134,OPERATIONAL_ETA
CASE_00002527,2024-10-23T04:50:50Z,REQ_0003135,PILOT_CHECK
CASE_00002527,2024-10-23T00:50:37Z,REQ_0003136,OPERATIONAL_ETA
CASE_00002528,2025-01-22T21:28:59Z,REQ_0003137,RETRO_AUDIT
CASE_00002529,2025-02-09T21:54:29Z,REQ_0003138,OPERATIONAL_ETA
CASE_00002529,2025-02-07T14:16:49Z,REQ_0003139,OPERATIONAL_ETA
CASE_00002530,2025-04-17T05:48:31Z,REQ_0003140,OPERATIONAL_ETA
CASE_00002530,2025-04-15T11:57:49Z,REQ_0003141,OPERATIONAL_ETA
CASE_00002531,2025-02-18T14:30:22Z,REQ_0003142,OPERATIONAL_ETA
CASE_00002532,2024-12-24T04:24:16Z,REQ_0003143,RETRO_AUDIT
CASE_00002533,2024-09-24T17:33:14Z,REQ_0003144,RETRO_AUDIT
CASE_00002534,2024-10-31T18:27:42Z,REQ_0003145,OPERATIONAL_ETA
CASE_00002534,2024-10-29T07:44:24Z,REQ_0003146,OPERATIONAL_ETA
CASE_00002535,2025-04-08T03:53:38Z,REQ_0003147,OPERATIONAL_ETA
CASE_00002536,2025-03-31T17:47:34Z,REQ_0003148,OPERATIONAL_ETA
CASE_00002536,2025-03-30T01:33:08Z,REQ_0003149,OPERATIONAL_ETA
CASE_00002537,2025-01-13T07:39:07Z,REQ_0003150,OPERATIONAL_ETA
CASE_00002538,2025-04-01T02:03:04Z,REQ_0003151,OPERATIONAL_ETA
CASE_00002539,2025-02-19T22:21:19Z,REQ_0003152,OPERATIONAL_ETA
CASE_00002540,2024-12-16T19:20:50Z,REQ_0003153,OPERATIONAL_ETA
CASE_00002541,2025-04-15T01:41:59Z,REQ_0003154,OPERATIONAL_ETA
CASE_00002542,2025-02-18T08:42:42Z,REQ_0003155,OPERATIONAL_ETA
CASE_00002543,2025-02-15T21:21:45Z,REQ_0003156,OPERATIONAL_ETA
CASE_00002543,2025-02-14T05:17:45Z,REQ_0003157,OPERATIONAL_ETA
CASE_00002544,2025-02-08T20:54:09Z,REQ_0003158,OPERATIONAL_ETA
CASE_00002545,2024-10-28T22:46:53Z,REQ_0003159,OPERATIONAL_ETA
CASE_00002546,2025-04-03T07:17:02Z,REQ_0003160,OPERATIONAL_ETA
CASE_00002547,2025-04-09T11:23:28Z,REQ_0003161,OPERATIONAL_ETA
CASE_00002548,2025-02-27T00:32:52Z,REQ_0003162,OPERATIONAL_ETA
CASE_00002549,2025-03-08T11:07:02Z,REQ_0003163,OPERATIONAL_ETA
CASE_00002550,2025-02-23T12:06:47Z,REQ_0003164,OPERATIONAL_ETA
CASE_00002551,2025-02-14T06:53:06Z,REQ_0003165,OPERATIONAL_ETA
CASE_00002552,2025-04-21T01:07:34Z,REQ_0003166,OPERATIONAL_ETA
CASE_00002553,2024-09-13T13:59:43Z,REQ_0003167,OPERATIONAL_ETA
CASE_00002554,2024-12-17T23:25:19Z,REQ_0003168,OPERATIONAL_ETA
CASE_00002554,2024-12-17T02:57:52Z,REQ_0003169,OPERATIONAL_ETA
CASE_00002555,2024-09-05T02:22:01Z,REQ_0003170,OPERATIONAL_ETA
CASE_00002555,2024-09-03T18:36:51Z,REQ_0003171,OPERATIONAL_ETA
CASE_00002556,2025-03-06T15:21:59Z,REQ_0003172,RETRO_AUDIT
CASE_00002557,2025-01-04T04:03:37Z,REQ_0003173,OPERATIONAL_ETA
CASE_00002558,2025-02-02T03:00:04Z,REQ_0003174,OPERATIONAL_ETA
CASE_00002558,2025-01-30T21:30:27Z,REQ_0003175,OPERATIONAL_ETA
CASE_00002559,2025-02-06T04:20:57Z,REQ_0003176,OPERATIONAL_ETA
CASE_00002560,2025-03-22T10:46:57Z,REQ_0003177,OPERATIONAL_ETA
CASE_00002561,2024-12-03T04:50:38Z,REQ_0003178,OPERATIONAL_ETA
CASE_00002562,2025-03-27T23:23:25Z,REQ_0003179,OPERATIONAL_ETA
CASE_00002563,2025-04-17T08:44:21Z,REQ_0003180,OPERATIONAL_ETA
CASE_00002563,2025-04-15T10:17:42Z,REQ_0003181,OPERATIONAL_ETA
CASE_00002564,2024-12-13T19:20:19Z,REQ_0003182,OPERATIONAL_ETA
CASE_00002565,2024-12-08T16:41:58Z,REQ_0003183,OPERATIONAL_ETA
CASE_00002566,2025-02-14T05:49:25Z,REQ_0003184,RETRO_AUDIT
CASE_00002567,2024-12-27T06:07:59Z,REQ_0003185,OPERATIONAL_ETA
CASE_00002567,2024-12-25T14:02:29Z,REQ_0003186,OPERATIONAL_ETA
CASE_00002568,2025-01-23T19:34:12Z,REQ_0003187,OPERATIONAL_ETA
CASE_00002569,2024-11-22T12:14:59Z,REQ_0003188,PILOT_CHECK
CASE_00002570,2024-12-26T09:43:30Z,REQ_0003189,PILOT_CHECK
CASE_00002571,2025-02-01T09:44:39Z,REQ_0003190,OPERATIONAL_ETA
CASE_00002572,2025-03-04T04:18:36Z,REQ_0003191,OPERATIONAL_ETA
CASE_00002572,2025-03-03T02:52:51Z,REQ_0003192,OPERATIONAL_ETA
CASE_00002573,2024-11-01T14:54:43Z,REQ_0003193,OPERATIONAL_ETA
CASE_00002573,2024-11-01T07:41:59Z,REQ_0003194,OPERATIONAL_ETA
CASE_00002574,2025-02-01T21:38:58Z,REQ_0003195,PILOT_CHECK
CASE_00002575,2025-03-07T20:40:43Z,REQ_0003196,OPERATIONAL_ETA
CASE_00002575,2025-03-07T07:48:43Z,REQ_0003197,OPERATIONAL_ETA
CASE_00002576,2024-11-11T16:49:44Z,REQ_0003198,OPERATIONAL_ETA
CASE_00002577,2025-01-31T18:04:42Z,REQ_0003199,OPERATIONAL_ETA
CASE_00002578,2025-02-11T01:35:16Z,REQ_0003200,PILOT_CHECK
CASE_00002579,2024-12-11T21:22:21Z,REQ_0003201,OPERATIONAL_ETA
CASE_00002580,2024-12-26T03:39:43Z,REQ_0003202,OPERATIONAL_ETA
CASE_00002581,2025-02-12T10:20:54Z,REQ_0003203,OPERATIONAL_ETA
CASE_00002582,2025-01-18T17:14:31Z,REQ_0003204,PILOT_CHECK
CASE_00002583,2025-01-08T03:55:48Z,REQ_0003205,OPERATIONAL_ETA
CASE_00002584,2025-02-08T22:48:57Z,REQ_0003206,OPERATIONAL_ETA
CASE_00002585,2025-04-16T03:21:56Z,REQ_0003207,PILOT_CHECK
CASE_00002586,2024-11-28T18:09:34Z,REQ_0003208,OPERATIONAL_ETA
CASE_00002586,2024-11-26T10:36:54Z,REQ_0003209,OPERATIONAL_ETA
CASE_00002587,2025-03-16T22:56:33Z,REQ_0003210,OPERATIONAL_ETA
CASE_00002587,2025-03-15T13:44:48Z,REQ_0003211,OPERATIONAL_ETA
CASE_00002588,2024-09-29T09:50:47Z,REQ_0003212,OPERATIONAL_ETA
CASE_00002589,2024-11-14T15:06:35Z,REQ_0003213,PILOT_CHECK
CASE_00002590,2024-11-13T04:19:25Z,REQ_0003214,OPERATIONAL_ETA
CASE_00002591,2024-10-29T00:38:10Z,REQ_0003215,OPERATIONAL_ETA
CASE_00002592,2025-04-22T07:15:16Z,REQ_0003216,PILOT_CHECK
CASE_00002593,2024-09-10T01:39:10Z,REQ_0003217,OPERATIONAL_ETA
CASE_00002594,2025-03-24T12:15:11Z,REQ_0003218,RETRO_AUDIT
CASE_00002595,2024-09-13T12:39:18Z,REQ_0003219,OPERATIONAL_ETA
CASE_00002595,2024-09-11T03:32:37Z,REQ_0003220,OPERATIONAL_ETA
CASE_00002596,2024-11-15T01:02:10Z,REQ_0003221,OPERATIONAL_ETA
CASE_00002597,2025-03-31T03:19:50Z,REQ_0003222,OPERATIONAL_ETA
CASE_00002598,2024-11-23T12:47:44Z,REQ_0003223,OPERATIONAL_ETA
CASE_00002599,2025-01-22T22:38:07Z,REQ_0003224,OPERATIONAL_ETA
CASE_00002600,2024-10-08T13:51:57Z,REQ_0003225,OPERATIONAL_ETA
CASE_00002600,2024-10-07T11:03:20Z,REQ_0003226,OPERATIONAL_ETA
CASE_00002601,2025-01-23T22:20:17Z,REQ_0003227,OPERATIONAL_ETA
CASE_00002602,2025-04-12T23:25:17Z,REQ_0003228,OPERATIONAL_ETA
CASE_00002603,2025-03-20T03:23:57Z,REQ_0003229,OPERATIONAL_ETA
CASE_00002603,2025-03-18T20:21:47Z,REQ_0003230,OPERATIONAL_ETA
CASE_00002604,2025-05-03T22:50:44Z,REQ_0003231,OPERATIONAL_ETA
CASE_00002605,2024-12-13T19:09:38Z,REQ_0003232,PILOT_CHECK
CASE_00002606,2024-11-06T09:33:23Z,REQ_0003233,OPERATIONAL_ETA
CASE_00002607,2025-04-29T06:19:52Z,REQ_0003234,PILOT_CHECK
CASE_00002607,2025-04-27T16:42:45Z,REQ_0003235,OPERATIONAL_ETA
CASE_00002608,2025-03-19T15:41:14Z,REQ_0003236,OPERATIONAL_ETA
CASE_00002609,2025-02-24T17:38:21Z,REQ_0003237,RETRO_AUDIT
CASE_00002609,2025-02-23T05:10:32Z,REQ_0003238,OPERATIONAL_ETA
CASE_00002610,2025-05-01T17:52:21Z,REQ_0003239,OPERATIONAL_ETA
CASE_00002611,2025-02-14T21:08:18Z,REQ_0003240,PILOT_CHECK
CASE_00002612,2025-02-09T08:57:41Z,REQ_0003241,OPERATIONAL_ETA
CASE_00002612,2025-02-06T18:32:37Z,REQ_0003242,OPERATIONAL_ETA
CASE_00002613,2025-03-01T03:35:56Z,REQ_0003243,OPERATIONAL_ETA
CASE_00002614,2025-04-09T11:20:45Z,REQ_0003244,OPERATIONAL_ETA
CASE_00002615,2024-11-29T16:01:48Z,REQ_0003245,OPERATIONAL_ETA
CASE_00002616,2025-01-31T11:44:11Z,REQ_0003246,OPERATIONAL_ETA
CASE_00002617,2024-12-12T05:25:31Z,REQ_0003247,RETRO_AUDIT
CASE_00002618,2025-04-08T18:26:05Z,REQ_0003248,OPERATIONAL_ETA
CASE_00002618,2025-04-07T09:34:40Z,REQ_0003249,OPERATIONAL_ETA
CASE_00002619,2024-11-06T21:19:00Z,REQ_0003250,OPERATIONAL_ETA
CASE_00002619,2024-11-06T13:24:41Z,REQ_0003251,OPERATIONAL_ETA
CASE_00002620,2025-03-23T10:26:36Z,REQ_0003252,OPERATIONAL_ETA
CASE_00002621,2024-12-30T04:43:04Z,REQ_0003253,OPERATIONAL_ETA
CASE_00002622,2025-01-16T02:58:42Z,REQ_0003254,OPERATIONAL_ETA
CASE_00002623,2024-12-09T11:06:29Z,REQ_0003255,OPERATIONAL_ETA
CASE_00002623,2024-12-08T15:06:44Z,REQ_0003256,OPERATIONAL_ETA
CASE_00002624,2025-01-18T01:26:13Z,REQ_0003257,OPERATIONAL_ETA
CASE_00002625,2024-12-20T10:51:16Z,REQ_0003258,RETRO_AUDIT
CASE_00002626,2024-11-07T06:01:57Z,REQ_0003259,OPERATIONAL_ETA
CASE_00002626,2024-11-06T21:31:59Z,REQ_0003260,OPERATIONAL_ETA
CASE_00002627,2025-04-14T03:11:00Z,REQ_0003261,OPERATIONAL_ETA
CASE_00002628,2024-10-24T17:55:18Z,REQ_0003262,OPERATIONAL_ETA
CASE_00002629,2024-09-25T21:12:44Z,REQ_0003263,OPERATIONAL_ETA
CASE_00002630,2024-09-17T05:49:06Z,REQ_0003264,PILOT_CHECK
CASE_00002631,2025-04-28T18:23:04Z,REQ_0003265,OPERATIONAL_ETA
CASE_00002632,2025-04-07T12:39:44Z,REQ_0003266,OPERATIONAL_ETA
CASE_00002633,2024-09-14T04:31:51Z,REQ_0003267,OPERATIONAL_ETA
CASE_00002634,2024-09-27T20:11:18Z,REQ_0003268,OPERATIONAL_ETA
CASE_00002635,2025-04-08T21:30:49Z,REQ_0003269,OPERATIONAL_ETA
CASE_00002636,2025-01-25T13:48:47Z,REQ_0003270,OPERATIONAL_ETA
CASE_00002637,2024-11-22T23:29:48Z,REQ_0003271,OPERATIONAL_ETA
CASE_00002638,2024-11-01T08:29:06Z,REQ_0003272,OPERATIONAL_ETA
CASE_00002639,2025-02-03T08:05:16Z,REQ_0003273,OPERATIONAL_ETA
CASE_00002640,2024-10-12T13:56:29Z,REQ_0003274,OPERATIONAL_ETA
CASE_00002641,2025-04-23T20:49:52Z,REQ_0003275,OPERATIONAL_ETA
CASE_00002642,2025-03-13T00:31:23Z,REQ_0003276,OPERATIONAL_ETA
CASE_00002643,2024-11-24T22:14:39Z,REQ_0003277,PILOT_CHECK
CASE_00002643,2024-11-23T01:49:10Z,REQ_0003278,OPERATIONAL_ETA
CASE_00002644,2024-11-16T21:21:09Z,REQ_0003279,OPERATIONAL_ETA
CASE_00002645,2025-03-04T03:53:50Z,REQ_0003280,OPERATIONAL_ETA
CASE_00002646,2025-03-02T00:52:02Z,REQ_0003281,OPERATIONAL_ETA
CASE_00002647,2025-02-11T03:16:39Z,REQ_0003282,OPERATIONAL_ETA
CASE_00002648,2024-09-12T02:54:34Z,REQ_0003283,OPERATIONAL_ETA
CASE_00002649,2024-12-22T12:04:38Z,REQ_0003284,OPERATIONAL_ETA
CASE_00002649,2024-12-21T17:23:29Z,REQ_0003285,PILOT_CHECK
CASE_00002650,2024-09-27T03:22:25Z,REQ_0003286,OPERATIONAL_ETA
CASE_00002651,2025-03-30T17:07:34Z,REQ_0003287,OPERATIONAL_ETA
CASE_00002652,2024-10-03T17:46:28Z,REQ_0003288,OPERATIONAL_ETA
CASE_00002653,2025-01-16T06:41:28Z,REQ_0003289,RETRO_AUDIT
CASE_00002654,2025-03-16T11:37:52Z,REQ_0003290,PILOT_CHECK
CASE_00002654,2025-03-15T21:52:04Z,REQ_0003291,OPERATIONAL_ETA
CASE_00002655,2025-04-28T01:19:52Z,REQ_0003292,OPERATIONAL_ETA
CASE_00002656,2025-02-02T14:48:44Z,REQ_0003293,OPERATIONAL_ETA
CASE_00002657,2025-01-22T05:49:28Z,REQ_0003294,PILOT_CHECK
CASE_00002657,2025-01-20T13:33:54Z,REQ_0003295,OPERATIONAL_ETA
CASE_00002658,2025-03-23T09:09:13Z,REQ_0003296,RETRO_AUDIT
CASE_00002659,2025-03-11T09:01:53Z,REQ_0003297,PILOT_CHECK
CASE_00002659,2025-03-09T13:41:56Z,REQ_0003298,OPERATIONAL_ETA
CASE_00002660,2025-03-20T17:21:42Z,REQ_0003299,OPERATIONAL_ETA
CASE_00002660,2025-03-19T17:02:54Z,REQ_0003300,OPERATIONAL_ETA
CASE_00002661,2025-02-27T00:50:22Z,REQ_0003301,OPERATIONAL_ETA
CASE_00002662,2025-03-12T07:16:55Z,REQ_0003302,OPERATIONAL_ETA
CASE_00002663,2024-09-24T09:28:14Z,REQ_0003303,OPERATIONAL_ETA
CASE_00002664,2024-11-22T07:55:03Z,REQ_0003304,OPERATIONAL_ETA
CASE_00002665,2024-10-03T18:22:05Z,REQ_0003305,OPERATIONAL_ETA
CASE_00002666,2025-05-02T22:22:26Z,REQ_0003306,OPERATIONAL_ETA
CASE_00002666,2025-05-01T10:04:30Z,REQ_0003307,RETRO_AUDIT
CASE_00002667,2025-01-30T20:01:33Z,REQ_0003308,OPERATIONAL_ETA
CASE_00002667,2025-01-29T19:46:38Z,REQ_0003309,OPERATIONAL_ETA
CASE_00002668,2024-12-06T19:07:42Z,REQ_0003310,OPERATIONAL_ETA
CASE_00002668,2024-12-05T15:10:30Z,REQ_0003311,OPERATIONAL_ETA
CASE_00002669,2024-09-24T16:00:25Z,REQ_0003312,OPERATIONAL_ETA
CASE_00002670,2025-05-01T15:32:51Z,REQ_0003313,OPERATIONAL_ETA
CASE_00002670,2025-04-28T17:34:04Z,REQ_0003314,OPERATIONAL_ETA
CASE_00002671,2025-03-21T05:39:22Z,REQ_0003315,OPERATIONAL_ETA
CASE_00002671,2025-03-18T20:15:28Z,REQ_0003316,OPERATIONAL_ETA
CASE_00002672,2024-11-05T04:04:03Z,REQ_0003317,RETRO_AUDIT
CASE_00002672,2024-11-02T15:47:31Z,REQ_0003318,OPERATIONAL_ETA
CASE_00002673,2024-10-25T04:45:12Z,REQ_0003319,OPERATIONAL_ETA
CASE_00002674,2025-01-19T07:05:08Z,REQ_0003320,RETRO_AUDIT
CASE_00002675,2024-10-31T22:13:42Z,REQ_0003321,OPERATIONAL_ETA
CASE_00002676,2025-02-02T22:10:21Z,REQ_0003322,OPERATIONAL_ETA
CASE_00002677,2024-12-14T00:43:13Z,REQ_0003323,RETRO_AUDIT
CASE_00002678,2024-10-29T12:06:47Z,REQ_0003324,OPERATIONAL_ETA
CASE_00002679,2024-12-04T21:07:59Z,REQ_0003325,OPERATIONAL_ETA
CASE_00002680,2024-09-25T15:37:17Z,REQ_0003326,OPERATIONAL_ETA
CASE_00002681,2025-02-18T22:19:53Z,REQ_0003327,OPERATIONAL_ETA
CASE_00002682,2025-02-10T17:09:34Z,REQ_0003328,OPERATIONAL_ETA
CASE_00002683,2024-11-25T07:15:27Z,REQ_0003329,OPERATIONAL_ETA
CASE_00002684,2025-04-03T08:43:04Z,REQ_0003330,OPERATIONAL_ETA
CASE_00002684,2025-04-02T20:30:48Z,REQ_0003331,OPERATIONAL_ETA
CASE_00002685,2024-09-27T01:29:25Z,REQ_0003332,OPERATIONAL_ETA
CASE_00002686,2025-04-24T00:51:10Z,REQ_0003333,OPERATIONAL_ETA
CASE_00002687,2024-10-08T19:15:46Z,REQ_0003334,PILOT_CHECK
CASE_00002688,2025-04-03T23:55:15Z,REQ_0003335,OPERATIONAL_ETA
CASE_00002688,2025-04-02T17:54:16Z,REQ_0003336,OPERATIONAL_ETA
CASE_00002689,2025-04-09T03:45:51Z,REQ_0003337,RETRO_AUDIT
CASE_00002689,2025-04-07T06:37:22Z,REQ_0003338,OPERATIONAL_ETA
CASE_00002690,2025-04-25T18:55:21Z,REQ_0003339,RETRO_AUDIT
CASE_00002691,2025-04-07T16:37:58Z,REQ_0003340,PILOT_CHECK
CASE_00002692,2025-03-31T04:12:10Z,REQ_0003341,OPERATIONAL_ETA
CASE_00002693,2025-02-01T16:03:17Z,REQ_0003342,OPERATIONAL_ETA
CASE_00002693,2025-01-31T08:39:14Z,REQ_0003343,OPERATIONAL_ETA
CASE_00002694,2025-01-13T00:18:28Z,REQ_0003344,OPERATIONAL_ETA
CASE_00002695,2024-12-27T23:27:16Z,REQ_0003345,OPERATIONAL_ETA
CASE_00002696,2024-11-10T17:16:07Z,REQ_0003346,OPERATIONAL_ETA
CASE_00002697,2025-02-24T23:36:33Z,REQ_0003347,PILOT_CHECK
CASE_00002697,2025-02-23T05:24:08Z,REQ_0003348,OPERATIONAL_ETA
CASE_00002698,2025-04-19T21:29:29Z,REQ_0003349,OPERATIONAL_ETA
CASE_00002699,2025-01-30T05:59:40Z,REQ_0003350,OPERATIONAL_ETA
CASE_00002700,2025-04-06T15:03:50Z,REQ_0003351,OPERATIONAL_ETA
CASE_00002701,2024-10-30T18:13:53Z,REQ_0003352,OPERATIONAL_ETA
CASE_00002702,2024-09-23T16:53:41Z,REQ_0003353,OPERATIONAL_ETA
CASE_00002703,2024-09-09T13:54:13Z,REQ_0003354,OPERATIONAL_ETA
CASE_00002704,2024-09-07T06:30:40Z,REQ_0003355,OPERATIONAL_ETA
CASE_00002705,2025-03-11T04:34:26Z,REQ_0003356,OPERATIONAL_ETA
CASE_00002706,2025-05-01T20:11:04Z,REQ_0003357,OPERATIONAL_ETA
CASE_00002707,2025-04-20T08:32:39Z,REQ_0003358,OPERATIONAL_ETA
CASE_00002708,2024-12-05T11:40:40Z,REQ_0003359,OPERATIONAL_ETA
CASE_00002709,2024-09-25T05:18:39Z,REQ_0003360,OPERATIONAL_ETA
CASE_00002710,2025-01-04T19:50:29Z,REQ_0003361,OPERATIONAL_ETA
CASE_00002710,2025-01-03T20:59:17Z,REQ_0003362,OPERATIONAL_ETA
CASE_00002711,2024-12-13T17:48:29Z,REQ_0003363,OPERATIONAL_ETA
CASE_00002712,2024-09-20T09:42:26Z,REQ_0003364,PILOT_CHECK
CASE_00002713,2024-09-15T17:51:57Z,REQ_0003365,OPERATIONAL_ETA
CASE_00002713,2024-09-13T12:03:49Z,REQ_0003366,OPERATIONAL_ETA
CASE_00002714,2024-11-27T10:26:21Z,REQ_0003367,PILOT_CHECK
CASE_00002714,2024-11-24T20:30:59Z,REQ_0003368,OPERATIONAL_ETA
CASE_00002715,2024-12-11T16:51:10Z,REQ_0003369,RETRO_AUDIT
CASE_00002716,2025-01-10T05:14:37Z,REQ_0003370,OPERATIONAL_ETA
CASE_00002716,2025-01-08T06:40:19Z,REQ_0003371,PILOT_CHECK
CASE_00002717,2025-01-07T18:31:37Z,REQ_0003372,OPERATIONAL_ETA
CASE_00002718,2025-02-10T05:35:31Z,REQ_0003373,OPERATIONAL_ETA
CASE_00002718,2025-02-08T05:52:09Z,REQ_0003374,OPERATIONAL_ETA
CASE_00002719,2024-11-01T12:09:16Z,REQ_0003375,PILOT_CHECK
CASE_00002720,2024-12-01T06:49:19Z,REQ_0003376,OPERATIONAL_ETA
CASE_00002721,2025-02-14T20:02:23Z,REQ_0003377,OPERATIONAL_ETA
CASE_00002722,2024-09-17T13:03:47Z,REQ_0003378,RETRO_AUDIT
CASE_00002723,2024-10-22T01:03:33Z,REQ_0003379,OPERATIONAL_ETA
CASE_00002724,2025-03-11T09:13:33Z,REQ_0003380,OPERATIONAL_ETA
CASE_00002724,2025-03-10T02:24:00Z,REQ_0003381,OPERATIONAL_ETA
CASE_00002725,2024-10-22T05:09:53Z,REQ_0003382,RETRO_AUDIT
CASE_00002726,2025-02-20T05:57:42Z,REQ_0003383,RETRO_AUDIT
CASE_00002727,2025-03-21T18:00:49Z,REQ_0003384,OPERATIONAL_ETA
CASE_00002728,2024-10-21T13:07:03Z,REQ_0003385,OPERATIONAL_ETA
CASE_00002729,2024-11-21T06:52:03Z,REQ_0003386,PILOT_CHECK
CASE_00002729,2024-11-20T05:46:55Z,REQ_0003387,OPERATIONAL_ETA
CASE_00002730,2024-12-02T17:22:14Z,REQ_0003388,RETRO_AUDIT
CASE_00002731,2025-03-11T20:17:04Z,REQ_0003389,OPERATIONAL_ETA
CASE_00002732,2024-12-15T08:54:27Z,REQ_0003390,OPERATIONAL_ETA
CASE_00002733,2025-03-06T23:49:24Z,REQ_0003391,OPERATIONAL_ETA
CASE_00002734,2024-11-28T23:50:07Z,REQ_0003392,OPERATIONAL_ETA
CASE_00002734,2024-11-26T18:28:53Z,REQ_0003393,OPERATIONAL_ETA
CASE_00002735,2025-03-31T14:47:24Z,REQ_0003394,OPERATIONAL_ETA
CASE_00002735,2025-03-29T09:40:44Z,REQ_0003395,OPERATIONAL_ETA
CASE_00002736,2024-09-27T10:24:19Z,REQ_0003396,OPERATIONAL_ETA
CASE_00002737,2025-03-11T21:02:40Z,REQ_0003397,OPERATIONAL_ETA
CASE_00002737,2025-03-10T22:57:59Z,REQ_0003398,OPERATIONAL_ETA
CASE_00002738,2025-03-04T14:01:19Z,REQ_0003399,OPERATIONAL_ETA
CASE_00002739,2024-10-26T02:25:22Z,REQ_0003400,OPERATIONAL_ETA
CASE_00002740,2024-10-18T08:23:16Z,REQ_0003401,OPERATIONAL_ETA
CASE_00002741,2024-10-17T20:34:20Z,REQ_0003402,OPERATIONAL_ETA
CASE_00002741,2024-10-17T03:25:06Z,REQ_0003403,OPERATIONAL_ETA
CASE_00002742,2025-03-22T13:46:22Z,REQ_0003404,OPERATIONAL_ETA
CASE_00002743,2025-02-26T21:13:18Z,REQ_0003405,OPERATIONAL_ETA
CASE_00002744,2025-03-11T18:37:14Z,REQ_0003406,OPERATIONAL_ETA
CASE_00002745,2024-10-30T20:46:37Z,REQ_0003407,OPERATIONAL_ETA
CASE_00002746,2025-03-21T05:22:30Z,REQ_0003408,OPERATIONAL_ETA
CASE_00002746,2025-03-19T06:54:42Z,REQ_0003409,OPERATIONAL_ETA
CASE_00002747,2025-03-03T12:09:30Z,REQ_0003410,OPERATIONAL_ETA
CASE_00002748,2024-11-11T15:52:45Z,REQ_0003411,OPERATIONAL_ETA
CASE_00002749,2025-03-04T13:07:08Z,REQ_0003412,OPERATIONAL_ETA
CASE_00002750,2025-01-17T13:43:36Z,REQ_0003413,OPERATIONAL_ETA
CASE_00002751,2024-11-29T23:55:39Z,REQ_0003414,OPERATIONAL_ETA
CASE_00002751,2024-11-27T01:36:32Z,REQ_0003415,OPERATIONAL_ETA
CASE_00002752,2025-05-02T18:10:19Z,REQ_0003416,OPERATIONAL_ETA
CASE_00002753,2025-01-16T18:14:09Z,REQ_0003417,RETRO_AUDIT
CASE_00002754,2025-01-01T22:09:45Z,REQ_0003418,OPERATIONAL_ETA
CASE_00002755,2024-11-05T11:12:46Z,REQ_0003419,OPERATIONAL_ETA
CASE_00002756,2024-10-23T22:37:10Z,REQ_0003420,OPERATIONAL_ETA
CASE_00002757,2024-12-10T15:27:30Z,REQ_0003421,RETRO_AUDIT
CASE_00002758,2025-03-01T12:47:30Z,REQ_0003422,OPERATIONAL_ETA
CASE_00002759,2024-09-29T05:17:51Z,REQ_0003423,OPERATIONAL_ETA
CASE_00002760,2024-11-09T07:11:00Z,REQ_0003424,OPERATIONAL_ETA
CASE_00002761,2025-03-07T00:17:46Z,REQ_0003425,OPERATIONAL_ETA
CASE_00002762,2025-04-21T18:24:29Z,REQ_0003426,RETRO_AUDIT
CASE_00002763,2024-09-06T03:20:58Z,REQ_0003427,OPERATIONAL_ETA
CASE_00002764,2025-01-26T03:49:31Z,REQ_0003428,RETRO_AUDIT
CASE_00002765,2025-03-14T06:56:07Z,REQ_0003429,OPERATIONAL_ETA
CASE_00002766,2025-02-16T04:05:55Z,REQ_0003430,OPERATIONAL_ETA
CASE_00002767,2025-04-05T22:51:09Z,REQ_0003431,OPERATIONAL_ETA
CASE_00002768,2025-04-15T02:35:54Z,REQ_0003432,OPERATIONAL_ETA
CASE_00002769,2025-04-13T22:17:13Z,REQ_0003433,OPERATIONAL_ETA
CASE_00002770,2025-05-02T14:47:00Z,REQ_0003434,OPERATIONAL_ETA
CASE_00002771,2025-03-09T03:23:11Z,REQ_0003435,OPERATIONAL_ETA
CASE_00002771,2025-03-08T11:03:03Z,REQ_0003436,OPERATIONAL_ETA
CASE_00002772,2025-02-08T15:23:25Z,REQ_0003437,OPERATIONAL_ETA
CASE_00002773,2024-11-02T20:08:23Z,REQ_0003438,OPERATIONAL_ETA
CASE_00002774,2025-03-19T20:24:39Z,REQ_0003439,OPERATIONAL_ETA
CASE_00002775,2025-02-24T01:08:29Z,REQ_0003440,OPERATIONAL_ETA
CASE_00002776,2024-09-07T06:49:32Z,REQ_0003441,PILOT_CHECK
CASE_00002777,2024-11-25T16:40:46Z,REQ_0003442,OPERATIONAL_ETA
CASE_00002777,2024-11-23T07:21:11Z,REQ_0003443,OPERATIONAL_ETA
CASE_00002778,2024-10-26T18:20:07Z,REQ_0003444,OPERATIONAL_ETA
CASE_00002779,2025-01-03T05:38:12Z,REQ_0003445,RETRO_AUDIT
CASE_00002780,2025-03-02T10:18:34Z,REQ_0003446,OPERATIONAL_ETA
CASE_00002781,2025-02-24T17:16:24Z,REQ_0003447,OPERATIONAL_ETA
CASE_00002781,2025-02-22T10:09:50Z,REQ_0003448,OPERATIONAL_ETA
CASE_00002782,2024-10-13T05:52:20Z,REQ_0003449,OPERATIONAL_ETA
CASE_00002783,2024-10-03T06:00:24Z,REQ_0003450,OPERATIONAL_ETA
CASE_00002783,2024-09-30T09:02:27Z,REQ_0003451,PILOT_CHECK
CASE_00002784,2024-12-20T04:13:58Z,REQ_0003452,OPERATIONAL_ETA
CASE_00002785,2024-09-18T01:17:07Z,REQ_0003453,OPERATIONAL_ETA
CASE_00002786,2025-04-01T22:05:42Z,REQ_0003454,OPERATIONAL_ETA
CASE_00002787,2024-11-05T00:12:30Z,REQ_0003455,OPERATIONAL_ETA
CASE_00002788,2024-10-18T00:37:25Z,REQ_0003456,RETRO_AUDIT
CASE_00002788,2024-10-17T12:39:31Z,REQ_0003457,RETRO_AUDIT
CASE_00002789,2024-11-12T03:42:06Z,REQ_0003458,RETRO_AUDIT
CASE_00002790,2024-09-26T08:39:21Z,REQ_0003459,OPERATIONAL_ETA
CASE_00002791,2024-11-04T10:06:12Z,REQ_0003460,OPERATIONAL_ETA
CASE_00002792,2025-01-02T14:43:40Z,REQ_0003461,OPERATIONAL_ETA
CASE_00002793,2025-04-10T23:36:21Z,REQ_0003462,PILOT_CHECK
CASE_00002794,2025-03-14T23:52:18Z,REQ_0003463,OPERATIONAL_ETA
CASE_00002795,2025-02-11T20:19:31Z,REQ_0003464,OPERATIONAL_ETA
CASE_00002796,2024-11-18T03:18:47Z,REQ_0003465,OPERATIONAL_ETA
CASE_00002797,2025-02-06T08:25:26Z,REQ_0003466,PILOT_CHECK
CASE_00002797,2025-02-04T00:52:55Z,REQ_0003467,OPERATIONAL_ETA
CASE_00002798,2025-03-03T09:47:10Z,REQ_0003468,RETRO_AUDIT
CASE_00002798,2025-03-02T07:52:00Z,REQ_0003469,RETRO_AUDIT
CASE_00002799,2025-04-28T16:44:57Z,REQ_0003470,RETRO_AUDIT
CASE_00002800,2025-01-10T07:12:57Z,REQ_0003471,OPERATIONAL_ETA
CASE_00002800,2025-01-08T12:07:25Z,REQ_0003472,OPERATIONAL_ETA
CASE_00002801,2024-10-05T09:49:21Z,REQ_0003473,OPERATIONAL_ETA
CASE_00002801,2024-10-03T04:53:18Z,REQ_0003474,PILOT_CHECK
CASE_00002802,2025-05-03T05:27:55Z,REQ_0003475,OPERATIONAL_ETA
CASE_00002803,2024-09-14T15:52:38Z,REQ_0003476,OPERATIONAL_ETA
CASE_00002804,2025-02-14T15:52:12Z,REQ_0003477,OPERATIONAL_ETA
CASE_00002805,2024-11-30T21:44:06Z,REQ_0003478,OPERATIONAL_ETA
CASE_00002806,2025-03-20T00:52:37Z,REQ_0003479,OPERATIONAL_ETA
CASE_00002806,2025-03-17T13:15:59Z,REQ_0003480,RETRO_AUDIT
CASE_00002807,2024-12-07T06:46:31Z,REQ_0003481,RETRO_AUDIT
CASE_00002808,2025-01-26T20:32:26Z,REQ_0003482,OPERATIONAL_ETA
CASE_00002809,2024-12-04T20:29:13Z,REQ_0003483,OPERATIONAL_ETA
CASE_00002810,2024-10-23T16:48:48Z,REQ_0003484,OPERATIONAL_ETA
CASE_00002810,2024-10-14T20:38:06Z,REQ_0003485,PILOT_CHECK
CASE_00002811,2025-05-02T06:50:28Z,REQ_0003486,PILOT_CHECK
CASE_00002812,2025-02-05T08:51:12Z,REQ_0003487,OPERATIONAL_ETA
CASE_00002812,2025-02-05T03:18:38Z,REQ_0003488,OPERATIONAL_ETA
CASE_00002813,2025-03-18T00:23:33Z,REQ_0003489,PILOT_CHECK
CASE_00002814,2024-11-10T05:00:58Z,REQ_0003490,OPERATIONAL_ETA
CASE_00002815,2024-10-12T20:36:30Z,REQ_0003491,OPERATIONAL_ETA
CASE_00002816,2024-11-12T23:53:22Z,REQ_0003492,OPERATIONAL_ETA
CASE_00002816,2024-11-12T15:17:42Z,REQ_0003493,PILOT_CHECK
CASE_00002817,2024-11-11T03:33:20Z,REQ_0003494,OPERATIONAL_ETA
CASE_00002817,2024-11-08T13:32:34Z,REQ_0003495,OPERATIONAL_ETA
CASE_00002818,2025-04-21T07:16:58Z,REQ_0003496,OPERATIONAL_ETA
CASE_00002818,2025-04-19T22:35:17Z,REQ_0003497,OPERATIONAL_ETA
CASE_00002819,2024-12-07T04:34:36Z,REQ_0003498,OPERATIONAL_ETA
CASE_00002819,2024-12-05T15:03:03Z,REQ_0003499,PILOT_CHECK
CASE_00002820,2024-09-18T08:49:00Z,REQ_0003500,OPERATIONAL_ETA
CASE_00002821,2025-04-16T02:08:59Z,REQ_0003501,OPERATIONAL_ETA
CASE_00002822,2024-11-20T01:16:38Z,REQ_0003502,OPERATIONAL_ETA
CASE_00002823,2025-03-13T02:01:18Z,REQ_0003503,OPERATIONAL_ETA
CASE_00002824,2025-04-02T15:09:58Z,REQ_0003504,OPERATIONAL_ETA
CASE_00002825,2024-10-14T02:41:09Z,REQ_0003505,OPERATIONAL_ETA
CASE_00002826,2024-10-30T15:28:47Z,REQ_0003506,OPERATIONAL_ETA
CASE_00002827,2025-05-03T05:22:10Z,REQ_0003507,OPERATIONAL_ETA
CASE_00002828,2024-12-12T13:50:26Z,REQ_0003508,OPERATIONAL_ETA
CASE_00002828,2024-12-11T13:22:06Z,REQ_0003509,RETRO_AUDIT
CASE_00002829,2024-10-12T08:45:46Z,REQ_0003510,OPERATIONAL_ETA
CASE_00002830,2024-11-15T05:00:09Z,REQ_0003511,OPERATIONAL_ETA
CASE_00002831,2024-11-02T01:39:21Z,REQ_0003512,OPERATIONAL_ETA
CASE_00002832,2025-01-12T10:33:34Z,REQ_0003513,OPERATIONAL_ETA
CASE_00002833,2025-03-04T09:24:30Z,REQ_0003514,OPERATIONAL_ETA
CASE_00002833,2025-03-02T04:44:28Z,REQ_0003515,RETRO_AUDIT
CASE_00002834,2025-03-11T12:04:20Z,REQ_0003516,OPERATIONAL_ETA
CASE_00002834,2025-03-10T15:44:18Z,REQ_0003517,OPERATIONAL_ETA
CASE_00002835,2025-04-19T03:20:11Z,REQ_0003518,OPERATIONAL_ETA
CASE_00002836,2025-02-10T02:48:20Z,REQ_0003519,OPERATIONAL_ETA
CASE_00002836,2025-02-09T02:24:11Z,REQ_0003520,OPERATIONAL_ETA
CASE_00002837,2025-05-01T13:07:20Z,REQ_0003521,OPERATIONAL_ETA
CASE_00002837,2025-04-30T16:47:58Z,REQ_0003522,PILOT_CHECK
CASE_00002838,2025-04-28T23:29:51Z,REQ_0003523,OPERATIONAL_ETA
CASE_00002839,2025-03-24T13:07:31Z,REQ_0003524,OPERATIONAL_ETA
CASE_00002840,2025-02-15T10:20:43Z,REQ_0003525,OPERATIONAL_ETA
CASE_00002841,2025-04-14T22:24:09Z,REQ_0003526,PILOT_CHECK
CASE_00002841,2025-04-13T00:55:53Z,REQ_0003527,OPERATIONAL_ETA
CASE_00002842,2025-03-01T05:12:33Z,REQ_0003528,OPERATIONAL_ETA
CASE_00002843,2024-11-13T01:52:27Z,REQ_0003529,OPERATIONAL_ETA
CASE_00002844,2025-01-24T12:08:28Z,REQ_0003530,PILOT_CHECK
CASE_00002845,2025-03-23T18:06:43Z,REQ_0003531,PILOT_CHECK
CASE_00002846,2024-09-25T23:18:41Z,REQ_0003532,OPERATIONAL_ETA
CASE_00002847,2024-10-09T05:10:16Z,REQ_0003533,OPERATIONAL_ETA
CASE_00002848,2024-10-08T10:24:50Z,REQ_0003534,OPERATIONAL_ETA
CASE_00002849,2024-09-10T20:02:07Z,REQ_0003535,OPERATIONAL_ETA
CASE_00002849,2024-09-08T19:00:16Z,REQ_0003536,OPERATIONAL_ETA
CASE_00002850,2025-04-01T01:37:50Z,REQ_0003537,OPERATIONAL_ETA
CASE_00002851,2024-12-22T12:07:53Z,REQ_0003538,OPERATIONAL_ETA
CASE_00002852,2024-12-05T03:58:55Z,REQ_0003539,OPERATIONAL_ETA
CASE_00002852,2024-12-03T16:23:48Z,REQ_0003540,OPERATIONAL_ETA
CASE_00002853,2024-12-15T16:28:24Z,REQ_0003541,OPERATIONAL_ETA
CASE_00002854,2025-02-12T03:16:39Z,REQ_0003542,OPERATIONAL_ETA
CASE_00002855,2024-09-07T09:05:00Z,REQ_0003543,OPERATIONAL_ETA
CASE_00002856,2024-12-10T16:34:50Z,REQ_0003544,OPERATIONAL_ETA
CASE_00002857,2025-04-10T23:59:21Z,REQ_0003545,RETRO_AUDIT
CASE_00002858,2025-03-02T10:03:00Z,REQ_0003546,RETRO_AUDIT
CASE_00002858,2025-02-27T19:39:30Z,REQ_0003547,OPERATIONAL_ETA
CASE_00002859,2024-10-06T03:50:15Z,REQ_0003548,RETRO_AUDIT
CASE_00002860,2024-11-23T01:18:01Z,REQ_0003549,OPERATIONAL_ETA
CASE_00002860,2024-11-21T05:55:32Z,REQ_0003550,PILOT_CHECK
CASE_00002861,2025-04-08T11:10:57Z,REQ_0003551,OPERATIONAL_ETA
CASE_00002862,2024-11-08T04:50:52Z,REQ_0003552,OPERATIONAL_ETA
CASE_00002863,2024-10-29T02:34:19Z,REQ_0003553,OPERATIONAL_ETA
CASE_00002864,2024-11-14T02:52:22Z,REQ_0003554,OPERATIONAL_ETA
CASE_00002864,2024-11-12T13:54:01Z,REQ_0003555,OPERATIONAL_ETA
CASE_00002865,2025-01-19T14:43:46Z,REQ_0003556,OPERATIONAL_ETA
CASE_00002866,2025-01-05T01:27:53Z,REQ_0003557,PILOT_CHECK
CASE_00002867,2025-04-11T17:58:13Z,REQ_0003558,OPERATIONAL_ETA
CASE_00002867,2025-04-10T20:08:28Z,REQ_0003559,OPERATIONAL_ETA
CASE_00002868,2025-01-27T09:11:20Z,REQ_0003560,OPERATIONAL_ETA
CASE_00002869,2025-02-14T23:22:28Z,REQ_0003561,OPERATIONAL_ETA
CASE_00002870,2025-03-01T04:31:55Z,REQ_0003562,OPERATIONAL_ETA
CASE_00002871,2025-03-12T13:56:10Z,REQ_0003563,OPERATIONAL_ETA
CASE_00002872,2025-03-09T13:54:28Z,REQ_0003564,PILOT_CHECK
CASE_00002873,2025-04-11T12:54:06Z,REQ_0003565,RETRO_AUDIT
CASE_00002874,2024-10-07T12:03:00Z,REQ_0003566,OPERATIONAL_ETA
CASE_00002875,2024-09-19T19:35:51Z,REQ_0003567,OPERATIONAL_ETA
CASE_00002876,2024-12-20T14:26:27Z,REQ_0003568,OPERATIONAL_ETA
CASE_00002876,2024-12-19T07:23:44Z,REQ_0003569,OPERATIONAL_ETA
CASE_00002877,2025-04-09T15:18:08Z,REQ_0003570,OPERATIONAL_ETA
CASE_00002878,2024-09-22T18:03:00Z,REQ_0003571,OPERATIONAL_ETA
CASE_00002879,2024-10-24T19:09:08Z,REQ_0003572,OPERATIONAL_ETA
CASE_00002880,2025-01-01T18:35:32Z,REQ_0003573,OPERATIONAL_ETA
CASE_00002880,2024-12-31T03:27:02Z,REQ_0003574,OPERATIONAL_ETA
CASE_00002881,2024-11-15T10:18:25Z,REQ_0003575,OPERATIONAL_ETA
CASE_00002882,2024-11-30T07:00:59Z,REQ_0003576,OPERATIONAL_ETA
CASE_00002883,2024-12-30T17:21:02Z,REQ_0003577,RETRO_AUDIT
CASE_00002884,2024-11-08T15:54:24Z,REQ_0003578,OPERATIONAL_ETA
CASE_00002885,2025-03-19T16:27:12Z,REQ_0003579,OPERATIONAL_ETA
CASE_00002885,2025-03-17T01:57:10Z,REQ_0003580,PILOT_CHECK
CASE_00002886,2024-12-09T04:23:45Z,REQ_0003581,OPERATIONAL_ETA
CASE_00002886,2024-12-08T23:35:18Z,REQ_0003582,OPERATIONAL_ETA
CASE_00002887,2025-01-11T17:59:09Z,REQ_0003583,OPERATIONAL_ETA
CASE_00002888,2024-10-03T10:42:23Z,REQ_0003584,RETRO_AUDIT
CASE_00002888,2024-10-03T01:28:26Z,REQ_0003585,OPERATIONAL_ETA
CASE_00002889,2025-02-06T18:40:09Z,REQ_0003586,OPERATIONAL_ETA
CASE_00002890,2024-10-13T12:27:56Z,REQ_0003587,PILOT_CHECK
CASE_00002890,2024-10-12T16:55:33Z,REQ_0003588,RETRO_AUDIT
CASE_00002891,2024-10-06T11:19:31Z,REQ_0003589,OPERATIONAL_ETA
CASE_00002892,2025-03-26T09:08:50Z,REQ_0003590,OPERATIONAL_ETA
CASE_00002893,2024-10-26T22:34:21Z,REQ_0003591,RETRO_AUDIT
CASE_00002894,2025-03-11T13:35:14Z,REQ_0003592,RETRO_AUDIT
CASE_00002894,2025-03-11T02:29:23Z,REQ_0003593,OPERATIONAL_ETA
CASE_00002895,2025-03-29T01:06:23Z,REQ_0003594,RETRO_AUDIT
CASE_00002896,2025-01-12T04:51:26Z,REQ_0003595,RETRO_AUDIT
CASE_00002897,2025-02-18T09:57:10Z,REQ_0003596,OPERATIONAL_ETA
CASE_00002898,2024-10-10T13:04:30Z,REQ_0003597,OPERATIONAL_ETA
CASE_00002898,2024-10-08T19:47:40Z,REQ_0003598,OPERATIONAL_ETA
CASE_00002899,2024-10-06T08:41:44Z,REQ_0003599,OPERATIONAL_ETA
CASE_00002899,2024-10-05T05:42:23Z,REQ_0003600,OPERATIONAL_ETA
CASE_00002900,2025-04-03T04:36:27Z,REQ_0003601,OPERATIONAL_ETA
CASE_00002900,2025-04-01T11:30:47Z,REQ_0003602,OPERATIONAL_ETA
CASE_00002901,2024-11-19T08:29:49Z,REQ_0003603,PILOT_CHECK
CASE_00002902,2024-12-22T20:07:56Z,REQ_0003604,OPERATIONAL_ETA
CASE_00002903,2025-04-12T15:46:10Z,REQ_0003605,OPERATIONAL_ETA
CASE_00002903,2025-04-11T20:32:32Z,REQ_0003606,OPERATIONAL_ETA
CASE_00002904,2025-05-01T16:47:20Z,REQ_0003607,OPERATIONAL_ETA
CASE_00002905,2024-10-17T10:39:38Z,REQ_0003608,OPERATIONAL_ETA
CASE_00002906,2025-02-11T07:50:44Z,REQ_0003609,OPERATIONAL_ETA
CASE_00002906,2025-02-10T07:39:03Z,REQ_0003610,RETRO_AUDIT
CASE_00002907,2025-01-18T01:27:57Z,REQ_0003611,RETRO_AUDIT
CASE_00002908,2025-01-05T13:17:32Z,REQ_0003612,RETRO_AUDIT
CASE_00002908,2025-01-04T00:51:42Z,REQ_0003613,OPERATIONAL_ETA
CASE_00002909,2024-09-14T22:05:29Z,REQ_0003614,OPERATIONAL_ETA
CASE_00002910,2024-12-08T03:33:46Z,REQ_0003615,OPERATIONAL_ETA
CASE_00002911,2025-04-13T07:49:36Z,REQ_0003616,OPERATIONAL_ETA
CASE_00002912,2025-04-24T19:40:19Z,REQ_0003617,OPERATIONAL_ETA
CASE_00002912,2025-04-22T20:53:51Z,REQ_0003618,RETRO_AUDIT
CASE_00002913,2025-04-11T12:00:57Z,REQ_0003619,OPERATIONAL_ETA
CASE_00002913,2025-04-09T16:13:34Z,REQ_0003620,OPERATIONAL_ETA
CASE_00002914,2024-09-12T04:28:10Z,REQ_0003621,OPERATIONAL_ETA
CASE_00002915,2025-01-26T03:37:43Z,REQ_0003622,OPERATIONAL_ETA
CASE_00002915,2025-01-24T19:05:26Z,REQ_0003623,RETRO_AUDIT
CASE_00002916,2024-11-11T05:11:03Z,REQ_0003624,OPERATIONAL_ETA
CASE_00002917,2025-03-04T17:17:28Z,REQ_0003625,OPERATIONAL_ETA
CASE_00002918,2025-03-05T05:11:51Z,REQ_0003626,OPERATIONAL_ETA
CASE_00002919,2025-01-05T23:27:54Z,REQ_0003627,OPERATIONAL_ETA
CASE_00002920,2025-03-31T10:14:28Z,REQ_0003628,OPERATIONAL_ETA
CASE_00002921,2024-09-27T05:55:59Z,REQ_0003629,OPERATIONAL_ETA
CASE_00002922,2024-09-15T08:26:11Z,REQ_0003630,RETRO_AUDIT
CASE_00002922,2024-09-13T01:04:02Z,REQ_0003631,RETRO_AUDIT
CASE_00002923,2025-04-08T08:18:07Z,REQ_0003632,PILOT_CHECK
CASE_00002924,2024-11-06T05:29:51Z,REQ_0003633,OPERATIONAL_ETA
CASE_00002925,2025-03-07T13:33:52Z,REQ_0003634,OPERATIONAL_ETA
CASE_00002925,2025-03-05T19:24:57Z,REQ_0003635,OPERATIONAL_ETA
CASE_00002926,2025-01-02T08:59:47Z,REQ_0003636,OPERATIONAL_ETA
CASE_00002926,2025-01-01T18:50:18Z,REQ_0003637,OPERATIONAL_ETA
CASE_00002927,2025-03-06T16:02:11Z,REQ_0003638,RETRO_AUDIT
CASE_00002928,2025-01-13T03:54:52Z,REQ_0003639,OPERATIONAL_ETA
CASE_00002929,2025-03-08T00:48:04Z,REQ_0003640,PILOT_CHECK
CASE_00002929,2025-03-07T14:31:34Z,REQ_0003641,OPERATIONAL_ETA
CASE_00002930,2024-12-12T12:18:25Z,REQ_0003642,OPERATIONAL_ETA
CASE_00002931,2024-11-09T10:10:55Z,REQ_0003643,OPERATIONAL_ETA
CASE_00002931,2024-11-07T04:33:06Z,REQ_0003644,OPERATIONAL_ETA
CASE_00002932,2025-02-19T11:16:21Z,REQ_0003645,OPERATIONAL_ETA
CASE_00002933,2024-12-22T07:59:29Z,REQ_0003646,OPERATIONAL_ETA
CASE_00002934,2025-03-27T06:23:16Z,REQ_0003647,OPERATIONAL_ETA
CASE_00002934,2025-03-25T02:36:24Z,REQ_0003648,RETRO_AUDIT
CASE_00002935,2025-01-10T10:33:00Z,REQ_0003649,OPERATIONAL_ETA
CASE_00002936,2024-12-08T06:40:08Z,REQ_0003650,PILOT_CHECK
CASE_00002937,2024-11-08T13:32:31Z,REQ_0003651,PILOT_CHECK
CASE_00002938,2024-12-08T02:02:13Z,REQ_0003652,OPERATIONAL_ETA
CASE_00002939,2025-03-10T01:05:57Z,REQ_0003653,OPERATIONAL_ETA
CASE_00002939,2025-03-05T20:15:24Z,REQ_0003654,OPERATIONAL_ETA
CASE_00002940,2024-10-30T09:26:19Z,REQ_0003655,OPERATIONAL_ETA
CASE_00002941,2025-02-01T05:13:57Z,REQ_0003656,OPERATIONAL_ETA
CASE_00002942,2025-02-28T12:29:19Z,REQ_0003657,PILOT_CHECK
CASE_00002943,2025-02-07T00:13:10Z,REQ_0003658,OPERATIONAL_ETA
CASE_00002943,2025-02-06T20:04:56Z,REQ_0003659,OPERATIONAL_ETA
CASE_00002944,2025-02-13T16:06:50Z,REQ_0003660,OPERATIONAL_ETA
CASE_00002945,2025-03-21T05:24:13Z,REQ_0003661,OPERATIONAL_ETA
CASE_00002946,2025-04-06T16:14:40Z,REQ_0003662,OPERATIONAL_ETA
CASE_00002946,2025-04-05T09:38:27Z,REQ_0003663,OPERATIONAL_ETA
CASE_00002947,2024-11-22T10:06:40Z,REQ_0003664,OPERATIONAL_ETA
CASE_00002948,2024-11-13T17:25:44Z,REQ_0003665,OPERATIONAL_ETA
CASE_00002949,2025-01-23T21:07:28Z,REQ_0003666,OPERATIONAL_ETA
CASE_00002950,2025-04-30T00:16:01Z,REQ_0003667,OPERATIONAL_ETA
CASE_00002951,2025-01-29T18:06:35Z,REQ_0003668,OPERATIONAL_ETA
CASE_00002952,2025-03-06T19:07:57Z,REQ_0003669,OPERATIONAL_ETA
CASE_00002952,2025-03-05T20:05:00Z,REQ_0003670,OPERATIONAL_ETA
CASE_00002953,2025-01-20T12:43:17Z,REQ_0003671,OPERATIONAL_ETA
CASE_00002954,2025-03-28T15:04:42Z,REQ_0003672,OPERATIONAL_ETA
CASE_00002955,2024-09-17T22:31:28Z,REQ_0003673,OPERATIONAL_ETA
CASE_00002955,2024-09-15T18:47:23Z,REQ_0003674,OPERATIONAL_ETA
CASE_00002956,2025-05-03T21:46:20Z,REQ_0003675,RETRO_AUDIT
CASE_00002956,2025-05-02T18:51:57Z,REQ_0003676,OPERATIONAL_ETA
CASE_00002957,2025-02-03T05:59:02Z,REQ_0003677,OPERATIONAL_ETA
CASE_00002958,2024-10-03T13:08:11Z,REQ_0003678,OPERATIONAL_ETA
CASE_00002959,2024-12-25T09:28:45Z,REQ_0003679,OPERATIONAL_ETA
CASE_00002959,2024-12-24T06:37:08Z,REQ_0003680,OPERATIONAL_ETA
CASE_00002960,2024-11-15T04:38:51Z,REQ_0003681,OPERATIONAL_ETA
CASE_00002961,2025-03-05T13:21:47Z,REQ_0003682,OPERATIONAL_ETA
CASE_00002962,2025-02-12T00:47:00Z,REQ_0003683,OPERATIONAL_ETA
CASE_00002963,2025-04-25T22:30:20Z,REQ_0003684,OPERATIONAL_ETA
CASE_00002964,2025-04-11T18:07:23Z,REQ_0003685,OPERATIONAL_ETA
CASE_00002965,2025-02-06T09:15:12Z,REQ_0003686,OPERATIONAL_ETA
CASE_00002966,2025-03-26T12:07:44Z,REQ_0003687,OPERATIONAL_ETA
CASE_00002967,2025-04-24T01:55:16Z,REQ_0003688,OPERATIONAL_ETA
CASE_00002968,2024-09-19T10:46:35Z,REQ_0003689,OPERATIONAL_ETA
CASE_00002969,2025-01-13T10:13:27Z,REQ_0003690,OPERATIONAL_ETA
CASE_00002970,2024-12-15T18:25:17Z,REQ_0003691,OPERATIONAL_ETA
CASE_00002971,2025-02-16T01:57:53Z,REQ_0003692,PILOT_CHECK
CASE_00002972,2025-02-24T05:02:49Z,REQ_0003693,OPERATIONAL_ETA
CASE_00002973,2025-04-11T16:54:52Z,REQ_0003694,OPERATIONAL_ETA
CASE_00002974,2024-09-27T12:23:10Z,REQ_0003695,OPERATIONAL_ETA
CASE_00002975,2025-01-08T15:24:00Z,REQ_0003696,OPERATIONAL_ETA
CASE_00002976,2024-10-08T06:02:56Z,REQ_0003697,OPERATIONAL_ETA
CASE_00002977,2025-02-13T15:32:10Z,REQ_0003698,PILOT_CHECK
CASE_00002978,2025-04-10T12:19:27Z,REQ_0003699,OPERATIONAL_ETA
CASE_00002979,2024-10-15T00:06:48Z,REQ_0003700,PILOT_CHECK
CASE_00002980,2025-01-16T00:29:51Z,REQ_0003701,OPERATIONAL_ETA
CASE_00002981,2025-01-14T04:41:22Z,REQ_0003702,OPERATIONAL_ETA
CASE_00002982,2025-04-24T00:22:32Z,REQ_0003703,OPERATIONAL_ETA
CASE_00002983,2024-09-17T12:46:09Z,REQ_0003704,OPERATIONAL_ETA
CASE_00002984,2025-02-04T00:42:47Z,REQ_0003705,RETRO_AUDIT
CASE_00002985,2024-10-21T14:36:24Z,REQ_0003706,OPERATIONAL_ETA
CASE_00002986,2024-11-12T13:02:55Z,REQ_0003707,OPERATIONAL_ETA
CASE_00002987,2025-01-07T10:08:29Z,REQ_0003708,OPERATIONAL_ETA
CASE_00002988,2025-01-27T21:49:30Z,REQ_0003709,OPERATIONAL_ETA
CASE_00002989,2025-02-19T08:09:20Z,REQ_0003710,OPERATIONAL_ETA
CASE_00002990,2024-12-31T21:10:12Z,REQ_0003711,OPERATIONAL_ETA
CASE_00002991,2025-01-12T13:22:32Z,REQ_0003712,OPERATIONAL_ETA
CASE_00002992,2025-01-22T20:01:51Z,REQ_0003713,OPERATIONAL_ETA
CASE_00002993,2025-03-22T21:46:47Z,REQ_0003714,OPERATIONAL_ETA
CASE_00002994,2025-04-29T05:53:12Z,REQ_0003715,RETRO_AUDIT
CASE_00002995,2025-03-23T13:13:08Z,REQ_0003716,OPERATIONAL_ETA
CASE_00002996,2025-02-04T14:03:44Z,REQ_0003717,PILOT_CHECK
CASE_00002997,2025-02-19T02:21:24Z,REQ_0003718,OPERATIONAL_ETA
CASE_00002998,2025-01-28T08:02:39Z,REQ_0003719,OPERATIONAL_ETA
CASE_00002999,2025-01-12T16:37:30Z,REQ_0003720,OPERATIONAL_ETA
CASE_00003000,2024-10-08T14:34:14Z,REQ_0003721,OPERATIONAL_ETA
CASE_00003001,2025-05-05T23:32:56Z,REQ_0003722,OPERATIONAL_ETA
CASE_00003002,2024-11-22T20:58:03Z,REQ_0003723,OPERATIONAL_ETA
CASE_00003003,2024-10-09T20:53:36Z,REQ_0003724,RETRO_AUDIT
CASE_00003004,2025-01-13T16:59:13Z,REQ_0003725,OPERATIONAL_ETA
CASE_00003005,2025-03-24T17:26:14Z,REQ_0003726,PILOT_CHECK
CASE_00003006,2025-03-09T11:54:07Z,REQ_0003727,RETRO_AUDIT
CASE_00003007,2024-11-20T22:21:55Z,REQ_0003728,OPERATIONAL_ETA
CASE_00003008,2024-12-24T20:19:18Z,REQ_0003729,OPERATIONAL_ETA
CASE_00003009,2025-02-10T10:43:31Z,REQ_0003730,OPERATIONAL_ETA
CASE_00003010,2025-02-28T12:40:39Z,REQ_0003731,OPERATIONAL_ETA
CASE_00003011,2024-09-17T22:00:41Z,REQ_0003732,OPERATIONAL_ETA
CASE_00003012,2025-10-13T18:04:52Z,REQ_0003733,OPERATIONAL_ETA
CASE_00003012,2025-10-12T09:29:17Z,REQ_0003734,OPERATIONAL_ETA
CASE_00003013,2025-12-18T04:49:56Z,REQ_0003735,OPERATIONAL_ETA
CASE_00003013,2025-12-16T06:29:05Z,REQ_0003736,OPERATIONAL_ETA
CASE_00003014,2025-08-07T11:59:20Z,REQ_0003737,OPERATIONAL_ETA
CASE_00003015,2025-10-01T02:58:25Z,REQ_0003738,OPERATIONAL_ETA
CASE_00003016,2025-10-12T08:27:01Z,REQ_0003739,OPERATIONAL_ETA
CASE_00003016,2025-10-10T13:47:54Z,REQ_0003740,OPERATIONAL_ETA
CASE_00003017,2025-09-25T21:21:51Z,REQ_0003741,OPERATIONAL_ETA
CASE_00003018,2025-10-18T15:51:32Z,REQ_0003742,PILOT_CHECK
CASE_00003019,2025-08-21T19:41:54Z,REQ_0003743,OPERATIONAL_ETA
CASE_00003020,2025-12-14T06:44:27Z,REQ_0003744,OPERATIONAL_ETA
CASE_00003021,2026-03-14T06:32:03Z,REQ_0003745,OPERATIONAL_ETA
CASE_00003022,2025-10-15T10:44:55Z,REQ_0003746,OPERATIONAL_ETA
CASE_00003023,2025-09-15T08:10:39Z,REQ_0003747,OPERATIONAL_ETA
CASE_00003023,2025-09-12T23:35:32Z,REQ_0003748,OPERATIONAL_ETA
CASE_00003024,2025-10-18T11:05:47Z,REQ_0003749,RETRO_AUDIT
CASE_00003025,2026-06-01T15:54:42Z,REQ_0003750,OPERATIONAL_ETA
CASE_00003026,2025-11-29T11:06:37Z,REQ_0003751,RETRO_AUDIT
CASE_00003026,2025-11-28T13:52:17Z,REQ_0003752,OPERATIONAL_ETA
CASE_00003027,2026-03-01T18:03:30Z,REQ_0003753,OPERATIONAL_ETA
CASE_00003028,2025-12-04T19:44:19Z,REQ_0003754,OPERATIONAL_ETA
CASE_00003029,2025-07-31T06:26:35Z,REQ_0003755,OPERATIONAL_ETA
CASE_00003029,2025-07-30T23:34:04Z,REQ_0003756,OPERATIONAL_ETA
CASE_00003030,2026-04-22T13:32:21Z,REQ_0003757,OPERATIONAL_ETA
CASE_00003031,2026-03-22T00:44:15Z,REQ_0003758,OPERATIONAL_ETA
CASE_00003032,2026-01-25T20:01:56Z,REQ_0003759,OPERATIONAL_ETA
CASE_00003033,2026-03-14T03:58:57Z,REQ_0003760,OPERATIONAL_ETA
CASE_00003034,2026-04-02T14:04:56Z,REQ_0003761,OPERATIONAL_ETA
CASE_00003035,2026-01-19T06:31:42Z,REQ_0003762,PILOT_CHECK
CASE_00003036,2025-09-05T11:10:47Z,REQ_0003763,OPERATIONAL_ETA
CASE_00003037,2025-06-30T12:56:26Z,REQ_0003764,OPERATIONAL_ETA
CASE_00003038,2026-04-20T14:02:45Z,REQ_0003765,OPERATIONAL_ETA
CASE_00003039,2025-11-05T17:15:07Z,REQ_0003766,OPERATIONAL_ETA
CASE_00003040,2025-07-09T00:12:43Z,REQ_0003767,OPERATIONAL_ETA
CASE_00003041,2026-05-13T03:43:42Z,REQ_0003768,OPERATIONAL_ETA
CASE_00003041,2026-05-11T23:22:38Z,REQ_0003769,OPERATIONAL_ETA
CASE_00003042,2026-01-30T09:46:23Z,REQ_0003770,OPERATIONAL_ETA
CASE_00003043,2025-10-06T20:58:53Z,REQ_0003771,PILOT_CHECK
CASE_00003043,2025-10-05T19:01:43Z,REQ_0003772,OPERATIONAL_ETA
CASE_00003044,2025-08-05T12:50:48Z,REQ_0003773,OPERATIONAL_ETA
CASE_00003045,2026-02-18T23:51:18Z,REQ_0003774,OPERATIONAL_ETA
CASE_00003046,2025-11-11T20:41:10Z,REQ_0003775,RETRO_AUDIT
CASE_00003047,2025-12-01T18:16:16Z,REQ_0003776,OPERATIONAL_ETA
CASE_00003048,2025-07-24T10:59:13Z,REQ_0003777,RETRO_AUDIT
CASE_00003049,2025-10-27T04:38:29Z,REQ_0003778,OPERATIONAL_ETA
CASE_00003050,2025-07-31T04:31:28Z,REQ_0003779,OPERATIONAL_ETA
CASE_00003051,2026-04-13T16:04:45Z,REQ_0003780,OPERATIONAL_ETA
CASE_00003052,2026-02-20T09:34:02Z,REQ_0003781,OPERATIONAL_ETA
CASE_00003053,2026-05-12T21:20:17Z,REQ_0003782,OPERATIONAL_ETA
CASE_00003054,2026-03-17T14:43:52Z,REQ_0003783,OPERATIONAL_ETA
CASE_00003054,2026-03-16T07:24:11Z,REQ_0003784,OPERATIONAL_ETA
CASE_00003055,2025-09-19T18:10:09Z,REQ_0003785,OPERATIONAL_ETA
CASE_00003056,2025-07-01T18:24:49Z,REQ_0003786,OPERATIONAL_ETA
CASE_00003057,2026-03-20T17:46:47Z,REQ_0003787,OPERATIONAL_ETA
CASE_00003057,2026-03-19T17:13:19Z,REQ_0003788,RETRO_AUDIT
CASE_00003058,2025-08-07T19:56:39Z,REQ_0003789,OPERATIONAL_ETA
CASE_00003058,2025-08-07T07:16:25Z,REQ_0003790,OPERATIONAL_ETA
CASE_00003059,2025-08-06T22:50:58Z,REQ_0003791,OPERATIONAL_ETA
CASE_00003059,2025-08-05T07:15:23Z,REQ_0003792,PILOT_CHECK
CASE_00003060,2026-03-04T23:55:27Z,REQ_0003793,OPERATIONAL_ETA
CASE_00003060,2026-03-04T16:47:36Z,REQ_0003794,OPERATIONAL_ETA
CASE_00003061,2026-01-31T03:01:37Z,REQ_0003795,OPERATIONAL_ETA
CASE_00003062,2025-07-24T08:08:52Z,REQ_0003796,OPERATIONAL_ETA
CASE_00003063,2025-08-01T16:06:44Z,REQ_0003797,OPERATIONAL_ETA
CASE_00003064,2025-10-23T05:00:12Z,REQ_0003798,RETRO_AUDIT
CASE_00003065,2026-05-17T19:20:28Z,REQ_0003799,OPERATIONAL_ETA
CASE_00003066,2026-02-24T02:56:48Z,REQ_0003800,OPERATIONAL_ETA
CASE_00003067,2026-02-15T12:18:26Z,REQ_0003801,OPERATIONAL_ETA
CASE_00003068,2026-03-24T17:12:49Z,REQ_0003802,RETRO_AUDIT
CASE_00003069,2025-09-28T02:34:21Z,REQ_0003803,OPERATIONAL_ETA
CASE_00003070,2025-11-21T16:16:39Z,REQ_0003804,OPERATIONAL_ETA
CASE_00003071,2025-06-14T03:16:12Z,REQ_0003805,OPERATIONAL_ETA
CASE_00003071,2025-06-13T09:36:49Z,REQ_0003806,OPERATIONAL_ETA
CASE_00003072,2025-10-04T21:12:35Z,REQ_0003807,OPERATIONAL_ETA
CASE_00003073,2025-08-15T19:34:54Z,REQ_0003808,OPERATIONAL_ETA
CASE_00003074,2025-08-26T11:30:17Z,REQ_0003809,RETRO_AUDIT
CASE_00003075,2025-07-25T01:21:04Z,REQ_0003810,OPERATIONAL_ETA
CASE_00003076,2025-08-14T17:05:03Z,REQ_0003811,OPERATIONAL_ETA
CASE_00003077,2025-07-07T13:45:23Z,REQ_0003812,OPERATIONAL_ETA
CASE_00003078,2025-06-11T04:26:38Z,REQ_0003813,OPERATIONAL_ETA
CASE_00003079,2026-04-14T15:10:05Z,REQ_0003814,OPERATIONAL_ETA
CASE_00003080,2025-10-27T13:38:58Z,REQ_0003815,OPERATIONAL_ETA
CASE_00003081,2026-04-28T15:49:42Z,REQ_0003816,OPERATIONAL_ETA
CASE_00003082,2025-08-22T10:46:30Z,REQ_0003817,OPERATIONAL_ETA
CASE_00003083,2025-08-18T07:36:34Z,REQ_0003818,OPERATIONAL_ETA
CASE_00003084,2025-06-11T07:56:19Z,REQ_0003819,OPERATIONAL_ETA
CASE_00003085,2025-12-11T12:40:33Z,REQ_0003820,OPERATIONAL_ETA
CASE_00003085,2025-12-09T00:41:40Z,REQ_0003821,OPERATIONAL_ETA
CASE_00003086,2025-10-05T07:44:22Z,REQ_0003822,OPERATIONAL_ETA
CASE_00003087,2026-05-24T06:12:57Z,REQ_0003823,OPERATIONAL_ETA
CASE_00003087,2026-05-23T06:47:14Z,REQ_0003824,OPERATIONAL_ETA
CASE_00003088,2025-10-25T22:41:31Z,REQ_0003825,OPERATIONAL_ETA
CASE_00003089,2025-10-14T05:52:13Z,REQ_0003826,OPERATIONAL_ETA
CASE_00003090,2025-11-22T05:33:26Z,REQ_0003827,PILOT_CHECK
CASE_00003091,2025-09-04T12:10:06Z,REQ_0003828,OPERATIONAL_ETA
CASE_00003092,2025-11-17T07:57:16Z,REQ_0003829,OPERATIONAL_ETA
CASE_00003093,2026-04-04T06:15:53Z,REQ_0003830,OPERATIONAL_ETA
CASE_00003094,2025-11-27T02:14:23Z,REQ_0003831,OPERATIONAL_ETA
CASE_00003095,2025-07-10T00:18:40Z,REQ_0003832,OPERATIONAL_ETA
CASE_00003096,2025-11-21T20:45:26Z,REQ_0003833,OPERATIONAL_ETA
CASE_00003096,2025-11-21T00:04:32Z,REQ_0003834,OPERATIONAL_ETA
CASE_00003097,2025-12-17T09:30:55Z,REQ_0003835,OPERATIONAL_ETA
CASE_00003098,2025-10-05T09:27:44Z,REQ_0003836,OPERATIONAL_ETA
CASE_00003099,2025-07-15T09:10:57Z,REQ_0003837,OPERATIONAL_ETA
CASE_00003100,2025-08-12T20:02:38Z,REQ_0003838,OPERATIONAL_ETA
CASE_00003100,2025-08-11T18:49:56Z,REQ_0003839,OPERATIONAL_ETA
CASE_00003101,2025-07-19T01:30:20Z,REQ_0003840,PILOT_CHECK
CASE_00003101,2025-07-16T08:22:59Z,REQ_0003841,OPERATIONAL_ETA
CASE_00003102,2026-04-28T23:45:23Z,REQ_0003842,RETRO_AUDIT
CASE_00003103,2026-01-06T01:37:32Z,REQ_0003843,PILOT_CHECK
CASE_00003104,2025-10-04T13:31:19Z,REQ_0003844,OPERATIONAL_ETA
CASE_00003105,2025-09-02T09:11:31Z,REQ_0003845,RETRO_AUDIT
CASE_00003106,2025-07-05T08:36:42Z,REQ_0003846,PILOT_CHECK
CASE_00003107,2025-12-25T13:47:02Z,REQ_0003847,OPERATIONAL_ETA
CASE_00003107,2025-12-25T00:22:37Z,REQ_0003848,OPERATIONAL_ETA
CASE_00003108,2025-06-15T18:04:15Z,REQ_0003849,OPERATIONAL_ETA
CASE_00003109,2026-05-18T14:50:22Z,REQ_0003850,OPERATIONAL_ETA
CASE_00003109,2026-05-18T00:42:35Z,REQ_0003851,OPERATIONAL_ETA
CASE_00003110,2025-07-30T19:05:23Z,REQ_0003852,OPERATIONAL_ETA
CASE_00003111,2025-07-11T03:27:05Z,REQ_0003853,RETRO_AUDIT
CASE_00003111,2025-07-10T18:30:46Z,REQ_0003854,OPERATIONAL_ETA
CASE_00003112,2026-05-10T14:18:35Z,REQ_0003855,OPERATIONAL_ETA
CASE_00003112,2026-05-09T05:11:54Z,REQ_0003856,OPERATIONAL_ETA
CASE_00003113,2025-11-12T00:48:21Z,REQ_0003857,OPERATIONAL_ETA
CASE_00003113,2025-11-11T04:51:19Z,REQ_0003858,OPERATIONAL_ETA
CASE_00003114,2026-04-27T16:06:33Z,REQ_0003859,OPERATIONAL_ETA
CASE_00003115,2026-02-12T04:10:48Z,REQ_0003860,OPERATIONAL_ETA
CASE_00003115,2026-02-10T09:21:54Z,REQ_0003861,OPERATIONAL_ETA
CASE_00003116,2025-08-22T19:16:13Z,REQ_0003862,OPERATIONAL_ETA
CASE_00003117,2026-05-01T00:13:06Z,REQ_0003863,PILOT_CHECK
CASE_00003118,2026-05-09T18:01:18Z,REQ_0003864,OPERATIONAL_ETA
CASE_00003118,2026-05-09T07:55:28Z,REQ_0003865,OPERATIONAL_ETA
CASE_00003119,2025-09-29T20:45:50Z,REQ_0003866,OPERATIONAL_ETA
CASE_00003119,2025-09-27T10:50:54Z,REQ_0003867,OPERATIONAL_ETA
CASE_00003120,2025-09-22T01:01:35Z,REQ_0003868,OPERATIONAL_ETA
CASE_00003121,2026-03-23T07:30:22Z,REQ_0003869,OPERATIONAL_ETA
CASE_00003121,2026-03-21T20:50:58Z,REQ_0003870,OPERATIONAL_ETA
CASE_00003122,2025-07-29T21:43:08Z,REQ_0003871,PILOT_CHECK
CASE_00003122,2025-07-29T09:21:37Z,REQ_0003872,OPERATIONAL_ETA
CASE_00003123,2025-11-14T02:36:54Z,REQ_0003873,OPERATIONAL_ETA
CASE_00003123,2025-11-11T06:37:18Z,REQ_0003874,PILOT_CHECK
CASE_00003124,2026-03-30T00:54:23Z,REQ_0003875,OPERATIONAL_ETA
CASE_00003125,2025-08-25T14:14:44Z,REQ_0003876,OPERATIONAL_ETA
CASE_00003126,2025-10-31T14:34:45Z,REQ_0003877,OPERATIONAL_ETA
CASE_00003126,2025-10-30T04:37:19Z,REQ_0003878,OPERATIONAL_ETA
CASE_00003127,2025-12-19T16:25:43Z,REQ_0003879,OPERATIONAL_ETA
CASE_00003128,2025-12-07T14:41:55Z,REQ_0003880,OPERATIONAL_ETA
CASE_00003129,2026-04-08T19:59:50Z,REQ_0003881,RETRO_AUDIT
CASE_00003130,2025-08-24T13:43:41Z,REQ_0003882,RETRO_AUDIT
CASE_00003131,2026-05-27T20:06:11Z,REQ_0003883,RETRO_AUDIT
CASE_00003132,2026-01-19T05:34:32Z,REQ_0003884,OPERATIONAL_ETA
CASE_00003132,2026-01-16T23:30:14Z,REQ_0003885,OPERATIONAL_ETA
CASE_00003133,2025-08-09T21:46:59Z,REQ_0003886,OPERATIONAL_ETA
CASE_00003134,2025-07-16T01:11:23Z,REQ_0003887,OPERATIONAL_ETA
CASE_00003134,2025-07-15T14:33:28Z,REQ_0003888,RETRO_AUDIT
CASE_00003135,2026-02-08T20:11:31Z,REQ_0003889,OPERATIONAL_ETA
CASE_00003136,2025-11-12T13:23:52Z,REQ_0003890,OPERATIONAL_ETA
CASE_00003136,2025-11-11T03:11:50Z,REQ_0003891,OPERATIONAL_ETA
CASE_00003137,2025-08-28T16:07:47Z,REQ_0003892,OPERATIONAL_ETA
CASE_00003138,2025-07-21T15:47:16Z,REQ_0003893,OPERATIONAL_ETA
CASE_00003139,2025-10-25T20:19:25Z,REQ_0003894,PILOT_CHECK
CASE_00003140,2026-03-11T03:25:09Z,REQ_0003895,OPERATIONAL_ETA
CASE_00003141,2026-03-13T19:26:16Z,REQ_0003896,OPERATIONAL_ETA
CASE_00003141,2026-03-12T13:32:53Z,REQ_0003897,OPERATIONAL_ETA
CASE_00003142,2025-11-26T12:25:15Z,REQ_0003898,OPERATIONAL_ETA
CASE_00003143,2025-08-13T14:10:36Z,REQ_0003899,OPERATIONAL_ETA
CASE_00003143,2025-08-12T04:44:09Z,REQ_0003900,OPERATIONAL_ETA
CASE_00003144,2026-02-08T05:45:37Z,REQ_0003901,RETRO_AUDIT
CASE_00003145,2025-08-04T21:30:43Z,REQ_0003902,PILOT_CHECK
CASE_00003145,2025-08-04T17:00:45Z,REQ_0003903,OPERATIONAL_ETA
CASE_00003146,2025-09-19T04:39:02Z,REQ_0003904,OPERATIONAL_ETA
CASE_00003147,2026-05-28T04:20:50Z,REQ_0003905,PILOT_CHECK
CASE_00003148,2026-03-19T19:57:58Z,REQ_0003906,PILOT_CHECK
CASE_00003148,2026-03-18T07:22:19Z,REQ_0003907,OPERATIONAL_ETA
CASE_00003149,2026-04-26T21:09:03Z,REQ_0003908,OPERATIONAL_ETA
CASE_00003150,2025-10-26T02:08:48Z,REQ_0003909,OPERATIONAL_ETA
CASE_00003151,2026-04-19T15:27:27Z,REQ_0003910,OPERATIONAL_ETA
CASE_00003152,2025-11-17T14:31:48Z,REQ_0003911,OPERATIONAL_ETA
CASE_00003152,2025-11-15T19:00:43Z,REQ_0003912,PILOT_CHECK
CASE_00003153,2025-08-17T12:49:30Z,REQ_0003913,OPERATIONAL_ETA
CASE_00003154,2025-11-05T01:51:32Z,REQ_0003914,PILOT_CHECK
CASE_00003154,2025-11-02T19:04:51Z,REQ_0003915,OPERATIONAL_ETA
CASE_00003155,2025-12-11T11:55:45Z,REQ_0003916,OPERATIONAL_ETA
CASE_00003155,2025-12-10T11:42:23Z,REQ_0003917,OPERATIONAL_ETA
CASE_00003156,2026-04-20T03:55:42Z,REQ_0003918,OPERATIONAL_ETA
CASE_00003157,2026-01-18T02:54:02Z,REQ_0003919,OPERATIONAL_ETA
CASE_00003158,2025-10-27T14:29:54Z,REQ_0003920,OPERATIONAL_ETA
CASE_00003158,2025-10-25T10:10:48Z,REQ_0003921,OPERATIONAL_ETA
CASE_00003159,2025-11-12T02:15:19Z,REQ_0003922,OPERATIONAL_ETA
CASE_00003160,2025-12-05T08:30:52Z,REQ_0003923,PILOT_CHECK
CASE_00003161,2025-10-10T08:10:19Z,REQ_0003924,OPERATIONAL_ETA
CASE_00003162,2025-07-04T03:08:25Z,REQ_0003925,OPERATIONAL_ETA
CASE_00003163,2026-01-19T19:50:02Z,REQ_0003926,OPERATIONAL_ETA
CASE_00003163,2026-01-17T18:26:04Z,REQ_0003927,OPERATIONAL_ETA
CASE_00003164,2025-08-29T12:07:22Z,REQ_0003928,OPERATIONAL_ETA
CASE_00003164,2025-08-28T07:25:22Z,REQ_0003929,OPERATIONAL_ETA
CASE_00003165,2026-06-02T06:36:24Z,REQ_0003930,OPERATIONAL_ETA
CASE_00003166,2026-02-25T13:35:24Z,REQ_0003931,OPERATIONAL_ETA
CASE_00003167,2025-09-11T04:29:32Z,REQ_0003932,OPERATIONAL_ETA
CASE_00003168,2025-11-24T15:23:42Z,REQ_0003933,RETRO_AUDIT
CASE_00003169,2026-05-10T08:20:06Z,REQ_0003934,OPERATIONAL_ETA
CASE_00003170,2025-09-19T20:17:10Z,REQ_0003935,PILOT_CHECK
CASE_00003171,2025-12-04T02:01:24Z,REQ_0003936,OPERATIONAL_ETA
CASE_00003172,2025-12-03T08:10:29Z,REQ_0003937,OPERATIONAL_ETA
CASE_00003173,2025-08-03T23:24:18Z,REQ_0003938,PILOT_CHECK
CASE_00003173,2025-08-02T14:03:25Z,REQ_0003939,OPERATIONAL_ETA
CASE_00003174,2026-04-30T04:58:09Z,REQ_0003940,OPERATIONAL_ETA
CASE_00003175,2025-10-03T11:06:07Z,REQ_0003941,PILOT_CHECK
CASE_00003175,2025-10-01T08:26:33Z,REQ_0003942,RETRO_AUDIT
CASE_00003176,2026-01-06T07:59:25Z,REQ_0003943,OPERATIONAL_ETA
CASE_00003177,2025-09-09T04:48:42Z,REQ_0003944,OPERATIONAL_ETA
CASE_00003178,2025-09-29T16:31:29Z,REQ_0003945,OPERATIONAL_ETA
CASE_00003179,2026-05-15T06:28:09Z,REQ_0003946,OPERATIONAL_ETA
CASE_00003179,2026-05-14T02:38:48Z,REQ_0003947,RETRO_AUDIT
CASE_00003180,2025-10-16T13:26:09Z,REQ_0003948,OPERATIONAL_ETA
CASE_00003181,2025-06-27T08:19:03Z,REQ_0003949,OPERATIONAL_ETA
CASE_00003182,2026-05-07T15:09:06Z,REQ_0003950,OPERATIONAL_ETA
CASE_00003183,2025-08-24T09:34:56Z,REQ_0003951,PILOT_CHECK
CASE_00003184,2025-10-12T11:39:55Z,REQ_0003952,OPERATIONAL_ETA
CASE_00003184,2025-10-10T17:33:08Z,REQ_0003953,PILOT_CHECK
CASE_00003185,2025-10-15T20:50:46Z,REQ_0003954,OPERATIONAL_ETA
CASE_00003185,2025-10-15T07:11:10Z,REQ_0003955,OPERATIONAL_ETA
CASE_00003186,2025-12-07T17:38:04Z,REQ_0003956,OPERATIONAL_ETA
CASE_00003187,2026-02-10T04:03:44Z,REQ_0003957,OPERATIONAL_ETA
CASE_00003188,2026-05-23T09:19:59Z,REQ_0003958,OPERATIONAL_ETA
CASE_00003188,2026-05-21T00:59:45Z,REQ_0003959,OPERATIONAL_ETA
CASE_00003189,2026-01-14T09:38:40Z,REQ_0003960,OPERATIONAL_ETA
CASE_00003189,2026-01-13T09:28:34Z,REQ_0003961,OPERATIONAL_ETA
CASE_00003190,2026-02-03T16:39:19Z,REQ_0003962,OPERATIONAL_ETA
CASE_00003191,2025-08-22T10:51:02Z,REQ_0003963,OPERATIONAL_ETA
CASE_00003192,2025-11-07T04:08:22Z,REQ_0003964,OPERATIONAL_ETA
CASE_00003193,2025-09-01T17:34:43Z,REQ_0003965,OPERATIONAL_ETA
CASE_00003193,2025-08-31T09:17:57Z,REQ_0003966,OPERATIONAL_ETA
CASE_00003194,2026-05-11T08:51:33Z,REQ_0003967,OPERATIONAL_ETA
CASE_00003194,2026-05-10T03:42:27Z,REQ_0003968,OPERATIONAL_ETA
CASE_00003195,2026-04-23T20:09:32Z,REQ_0003969,PILOT_CHECK
CASE_00003196,2025-10-10T12:30:14Z,REQ_0003970,OPERATIONAL_ETA
CASE_00003197,2026-04-23T14:49:01Z,REQ_0003971,OPERATIONAL_ETA
CASE_00003198,2025-09-01T22:47:51Z,REQ_0003972,OPERATIONAL_ETA
CASE_00003199,2026-05-14T14:23:42Z,REQ_0003973,OPERATIONAL_ETA
CASE_00003200,2026-04-01T03:46:51Z,REQ_0003974,OPERATIONAL_ETA
CASE_00003201,2026-06-01T09:47:27Z,REQ_0003975,OPERATIONAL_ETA
CASE_00003202,2025-10-20T10:45:22Z,REQ_0003976,RETRO_AUDIT
CASE_00003203,2025-07-30T01:16:39Z,REQ_0003977,OPERATIONAL_ETA
CASE_00003203,2025-07-28T22:24:04Z,REQ_0003978,RETRO_AUDIT
CASE_00003204,2025-08-19T17:36:49Z,REQ_0003979,OPERATIONAL_ETA
CASE_00003205,2025-06-26T18:58:33Z,REQ_0003980,OPERATIONAL_ETA
CASE_00003206,2026-03-14T16:20:28Z,REQ_0003981,OPERATIONAL_ETA
CASE_00003207,2026-02-25T11:28:29Z,REQ_0003982,PILOT_CHECK
CASE_00003208,2026-04-02T14:44:59Z,REQ_0003983,OPERATIONAL_ETA
CASE_00003209,2025-12-15T11:48:40Z,REQ_0003984,OPERATIONAL_ETA
CASE_00003209,2025-12-14T10:42:00Z,REQ_0003985,OPERATIONAL_ETA
CASE_00003210,2025-12-17T18:00:51Z,REQ_0003986,OPERATIONAL_ETA
CASE_00003210,2025-12-16T07:42:27Z,REQ_0003987,OPERATIONAL_ETA
CASE_00003211,2026-01-07T16:43:05Z,REQ_0003988,OPERATIONAL_ETA
CASE_00003211,2026-01-05T12:12:20Z,REQ_0003989,OPERATIONAL_ETA
CASE_00003212,2025-09-29T12:13:57Z,REQ_0003990,OPERATIONAL_ETA
CASE_00003213,2025-07-31T23:02:41Z,REQ_0003991,PILOT_CHECK
CASE_00003214,2026-04-03T17:58:08Z,REQ_0003992,PILOT_CHECK
CASE_00003214,2026-04-03T10:15:57Z,REQ_0003993,OPERATIONAL_ETA
CASE_00003215,2026-05-03T17:29:24Z,REQ_0003994,OPERATIONAL_ETA
CASE_00003216,2025-06-08T10:14:26Z,REQ_0003995,OPERATIONAL_ETA
CASE_00003216,2025-06-07T22:25:57Z,REQ_0003996,PILOT_CHECK
CASE_00003217,2026-02-11T09:11:44Z,REQ_0003997,OPERATIONAL_ETA
CASE_00003218,2025-09-22T07:57:12Z,REQ_0003998,PILOT_CHECK
CASE_00003219,2025-11-11T00:57:36Z,REQ_0003999,OPERATIONAL_ETA
CASE_00003220,2025-10-01T20:44:04Z,REQ_0004000,OPERATIONAL_ETA
CASE_00003221,2025-09-03T12:14:43Z,REQ_0004001,OPERATIONAL_ETA
CASE_00003221,2025-09-03T02:09:10Z,REQ_0004002,OPERATIONAL_ETA
CASE_00003222,2026-01-19T21:04:50Z,REQ_0004003,OPERATIONAL_ETA
CASE_00003222,2026-01-19T12:52:47Z,REQ_0004004,PILOT_CHECK
CASE_00003223,2025-08-26T13:56:17Z,REQ_0004005,OPERATIONAL_ETA
CASE_00003223,2025-08-25T21:22:20Z,REQ_0004006,OPERATIONAL_ETA
CASE_00003224,2025-12-31T00:05:48Z,REQ_0004007,OPERATIONAL_ETA
CASE_00003225,2025-10-16T01:47:44Z,REQ_0004008,RETRO_AUDIT
CASE_00003226,2025-09-15T17:09:54Z,REQ_0004009,OPERATIONAL_ETA
CASE_00003227,2025-09-19T16:43:14Z,REQ_0004010,OPERATIONAL_ETA
CASE_00003228,2025-11-12T00:47:37Z,REQ_0004011,OPERATIONAL_ETA
CASE_00003229,2026-05-06T23:48:15Z,REQ_0004012,OPERATIONAL_ETA
CASE_00003230,2025-06-22T06:06:29Z,REQ_0004013,OPERATIONAL_ETA
CASE_00003231,2025-11-05T10:04:42Z,REQ_0004014,RETRO_AUDIT
CASE_00003231,2025-11-04T08:59:28Z,REQ_0004015,OPERATIONAL_ETA
CASE_00003232,2026-02-12T12:04:07Z,REQ_0004016,PILOT_CHECK
CASE_00003233,2025-12-15T19:57:22Z,REQ_0004017,OPERATIONAL_ETA
CASE_00003234,2025-09-15T09:35:35Z,REQ_0004018,OPERATIONAL_ETA
CASE_00003234,2025-09-14T21:08:07Z,REQ_0004019,OPERATIONAL_ETA
CASE_00003235,2025-09-13T09:57:49Z,REQ_0004020,OPERATIONAL_ETA
CASE_00003235,2025-09-13T02:36:54Z,REQ_0004021,PILOT_CHECK
CASE_00003236,2025-06-11T05:52:37Z,REQ_0004022,OPERATIONAL_ETA
CASE_00003237,2025-12-17T10:00:58Z,REQ_0004023,OPERATIONAL_ETA
CASE_00003238,2025-09-29T04:09:29Z,REQ_0004024,OPERATIONAL_ETA
CASE_00003239,2025-07-29T11:34:10Z,REQ_0004025,RETRO_AUDIT
CASE_00003240,2026-05-09T14:44:35Z,REQ_0004026,RETRO_AUDIT
CASE_00003241,2025-08-04T02:17:32Z,REQ_0004027,OPERATIONAL_ETA
CASE_00003242,2025-09-25T18:35:00Z,REQ_0004028,OPERATIONAL_ETA
CASE_00003243,2025-11-03T13:22:00Z,REQ_0004029,OPERATIONAL_ETA
CASE_00003244,2025-08-08T08:30:03Z,REQ_0004030,OPERATIONAL_ETA
CASE_00003245,2025-06-04T18:19:49Z,REQ_0004031,PILOT_CHECK
CASE_00003245,2025-06-04T13:47:43Z,REQ_0004032,OPERATIONAL_ETA
CASE_00003246,2025-12-31T19:30:32Z,REQ_0004033,OPERATIONAL_ETA
CASE_00003246,2025-12-29T13:32:56Z,REQ_0004034,OPERATIONAL_ETA
CASE_00003247,2026-03-19T15:23:17Z,REQ_0004035,PILOT_CHECK
CASE_00003248,2026-03-29T01:51:23Z,REQ_0004036,OPERATIONAL_ETA
CASE_00003249,2026-01-11T01:26:32Z,REQ_0004037,OPERATIONAL_ETA
CASE_00003250,2026-06-02T08:37:30Z,REQ_0004038,OPERATIONAL_ETA
CASE_00003251,2026-02-10T13:44:45Z,REQ_0004039,OPERATIONAL_ETA
CASE_00003252,2026-02-13T16:16:16Z,REQ_0004040,OPERATIONAL_ETA
CASE_00003253,2025-11-22T03:35:38Z,REQ_0004041,OPERATIONAL_ETA
CASE_00003254,2026-03-15T11:13:00Z,REQ_0004042,OPERATIONAL_ETA
CASE_00003254,2026-03-14T13:55:24Z,REQ_0004043,OPERATIONAL_ETA
CASE_00003255,2026-01-22T02:43:08Z,REQ_0004044,OPERATIONAL_ETA
CASE_00003256,2025-07-28T22:28:38Z,REQ_0004045,OPERATIONAL_ETA
CASE_00003257,2026-04-17T05:49:25Z,REQ_0004046,OPERATIONAL_ETA
CASE_00003258,2025-07-30T08:25:31Z,REQ_0004047,OPERATIONAL_ETA
CASE_00003259,2025-10-29T04:17:36Z,REQ_0004048,OPERATIONAL_ETA
CASE_00003260,2025-09-17T09:36:19Z,REQ_0004049,OPERATIONAL_ETA
CASE_00003261,2026-04-06T05:30:05Z,REQ_0004050,OPERATIONAL_ETA
CASE_00003262,2026-05-25T03:18:18Z,REQ_0004051,OPERATIONAL_ETA
CASE_00003263,2025-11-09T20:05:58Z,REQ_0004052,OPERATIONAL_ETA
CASE_00003264,2026-03-19T01:32:22Z,REQ_0004053,OPERATIONAL_ETA
CASE_00003265,2026-04-10T03:41:54Z,REQ_0004054,OPERATIONAL_ETA
CASE_00003266,2026-02-09T17:09:49Z,REQ_0004055,OPERATIONAL_ETA
CASE_00003266,2026-02-09T08:55:01Z,REQ_0004056,OPERATIONAL_ETA
CASE_00003267,2025-12-09T10:23:40Z,REQ_0004057,OPERATIONAL_ETA
CASE_00003268,2025-09-29T09:01:19Z,REQ_0004058,OPERATIONAL_ETA
CASE_00003269,2025-08-28T03:05:30Z,REQ_0004059,OPERATIONAL_ETA
CASE_00003270,2025-12-17T03:46:48Z,REQ_0004060,OPERATIONAL_ETA
CASE_00003271,2026-01-28T05:44:19Z,REQ_0004061,OPERATIONAL_ETA
CASE_00003272,2025-08-23T14:29:29Z,REQ_0004062,RETRO_AUDIT
CASE_00003273,2025-08-22T16:14:06Z,REQ_0004063,OPERATIONAL_ETA
CASE_00003274,2025-10-29T15:08:03Z,REQ_0004064,OPERATIONAL_ETA
CASE_00003274,2025-10-27T19:51:28Z,REQ_0004065,OPERATIONAL_ETA
CASE_00003275,2026-01-27T13:34:23Z,REQ_0004066,OPERATIONAL_ETA
CASE_00003276,2026-03-10T13:21:30Z,REQ_0004067,OPERATIONAL_ETA
CASE_00003276,2026-03-10T02:11:24Z,REQ_0004068,OPERATIONAL_ETA
CASE_00003277,2025-06-17T04:22:31Z,REQ_0004069,RETRO_AUDIT
CASE_00003277,2025-06-14T13:56:40Z,REQ_0004070,OPERATIONAL_ETA
CASE_00003278,2026-04-17T07:12:30Z,REQ_0004071,OPERATIONAL_ETA
CASE_00003279,2026-02-11T18:05:06Z,REQ_0004072,OPERATIONAL_ETA
CASE_00003280,2025-09-13T12:59:16Z,REQ_0004073,OPERATIONAL_ETA
CASE_00003281,2025-07-28T19:37:15Z,REQ_0004074,OPERATIONAL_ETA
CASE_00003281,2025-07-28T00:46:10Z,REQ_0004075,OPERATIONAL_ETA
CASE_00003282,2025-06-23T08:26:26Z,REQ_0004076,OPERATIONAL_ETA
CASE_00003282,2025-06-21T07:50:48Z,REQ_0004077,OPERATIONAL_ETA
CASE_00003283,2026-03-30T09:53:13Z,REQ_0004078,RETRO_AUDIT
CASE_00003284,2026-04-28T12:40:24Z,REQ_0004079,OPERATIONAL_ETA
CASE_00003284,2026-04-26T16:10:18Z,REQ_0004080,OPERATIONAL_ETA
CASE_00003285,2026-01-04T22:36:26Z,REQ_0004081,OPERATIONAL_ETA
CASE_00003286,2025-08-27T15:41:14Z,REQ_0004082,OPERATIONAL_ETA
CASE_00003287,2025-09-19T18:27:28Z,REQ_0004083,OPERATIONAL_ETA
CASE_00003288,2025-07-25T00:14:57Z,REQ_0004084,OPERATIONAL_ETA
CASE_00003289,2026-04-04T11:46:59Z,REQ_0004085,OPERATIONAL_ETA
CASE_00003289,2026-04-03T17:16:05Z,REQ_0004086,OPERATIONAL_ETA
CASE_00003290,2025-09-14T15:58:50Z,REQ_0004087,OPERATIONAL_ETA
CASE_00003290,2025-09-13T22:54:00Z,REQ_0004088,OPERATIONAL_ETA
CASE_00003291,2026-01-08T01:08:43Z,REQ_0004089,OPERATIONAL_ETA
CASE_00003292,2026-03-25T11:53:32Z,REQ_0004090,OPERATIONAL_ETA
CASE_00003293,2026-02-10T08:39:43Z,REQ_0004091,OPERATIONAL_ETA
CASE_00003294,2026-01-15T09:57:45Z,REQ_0004092,OPERATIONAL_ETA
CASE_00003295,2026-02-21T07:55:40Z,REQ_0004093,RETRO_AUDIT
CASE_00003295,2026-02-08T10:07:31Z,REQ_0004094,PILOT_CHECK
CASE_00003296,2025-07-19T13:46:17Z,REQ_0004095,OPERATIONAL_ETA
CASE_00003297,2025-06-13T02:45:25Z,REQ_0004096,OPERATIONAL_ETA
CASE_00003298,2026-05-05T17:58:03Z,REQ_0004097,OPERATIONAL_ETA
CASE_00003299,2025-07-26T07:45:49Z,REQ_0004098,OPERATIONAL_ETA
CASE_00003299,2025-07-25T12:42:05Z,REQ_0004099,OPERATIONAL_ETA
CASE_00003300,2025-07-21T18:07:42Z,REQ_0004100,OPERATIONAL_ETA
CASE_00003300,2025-07-20T02:16:29Z,REQ_0004101,RETRO_AUDIT
CASE_00003301,2025-06-23T04:44:20Z,REQ_0004102,OPERATIONAL_ETA
CASE_00003302,2025-08-22T02:36:07Z,REQ_0004103,OPERATIONAL_ETA
CASE_00003303,2025-08-10T13:47:53Z,REQ_0004104,PILOT_CHECK
CASE_00003304,2026-02-27T19:20:27Z,REQ_0004105,OPERATIONAL_ETA
CASE_00003305,2026-05-30T03:07:51Z,REQ_0004106,OPERATIONAL_ETA
CASE_00003306,2025-09-21T04:21:24Z,REQ_0004107,OPERATIONAL_ETA
CASE_00003307,2026-01-26T10:42:31Z,REQ_0004108,RETRO_AUDIT
CASE_00003308,2026-01-05T14:24:31Z,REQ_0004109,OPERATIONAL_ETA
CASE_00003309,2026-02-07T08:38:01Z,REQ_0004110,OPERATIONAL_ETA
CASE_00003309,2026-02-06T08:13:26Z,REQ_0004111,OPERATIONAL_ETA
CASE_00003310,2025-09-22T16:56:24Z,REQ_0004112,OPERATIONAL_ETA
CASE_00003310,2025-09-20T22:37:59Z,REQ_0004113,OPERATIONAL_ETA
CASE_00003311,2025-11-26T14:42:51Z,REQ_0004114,OPERATIONAL_ETA
CASE_00003312,2025-12-27T06:48:36Z,REQ_0004115,PILOT_CHECK
CASE_00003312,2025-12-26T00:19:59Z,REQ_0004116,OPERATIONAL_ETA
CASE_00003313,2026-04-29T21:50:50Z,REQ_0004117,OPERATIONAL_ETA
CASE_00003314,2026-05-08T08:10:40Z,REQ_0004118,OPERATIONAL_ETA
CASE_00003315,2025-09-11T04:12:57Z,REQ_0004119,OPERATIONAL_ETA
CASE_00003316,2026-02-02T20:37:42Z,REQ_0004120,RETRO_AUDIT
CASE_00003317,2025-12-01T20:16:47Z,REQ_0004121,OPERATIONAL_ETA
CASE_00003318,2025-09-16T20:13:27Z,REQ_0004122,RETRO_AUDIT
CASE_00003319,2026-04-13T05:15:22Z,REQ_0004123,OPERATIONAL_ETA
CASE_00003319,2026-04-12T16:35:06Z,REQ_0004124,OPERATIONAL_ETA
CASE_00003320,2025-07-22T17:12:43Z,REQ_0004125,OPERATIONAL_ETA
CASE_00003321,2025-12-22T13:56:17Z,REQ_0004126,PILOT_CHECK
CASE_00003322,2025-08-09T03:42:17Z,REQ_0004127,OPERATIONAL_ETA
CASE_00003323,2025-06-28T21:15:06Z,REQ_0004128,OPERATIONAL_ETA
CASE_00003323,2025-06-26T19:18:57Z,REQ_0004129,OPERATIONAL_ETA
CASE_00003324,2025-08-04T00:42:13Z,REQ_0004130,OPERATIONAL_ETA
CASE_00003325,2025-07-17T23:42:08Z,REQ_0004131,OPERATIONAL_ETA
CASE_00003326,2026-04-15T07:27:01Z,REQ_0004132,OPERATIONAL_ETA
CASE_00003327,2026-05-06T09:55:23Z,REQ_0004133,OPERATIONAL_ETA
CASE_00003328,2026-04-22T02:11:37Z,REQ_0004134,OPERATIONAL_ETA
CASE_00003329,2025-08-12T09:01:49Z,REQ_0004135,OPERATIONAL_ETA
CASE_00003330,2025-07-20T01:42:14Z,REQ_0004136,OPERATIONAL_ETA
CASE_00003331,2025-10-01T09:35:14Z,REQ_0004137,PILOT_CHECK
CASE_00003332,2026-01-18T13:50:48Z,REQ_0004138,OPERATIONAL_ETA
CASE_00003332,2026-01-17T12:03:28Z,REQ_0004139,OPERATIONAL_ETA
CASE_00003333,2026-03-10T21:10:12Z,REQ_0004140,PILOT_CHECK
CASE_00003334,2026-03-31T04:27:06Z,REQ_0004141,OPERATIONAL_ETA
CASE_00003335,2026-03-08T23:31:13Z,REQ_0004142,OPERATIONAL_ETA
CASE_00003336,2025-07-02T21:44:51Z,REQ_0004143,OPERATIONAL_ETA
CASE_00003337,2026-01-05T09:51:02Z,REQ_0004144,OPERATIONAL_ETA
CASE_00003337,2026-01-04T12:06:47Z,REQ_0004145,RETRO_AUDIT
CASE_00003338,2025-08-26T15:47:41Z,REQ_0004146,OPERATIONAL_ETA
CASE_00003338,2025-08-24T20:41:22Z,REQ_0004147,PILOT_CHECK
CASE_00003339,2025-12-12T11:16:58Z,REQ_0004148,OPERATIONAL_ETA
CASE_00003340,2025-10-08T21:11:43Z,REQ_0004149,RETRO_AUDIT
CASE_00003341,2025-06-04T03:45:43Z,REQ_0004150,OPERATIONAL_ETA
CASE_00003342,2025-11-29T06:30:34Z,REQ_0004151,RETRO_AUDIT
CASE_00003343,2026-03-25T15:55:28Z,REQ_0004152,PILOT_CHECK
CASE_00003344,2025-09-26T09:12:50Z,REQ_0004153,OPERATIONAL_ETA
CASE_00003345,2025-11-08T16:34:06Z,REQ_0004154,OPERATIONAL_ETA
CASE_00003346,2025-11-22T08:08:13Z,REQ_0004155,OPERATIONAL_ETA
CASE_00003346,2025-11-21T12:51:15Z,REQ_0004156,OPERATIONAL_ETA
CASE_00003347,2025-08-18T09:36:13Z,REQ_0004157,OPERATIONAL_ETA
CASE_00003347,2025-08-17T08:52:58Z,REQ_0004158,OPERATIONAL_ETA
CASE_00003348,2026-03-24T22:48:53Z,REQ_0004159,OPERATIONAL_ETA
CASE_00003348,2026-03-24T01:08:19Z,REQ_0004160,PILOT_CHECK
CASE_00003349,2025-10-31T14:28:23Z,REQ_0004161,OPERATIONAL_ETA
CASE_00003350,2026-03-17T22:55:06Z,REQ_0004162,RETRO_AUDIT
CASE_00003351,2026-02-06T02:53:20Z,REQ_0004163,OPERATIONAL_ETA
CASE_00003351,2026-02-04T09:13:43Z,REQ_0004164,OPERATIONAL_ETA
CASE_00003352,2026-01-21T16:11:27Z,REQ_0004165,RETRO_AUDIT
CASE_00003353,2025-06-22T16:51:06Z,REQ_0004166,OPERATIONAL_ETA
CASE_00003354,2025-09-01T01:28:42Z,REQ_0004167,OPERATIONAL_ETA
CASE_00003354,2025-08-29T17:12:52Z,REQ_0004168,OPERATIONAL_ETA
CASE_00003355,2025-11-06T07:09:17Z,REQ_0004169,PILOT_CHECK
CASE_00003355,2025-11-04T11:17:07Z,REQ_0004170,OPERATIONAL_ETA
CASE_00003356,2026-04-27T08:00:36Z,REQ_0004171,PILOT_CHECK
CASE_00003356,2026-04-25T14:42:33Z,REQ_0004172,PILOT_CHECK
CASE_00003357,2025-07-07T08:42:54Z,REQ_0004173,OPERATIONAL_ETA
CASE_00003358,2025-09-09T03:15:05Z,REQ_0004174,OPERATIONAL_ETA
CASE_00003359,2025-08-19T08:00:11Z,REQ_0004175,OPERATIONAL_ETA
CASE_00003360,2026-01-11T11:10:50Z,REQ_0004176,OPERATIONAL_ETA
CASE_00003360,2026-01-10T07:59:29Z,REQ_0004177,OPERATIONAL_ETA
CASE_00003361,2025-12-02T22:15:10Z,REQ_0004178,OPERATIONAL_ETA
CASE_00003361,2025-11-30T18:05:56Z,REQ_0004179,RETRO_AUDIT
CASE_00003362,2026-03-27T05:19:55Z,REQ_0004180,OPERATIONAL_ETA
CASE_00003363,2025-07-04T00:23:47Z,REQ_0004181,OPERATIONAL_ETA
CASE_00003364,2025-09-25T03:22:29Z,REQ_0004182,PILOT_CHECK
CASE_00003364,2025-09-22T05:12:13Z,REQ_0004183,OPERATIONAL_ETA
CASE_00003365,2026-02-15T17:49:02Z,REQ_0004184,PILOT_CHECK
CASE_00003366,2026-01-16T13:27:22Z,REQ_0004185,OPERATIONAL_ETA
CASE_00003367,2025-12-15T22:54:22Z,REQ_0004186,RETRO_AUDIT
CASE_00003368,2025-06-15T07:54:28Z,REQ_0004187,OPERATIONAL_ETA
CASE_00003369,2025-11-24T22:40:19Z,REQ_0004188,OPERATIONAL_ETA
CASE_00003369,2025-11-23T08:51:14Z,REQ_0004189,RETRO_AUDIT
CASE_00003370,2025-11-03T02:02:55Z,REQ_0004190,OPERATIONAL_ETA
CASE_00003371,2026-01-06T23:32:37Z,REQ_0004191,OPERATIONAL_ETA
CASE_00003371,2026-01-05T05:02:00Z,REQ_0004192,OPERATIONAL_ETA
CASE_00003372,2026-02-27T18:57:08Z,REQ_0004193,OPERATIONAL_ETA
CASE_00003372,2026-02-26T16:59:31Z,REQ_0004194,OPERATIONAL_ETA
CASE_00003373,2026-03-28T18:45:33Z,REQ_0004195,OPERATIONAL_ETA
CASE_00003374,2026-05-31T10:25:39Z,REQ_0004196,RETRO_AUDIT
CASE_00003374,2026-05-30T05:38:03Z,REQ_0004197,OPERATIONAL_ETA
CASE_00003375,2025-09-14T16:43:41Z,REQ_0004198,OPERATIONAL_ETA
CASE_00003376,2025-09-02T14:18:09Z,REQ_0004199,OPERATIONAL_ETA
CASE_00003377,2026-02-22T10:47:38Z,REQ_0004200,OPERATIONAL_ETA
CASE_00003378,2025-06-06T21:33:26Z,REQ_0004201,OPERATIONAL_ETA
CASE_00003379,2026-04-03T00:30:58Z,REQ_0004202,OPERATIONAL_ETA
CASE_00003380,2025-09-27T14:44:14Z,REQ_0004203,PILOT_CHECK
CASE_00003381,2025-10-15T20:41:14Z,REQ_0004204,OPERATIONAL_ETA
CASE_00003382,2025-10-18T01:52:21Z,REQ_0004205,RETRO_AUDIT
CASE_00003382,2025-10-17T12:44:46Z,REQ_0004206,OPERATIONAL_ETA
CASE_00003383,2026-05-08T14:53:37Z,REQ_0004207,OPERATIONAL_ETA
CASE_00003383,2026-05-07T23:19:12Z,REQ_0004208,OPERATIONAL_ETA
CASE_00003384,2026-03-19T01:09:36Z,REQ_0004209,OPERATIONAL_ETA
CASE_00003385,2025-08-24T01:07:49Z,REQ_0004210,OPERATIONAL_ETA
CASE_00003386,2025-07-16T08:16:35Z,REQ_0004211,OPERATIONAL_ETA
CASE_00003387,2025-09-02T13:13:51Z,REQ_0004212,OPERATIONAL_ETA
CASE_00003388,2025-07-18T05:51:12Z,REQ_0004213,OPERATIONAL_ETA
CASE_00003389,2025-10-19T20:05:50Z,REQ_0004214,OPERATIONAL_ETA
CASE_00003390,2026-04-16T23:47:37Z,REQ_0004215,OPERATIONAL_ETA
CASE_00003391,2025-09-29T03:53:59Z,REQ_0004216,OPERATIONAL_ETA
CASE_00003391,2025-09-27T20:35:07Z,REQ_0004217,OPERATIONAL_ETA
CASE_00003392,2025-11-23T11:17:04Z,REQ_0004218,OPERATIONAL_ETA
CASE_00003393,2026-03-17T23:11:48Z,REQ_0004219,OPERATIONAL_ETA
CASE_00003394,2025-11-21T03:38:50Z,REQ_0004220,OPERATIONAL_ETA
CASE_00003394,2025-11-20T01:34:15Z,REQ_0004221,OPERATIONAL_ETA
CASE_00003395,2025-06-28T12:05:04Z,REQ_0004222,RETRO_AUDIT
CASE_00003396,2025-10-15T16:30:02Z,REQ_0004223,RETRO_AUDIT
CASE_00003397,2025-08-02T18:39:30Z,REQ_0004224,RETRO_AUDIT
CASE_00003398,2025-12-08T01:11:58Z,REQ_0004225,OPERATIONAL_ETA
CASE_00003399,2025-07-27T21:14:23Z,REQ_0004226,OPERATIONAL_ETA
CASE_00003400,2025-07-05T06:15:21Z,REQ_0004227,OPERATIONAL_ETA
CASE_00003400,2025-07-04T07:08:55Z,REQ_0004228,OPERATIONAL_ETA
CASE_00003401,2025-12-29T04:57:33Z,REQ_0004229,OPERATIONAL_ETA
CASE_00003402,2026-02-07T18:53:22Z,REQ_0004230,PILOT_CHECK
CASE_00003403,2025-10-30T11:56:20Z,REQ_0004231,OPERATIONAL_ETA
CASE_00003403,2025-10-29T08:32:46Z,REQ_0004232,OPERATIONAL_ETA
CASE_00003404,2025-11-14T09:23:19Z,REQ_0004233,OPERATIONAL_ETA
CASE_00003405,2025-09-04T18:55:37Z,REQ_0004234,OPERATIONAL_ETA
CASE_00003406,2026-05-03T09:52:54Z,REQ_0004235,OPERATIONAL_ETA
CASE_00003407,2025-08-10T16:13:42Z,REQ_0004236,OPERATIONAL_ETA
CASE_00003408,2025-11-09T18:19:57Z,REQ_0004237,OPERATIONAL_ETA
CASE_00003409,2025-12-27T03:43:37Z,REQ_0004238,OPERATIONAL_ETA
CASE_00003409,2025-12-25T01:20:29Z,REQ_0004239,PILOT_CHECK
CASE_00003410,2025-11-03T12:48:36Z,REQ_0004240,OPERATIONAL_ETA
CASE_00003411,2025-10-03T12:56:14Z,REQ_0004241,OPERATIONAL_ETA
CASE_00003412,2025-09-28T18:09:21Z,REQ_0004242,OPERATIONAL_ETA
CASE_00003413,2026-03-15T05:17:08Z,REQ_0004243,PILOT_CHECK
CASE_00003414,2026-04-08T18:44:04Z,REQ_0004244,PILOT_CHECK
CASE_00003415,2025-06-20T02:36:29Z,REQ_0004245,OPERATIONAL_ETA
CASE_00003416,2026-06-01T12:50:21Z,REQ_0004246,RETRO_AUDIT
CASE_00003417,2026-03-24T21:52:23Z,REQ_0004247,OPERATIONAL_ETA
CASE_00003418,2025-08-27T17:44:09Z,REQ_0004248,OPERATIONAL_ETA
CASE_00003419,2026-03-10T18:22:31Z,REQ_0004249,RETRO_AUDIT
CASE_00003420,2026-03-20T09:20:08Z,REQ_0004250,OPERATIONAL_ETA
CASE_00003421,2025-07-27T23:37:39Z,REQ_0004251,OPERATIONAL_ETA
CASE_00003421,2025-07-27T01:05:01Z,REQ_0004252,OPERATIONAL_ETA
CASE_00003422,2025-07-20T20:14:36Z,REQ_0004253,OPERATIONAL_ETA
CASE_00003423,2025-10-15T00:27:32Z,REQ_0004254,OPERATIONAL_ETA
CASE_00003423,2025-10-12T23:11:59Z,REQ_0004255,OPERATIONAL_ETA
CASE_00003424,2025-09-01T16:26:21Z,REQ_0004256,OPERATIONAL_ETA
CASE_00003425,2025-11-02T08:00:39Z,REQ_0004257,RETRO_AUDIT
CASE_00003426,2025-08-07T23:04:41Z,REQ_0004258,OPERATIONAL_ETA
CASE_00003426,2025-08-05T20:42:59Z,REQ_0004259,OPERATIONAL_ETA
CASE_00003427,2026-05-28T04:59:08Z,REQ_0004260,RETRO_AUDIT
CASE_00003428,2025-06-15T10:06:16Z,REQ_0004261,PILOT_CHECK
CASE_00003429,2025-08-29T19:23:53Z,REQ_0004262,OPERATIONAL_ETA
CASE_00003429,2025-08-28T13:51:31Z,REQ_0004263,OPERATIONAL_ETA
CASE_00003430,2025-07-27T04:12:23Z,REQ_0004264,OPERATIONAL_ETA
CASE_00003430,2025-07-25T23:46:32Z,REQ_0004265,OPERATIONAL_ETA
CASE_00003431,2026-03-22T20:18:44Z,REQ_0004266,OPERATIONAL_ETA
CASE_00003431,2026-03-21T10:47:30Z,REQ_0004267,OPERATIONAL_ETA
CASE_00003432,2026-04-18T04:34:12Z,REQ_0004268,OPERATIONAL_ETA
CASE_00003433,2025-06-22T22:29:26Z,REQ_0004269,OPERATIONAL_ETA
CASE_00003433,2025-06-21T17:08:41Z,REQ_0004270,OPERATIONAL_ETA
CASE_00003434,2025-11-12T06:36:52Z,REQ_0004271,PILOT_CHECK
CASE_00003435,2025-07-16T19:41:09Z,REQ_0004272,RETRO_AUDIT
CASE_00003436,2025-07-23T10:32:17Z,REQ_0004273,OPERATIONAL_ETA
CASE_00003437,2025-10-30T11:35:28Z,REQ_0004274,OPERATIONAL_ETA
CASE_00003438,2025-12-25T11:10:39Z,REQ_0004275,OPERATIONAL_ETA
CASE_00003439,2026-04-10T10:03:40Z,REQ_0004276,OPERATIONAL_ETA
CASE_00003440,2025-07-03T21:03:19Z,REQ_0004277,OPERATIONAL_ETA
CASE_00003440,2025-07-01T11:44:12Z,REQ_0004278,OPERATIONAL_ETA
CASE_00003441,2025-12-04T08:53:48Z,REQ_0004279,PILOT_CHECK
CASE_00003442,2025-11-28T21:50:08Z,REQ_0004280,OPERATIONAL_ETA
CASE_00003443,2026-03-23T16:21:58Z,REQ_0004281,OPERATIONAL_ETA
CASE_00003444,2026-05-08T06:17:36Z,REQ_0004282,OPERATIONAL_ETA
CASE_00003445,2025-12-16T13:02:32Z,REQ_0004283,RETRO_AUDIT
CASE_00003446,2025-10-25T06:20:12Z,REQ_0004284,OPERATIONAL_ETA
CASE_00003447,2026-01-19T23:30:40Z,REQ_0004285,OPERATIONAL_ETA
CASE_00003448,2026-02-06T23:49:26Z,REQ_0004286,OPERATIONAL_ETA
CASE_00003449,2026-02-02T05:50:25Z,REQ_0004287,OPERATIONAL_ETA
CASE_00003450,2025-07-23T16:44:19Z,REQ_0004288,OPERATIONAL_ETA
CASE_00003450,2025-07-21T09:15:24Z,REQ_0004289,OPERATIONAL_ETA
CASE_00003451,2025-12-01T04:39:21Z,REQ_0004290,OPERATIONAL_ETA
CASE_00003452,2025-06-16T10:57:12Z,REQ_0004291,OPERATIONAL_ETA
CASE_00003452,2025-06-15T17:28:17Z,REQ_0004292,PILOT_CHECK
CASE_00003453,2026-01-27T03:25:16Z,REQ_0004293,OPERATIONAL_ETA
CASE_00003454,2025-07-29T10:02:03Z,REQ_0004294,OPERATIONAL_ETA
CASE_00003454,2025-07-28T06:46:29Z,REQ_0004295,OPERATIONAL_ETA
CASE_00003455,2025-06-28T11:58:35Z,REQ_0004296,OPERATIONAL_ETA
CASE_00003456,2025-09-17T18:51:46Z,REQ_0004297,OPERATIONAL_ETA
CASE_00003457,2026-03-06T19:30:19Z,REQ_0004298,OPERATIONAL_ETA
CASE_00003458,2025-11-10T14:28:38Z,REQ_0004299,PILOT_CHECK
CASE_00003458,2025-11-09T14:53:48Z,REQ_0004300,OPERATIONAL_ETA
CASE_00003459,2025-06-06T02:48:48Z,REQ_0004301,OPERATIONAL_ETA
CASE_00003460,2025-08-10T04:00:33Z,REQ_0004302,OPERATIONAL_ETA
CASE_00003461,2026-03-21T06:24:35Z,REQ_0004303,RETRO_AUDIT
CASE_00003461,2026-03-21T03:33:50Z,REQ_0004304,OPERATIONAL_ETA
CASE_00003462,2026-02-09T10:06:10Z,REQ_0004305,OPERATIONAL_ETA
CASE_00003463,2026-02-28T15:44:06Z,REQ_0004306,OPERATIONAL_ETA
CASE_00003464,2026-04-08T06:02:05Z,REQ_0004307,PILOT_CHECK
CASE_00003464,2026-04-07T19:18:15Z,REQ_0004308,OPERATIONAL_ETA
CASE_00003465,2025-07-08T16:18:33Z,REQ_0004309,OPERATIONAL_ETA
CASE_00003465,2025-07-08T08:44:51Z,REQ_0004310,OPERATIONAL_ETA
CASE_00003466,2025-10-29T11:34:17Z,REQ_0004311,OPERATIONAL_ETA
CASE_00003466,2025-10-28T20:23:27Z,REQ_0004312,OPERATIONAL_ETA
CASE_00003467,2025-07-28T20:20:56Z,REQ_0004313,OPERATIONAL_ETA
CASE_00003468,2025-06-07T20:59:15Z,REQ_0004314,OPERATIONAL_ETA
CASE_00003468,2025-06-06T03:12:34Z,REQ_0004315,RETRO_AUDIT
CASE_00003469,2025-07-25T17:07:02Z,REQ_0004316,OPERATIONAL_ETA
CASE_00003469,2025-07-24T21:41:48Z,REQ_0004317,OPERATIONAL_ETA
CASE_00003470,2025-09-23T19:25:16Z,REQ_0004318,OPERATIONAL_ETA
CASE_00003471,2025-11-25T17:10:29Z,REQ_0004319,OPERATIONAL_ETA
CASE_00003472,2025-09-18T03:00:19Z,REQ_0004320,OPERATIONAL_ETA
CASE_00003473,2026-03-12T21:24:40Z,REQ_0004321,OPERATIONAL_ETA
CASE_00003474,2025-10-19T04:53:07Z,REQ_0004322,OPERATIONAL_ETA
CASE_00003475,2026-01-31T02:00:57Z,REQ_0004323,OPERATIONAL_ETA
CASE_00003476,2026-05-15T08:43:07Z,REQ_0004324,OPERATIONAL_ETA
CASE_00003477,2026-05-03T19:43:19Z,REQ_0004325,OPERATIONAL_ETA
CASE_00003478,2025-11-20T08:13:06Z,REQ_0004326,OPERATIONAL_ETA
CASE_00003479,2025-11-06T17:01:58Z,REQ_0004327,RETRO_AUDIT
CASE_00003479,2025-11-04T01:29:51Z,REQ_0004328,OPERATIONAL_ETA
CASE_00003480,2025-09-27T07:16:42Z,REQ_0004329,OPERATIONAL_ETA
CASE_00003480,2025-09-26T11:18:53Z,REQ_0004330,OPERATIONAL_ETA
CASE_00003481,2026-04-27T14:12:00Z,REQ_0004331,OPERATIONAL_ETA
CASE_00003482,2025-08-28T02:49:29Z,REQ_0004332,OPERATIONAL_ETA
CASE_00003483,2025-07-13T22:59:46Z,REQ_0004333,OPERATIONAL_ETA
CASE_00003484,2025-08-15T00:50:27Z,REQ_0004334,OPERATIONAL_ETA
CASE_00003485,2026-03-27T01:54:18Z,REQ_0004335,OPERATIONAL_ETA
CASE_00003486,2026-03-13T12:09:37Z,REQ_0004336,OPERATIONAL_ETA
CASE_00003486,2026-03-11T16:11:30Z,REQ_0004337,OPERATIONAL_ETA
CASE_00003487,2025-07-28T20:43:11Z,REQ_0004338,OPERATIONAL_ETA
CASE_00003488,2025-11-08T22:34:34Z,REQ_0004339,OPERATIONAL_ETA
CASE_00003489,2025-07-08T08:47:38Z,REQ_0004340,OPERATIONAL_ETA
CASE_00003490,2025-09-21T12:58:43Z,REQ_0004341,OPERATIONAL_ETA
CASE_00003491,2025-10-02T11:41:17Z,REQ_0004342,OPERATIONAL_ETA
CASE_00003492,2026-05-31T08:00:34Z,REQ_0004343,OPERATIONAL_ETA
CASE_00003492,2026-05-30T05:07:48Z,REQ_0004344,OPERATIONAL_ETA
CASE_00003493,2025-12-17T21:55:28Z,REQ_0004345,OPERATIONAL_ETA
CASE_00003493,2025-12-16T00:45:14Z,REQ_0004346,OPERATIONAL_ETA
CASE_00003494,2025-08-18T22:51:22Z,REQ_0004347,OPERATIONAL_ETA
CASE_00003495,2025-08-17T16:08:39Z,REQ_0004348,PILOT_CHECK
CASE_00003496,2026-05-01T23:49:02Z,REQ_0004349,OPERATIONAL_ETA
CASE_00003497,2026-01-04T14:32:26Z,REQ_0004350,OPERATIONAL_ETA
CASE_00003497,2026-01-03T11:09:03Z,REQ_0004351,PILOT_CHECK
CASE_00003498,2026-05-06T12:09:35Z,REQ_0004352,RETRO_AUDIT
CASE_00003499,2026-03-06T01:14:55Z,REQ_0004353,OPERATIONAL_ETA
CASE_00003500,2026-04-30T03:57:10Z,REQ_0004354,OPERATIONAL_ETA
CASE_00003501,2025-07-16T11:12:20Z,REQ_0004355,OPERATIONAL_ETA
CASE_00003502,2025-06-07T14:18:04Z,REQ_0004356,OPERATIONAL_ETA
CASE_00003503,2025-09-30T20:49:20Z,REQ_0004357,OPERATIONAL_ETA
CASE_00003504,2025-09-02T01:34:15Z,REQ_0004358,OPERATIONAL_ETA
CASE_00003505,2025-12-12T17:26:10Z,REQ_0004359,OPERATIONAL_ETA
CASE_00003505,2025-12-10T20:23:28Z,REQ_0004360,OPERATIONAL_ETA
CASE_00003506,2025-10-23T09:12:58Z,REQ_0004361,OPERATIONAL_ETA
CASE_00003507,2026-04-14T20:59:01Z,REQ_0004362,OPERATIONAL_ETA
CASE_00003507,2026-04-14T10:46:10Z,REQ_0004363,OPERATIONAL_ETA
CASE_00003508,2026-03-23T04:54:02Z,REQ_0004364,OPERATIONAL_ETA
CASE_00003509,2026-04-08T18:51:07Z,REQ_0004365,OPERATIONAL_ETA
CASE_00003510,2025-11-05T20:35:16Z,REQ_0004366,OPERATIONAL_ETA
CASE_00003511,2026-02-25T12:32:31Z,REQ_0004367,PILOT_CHECK
CASE_00003511,2026-02-24T18:42:32Z,REQ_0004368,OPERATIONAL_ETA
CASE_00003512,2025-10-24T03:08:33Z,REQ_0004369,OPERATIONAL_ETA
CASE_00003513,2025-06-05T01:59:26Z,REQ_0004370,OPERATIONAL_ETA
CASE_00003514,2025-11-26T11:18:13Z,REQ_0004371,OPERATIONAL_ETA
CASE_00003515,2025-11-21T18:37:43Z,REQ_0004372,RETRO_AUDIT
CASE_00003516,2026-01-08T22:06:03Z,REQ_0004373,OPERATIONAL_ETA
CASE_00003517,2025-12-04T15:36:30Z,REQ_0004374,OPERATIONAL_ETA
CASE_00003518,2025-09-19T00:23:51Z,REQ_0004375,OPERATIONAL_ETA
CASE_00003519,2026-03-01T15:18:45Z,REQ_0004376,OPERATIONAL_ETA
CASE_00003520,2025-07-24T14:41:42Z,REQ_0004377,OPERATIONAL_ETA
CASE_00003521,2026-04-26T08:26:12Z,REQ_0004378,OPERATIONAL_ETA
CASE_00003522,2026-03-15T23:26:46Z,REQ_0004379,OPERATIONAL_ETA
CASE_00003523,2025-08-15T13:40:48Z,REQ_0004380,OPERATIONAL_ETA
CASE_00003524,2025-09-25T14:08:28Z,REQ_0004381,OPERATIONAL_ETA
CASE_00003525,2025-10-12T12:58:02Z,REQ_0004382,PILOT_CHECK
CASE_00003526,2025-07-03T15:48:54Z,REQ_0004383,PILOT_CHECK
CASE_00003527,2026-03-31T17:12:29Z,REQ_0004384,OPERATIONAL_ETA
CASE_00003528,2026-02-26T18:00:54Z,REQ_0004385,OPERATIONAL_ETA
CASE_00003529,2025-09-23T06:32:49Z,REQ_0004386,RETRO_AUDIT
CASE_00003530,2025-12-06T21:31:51Z,REQ_0004387,OPERATIONAL_ETA
CASE_00003531,2025-06-21T10:32:42Z,REQ_0004388,OPERATIONAL_ETA
CASE_00003532,2025-08-02T07:36:52Z,REQ_0004389,OPERATIONAL_ETA
CASE_00003533,2026-03-21T19:38:11Z,REQ_0004390,OPERATIONAL_ETA
CASE_00003533,2026-03-18T20:21:08Z,REQ_0004391,OPERATIONAL_ETA
CASE_00003534,2026-04-15T23:23:34Z,REQ_0004392,OPERATIONAL_ETA
CASE_00003535,2025-12-01T17:37:29Z,REQ_0004393,OPERATIONAL_ETA
CASE_00003536,2026-05-24T05:13:53Z,REQ_0004394,OPERATIONAL_ETA
CASE_00003537,2025-10-18T10:21:33Z,REQ_0004395,OPERATIONAL_ETA
CASE_00003538,2025-06-21T13:55:55Z,REQ_0004396,PILOT_CHECK
CASE_00003539,2025-11-01T16:20:41Z,REQ_0004397,OPERATIONAL_ETA
CASE_00003539,2025-10-30T05:01:47Z,REQ_0004398,OPERATIONAL_ETA
CASE_00003540,2025-08-31T16:01:47Z,REQ_0004399,PILOT_CHECK
CASE_00003541,2025-10-12T20:24:01Z,REQ_0004400,OPERATIONAL_ETA
CASE_00003542,2026-02-03T17:06:31Z,REQ_0004401,OPERATIONAL_ETA
CASE_00003543,2026-02-01T20:01:23Z,REQ_0004402,OPERATIONAL_ETA
CASE_00003544,2025-07-28T02:20:15Z,REQ_0004403,OPERATIONAL_ETA
CASE_00003544,2025-07-27T04:58:01Z,REQ_0004404,OPERATIONAL_ETA
CASE_00003545,2026-05-01T10:41:56Z,REQ_0004405,OPERATIONAL_ETA
CASE_00003546,2026-04-07T03:25:21Z,REQ_0004406,OPERATIONAL_ETA
CASE_00003547,2026-01-05T01:55:16Z,REQ_0004407,OPERATIONAL_ETA
CASE_00003548,2026-04-07T09:08:08Z,REQ_0004408,PILOT_CHECK
CASE_00003548,2026-04-05T23:05:33Z,REQ_0004409,OPERATIONAL_ETA
CASE_00003549,2025-11-22T23:01:51Z,REQ_0004410,OPERATIONAL_ETA
CASE_00003549,2025-11-21T16:24:43Z,REQ_0004411,OPERATIONAL_ETA
CASE_00003550,2026-05-28T14:29:30Z,REQ_0004412,OPERATIONAL_ETA
CASE_00003551,2025-11-11T04:47:17Z,REQ_0004413,OPERATIONAL_ETA
CASE_00003552,2025-09-30T06:36:05Z,REQ_0004414,RETRO_AUDIT
CASE_00003553,2025-11-17T20:50:56Z,REQ_0004415,PILOT_CHECK
CASE_00003554,2025-09-13T13:02:33Z,REQ_0004416,OPERATIONAL_ETA
CASE_00003554,2025-09-12T20:06:05Z,REQ_0004417,OPERATIONAL_ETA
CASE_00003555,2025-12-07T17:49:02Z,REQ_0004418,RETRO_AUDIT
CASE_00003556,2025-11-27T09:35:29Z,REQ_0004419,PILOT_CHECK
CASE_00003557,2026-01-24T04:58:28Z,REQ_0004420,OPERATIONAL_ETA
CASE_00003557,2026-01-22T21:13:15Z,REQ_0004421,OPERATIONAL_ETA
CASE_00003558,2025-09-08T04:21:10Z,REQ_0004422,OPERATIONAL_ETA
CASE_00003559,2026-02-08T15:30:27Z,REQ_0004423,PILOT_CHECK
CASE_00003559,2026-02-08T03:40:21Z,REQ_0004424,OPERATIONAL_ETA
CASE_00003560,2025-07-05T04:16:07Z,REQ_0004425,RETRO_AUDIT
CASE_00003560,2025-07-04T02:21:42Z,REQ_0004426,OPERATIONAL_ETA
CASE_00003561,2025-08-21T12:06:50Z,REQ_0004427,OPERATIONAL_ETA
CASE_00003562,2025-06-21T07:29:32Z,REQ_0004428,OPERATIONAL_ETA
CASE_00003563,2025-07-12T15:04:49Z,REQ_0004429,PILOT_CHECK
CASE_00003564,2025-10-09T21:25:45Z,REQ_0004430,OPERATIONAL_ETA
CASE_00003564,2025-10-08T20:52:15Z,REQ_0004431,OPERATIONAL_ETA
CASE_00003565,2025-07-27T19:57:37Z,REQ_0004432,OPERATIONAL_ETA
CASE_00003566,2025-08-14T09:21:47Z,REQ_0004433,OPERATIONAL_ETA
CASE_00003567,2026-05-06T14:00:28Z,REQ_0004434,OPERATIONAL_ETA
CASE_00003568,2025-06-28T09:36:55Z,REQ_0004435,OPERATIONAL_ETA
CASE_00003569,2026-03-14T19:18:16Z,REQ_0004436,RETRO_AUDIT
CASE_00003569,2026-03-12T16:41:05Z,REQ_0004437,RETRO_AUDIT
CASE_00003570,2025-07-19T02:04:18Z,REQ_0004438,PILOT_CHECK
CASE_00003570,2025-07-17T18:59:41Z,REQ_0004439,OPERATIONAL_ETA
CASE_00003571,2025-11-24T13:33:31Z,REQ_0004440,RETRO_AUDIT
CASE_00003572,2025-08-09T04:06:58Z,REQ_0004441,OPERATIONAL_ETA
CASE_00003573,2026-02-03T22:13:00Z,REQ_0004442,RETRO_AUDIT
CASE_00003574,2026-05-29T18:52:40Z,REQ_0004443,OPERATIONAL_ETA
CASE_00003575,2025-07-29T15:14:55Z,REQ_0004444,OPERATIONAL_ETA
CASE_00003576,2025-10-09T02:37:27Z,REQ_0004445,OPERATIONAL_ETA
CASE_00003577,2025-07-29T20:08:04Z,REQ_0004446,OPERATIONAL_ETA
CASE_00003578,2025-09-03T23:51:41Z,REQ_0004447,OPERATIONAL_ETA
CASE_00003579,2025-12-13T21:20:55Z,REQ_0004448,OPERATIONAL_ETA
CASE_00003580,2025-06-27T01:06:17Z,REQ_0004449,OPERATIONAL_ETA
CASE_00003581,2026-03-27T21:01:13Z,REQ_0004450,OPERATIONAL_ETA
CASE_00003582,2025-07-02T16:05:13Z,REQ_0004451,OPERATIONAL_ETA
CASE_00003583,2026-05-25T15:58:05Z,REQ_0004452,OPERATIONAL_ETA
CASE_00003583,2026-05-24T21:25:25Z,REQ_0004453,PILOT_CHECK
CASE_00003584,2025-08-02T02:11:54Z,REQ_0004454,OPERATIONAL_ETA
CASE_00003585,2026-02-14T06:02:22Z,REQ_0004455,OPERATIONAL_ETA
CASE_00003585,2026-02-12T15:42:28Z,REQ_0004456,OPERATIONAL_ETA
CASE_00003586,2025-07-06T15:32:15Z,REQ_0004457,OPERATIONAL_ETA
CASE_00003587,2025-10-17T09:57:33Z,REQ_0004458,RETRO_AUDIT
CASE_00003587,2025-10-15T10:23:40Z,REQ_0004459,OPERATIONAL_ETA
CASE_00003588,2026-05-25T19:28:03Z,REQ_0004460,OPERATIONAL_ETA
CASE_00003589,2026-05-29T03:25:18Z,REQ_0004461,OPERATIONAL_ETA
CASE_00003590,2025-10-03T06:59:06Z,REQ_0004462,OPERATIONAL_ETA
CASE_00003591,2025-10-17T14:48:03Z,REQ_0004463,OPERATIONAL_ETA
CASE_00003592,2025-08-24T05:41:47Z,REQ_0004464,OPERATIONAL_ETA
CASE_00003593,2025-08-12T23:34:26Z,REQ_0004465,OPERATIONAL_ETA
CASE_00003594,2026-05-10T10:40:56Z,REQ_0004466,OPERATIONAL_ETA
CASE_00003594,2026-05-09T02:22:54Z,REQ_0004467,OPERATIONAL_ETA
CASE_00003595,2026-01-29T08:13:28Z,REQ_0004468,OPERATIONAL_ETA
CASE_00003596,2025-09-30T14:01:50Z,REQ_0004469,OPERATIONAL_ETA
CASE_00003597,2025-08-26T14:44:18Z,REQ_0004470,OPERATIONAL_ETA
CASE_00003597,2025-08-26T03:12:03Z,REQ_0004471,OPERATIONAL_ETA
CASE_00003598,2025-09-07T19:04:38Z,REQ_0004472,OPERATIONAL_ETA
CASE_00003599,2025-11-11T02:19:09Z,REQ_0004473,OPERATIONAL_ETA
CASE_00003600,2026-05-30T06:46:59Z,REQ_0004474,OPERATIONAL_ETA
CASE_00003601,2026-01-30T21:33:29Z,REQ_0004475,OPERATIONAL_ETA
CASE_00003602,2025-09-03T04:13:24Z,REQ_0004476,OPERATIONAL_ETA
CASE_00003603,2026-04-18T01:04:01Z,REQ_0004477,OPERATIONAL_ETA
CASE_00003604,2026-01-04T18:23:37Z,REQ_0004478,RETRO_AUDIT
CASE_00003605,2026-01-23T03:18:41Z,REQ_0004479,OPERATIONAL_ETA
CASE_00003605,2026-01-21T04:45:28Z,REQ_0004480,PILOT_CHECK
CASE_00003606,2025-10-28T15:51:04Z,REQ_0004481,OPERATIONAL_ETA
CASE_00003607,2026-04-24T15:00:46Z,REQ_0004482,OPERATIONAL_ETA
CASE_00003607,2026-04-23T18:52:45Z,REQ_0004483,RETRO_AUDIT
CASE_00003608,2026-05-03T20:32:06Z,REQ_0004484,OPERATIONAL_ETA
CASE_00003609,2026-02-28T23:55:49Z,REQ_0004485,OPERATIONAL_ETA
CASE_00003610,2025-08-27T12:21:45Z,REQ_0004486,OPERATIONAL_ETA
CASE_00003611,2025-07-08T12:25:44Z,REQ_0004487,OPERATIONAL_ETA
CASE_00003612,2025-07-16T14:45:45Z,REQ_0004488,OPERATIONAL_ETA
CASE_00003613,2025-06-25T19:15:38Z,REQ_0004489,PILOT_CHECK
CASE_00003614,2026-01-15T14:19:36Z,REQ_0004490,OPERATIONAL_ETA
CASE_00003615,2025-11-04T06:31:31Z,REQ_0004491,OPERATIONAL_ETA
CASE_00003616,2025-06-25T02:42:56Z,REQ_0004492,RETRO_AUDIT
CASE_00003616,2025-06-23T13:10:28Z,REQ_0004493,OPERATIONAL_ETA
CASE_00003617,2026-05-03T09:21:42Z,REQ_0004494,OPERATIONAL_ETA
CASE_00003617,2026-05-02T03:49:12Z,REQ_0004495,RETRO_AUDIT
CASE_00003618,2026-05-08T07:29:23Z,REQ_0004496,OPERATIONAL_ETA
CASE_00003618,2026-05-07T05:59:38Z,REQ_0004497,OPERATIONAL_ETA
CASE_00003619,2025-12-26T02:09:13Z,REQ_0004498,OPERATIONAL_ETA
CASE_00003620,2025-10-15T17:25:10Z,REQ_0004499,PILOT_CHECK
CASE_00003621,2026-02-19T05:03:12Z,REQ_0004500,OPERATIONAL_ETA
CASE_00003622,2026-04-13T04:25:02Z,REQ_0004501,OPERATIONAL_ETA
CASE_00003623,2025-11-06T12:51:26Z,REQ_0004502,OPERATIONAL_ETA
CASE_00003624,2026-03-31T07:49:19Z,REQ_0004503,OPERATIONAL_ETA
CASE_00003625,2025-12-08T04:40:08Z,REQ_0004504,OPERATIONAL_ETA
CASE_00003626,2025-12-09T18:13:09Z,REQ_0004505,RETRO_AUDIT
CASE_00003627,2026-03-19T11:06:40Z,REQ_0004506,OPERATIONAL_ETA
CASE_00003628,2026-03-15T08:13:53Z,REQ_0004507,OPERATIONAL_ETA
CASE_00003629,2025-06-17T06:36:02Z,REQ_0004508,OPERATIONAL_ETA
CASE_00003630,2025-10-03T18:30:54Z,REQ_0004509,OPERATIONAL_ETA
CASE_00003631,2025-12-30T22:48:07Z,REQ_0004510,OPERATIONAL_ETA
CASE_00003632,2025-12-13T19:38:47Z,REQ_0004511,RETRO_AUDIT
CASE_00003633,2025-08-07T18:42:06Z,REQ_0004512,OPERATIONAL_ETA
CASE_00003634,2025-07-19T10:53:35Z,REQ_0004513,OPERATIONAL_ETA
CASE_00003635,2025-10-02T20:16:10Z,REQ_0004514,OPERATIONAL_ETA
CASE_00003636,2025-11-26T11:28:39Z,REQ_0004515,PILOT_CHECK
CASE_00003637,2025-08-02T12:00:09Z,REQ_0004516,OPERATIONAL_ETA
CASE_00003638,2026-03-26T22:19:07Z,REQ_0004517,OPERATIONAL_ETA
CASE_00003639,2026-02-25T00:04:21Z,REQ_0004518,OPERATIONAL_ETA
CASE_00003640,2025-09-18T23:44:58Z,REQ_0004519,RETRO_AUDIT
CASE_00003641,2026-01-13T06:10:08Z,REQ_0004520,OPERATIONAL_ETA
CASE_00003642,2025-12-27T12:41:07Z,REQ_0004521,OPERATIONAL_ETA
CASE_00003643,2026-04-09T15:50:34Z,REQ_0004522,OPERATIONAL_ETA
CASE_00003644,2026-03-30T08:51:03Z,REQ_0004523,PILOT_CHECK
CASE_00003645,2025-09-29T03:04:10Z,REQ_0004524,RETRO_AUDIT
CASE_00003646,2025-07-27T11:44:06Z,REQ_0004525,OPERATIONAL_ETA
CASE_00003647,2026-04-14T13:28:25Z,REQ_0004526,RETRO_AUDIT
CASE_00003648,2025-12-02T00:28:17Z,REQ_0004527,OPERATIONAL_ETA
CASE_00003649,2026-05-10T11:53:45Z,REQ_0004528,PILOT_CHECK
CASE_00003650,2026-03-14T06:08:45Z,REQ_0004529,OPERATIONAL_ETA
CASE_00003651,2026-02-11T17:26:43Z,REQ_0004530,RETRO_AUDIT
CASE_00003652,2026-02-26T09:31:50Z,REQ_0004531,OPERATIONAL_ETA
CASE_00003653,2026-01-29T20:09:47Z,REQ_0004532,OPERATIONAL_ETA
CASE_00003654,2025-08-18T21:09:45Z,REQ_0004533,OPERATIONAL_ETA
CASE_00003655,2026-05-02T17:11:44Z,REQ_0004534,OPERATIONAL_ETA
CASE_00003656,2026-01-23T08:56:47Z,REQ_0004535,OPERATIONAL_ETA
CASE_00003657,2025-09-23T22:34:32Z,REQ_0004536,OPERATIONAL_ETA
CASE_00003658,2025-08-31T20:25:02Z,REQ_0004537,OPERATIONAL_ETA
CASE_00003659,2026-02-01T11:53:34Z,REQ_0004538,OPERATIONAL_ETA
CASE_00003660,2025-06-14T01:01:10Z,REQ_0004539,OPERATIONAL_ETA
CASE_00003661,2026-02-17T16:30:58Z,REQ_0004540,RETRO_AUDIT
CASE_00003662,2026-01-08T23:43:17Z,REQ_0004541,OPERATIONAL_ETA
CASE_00003663,2025-11-17T21:00:36Z,REQ_0004542,OPERATIONAL_ETA
CASE_00003664,2026-01-15T11:16:25Z,REQ_0004543,OPERATIONAL_ETA
CASE_00003665,2025-11-29T19:05:52Z,REQ_0004544,OPERATIONAL_ETA
CASE_00003666,2025-10-27T16:44:42Z,REQ_0004545,OPERATIONAL_ETA
CASE_00003667,2026-05-05T09:37:33Z,REQ_0004546,OPERATIONAL_ETA
CASE_00003668,2026-01-12T04:03:17Z,REQ_0004547,OPERATIONAL_ETA
CASE_00003669,2026-04-12T20:30:08Z,REQ_0004548,OPERATIONAL_ETA
CASE_00003670,2025-10-18T17:47:44Z,REQ_0004549,RETRO_AUDIT
CASE_00003671,2025-12-04T10:52:14Z,REQ_0004550,OPERATIONAL_ETA
CASE_00003672,2025-11-02T05:20:00Z,REQ_0004551,OPERATIONAL_ETA
CASE_00003673,2025-06-06T09:06:52Z,REQ_0004552,OPERATIONAL_ETA
CASE_00003674,2025-12-07T15:37:14Z,REQ_0004553,RETRO_AUDIT
CASE_00003675,2025-09-06T07:15:37Z,REQ_0004554,OPERATIONAL_ETA
CASE_00003676,2025-10-17T19:41:34Z,REQ_0004555,OPERATIONAL_ETA
CASE_00003677,2026-01-07T07:06:36Z,REQ_0004556,RETRO_AUDIT
CASE_00003678,2025-09-22T10:09:20Z,REQ_0004557,OPERATIONAL_ETA
CASE_00003679,2026-03-20T02:00:14Z,REQ_0004558,OPERATIONAL_ETA
CASE_00003680,2026-01-18T19:18:11Z,REQ_0004559,OPERATIONAL_ETA
CASE_00003681,2025-06-08T04:40:44Z,REQ_0004560,PILOT_CHECK
CASE_00003682,2026-01-08T10:59:41Z,REQ_0004561,OPERATIONAL_ETA
CASE_00003683,2026-05-09T20:40:06Z,REQ_0004562,OPERATIONAL_ETA
CASE_00003684,2026-05-27T22:09:53Z,REQ_0004563,OPERATIONAL_ETA
CASE_00003685,2025-12-06T15:09:32Z,REQ_0004564,OPERATIONAL_ETA
CASE_00003686,2025-06-28T06:31:21Z,REQ_0004565,OPERATIONAL_ETA
CASE_00003687,2025-11-19T19:54:05Z,REQ_0004566,OPERATIONAL_ETA
CASE_00003688,2025-10-24T08:09:15Z,REQ_0004567,OPERATIONAL_ETA
CASE_00003689,2025-06-12T11:33:46Z,REQ_0004568,OPERATIONAL_ETA
CASE_00003690,2025-12-23T06:41:00Z,REQ_0004569,OPERATIONAL_ETA
CASE_00003691,2026-04-18T20:17:43Z,REQ_0004570,OPERATIONAL_ETA
CASE_00003692,2026-01-10T16:56:40Z,REQ_0004571,PILOT_CHECK
CASE_00003693,2026-03-10T22:06:59Z,REQ_0004572,OPERATIONAL_ETA
CASE_00003694,2026-02-24T13:34:05Z,REQ_0004573,OPERATIONAL_ETA
CASE_00003695,2025-12-15T23:05:39Z,REQ_0004574,OPERATIONAL_ETA
CASE_00003696,2025-12-08T11:58:26Z,REQ_0004575,OPERATIONAL_ETA
CASE_00003697,2025-11-21T01:19:41Z,REQ_0004576,PILOT_CHECK
CASE_00003698,2026-01-06T02:26:20Z,REQ_0004577,OPERATIONAL_ETA
CASE_00003699,2026-03-28T09:55:12Z,REQ_0004578,OPERATIONAL_ETA
CASE_00003700,2026-02-18T14:23:15Z,REQ_0004579,OPERATIONAL_ETA
CASE_00003701,2025-08-19T14:17:08Z,REQ_0004580,RETRO_AUDIT
CASE_00003702,2025-07-04T01:43:52Z,REQ_0004581,OPERATIONAL_ETA
CASE_00003703,2025-11-19T15:42:12Z,REQ_0004582,PILOT_CHECK
CASE_00003704,2025-09-07T08:20:52Z,REQ_0004583,OPERATIONAL_ETA
CASE_00003705,2025-07-20T10:27:55Z,REQ_0004584,OPERATIONAL_ETA
CASE_00003706,2026-01-29T04:45:52Z,REQ_0004585,OPERATIONAL_ETA
CASE_00003707,2026-05-09T09:54:51Z,REQ_0004586,PILOT_CHECK
CASE_00003708,2026-02-08T11:20:17Z,REQ_0004587,OPERATIONAL_ETA
CASE_00003709,2026-04-16T23:00:25Z,REQ_0004588,OPERATIONAL_ETA
CASE_00003710,2025-10-04T12:53:34Z,REQ_0004589,OPERATIONAL_ETA
CASE_00003711,2025-06-26T03:08:47Z,REQ_0004590,OPERATIONAL_ETA
CASE_00003712,2026-04-05T08:55:17Z,REQ_0004591,OPERATIONAL_ETA
CASE_00003713,2026-02-24T00:08:40Z,REQ_0004592,OPERATIONAL_ETA
CASE_00003714,2026-05-18T18:17:50Z,REQ_0004593,OPERATIONAL_ETA
CASE_00003715,2026-05-22T16:06:05Z,REQ_0004594,OPERATIONAL_ETA
CASE_00003716,2025-06-11T17:38:16Z,REQ_0004595,PILOT_CHECK
CASE_00003717,2025-07-18T04:05:01Z,REQ_0004596,OPERATIONAL_ETA
CASE_00003718,2026-04-13T10:34:33Z,REQ_0004597,OPERATIONAL_ETA
CASE_00003719,2025-12-04T03:21:59Z,REQ_0004598,OPERATIONAL_ETA
CASE_00003720,2026-01-31T15:13:37Z,REQ_0004599,OPERATIONAL_ETA
CASE_00003721,2025-09-18T18:24:34Z,REQ_0004600,OPERATIONAL_ETA
CASE_00003722,2025-10-09T08:23:16Z,REQ_0004601,OPERATIONAL_ETA
CASE_00003723,2026-01-06T17:04:24Z,REQ_0004602,RETRO_AUDIT
CASE_00003724,2026-02-14T11:56:44Z,REQ_0004603,OPERATIONAL_ETA
CASE_00003725,2025-10-06T07:54:54Z,REQ_0004604,OPERATIONAL_ETA
CASE_00003726,2026-05-06T21:44:53Z,REQ_0004605,OPERATIONAL_ETA
CASE_00003727,2025-08-22T12:33:16Z,REQ_0004606,RETRO_AUDIT
CASE_00003728,2026-01-17T14:18:33Z,REQ_0004607,OPERATIONAL_ETA
CASE_00003729,2025-06-27T00:07:41Z,REQ_0004608,RETRO_AUDIT
CASE_00003730,2026-03-30T06:58:38Z,REQ_0004609,OPERATIONAL_ETA
CASE_00003731,2026-06-02T13:42:11Z,REQ_0004610,RETRO_AUDIT
CASE_00003732,2026-02-13T07:38:40Z,REQ_0004611,RETRO_AUDIT
CASE_00003733,2025-09-09T21:50:58Z,REQ_0004612,RETRO_AUDIT
CASE_00003734,2025-10-24T21:06:20Z,REQ_0004613,OPERATIONAL_ETA
CASE_00003735,2025-09-11T20:58:14Z,REQ_0004614,RETRO_AUDIT
CASE_00003736,2026-01-08T09:28:21Z,REQ_0004615,OPERATIONAL_ETA
CASE_00003737,2026-02-28T06:50:58Z,REQ_0004616,RETRO_AUDIT
CASE_00003738,2026-05-07T11:47:55Z,REQ_0004617,OPERATIONAL_ETA
CASE_00003739,2025-09-07T13:52:33Z,REQ_0004618,OPERATIONAL_ETA
CASE_00003740,2025-08-22T10:14:44Z,REQ_0004619,OPERATIONAL_ETA
CASE_00003741,2025-10-19T13:34:20Z,REQ_0004620,RETRO_AUDIT
CASE_00003742,2025-06-30T10:30:56Z,REQ_0004621,OPERATIONAL_ETA
CASE_00003743,2026-04-18T23:42:03Z,REQ_0004622,OPERATIONAL_ETA
CASE_00003744,2026-03-08T17:31:30Z,REQ_0004623,OPERATIONAL_ETA
CASE_00003745,2025-12-01T18:40:19Z,REQ_0004624,OPERATIONAL_ETA
CASE_00003746,2026-01-03T09:17:40Z,REQ_0004625,OPERATIONAL_ETA
CASE_00003747,2025-11-23T10:19:09Z,REQ_0004626,OPERATIONAL_ETA
CASE_00003748,2026-03-06T16:00:19Z,REQ_0004627,OPERATIONAL_ETA
CASE_00003749,2025-09-22T06:58:06Z,REQ_0004628,OPERATIONAL_ETA
CASE_00003750,2025-12-27T16:20:19Z,REQ_0004629,OPERATIONAL_ETA
CASE_00003751,2026-03-10T10:34:34Z,REQ_0004630,OPERATIONAL_ETA
CASE_00003752,2025-08-18T20:52:07Z,REQ_0004631,OPERATIONAL_ETA
CASE_00003753,2025-08-06T15:24:07Z,REQ_0004632,OPERATIONAL_ETA
CASE_00003754,2025-08-14T22:43:26Z,REQ_0004633,OPERATIONAL_ETA
CASE_00003755,2026-01-26T13:25:59Z,REQ_0004634,OPERATIONAL_ETA
CASE_00003756,2026-03-16T02:56:58Z,REQ_0004635,OPERATIONAL_ETA
CASE_00003757,2025-11-29T17:55:57Z,REQ_0004636,PILOT_CHECK
CASE_00003758,2026-05-20T20:52:31Z,REQ_0004637,OPERATIONAL_ETA
CASE_00003759,2025-09-02T03:44:03Z,REQ_0004638,OPERATIONAL_ETA
CASE_00003760,2025-11-05T10:11:26Z,REQ_0004639,OPERATIONAL_ETA
CASE_00003761,2026-04-28T18:41:17Z,REQ_0004640,OPERATIONAL_ETA
CASE_00003762,2026-02-13T10:38:36Z,REQ_0004641,OPERATIONAL_ETA
CASE_00003763,2026-05-21T20:35:22Z,REQ_0004642,PILOT_CHECK
CASE_00003764,2025-11-03T10:19:49Z,REQ_0004643,OPERATIONAL_ETA
CASE_00003765,2025-06-23T14:55:56Z,REQ_0004644,OPERATIONAL_ETA
CASE_00003766,2025-11-02T12:16:24Z,REQ_0004645,OPERATIONAL_ETA
CASE_00003767,2025-12-02T05:43:53Z,REQ_0004646,OPERATIONAL_ETA
CASE_00003768,2025-07-04T07:00:28Z,REQ_0004647,OPERATIONAL_ETA
CASE_00003769,2025-06-24T08:28:26Z,REQ_0004648,PILOT_CHECK
CASE_00003770,2025-11-27T19:03:00Z,REQ_0004649,OPERATIONAL_ETA
CASE_00003771,2026-01-15T13:19:44Z,REQ_0004650,OPERATIONAL_ETA
CASE_00003772,2025-06-12T22:38:01Z,REQ_0004651,OPERATIONAL_ETA
CASE_00003773,2026-02-27T16:14:07Z,REQ_0004652,OPERATIONAL_ETA
CASE_00003774,2026-05-11T01:28:29Z,REQ_0004653,PILOT_CHECK
CASE_00003775,2025-06-13T14:02:26Z,REQ_0004654,RETRO_AUDIT
CASE_00003776,2026-05-30T21:26:33Z,REQ_0004655,OPERATIONAL_ETA
CASE_00003777,2026-04-10T01:21:45Z,REQ_0004656,RETRO_AUDIT
CASE_00003777,2026-04-09T03:48:28Z,REQ_0004657,OPERATIONAL_ETA
CASE_00003778,2026-02-06T01:58:07Z,REQ_0004658,OPERATIONAL_ETA
CASE_00003778,2026-02-04T05:42:20Z,REQ_0004659,PILOT_CHECK
CASE_00003779,2026-02-04T18:03:25Z,REQ_0004660,OPERATIONAL_ETA
CASE_00003779,2026-02-04T08:05:42Z,REQ_0004661,OPERATIONAL_ETA
CASE_00003780,2026-01-17T16:03:20Z,REQ_0004662,RETRO_AUDIT
CASE_00003780,2026-01-16T10:20:36Z,REQ_0004663,PILOT_CHECK
CASE_00003781,2026-04-18T11:13:50Z,REQ_0004664,OPERATIONAL_ETA
CASE_00003782,2026-04-09T08:43:38Z,REQ_0004665,OPERATIONAL_ETA
CASE_00003783,2026-01-20T08:14:53Z,REQ_0004666,OPERATIONAL_ETA
CASE_00003784,2024-06-17T01:33:30Z,REQ_0004667,OPERATIONAL_ETA
CASE_00003784,2024-06-16T09:23:36Z,REQ_0004668,OPERATIONAL_ETA
CASE_00003785,2024-05-15T15:55:42Z,REQ_0004669,OPERATIONAL_ETA
CASE_00003786,2024-03-07T04:42:50Z,REQ_0004670,OPERATIONAL_ETA
CASE_00003787,2024-04-17T20:16:53Z,REQ_0004671,OPERATIONAL_ETA
CASE_00003787,2024-04-16T07:05:49Z,REQ_0004672,OPERATIONAL_ETA
CASE_00003788,2024-02-11T18:27:59Z,REQ_0004673,OPERATIONAL_ETA
CASE_00003789,2024-04-22T01:40:33Z,REQ_0004674,OPERATIONAL_ETA
CASE_00003790,2024-03-17T01:36:58Z,REQ_0004675,OPERATIONAL_ETA
CASE_00003790,2024-03-16T04:13:57Z,REQ_0004676,OPERATIONAL_ETA
CASE_00003791,2024-04-30T00:06:27Z,REQ_0004677,OPERATIONAL_ETA
CASE_00003791,2024-04-27T18:02:23Z,REQ_0004678,OPERATIONAL_ETA
CASE_00003792,2024-02-01T23:42:10Z,REQ_0004679,PILOT_CHECK
CASE_00003793,2024-05-29T00:37:29Z,REQ_0004680,OPERATIONAL_ETA
CASE_00003794,2024-05-10T09:32:45Z,REQ_0004681,OPERATIONAL_ETA
CASE_00003795,2024-07-17T13:54:08Z,REQ_0004682,OPERATIONAL_ETA
CASE_00003796,2024-07-24T00:01:15Z,REQ_0004683,OPERATIONAL_ETA
CASE_00003797,2024-05-21T11:04:48Z,REQ_0004684,OPERATIONAL_ETA
CASE_00003798,2024-04-19T20:22:43Z,REQ_0004685,OPERATIONAL_ETA
CASE_00003799,2024-06-23T00:20:14Z,REQ_0004686,OPERATIONAL_ETA
CASE_00003800,2024-08-01T15:13:17Z,REQ_0004687,OPERATIONAL_ETA
CASE_00003801,2024-02-22T09:25:43Z,REQ_0004688,OPERATIONAL_ETA
CASE_00003802,2024-03-01T05:19:11Z,REQ_0004689,OPERATIONAL_ETA
CASE_00003803,2024-02-10T18:06:15Z,REQ_0004690,PILOT_CHECK
CASE_00003803,2024-02-09T09:48:46Z,REQ_0004691,OPERATIONAL_ETA
CASE_00003804,2024-03-14T22:50:40Z,REQ_0004692,OPERATIONAL_ETA
CASE_00003805,2024-07-14T17:55:11Z,REQ_0004693,PILOT_CHECK
CASE_00003806,2024-02-24T12:12:31Z,REQ_0004694,RETRO_AUDIT
CASE_00003806,2024-02-20T08:12:48Z,REQ_0004695,RETRO_AUDIT
CASE_00003807,2024-04-04T17:57:32Z,REQ_0004696,OPERATIONAL_ETA
CASE_00003808,2024-01-24T03:07:01Z,REQ_0004697,OPERATIONAL_ETA
CASE_00003809,2024-06-03T12:47:18Z,REQ_0004698,OPERATIONAL_ETA
CASE_00003810,2024-05-13T08:45:42Z,REQ_0004699,OPERATIONAL_ETA
CASE_00003811,2024-04-19T04:59:17Z,REQ_0004700,OPERATIONAL_ETA
CASE_00003812,2024-03-12T22:00:21Z,REQ_0004701,RETRO_AUDIT
CASE_00003813,2024-04-24T20:38:23Z,REQ_0004702,OPERATIONAL_ETA
CASE_00003814,2024-04-08T19:54:16Z,REQ_0004703,OPERATIONAL_ETA
CASE_00003815,2024-06-24T02:22:31Z,REQ_0004704,OPERATIONAL_ETA
CASE_00003816,2024-02-22T00:06:31Z,REQ_0004705,OPERATIONAL_ETA
CASE_00003817,2024-03-12T00:39:14Z,REQ_0004706,OPERATIONAL_ETA
CASE_00003818,2024-02-13T03:40:46Z,REQ_0004707,OPERATIONAL_ETA
CASE_00003818,2024-02-11T20:00:59Z,REQ_0004708,RETRO_AUDIT
CASE_00003819,2024-07-29T17:30:22Z,REQ_0004709,OPERATIONAL_ETA
CASE_00003820,2024-06-09T00:03:42Z,REQ_0004710,OPERATIONAL_ETA
CASE_00003821,2024-05-19T08:48:25Z,REQ_0004711,OPERATIONAL_ETA
CASE_00003822,2024-03-19T08:44:35Z,REQ_0004712,OPERATIONAL_ETA
CASE_00003823,2024-04-20T06:29:50Z,REQ_0004713,OPERATIONAL_ETA
CASE_00003823,2024-04-19T22:47:35Z,REQ_0004714,OPERATIONAL_ETA
CASE_00003824,2024-05-20T00:58:40Z,REQ_0004715,OPERATIONAL_ETA
CASE_00003824,2024-05-17T11:22:44Z,REQ_0004716,OPERATIONAL_ETA
CASE_00003825,2024-02-11T07:38:06Z,REQ_0004717,OPERATIONAL_ETA
CASE_00003825,2024-02-09T14:49:31Z,REQ_0004718,OPERATIONAL_ETA
CASE_00003826,2024-06-06T14:09:49Z,REQ_0004719,RETRO_AUDIT
CASE_00003826,2024-06-06T00:09:35Z,REQ_0004720,OPERATIONAL_ETA
CASE_00003827,2024-07-18T10:34:06Z,REQ_0004721,OPERATIONAL_ETA
CASE_00003828,2024-05-12T16:00:13Z,REQ_0004722,OPERATIONAL_ETA
CASE_00003829,2024-03-19T03:52:50Z,REQ_0004723,RETRO_AUDIT
CASE_00003830,2024-03-16T18:25:52Z,REQ_0004724,RETRO_AUDIT
CASE_00003830,2024-03-14T03:06:32Z,REQ_0004725,OPERATIONAL_ETA
CASE_00003831,2024-06-17T02:11:01Z,REQ_0004726,OPERATIONAL_ETA
CASE_00003832,2024-01-22T01:50:35Z,REQ_0004727,OPERATIONAL_ETA
CASE_00003833,2024-06-27T01:55:33Z,REQ_0004728,RETRO_AUDIT
CASE_00003834,2024-02-05T10:36:57Z,REQ_0004729,RETRO_AUDIT
CASE_00003835,2024-03-01T09:01:52Z,REQ_0004730,OPERATIONAL_ETA
CASE_00003836,2024-07-27T11:58:20Z,REQ_0004731,OPERATIONAL_ETA
CASE_00003837,2024-01-20T04:26:51Z,REQ_0004732,OPERATIONAL_ETA
CASE_00003838,2024-02-16T19:18:09Z,REQ_0004733,OPERATIONAL_ETA
CASE_00003838,2024-02-14T07:38:53Z,REQ_0004734,OPERATIONAL_ETA
CASE_00003839,2024-06-25T10:03:13Z,REQ_0004735,OPERATIONAL_ETA
CASE_00003839,2024-06-23T23:13:52Z,REQ_0004736,OPERATIONAL_ETA
CASE_00003840,2024-04-14T21:55:45Z,REQ_0004737,OPERATIONAL_ETA
CASE_00003841,2024-07-11T18:12:38Z,REQ_0004738,OPERATIONAL_ETA
CASE_00003842,2024-08-03T02:27:03Z,REQ_0004739,OPERATIONAL_ETA
CASE_00003843,2024-05-15T08:54:55Z,REQ_0004740,OPERATIONAL_ETA
CASE_00003844,2024-03-25T16:24:01Z,REQ_0004741,OPERATIONAL_ETA
CASE_00003845,2024-03-05T15:14:47Z,REQ_0004742,OPERATIONAL_ETA
CASE_00003846,2024-01-18T07:22:03Z,REQ_0004743,OPERATIONAL_ETA
CASE_00003846,2024-01-17T18:29:26Z,REQ_0004744,RETRO_AUDIT
CASE_00003847,2024-08-04T00:24:02Z,REQ_0004745,OPERATIONAL_ETA
CASE_00003848,2024-07-09T18:24:30Z,REQ_0004746,OPERATIONAL_ETA
CASE_00003849,2024-05-17T00:46:25Z,REQ_0004747,OPERATIONAL_ETA
CASE_00003850,2024-03-08T18:42:01Z,REQ_0004748,OPERATIONAL_ETA
CASE_00003851,2024-01-30T21:38:32Z,REQ_0004749,OPERATIONAL_ETA
CASE_00003852,2024-02-28T12:13:30Z,REQ_0004750,OPERATIONAL_ETA
CASE_00003852,2024-02-27T02:27:08Z,REQ_0004751,OPERATIONAL_ETA
CASE_00003853,2024-02-14T14:16:44Z,REQ_0004752,OPERATIONAL_ETA
CASE_00003854,2024-05-01T20:19:52Z,REQ_0004753,PILOT_CHECK
CASE_00003855,2024-02-04T07:07:30Z,REQ_0004754,PILOT_CHECK
CASE_00003856,2024-05-01T15:02:29Z,REQ_0004755,OPERATIONAL_ETA
CASE_00003857,2024-07-30T18:45:10Z,REQ_0004756,OPERATIONAL_ETA
CASE_00003858,2024-03-23T13:02:06Z,REQ_0004757,OPERATIONAL_ETA
CASE_00003859,2024-07-19T22:26:53Z,REQ_0004758,OPERATIONAL_ETA
CASE_00003860,2024-05-02T10:44:01Z,REQ_0004759,OPERATIONAL_ETA
CASE_00003861,2024-05-10T20:52:59Z,REQ_0004760,OPERATIONAL_ETA
CASE_00003862,2024-03-12T10:47:52Z,REQ_0004761,OPERATIONAL_ETA
CASE_00003863,2024-07-26T02:39:24Z,REQ_0004762,OPERATIONAL_ETA
CASE_00003864,2024-06-08T20:49:31Z,REQ_0004763,PILOT_CHECK
CASE_00003865,2024-08-02T09:54:11Z,REQ_0004764,OPERATIONAL_ETA
CASE_00003866,2024-03-17T02:27:42Z,REQ_0004765,OPERATIONAL_ETA
CASE_00003867,2024-04-05T19:49:30Z,REQ_0004766,OPERATIONAL_ETA
CASE_00003867,2024-04-03T15:48:11Z,REQ_0004767,OPERATIONAL_ETA
CASE_00003868,2024-05-17T18:59:11Z,REQ_0004768,OPERATIONAL_ETA
CASE_00003869,2024-07-12T23:31:36Z,REQ_0004769,PILOT_CHECK
CASE_00003870,2024-01-27T23:31:27Z,REQ_0004770,OPERATIONAL_ETA
CASE_00003871,2024-08-01T07:31:22Z,REQ_0004771,OPERATIONAL_ETA
CASE_00003872,2024-02-08T04:30:37Z,REQ_0004772,PILOT_CHECK
CASE_00003873,2024-03-28T12:48:12Z,REQ_0004773,PILOT_CHECK
CASE_00003874,2024-08-02T21:23:48Z,REQ_0004774,PILOT_CHECK
CASE_00003875,2024-06-01T10:09:30Z,REQ_0004775,RETRO_AUDIT
CASE_00003875,2024-05-29T14:20:22Z,REQ_0004776,OPERATIONAL_ETA
CASE_00003876,2024-05-02T20:50:11Z,REQ_0004777,OPERATIONAL_ETA
CASE_00003876,2024-04-30T14:49:46Z,REQ_0004778,OPERATIONAL_ETA
CASE_00003877,2024-07-18T20:06:55Z,REQ_0004779,PILOT_CHECK
CASE_00003877,2024-07-15T09:45:28Z,REQ_0004780,PILOT_CHECK
CASE_00003878,2024-06-11T18:54:12Z,REQ_0004781,RETRO_AUDIT
CASE_00003878,2024-06-08T14:07:44Z,REQ_0004782,OPERATIONAL_ETA
CASE_00003879,2024-04-07T15:48:51Z,REQ_0004783,PILOT_CHECK
CASE_00003879,2024-04-05T08:46:09Z,REQ_0004784,OPERATIONAL_ETA
CASE_00003880,2024-03-10T09:24:45Z,REQ_0004785,OPERATIONAL_ETA
CASE_00003880,2024-03-07T22:34:57Z,REQ_0004786,RETRO_AUDIT
CASE_00003881,2024-03-16T22:31:43Z,REQ_0004787,OPERATIONAL_ETA
CASE_00003881,2024-03-12T20:46:45Z,REQ_0004788,PILOT_CHECK
CASE_00003882,2024-01-21T06:57:04Z,REQ_0004789,OPERATIONAL_ETA
CASE_00003883,2024-02-22T13:26:53Z,REQ_0004790,PILOT_CHECK
CASE_00003883,2024-02-19T08:02:58Z,REQ_0004791,OPERATIONAL_ETA
CASE_00003884,2024-06-02T20:38:23Z,REQ_0004792,OPERATIONAL_ETA
CASE_00003885,2024-05-03T08:27:03Z,REQ_0004793,OPERATIONAL_ETA
CASE_00003886,2024-03-31T23:15:11Z,REQ_0004794,RETRO_AUDIT
CASE_00003887,2024-07-24T16:21:06Z,REQ_0004795,OPERATIONAL_ETA
CASE_00003887,2024-07-23T02:29:24Z,REQ_0004796,RETRO_AUDIT
CASE_00003888,2024-05-01T16:09:07Z,REQ_0004797,OPERATIONAL_ETA
CASE_00003889,2024-07-26T07:34:05Z,REQ_0004798,OPERATIONAL_ETA
CASE_00003889,2024-07-25T01:25:39Z,REQ_0004799,OPERATIONAL_ETA
CASE_00003890,2024-04-11T01:36:00Z,REQ_0004800,RETRO_AUDIT
CASE_00003890,2024-04-08T07:41:16Z,REQ_0004801,PILOT_CHECK
CASE_00003891,2024-07-16T03:38:06Z,REQ_0004802,OPERATIONAL_ETA
CASE_00003891,2024-07-15T09:32:42Z,REQ_0004803,OPERATIONAL_ETA
CASE_00003892,2024-04-13T04:36:24Z,REQ_0004804,OPERATIONAL_ETA
CASE_00003893,2024-07-06T16:15:37Z,REQ_0004805,PILOT_CHECK
CASE_00003894,2024-04-22T14:29:10Z,REQ_0004806,OPERATIONAL_ETA
CASE_00003895,2024-04-09T04:29:46Z,REQ_0004807,OPERATIONAL_ETA
CASE_00003895,2024-04-08T10:00:47Z,REQ_0004808,OPERATIONAL_ETA
CASE_00003896,2024-02-17T07:45:16Z,REQ_0004809,OPERATIONAL_ETA
CASE_00003896,2024-02-14T12:37:59Z,REQ_0004810,OPERATIONAL_ETA
CASE_00003897,2024-02-06T04:22:36Z,REQ_0004811,OPERATIONAL_ETA
CASE_00003898,2024-04-22T02:12:53Z,REQ_0004812,OPERATIONAL_ETA
CASE_00003899,2024-06-22T09:09:43Z,REQ_0004813,OPERATIONAL_ETA
CASE_00003900,2024-02-06T03:19:42Z,REQ_0004814,PILOT_CHECK
CASE_00003901,2024-05-29T03:13:13Z,REQ_0004815,OPERATIONAL_ETA
CASE_00003902,2024-03-27T02:21:07Z,REQ_0004816,OPERATIONAL_ETA
CASE_00003903,2024-06-04T07:52:58Z,REQ_0004817,OPERATIONAL_ETA
CASE_00003904,2024-02-18T13:38:46Z,REQ_0004818,OPERATIONAL_ETA
CASE_00003905,2024-07-04T04:55:45Z,REQ_0004819,OPERATIONAL_ETA
CASE_00003906,2024-05-29T01:45:00Z,REQ_0004820,OPERATIONAL_ETA
CASE_00003907,2024-06-11T07:04:45Z,REQ_0004821,OPERATIONAL_ETA
CASE_00003908,2024-01-19T08:36:00Z,REQ_0004822,PILOT_CHECK
CASE_00003908,2024-01-17T14:35:53Z,REQ_0004823,PILOT_CHECK
CASE_00003909,2024-03-02T17:19:48Z,REQ_0004824,OPERATIONAL_ETA
CASE_00003909,2024-02-29T12:36:21Z,REQ_0004825,PILOT_CHECK
CASE_00003910,2024-05-09T20:35:38Z,REQ_0004826,OPERATIONAL_ETA
CASE_00003911,2024-02-26T15:36:10Z,REQ_0004827,OPERATIONAL_ETA
CASE_00003912,2024-03-05T06:20:48Z,REQ_0004828,OPERATIONAL_ETA
CASE_00003913,2024-06-10T08:28:38Z,REQ_0004829,OPERATIONAL_ETA
CASE_00003914,2024-04-29T15:27:58Z,REQ_0004830,OPERATIONAL_ETA
CASE_00003914,2024-04-26T13:56:41Z,REQ_0004831,PILOT_CHECK
CASE_00003915,2024-01-28T23:15:18Z,REQ_0004832,OPERATIONAL_ETA
CASE_00003916,2024-06-19T17:42:45Z,REQ_0004833,OPERATIONAL_ETA
CASE_00003917,2024-04-08T11:07:46Z,REQ_0004834,OPERATIONAL_ETA
CASE_00003918,2024-02-13T10:40:31Z,REQ_0004835,OPERATIONAL_ETA
CASE_00003919,2024-02-05T04:21:58Z,REQ_0004836,OPERATIONAL_ETA
CASE_00003920,2024-07-31T04:15:33Z,REQ_0004837,OPERATIONAL_ETA
CASE_00003920,2024-07-28T17:32:24Z,REQ_0004838,PILOT_CHECK
CASE_00003921,2024-07-28T21:03:11Z,REQ_0004839,OPERATIONAL_ETA
CASE_00003922,2024-02-03T05:47:56Z,REQ_0004840,OPERATIONAL_ETA
CASE_00003922,2024-02-01T10:56:33Z,REQ_0004841,RETRO_AUDIT
CASE_00003923,2024-04-07T22:55:44Z,REQ_0004842,OPERATIONAL_ETA
CASE_00003924,2024-07-18T14:34:22Z,REQ_0004843,OPERATIONAL_ETA
CASE_00003925,2024-04-23T23:45:38Z,REQ_0004844,RETRO_AUDIT
CASE_00003926,2024-04-21T17:32:08Z,REQ_0004845,RETRO_AUDIT
CASE_00003926,2024-04-20T18:14:55Z,REQ_0004846,PILOT_CHECK
CASE_00003927,2024-04-24T01:54:15Z,REQ_0004847,OPERATIONAL_ETA
CASE_00003928,2024-06-13T21:30:12Z,REQ_0004848,OPERATIONAL_ETA
CASE_00003928,2024-06-09T09:34:22Z,REQ_0004849,RETRO_AUDIT
CASE_00003929,2024-01-17T09:23:41Z,REQ_0004850,OPERATIONAL_ETA
CASE_00003930,2024-06-06T23:54:20Z,REQ_0004851,OPERATIONAL_ETA
CASE_00003931,2024-06-02T20:17:01Z,REQ_0004852,OPERATIONAL_ETA
CASE_00003931,2024-06-01T09:22:58Z,REQ_0004853,RETRO_AUDIT
CASE_00003932,2024-06-20T22:06:37Z,REQ_0004854,OPERATIONAL_ETA
CASE_00003933,2024-02-28T16:19:31Z,REQ_0004855,OPERATIONAL_ETA
CASE_00003934,2024-07-17T11:17:29Z,REQ_0004856,OPERATIONAL_ETA
CASE_00003935,2024-01-31T14:33:34Z,REQ_0004857,OPERATIONAL_ETA
CASE_00003936,2024-07-11T12:37:08Z,REQ_0004858,OPERATIONAL_ETA
CASE_00003936,2024-07-08T03:54:24Z,REQ_0004859,OPERATIONAL_ETA
CASE_00003937,2024-05-29T19:25:41Z,REQ_0004860,OPERATIONAL_ETA
CASE_00003938,2024-01-20T10:32:42Z,REQ_0004861,OPERATIONAL_ETA
CASE_00003939,2024-04-01T23:10:17Z,REQ_0004862,OPERATIONAL_ETA
CASE_00003940,2024-04-19T23:01:12Z,REQ_0004863,OPERATIONAL_ETA
CASE_00003941,2024-05-31T04:24:16Z,REQ_0004864,PILOT_CHECK
CASE_00003942,2024-04-04T02:12:57Z,REQ_0004865,OPERATIONAL_ETA
CASE_00003942,2024-04-01T14:53:54Z,REQ_0004866,OPERATIONAL_ETA
CASE_00003943,2024-06-02T20:23:40Z,REQ_0004867,OPERATIONAL_ETA
CASE_00003944,2024-07-28T21:22:29Z,REQ_0004868,OPERATIONAL_ETA
CASE_00003945,2024-02-21T16:47:29Z,REQ_0004869,OPERATIONAL_ETA
CASE_00003945,2024-02-20T13:38:18Z,REQ_0004870,OPERATIONAL_ETA
CASE_00003946,2024-05-14T15:35:07Z,REQ_0004871,RETRO_AUDIT
CASE_00003947,2024-05-27T04:09:11Z,REQ_0004872,OPERATIONAL_ETA
CASE_00003947,2024-05-26T18:43:34Z,REQ_0004873,RETRO_AUDIT
CASE_00003948,2024-04-28T03:18:09Z,REQ_0004874,OPERATIONAL_ETA
CASE_00003949,2024-03-04T21:34:08Z,REQ_0004875,OPERATIONAL_ETA
CASE_00003950,2024-03-25T21:31:30Z,REQ_0004876,OPERATIONAL_ETA
CASE_00003951,2024-02-15T23:56:22Z,REQ_0004877,OPERATIONAL_ETA
CASE_00003951,2024-02-15T12:10:56Z,REQ_0004878,OPERATIONAL_ETA
CASE_00003952,2024-02-01T11:53:37Z,REQ_0004879,OPERATIONAL_ETA
CASE_00003953,2024-02-23T08:15:51Z,REQ_0004880,OPERATIONAL_ETA
CASE_00003954,2024-06-02T15:28:07Z,REQ_0004881,OPERATIONAL_ETA
CASE_00003954,2024-06-02T04:00:27Z,REQ_0004882,OPERATIONAL_ETA
CASE_00003955,2024-05-01T07:04:26Z,REQ_0004883,OPERATIONAL_ETA
CASE_00003956,2024-05-04T08:31:12Z,REQ_0004884,OPERATIONAL_ETA
CASE_00003956,2024-05-03T15:50:23Z,REQ_0004885,PILOT_CHECK
CASE_00003957,2024-05-10T17:41:51Z,REQ_0004886,OPERATIONAL_ETA
CASE_00003958,2024-06-03T12:09:34Z,REQ_0004887,OPERATIONAL_ETA
CASE_00003958,2024-05-30T09:01:09Z,REQ_0004888,PILOT_CHECK
CASE_00003959,2024-05-26T08:58:39Z,REQ_0004889,OPERATIONAL_ETA
CASE_00003960,2024-05-09T05:35:56Z,REQ_0004890,OPERATIONAL_ETA
CASE_00003960,2024-05-06T00:52:38Z,REQ_0004891,OPERATIONAL_ETA
CASE_00003961,2024-06-30T04:51:27Z,REQ_0004892,PILOT_CHECK
CASE_00003962,2024-04-04T08:51:59Z,REQ_0004893,OPERATIONAL_ETA
CASE_00003963,2024-01-29T05:39:29Z,REQ_0004894,OPERATIONAL_ETA
CASE_00003964,2024-07-13T21:24:19Z,REQ_0004895,OPERATIONAL_ETA
CASE_00003965,2024-06-05T14:54:29Z,REQ_0004896,OPERATIONAL_ETA
CASE_00003965,2024-06-04T14:57:19Z,REQ_0004897,OPERATIONAL_ETA
CASE_00003966,2024-07-13T22:51:14Z,REQ_0004898,PILOT_CHECK
CASE_00003967,2024-04-22T12:05:24Z,REQ_0004899,PILOT_CHECK
CASE_00003967,2024-04-21T10:51:26Z,REQ_0004900,PILOT_CHECK
CASE_00003968,2024-01-24T20:30:10Z,REQ_0004901,OPERATIONAL_ETA
CASE_00003969,2024-06-08T08:54:12Z,REQ_0004902,OPERATIONAL_ETA
CASE_00003970,2024-04-21T10:11:49Z,REQ_0004903,OPERATIONAL_ETA
CASE_00003971,2024-05-07T17:04:28Z,REQ_0004904,RETRO_AUDIT
CASE_00003972,2024-02-25T02:46:50Z,REQ_0004905,OPERATIONAL_ETA
CASE_00003973,2024-03-01T20:56:42Z,REQ_0004906,OPERATIONAL_ETA
CASE_00003973,2024-02-28T16:18:32Z,REQ_0004907,PILOT_CHECK
CASE_00003974,2024-04-04T16:15:05Z,REQ_0004908,OPERATIONAL_ETA
CASE_00003975,2024-03-24T04:25:19Z,REQ_0004909,OPERATIONAL_ETA
CASE_00003975,2024-03-23T13:47:56Z,REQ_0004910,OPERATIONAL_ETA
CASE_00003976,2024-07-28T19:40:01Z,REQ_0004911,OPERATIONAL_ETA
CASE_00003977,2024-03-03T06:08:02Z,REQ_0004912,PILOT_CHECK
CASE_00003978,2024-02-15T23:21:08Z,REQ_0004913,OPERATIONAL_ETA
CASE_00003978,2024-02-13T20:00:16Z,REQ_0004914,OPERATIONAL_ETA
CASE_00003979,2024-04-01T08:50:00Z,REQ_0004915,OPERATIONAL_ETA
CASE_00003979,2024-03-31T03:33:01Z,REQ_0004916,OPERATIONAL_ETA
CASE_00003980,2024-08-02T02:44:41Z,REQ_0004917,OPERATIONAL_ETA
CASE_00003981,2024-06-08T16:16:30Z,REQ_0004918,OPERATIONAL_ETA
CASE_00003981,2024-06-07T11:36:07Z,REQ_0004919,RETRO_AUDIT
CASE_00003982,2024-06-08T05:58:15Z,REQ_0004920,OPERATIONAL_ETA
CASE_00003983,2024-04-04T15:06:26Z,REQ_0004921,OPERATIONAL_ETA
CASE_00003983,2024-04-02T14:45:44Z,REQ_0004922,OPERATIONAL_ETA
CASE_00003984,2024-04-25T08:40:48Z,REQ_0004923,OPERATIONAL_ETA
CASE_00003985,2024-04-30T10:43:37Z,REQ_0004924,OPERATIONAL_ETA
CASE_00003986,2024-03-13T15:41:29Z,REQ_0004925,OPERATIONAL_ETA
CASE_00003987,2024-05-28T14:44:16Z,REQ_0004926,OPERATIONAL_ETA
CASE_00003988,2024-07-14T06:46:16Z,REQ_0004927,OPERATIONAL_ETA
CASE_00003989,2024-04-05T20:48:23Z,REQ_0004928,OPERATIONAL_ETA
CASE_00003990,2024-02-15T07:25:04Z,REQ_0004929,OPERATIONAL_ETA
CASE_00003990,2024-02-12T18:21:21Z,REQ_0004930,OPERATIONAL_ETA
CASE_00003991,2024-08-02T10:12:45Z,REQ_0004931,OPERATIONAL_ETA
CASE_00003992,2024-07-26T11:14:39Z,REQ_0004932,OPERATIONAL_ETA
CASE_00003993,2024-06-16T08:33:29Z,REQ_0004933,RETRO_AUDIT
CASE_00003994,2024-07-06T11:52:18Z,REQ_0004934,OPERATIONAL_ETA
CASE_00003994,2024-07-05T19:12:28Z,REQ_0004935,OPERATIONAL_ETA
CASE_00003995,2024-02-15T07:24:24Z,REQ_0004936,OPERATIONAL_ETA
CASE_00003996,2024-03-11T22:22:41Z,REQ_0004937,OPERATIONAL_ETA
CASE_00003997,2024-02-24T14:28:37Z,REQ_0004938,OPERATIONAL_ETA
CASE_00003998,2024-05-17T15:58:57Z,REQ_0004939,OPERATIONAL_ETA
CASE_00003999,2024-04-13T12:01:13Z,REQ_0004940,OPERATIONAL_ETA
CASE_00004000,2024-06-27T08:57:18Z,REQ_0004941,OPERATIONAL_ETA
CASE_00004001,2024-06-24T09:49:34Z,REQ_0004942,OPERATIONAL_ETA
CASE_00004002,2024-05-05T20:14:43Z,REQ_0004943,OPERATIONAL_ETA
CASE_00004003,2024-06-03T09:03:52Z,REQ_0004944,OPERATIONAL_ETA
CASE_00004004,2024-07-27T04:46:18Z,REQ_0004945,OPERATIONAL_ETA
CASE_00004005,2024-07-12T12:36:11Z,REQ_0004946,OPERATIONAL_ETA
CASE_00004006,2024-02-24T20:19:54Z,REQ_0004947,OPERATIONAL_ETA
CASE_00004007,2024-04-25T17:18:36Z,REQ_0004948,OPERATIONAL_ETA
CASE_00004008,2024-07-06T23:24:52Z,REQ_0004949,PILOT_CHECK
CASE_00004009,2024-02-29T23:46:38Z,REQ_0004950,OPERATIONAL_ETA
CASE_00004009,2024-02-28T02:43:33Z,REQ_0004951,RETRO_AUDIT
CASE_00004010,2024-06-09T19:09:34Z,REQ_0004952,OPERATIONAL_ETA
CASE_00004010,2024-06-06T17:27:34Z,REQ_0004953,PILOT_CHECK
CASE_00004011,2024-05-25T15:58:17Z,REQ_0004954,OPERATIONAL_ETA
CASE_00004012,2024-03-11T21:08:11Z,REQ_0004955,OPERATIONAL_ETA
CASE_00004013,2024-02-15T04:21:02Z,REQ_0004956,OPERATIONAL_ETA
CASE_00004014,2024-01-24T19:16:25Z,REQ_0004957,OPERATIONAL_ETA
CASE_00004015,2024-05-16T13:26:51Z,REQ_0004958,OPERATIONAL_ETA
CASE_00004016,2024-07-27T08:23:27Z,REQ_0004959,OPERATIONAL_ETA
CASE_00004017,2024-04-19T15:06:30Z,REQ_0004960,OPERATIONAL_ETA
CASE_00004017,2024-04-18T03:13:20Z,REQ_0004961,OPERATIONAL_ETA
CASE_00004018,2024-02-28T15:23:10Z,REQ_0004962,OPERATIONAL_ETA
CASE_00004018,2024-02-27T10:08:15Z,REQ_0004963,OPERATIONAL_ETA
CASE_00004019,2024-03-11T20:14:59Z,REQ_0004964,OPERATIONAL_ETA
CASE_00004019,2024-03-09T09:22:33Z,REQ_0004965,OPERATIONAL_ETA
CASE_00004020,2024-03-13T09:48:04Z,REQ_0004966,RETRO_AUDIT
CASE_00004021,2024-02-05T17:58:49Z,REQ_0004967,OPERATIONAL_ETA
CASE_00004021,2024-02-03T15:20:20Z,REQ_0004968,OPERATIONAL_ETA
CASE_00004022,2024-07-05T17:26:26Z,REQ_0004969,OPERATIONAL_ETA
CASE_00004023,2024-01-26T09:48:59Z,REQ_0004970,OPERATIONAL_ETA
CASE_00004024,2024-05-09T10:36:44Z,REQ_0004971,OPERATIONAL_ETA
CASE_00004025,2024-01-28T04:16:01Z,REQ_0004972,OPERATIONAL_ETA
CASE_00004026,2024-06-16T03:58:45Z,REQ_0004973,OPERATIONAL_ETA
CASE_00004027,2024-03-17T02:14:45Z,REQ_0004974,OPERATIONAL_ETA
CASE_00004028,2024-03-29T22:54:38Z,REQ_0004975,OPERATIONAL_ETA
CASE_00004028,2024-03-29T02:55:32Z,REQ_0004976,OPERATIONAL_ETA
CASE_00004029,2024-05-25T14:07:25Z,REQ_0004977,RETRO_AUDIT
CASE_00004030,2024-06-22T00:03:25Z,REQ_0004978,OPERATIONAL_ETA
CASE_00004030,2024-06-19T23:58:50Z,REQ_0004979,OPERATIONAL_ETA
CASE_00004031,2024-01-18T19:59:50Z,REQ_0004980,OPERATIONAL_ETA
CASE_00004031,2024-01-18T00:03:21Z,REQ_0004981,RETRO_AUDIT
CASE_00004032,2024-05-22T17:06:32Z,REQ_0004982,OPERATIONAL_ETA
CASE_00004033,2024-06-08T02:00:41Z,REQ_0004983,OPERATIONAL_ETA
CASE_00004034,2024-05-07T12:33:55Z,REQ_0004984,OPERATIONAL_ETA
CASE_00004035,2024-03-28T06:46:03Z,REQ_0004985,OPERATIONAL_ETA
CASE_00004036,2024-04-15T23:04:56Z,REQ_0004986,PILOT_CHECK
CASE_00004037,2024-05-02T20:17:00Z,REQ_0004987,OPERATIONAL_ETA
CASE_00004037,2024-04-30T15:32:06Z,REQ_0004988,OPERATIONAL_ETA
CASE_00004038,2024-01-21T04:56:48Z,REQ_0004989,PILOT_CHECK
CASE_00004039,2024-02-22T17:32:19Z,REQ_0004990,OPERATIONAL_ETA
CASE_00004040,2024-05-09T05:21:34Z,REQ_0004991,OPERATIONAL_ETA
CASE_00004040,2024-05-07T23:25:14Z,REQ_0004992,PILOT_CHECK
CASE_00004041,2024-06-16T06:09:27Z,REQ_0004993,OPERATIONAL_ETA
CASE_00004042,2024-02-15T01:35:46Z,REQ_0004994,PILOT_CHECK
CASE_00004042,2024-02-12T21:15:50Z,REQ_0004995,OPERATIONAL_ETA
CASE_00004043,2024-03-29T08:34:22Z,REQ_0004996,OPERATIONAL_ETA
CASE_00004044,2024-02-05T08:34:23Z,REQ_0004997,OPERATIONAL_ETA
CASE_00004045,2024-07-29T08:55:19Z,REQ_0004998,OPERATIONAL_ETA
CASE_00004046,2024-04-22T19:42:14Z,REQ_0004999,OPERATIONAL_ETA
CASE_00004047,2024-04-25T04:22:02Z,REQ_0005000,OPERATIONAL_ETA
CASE_00004048,2024-05-01T16:03:05Z,REQ_0005001,OPERATIONAL_ETA
CASE_00004049,2024-05-19T16:57:38Z,REQ_0005002,OPERATIONAL_ETA
CASE_00004049,2024-05-18T09:58:02Z,REQ_0005003,RETRO_AUDIT
CASE_00004050,2024-04-08T02:10:15Z,REQ_0005004,OPERATIONAL_ETA
CASE_00004051,2024-08-02T16:07:38Z,REQ_0005005,OPERATIONAL_ETA
CASE_00004051,2024-08-02T02:06:40Z,REQ_0005006,OPERATIONAL_ETA
CASE_00004052,2024-04-02T05:47:17Z,REQ_0005007,OPERATIONAL_ETA
CASE_00004053,2024-05-14T08:21:07Z,REQ_0005008,OPERATIONAL_ETA
CASE_00004053,2024-05-13T00:29:16Z,REQ_0005009,OPERATIONAL_ETA
CASE_00004054,2024-06-09T03:17:36Z,REQ_0005010,OPERATIONAL_ETA
CASE_00004055,2024-07-29T13:09:24Z,REQ_0005011,OPERATIONAL_ETA
CASE_00004056,2024-07-27T08:23:59Z,REQ_0005012,OPERATIONAL_ETA
CASE_00004057,2024-03-12T05:52:17Z,REQ_0005013,OPERATIONAL_ETA
CASE_00004058,2024-05-01T04:36:30Z,REQ_0005014,OPERATIONAL_ETA
CASE_00004059,2024-03-19T09:02:37Z,REQ_0005015,OPERATIONAL_ETA
CASE_00004059,2024-03-18T08:49:08Z,REQ_0005016,OPERATIONAL_ETA
CASE_00004060,2024-04-12T10:15:10Z,REQ_0005017,RETRO_AUDIT
CASE_00004061,2024-03-21T11:26:31Z,REQ_0005018,RETRO_AUDIT
CASE_00004062,2024-06-29T17:06:46Z,REQ_0005019,OPERATIONAL_ETA
CASE_00004062,2024-06-29T03:47:28Z,REQ_0005020,OPERATIONAL_ETA
CASE_00004063,2024-06-15T09:43:02Z,REQ_0005021,OPERATIONAL_ETA
CASE_00004064,2024-07-28T11:52:14Z,REQ_0005022,OPERATIONAL_ETA
CASE_00004065,2024-02-03T13:10:46Z,REQ_0005023,OPERATIONAL_ETA
CASE_00004066,2024-07-03T15:29:34Z,REQ_0005024,OPERATIONAL_ETA
CASE_00004067,2024-04-01T20:20:59Z,REQ_0005025,OPERATIONAL_ETA
CASE_00004067,2024-03-31T17:55:15Z,REQ_0005026,OPERATIONAL_ETA
CASE_00004068,2024-02-24T01:55:00Z,REQ_0005027,OPERATIONAL_ETA
CASE_00004069,2024-06-15T18:14:12Z,REQ_0005028,PILOT_CHECK
CASE_00004070,2024-07-27T08:43:15Z,REQ_0005029,OPERATIONAL_ETA
CASE_00004071,2024-07-04T02:38:20Z,REQ_0005030,PILOT_CHECK
CASE_00004072,2024-04-24T02:37:18Z,REQ_0005031,PILOT_CHECK
CASE_00004073,2024-07-02T10:56:51Z,REQ_0005032,OPERATIONAL_ETA
CASE_00004074,2024-03-28T21:04:07Z,REQ_0005033,RETRO_AUDIT
CASE_00004074,2024-03-26T18:08:13Z,REQ_0005034,OPERATIONAL_ETA
CASE_00004075,2024-04-09T05:18:01Z,REQ_0005035,OPERATIONAL_ETA
CASE_00004076,2024-04-08T04:04:06Z,REQ_0005036,OPERATIONAL_ETA
CASE_00004077,2024-02-06T12:27:01Z,REQ_0005037,OPERATIONAL_ETA
CASE_00004078,2024-03-27T02:17:10Z,REQ_0005038,OPERATIONAL_ETA
CASE_00004079,2024-03-19T04:59:00Z,REQ_0005039,OPERATIONAL_ETA
CASE_00004080,2024-07-04T11:44:37Z,REQ_0005040,OPERATIONAL_ETA
CASE_00004081,2024-06-17T13:00:31Z,REQ_0005041,OPERATIONAL_ETA
CASE_00004081,2024-06-15T22:48:27Z,REQ_0005042,OPERATIONAL_ETA
CASE_00004082,2024-04-06T12:03:26Z,REQ_0005043,OPERATIONAL_ETA
CASE_00004082,2024-04-04T19:22:04Z,REQ_0005044,OPERATIONAL_ETA
CASE_00004083,2024-06-06T17:48:38Z,REQ_0005045,OPERATIONAL_ETA
CASE_00004083,2024-06-05T17:41:39Z,REQ_0005046,OPERATIONAL_ETA
CASE_00004084,2024-05-22T04:59:20Z,REQ_0005047,OPERATIONAL_ETA
CASE_00004085,2024-07-11T16:29:22Z,REQ_0005048,OPERATIONAL_ETA
CASE_00004086,2024-04-01T14:31:46Z,REQ_0005049,OPERATIONAL_ETA
CASE_00004087,2024-06-30T12:28:40Z,REQ_0005050,RETRO_AUDIT
CASE_00004088,2024-03-03T10:14:56Z,REQ_0005051,OPERATIONAL_ETA
CASE_00004089,2024-06-26T16:02:01Z,REQ_0005052,RETRO_AUDIT
CASE_00004090,2024-07-03T05:31:45Z,REQ_0005053,OPERATIONAL_ETA
CASE_00004091,2024-05-14T04:34:42Z,REQ_0005054,OPERATIONAL_ETA
CASE_00004092,2024-07-17T17:52:35Z,REQ_0005055,OPERATIONAL_ETA
CASE_00004093,2024-04-22T02:10:12Z,REQ_0005056,OPERATIONAL_ETA
CASE_00004094,2024-05-07T01:12:03Z,REQ_0005057,OPERATIONAL_ETA
CASE_00004095,2024-05-06T20:42:00Z,REQ_0005058,OPERATIONAL_ETA
CASE_00004096,2024-04-14T08:43:42Z,REQ_0005059,PILOT_CHECK
CASE_00004097,2024-01-27T23:24:19Z,REQ_0005060,OPERATIONAL_ETA
CASE_00004097,2024-01-25T17:38:34Z,REQ_0005061,PILOT_CHECK
CASE_00004098,2024-07-16T08:16:43Z,REQ_0005062,OPERATIONAL_ETA
CASE_00004099,2024-03-17T12:53:11Z,REQ_0005063,OPERATIONAL_ETA
CASE_00004099,2024-03-16T13:42:29Z,REQ_0005064,RETRO_AUDIT
CASE_00004100,2024-03-10T01:41:28Z,REQ_0005065,OPERATIONAL_ETA
CASE_00004101,2024-03-09T19:10:29Z,REQ_0005066,OPERATIONAL_ETA
CASE_00004102,2024-06-08T15:39:27Z,REQ_0005067,OPERATIONAL_ETA
CASE_00004103,2024-04-13T10:48:03Z,REQ_0005068,OPERATIONAL_ETA
CASE_00004104,2024-04-27T13:26:06Z,REQ_0005069,OPERATIONAL_ETA
CASE_00004105,2024-02-18T03:07:05Z,REQ_0005070,OPERATIONAL_ETA
CASE_00004106,2024-07-31T11:42:29Z,REQ_0005071,OPERATIONAL_ETA
CASE_00004106,2024-07-29T08:21:27Z,REQ_0005072,OPERATIONAL_ETA
CASE_00004107,2024-07-14T15:19:10Z,REQ_0005073,OPERATIONAL_ETA
CASE_00004108,2024-05-19T00:03:59Z,REQ_0005074,OPERATIONAL_ETA
CASE_00004109,2024-01-28T12:06:12Z,REQ_0005075,OPERATIONAL_ETA
CASE_00004109,2024-01-28T05:22:17Z,REQ_0005076,PILOT_CHECK
CASE_00004110,2024-07-09T06:46:00Z,REQ_0005077,RETRO_AUDIT
CASE_00004110,2024-07-06T20:22:51Z,REQ_0005078,OPERATIONAL_ETA
CASE_00004111,2024-04-29T04:48:22Z,REQ_0005079,OPERATIONAL_ETA
CASE_00004112,2024-02-15T08:41:28Z,REQ_0005080,OPERATIONAL_ETA
CASE_00004113,2024-04-09T18:46:48Z,REQ_0005081,OPERATIONAL_ETA
CASE_00004114,2024-03-16T10:24:07Z,REQ_0005082,OPERATIONAL_ETA
CASE_00004115,2024-07-31T11:16:47Z,REQ_0005083,RETRO_AUDIT
CASE_00004116,2024-02-17T08:47:42Z,REQ_0005084,OPERATIONAL_ETA
CASE_00004117,2024-04-26T03:22:11Z,REQ_0005085,OPERATIONAL_ETA
CASE_00004118,2024-04-12T02:07:36Z,REQ_0005086,OPERATIONAL_ETA
CASE_00004119,2024-05-10T09:39:14Z,REQ_0005087,OPERATIONAL_ETA
CASE_00004119,2024-05-10T05:51:00Z,REQ_0005088,OPERATIONAL_ETA
CASE_00004120,2024-07-22T18:49:37Z,REQ_0005089,OPERATIONAL_ETA
CASE_00004120,2024-07-20T20:15:43Z,REQ_0005090,OPERATIONAL_ETA
CASE_00004121,2024-04-04T22:55:39Z,REQ_0005091,OPERATIONAL_ETA
CASE_00004122,2024-02-13T05:48:38Z,REQ_0005092,OPERATIONAL_ETA
CASE_00004122,2024-02-11T06:50:36Z,REQ_0005093,PILOT_CHECK
CASE_00004123,2024-02-20T04:25:31Z,REQ_0005094,OPERATIONAL_ETA
CASE_00004124,2024-03-23T10:49:52Z,REQ_0005095,OPERATIONAL_ETA
CASE_00004125,2024-07-21T09:40:33Z,REQ_0005096,OPERATIONAL_ETA
CASE_00004126,2024-05-10T07:46:26Z,REQ_0005097,RETRO_AUDIT
CASE_00004127,2024-07-02T08:15:51Z,REQ_0005098,OPERATIONAL_ETA
CASE_00004128,2024-02-27T07:01:40Z,REQ_0005099,OPERATIONAL_ETA
CASE_00004129,2024-02-05T07:49:05Z,REQ_0005100,OPERATIONAL_ETA
CASE_00004129,2024-02-02T07:45:55Z,REQ_0005101,OPERATIONAL_ETA
CASE_00004130,2024-05-24T08:20:39Z,REQ_0005102,OPERATIONAL_ETA
CASE_00004131,2024-06-04T15:23:48Z,REQ_0005103,OPERATIONAL_ETA
CASE_00004132,2024-07-25T01:56:51Z,REQ_0005104,OPERATIONAL_ETA
CASE_00004132,2024-07-23T18:44:42Z,REQ_0005105,OPERATIONAL_ETA
CASE_00004133,2024-03-17T10:04:01Z,REQ_0005106,OPERATIONAL_ETA
CASE_00004134,2024-04-17T14:16:11Z,REQ_0005107,OPERATIONAL_ETA
CASE_00004135,2024-02-17T17:56:08Z,REQ_0005108,OPERATIONAL_ETA
CASE_00004136,2024-01-24T02:34:18Z,REQ_0005109,OPERATIONAL_ETA
CASE_00004137,2024-05-30T11:59:58Z,REQ_0005110,OPERATIONAL_ETA
CASE_00004138,2024-01-23T15:01:06Z,REQ_0005111,OPERATIONAL_ETA
CASE_00004139,2024-03-02T20:08:19Z,REQ_0005112,RETRO_AUDIT
CASE_00004140,2024-04-19T11:56:59Z,REQ_0005113,OPERATIONAL_ETA
CASE_00004141,2024-01-20T08:57:44Z,REQ_0005114,OPERATIONAL_ETA
CASE_00004142,2024-03-05T18:59:45Z,REQ_0005115,OPERATIONAL_ETA
CASE_00004143,2024-02-24T06:21:08Z,REQ_0005116,OPERATIONAL_ETA
CASE_00004144,2024-03-09T21:04:19Z,REQ_0005117,OPERATIONAL_ETA
CASE_00004144,2024-03-08T05:48:09Z,REQ_0005118,RETRO_AUDIT
CASE_00004145,2024-06-25T14:58:38Z,REQ_0005119,OPERATIONAL_ETA
CASE_00004146,2024-07-22T22:05:57Z,REQ_0005120,OPERATIONAL_ETA
CASE_00004146,2024-07-21T13:10:45Z,REQ_0005121,OPERATIONAL_ETA
CASE_00004147,2024-02-10T20:37:43Z,REQ_0005122,OPERATIONAL_ETA
CASE_00004148,2024-01-21T04:53:53Z,REQ_0005123,RETRO_AUDIT
CASE_00004148,2024-01-19T10:29:06Z,REQ_0005124,OPERATIONAL_ETA
CASE_00004149,2024-06-03T09:16:41Z,REQ_0005125,OPERATIONAL_ETA
CASE_00004150,2024-04-21T06:53:28Z,REQ_0005126,OPERATIONAL_ETA
CASE_00004151,2024-05-15T11:52:45Z,REQ_0005127,OPERATIONAL_ETA
CASE_00004152,2024-07-31T05:23:46Z,REQ_0005128,OPERATIONAL_ETA
CASE_00004152,2024-07-30T01:45:10Z,REQ_0005129,OPERATIONAL_ETA
CASE_00004153,2024-03-07T12:02:59Z,REQ_0005130,OPERATIONAL_ETA
CASE_00004153,2024-03-05T23:19:47Z,REQ_0005131,PILOT_CHECK
CASE_00004154,2024-03-11T18:07:02Z,REQ_0005132,PILOT_CHECK
CASE_00004155,2024-05-22T19:04:01Z,REQ_0005133,RETRO_AUDIT
CASE_00004156,2024-07-19T14:50:40Z,REQ_0005134,OPERATIONAL_ETA
CASE_00004157,2024-07-24T01:58:24Z,REQ_0005135,OPERATIONAL_ETA
CASE_00004158,2024-08-03T13:37:06Z,REQ_0005136,OPERATIONAL_ETA
CASE_00004158,2024-08-03T02:31:32Z,REQ_0005137,OPERATIONAL_ETA
CASE_00004159,2024-05-20T12:53:09Z,REQ_0005138,OPERATIONAL_ETA
CASE_00004160,2024-02-26T07:48:48Z,REQ_0005139,RETRO_AUDIT
CASE_00004161,2024-05-09T18:54:15Z,REQ_0005140,OPERATIONAL_ETA
CASE_00004162,2024-07-09T04:52:36Z,REQ_0005141,OPERATIONAL_ETA
CASE_00004162,2024-07-08T03:13:59Z,REQ_0005142,OPERATIONAL_ETA
CASE_00004163,2024-02-13T05:01:13Z,REQ_0005143,RETRO_AUDIT
CASE_00004163,2024-02-11T08:01:07Z,REQ_0005144,OPERATIONAL_ETA
CASE_00004164,2024-08-06T21:04:22Z,REQ_0005145,RETRO_AUDIT
CASE_00004164,2024-08-03T13:53:30Z,REQ_0005146,OPERATIONAL_ETA
CASE_00004165,2024-03-27T06:55:26Z,REQ_0005147,OPERATIONAL_ETA
CASE_00004165,2024-03-24T10:43:08Z,REQ_0005148,OPERATIONAL_ETA
CASE_00004166,2024-04-12T03:29:03Z,REQ_0005149,OPERATIONAL_ETA
CASE_00004167,2024-04-27T18:00:07Z,REQ_0005150,OPERATIONAL_ETA
CASE_00004168,2024-01-27T12:06:23Z,REQ_0005151,OPERATIONAL_ETA
CASE_00004169,2024-04-17T11:19:29Z,REQ_0005152,OPERATIONAL_ETA
CASE_00004170,2024-07-09T20:48:54Z,REQ_0005153,OPERATIONAL_ETA
CASE_00004171,2024-04-18T13:31:58Z,REQ_0005154,OPERATIONAL_ETA
CASE_00004172,2024-01-19T14:00:49Z,REQ_0005155,PILOT_CHECK
CASE_00004173,2024-04-19T05:32:35Z,REQ_0005156,OPERATIONAL_ETA
CASE_00004174,2024-04-03T07:30:32Z,REQ_0005157,OPERATIONAL_ETA
CASE_00004175,2024-04-18T13:18:39Z,REQ_0005158,RETRO_AUDIT
CASE_00004176,2024-03-20T04:14:30Z,REQ_0005159,OPERATIONAL_ETA
CASE_00004177,2024-02-24T08:46:17Z,REQ_0005160,OPERATIONAL_ETA
CASE_00004177,2024-02-22T03:21:42Z,REQ_0005161,OPERATIONAL_ETA
CASE_00004178,2024-04-16T08:06:51Z,REQ_0005162,OPERATIONAL_ETA
CASE_00004179,2024-05-04T18:07:26Z,REQ_0005163,OPERATIONAL_ETA
CASE_00004180,2024-02-21T12:50:36Z,REQ_0005164,OPERATIONAL_ETA
CASE_00004181,2024-04-07T22:50:05Z,REQ_0005165,OPERATIONAL_ETA
CASE_00004182,2024-02-28T11:38:14Z,REQ_0005166,OPERATIONAL_ETA
CASE_00004183,2024-02-15T19:56:27Z,REQ_0005167,RETRO_AUDIT
CASE_00004184,2024-01-30T04:32:03Z,REQ_0005168,OPERATIONAL_ETA
CASE_00004185,2024-02-24T01:17:48Z,REQ_0005169,OPERATIONAL_ETA
CASE_00004186,2024-08-06T04:49:06Z,REQ_0005170,OPERATIONAL_ETA
CASE_00004186,2024-08-03T17:46:43Z,REQ_0005171,OPERATIONAL_ETA
CASE_00004187,2024-06-11T06:30:58Z,REQ_0005172,OPERATIONAL_ETA
CASE_00004188,2024-06-17T13:24:32Z,REQ_0005173,OPERATIONAL_ETA
CASE_00004189,2024-07-30T13:15:39Z,REQ_0005174,RETRO_AUDIT
CASE_00004190,2024-05-02T13:34:41Z,REQ_0005175,RETRO_AUDIT
CASE_00004191,2024-04-28T23:19:45Z,REQ_0005176,OPERATIONAL_ETA
CASE_00004191,2024-04-26T14:31:00Z,REQ_0005177,PILOT_CHECK
CASE_00004192,2024-03-02T22:53:55Z,REQ_0005178,OPERATIONAL_ETA
CASE_00004193,2024-03-31T15:37:18Z,REQ_0005179,OPERATIONAL_ETA
CASE_00004194,2024-06-27T14:51:27Z,REQ_0005180,OPERATIONAL_ETA
CASE_00004195,2024-04-18T15:00:55Z,REQ_0005181,OPERATIONAL_ETA
CASE_00004195,2024-04-16T11:11:24Z,REQ_0005182,OPERATIONAL_ETA
CASE_00004196,2024-02-28T07:23:08Z,REQ_0005183,OPERATIONAL_ETA
CASE_00004197,2024-04-07T19:07:30Z,REQ_0005184,OPERATIONAL_ETA
CASE_00004198,2024-06-19T15:59:34Z,REQ_0005185,OPERATIONAL_ETA
CASE_00004199,2024-02-08T12:08:07Z,REQ_0005186,OPERATIONAL_ETA
CASE_00004199,2024-02-07T13:26:44Z,REQ_0005187,OPERATIONAL_ETA
CASE_00004200,2024-07-22T11:08:42Z,REQ_0005188,OPERATIONAL_ETA
CASE_00004201,2024-02-21T12:32:03Z,REQ_0005189,OPERATIONAL_ETA
CASE_00004202,2024-07-09T15:07:14Z,REQ_0005190,OPERATIONAL_ETA
CASE_00004202,2024-07-08T10:44:32Z,REQ_0005191,OPERATIONAL_ETA
CASE_00004203,2024-05-26T17:44:26Z,REQ_0005192,OPERATIONAL_ETA
CASE_00004203,2024-05-24T18:31:42Z,REQ_0005193,OPERATIONAL_ETA
CASE_00004204,2024-03-04T01:45:09Z,REQ_0005194,OPERATIONAL_ETA
CASE_00004204,2024-03-01T13:43:35Z,REQ_0005195,OPERATIONAL_ETA
CASE_00004205,2024-01-19T08:25:47Z,REQ_0005196,OPERATIONAL_ETA
CASE_00004205,2024-01-17T10:45:40Z,REQ_0005197,OPERATIONAL_ETA
CASE_00004206,2024-02-26T02:50:18Z,REQ_0005198,OPERATIONAL_ETA
CASE_00004206,2024-02-24T02:44:00Z,REQ_0005199,OPERATIONAL_ETA
CASE_00004207,2024-05-26T19:38:41Z,REQ_0005200,OPERATIONAL_ETA
CASE_00004208,2024-06-09T11:38:13Z,REQ_0005201,PILOT_CHECK
CASE_00004208,2024-06-08T00:35:41Z,REQ_0005202,OPERATIONAL_ETA
CASE_00004209,2024-04-12T16:56:19Z,REQ_0005203,OPERATIONAL_ETA
CASE_00004210,2024-07-16T18:55:28Z,REQ_0005204,OPERATIONAL_ETA
CASE_00004211,2024-04-27T02:15:38Z,REQ_0005205,OPERATIONAL_ETA
CASE_00004212,2024-08-03T21:08:13Z,REQ_0005206,OPERATIONAL_ETA
CASE_00004213,2024-02-27T02:35:03Z,REQ_0005207,OPERATIONAL_ETA
CASE_00004213,2024-02-25T03:43:17Z,REQ_0005208,RETRO_AUDIT
CASE_00004214,2024-05-03T05:12:53Z,REQ_0005209,OPERATIONAL_ETA
CASE_00004215,2024-04-26T00:27:50Z,REQ_0005210,OPERATIONAL_ETA
CASE_00004216,2024-05-26T11:53:06Z,REQ_0005211,OPERATIONAL_ETA
CASE_00004217,2024-01-23T06:15:21Z,REQ_0005212,PILOT_CHECK
CASE_00004218,2024-04-21T13:28:11Z,REQ_0005213,OPERATIONAL_ETA
CASE_00004218,2024-04-19T17:09:55Z,REQ_0005214,OPERATIONAL_ETA
CASE_00004219,2024-04-10T10:12:23Z,REQ_0005215,OPERATIONAL_ETA
CASE_00004220,2024-06-27T20:40:52Z,REQ_0005216,OPERATIONAL_ETA
CASE_00004220,2024-06-25T15:56:10Z,REQ_0005217,OPERATIONAL_ETA
CASE_00004221,2024-07-19T13:12:24Z,REQ_0005218,OPERATIONAL_ETA
CASE_00004222,2024-02-21T16:05:29Z,REQ_0005219,RETRO_AUDIT
CASE_00004223,2024-01-28T23:08:09Z,REQ_0005220,PILOT_CHECK
CASE_00004223,2024-01-28T04:08:56Z,REQ_0005221,OPERATIONAL_ETA
CASE_00004224,2024-06-08T10:32:19Z,REQ_0005222,OPERATIONAL_ETA
CASE_00004225,2024-03-19T04:08:49Z,REQ_0005223,OPERATIONAL_ETA
CASE_00004226,2024-03-06T12:15:12Z,REQ_0005224,OPERATIONAL_ETA
CASE_00004227,2024-02-25T21:32:34Z,REQ_0005225,OPERATIONAL_ETA
CASE_00004227,2024-02-25T18:49:16Z,REQ_0005226,OPERATIONAL_ETA
CASE_00004228,2024-02-29T12:01:30Z,REQ_0005227,RETRO_AUDIT
CASE_00004229,2024-02-10T03:15:06Z,REQ_0005228,OPERATIONAL_ETA
CASE_00004229,2024-02-07T04:32:39Z,REQ_0005229,RETRO_AUDIT
CASE_00004230,2024-04-18T16:25:43Z,REQ_0005230,OPERATIONAL_ETA
CASE_00004230,2024-04-14T22:35:29Z,REQ_0005231,OPERATIONAL_ETA
CASE_00004231,2024-05-31T12:19:43Z,REQ_0005232,OPERATIONAL_ETA
CASE_00004232,2024-03-12T17:46:11Z,REQ_0005233,OPERATIONAL_ETA
CASE_00004233,2024-05-21T06:53:43Z,REQ_0005234,RETRO_AUDIT
CASE_00004234,2024-05-10T20:24:36Z,REQ_0005235,OPERATIONAL_ETA
CASE_00004235,2024-02-09T19:28:41Z,REQ_0005236,OPERATIONAL_ETA
CASE_00004236,2024-04-28T00:53:44Z,REQ_0005237,OPERATIONAL_ETA
CASE_00004237,2024-03-05T09:35:10Z,REQ_0005238,OPERATIONAL_ETA
CASE_00004238,2024-02-24T21:53:59Z,REQ_0005239,RETRO_AUDIT
CASE_00004239,2024-05-14T08:34:59Z,REQ_0005240,OPERATIONAL_ETA
CASE_00004240,2024-04-06T20:04:23Z,REQ_0005241,PILOT_CHECK
CASE_00004241,2024-03-27T23:54:09Z,REQ_0005242,OPERATIONAL_ETA
CASE_00004242,2024-01-25T02:33:02Z,REQ_0005243,OPERATIONAL_ETA
CASE_00004242,2024-01-22T02:00:52Z,REQ_0005244,OPERATIONAL_ETA
CASE_00004243,2024-08-01T09:15:50Z,REQ_0005245,PILOT_CHECK
CASE_00004244,2024-06-12T07:17:11Z,REQ_0005246,OPERATIONAL_ETA
CASE_00004245,2024-01-30T01:07:06Z,REQ_0005247,OPERATIONAL_ETA
CASE_00004245,2024-01-28T13:03:43Z,REQ_0005248,OPERATIONAL_ETA
CASE_00004246,2024-02-26T00:31:35Z,REQ_0005249,RETRO_AUDIT
CASE_00004246,2024-02-23T15:44:43Z,REQ_0005250,OPERATIONAL_ETA
CASE_00004247,2024-04-22T19:10:17Z,REQ_0005251,OPERATIONAL_ETA
CASE_00004248,2024-04-01T16:28:57Z,REQ_0005252,OPERATIONAL_ETA
CASE_00004248,2024-03-31T16:11:32Z,REQ_0005253,PILOT_CHECK
CASE_00004249,2024-03-13T21:16:38Z,REQ_0005254,OPERATIONAL_ETA
CASE_00004250,2024-03-26T11:15:33Z,REQ_0005255,OPERATIONAL_ETA
CASE_00004251,2024-04-03T07:02:35Z,REQ_0005256,OPERATIONAL_ETA
CASE_00004252,2024-05-02T08:16:25Z,REQ_0005257,OPERATIONAL_ETA
CASE_00004252,2024-04-29T16:22:26Z,REQ_0005258,OPERATIONAL_ETA
CASE_00004253,2024-03-27T17:44:55Z,REQ_0005259,OPERATIONAL_ETA
CASE_00004253,2024-03-26T11:14:48Z,REQ_0005260,PILOT_CHECK
CASE_00004254,2024-05-22T13:17:35Z,REQ_0005261,PILOT_CHECK
CASE_00004255,2024-02-28T20:39:30Z,REQ_0005262,RETRO_AUDIT
CASE_00004256,2024-06-02T23:20:02Z,REQ_0005263,OPERATIONAL_ETA
CASE_00004256,2024-05-31T10:39:38Z,REQ_0005264,OPERATIONAL_ETA
CASE_00004257,2024-03-26T19:49:27Z,REQ_0005265,OPERATIONAL_ETA
CASE_00004258,2024-04-20T01:44:52Z,REQ_0005266,OPERATIONAL_ETA
CASE_00004258,2024-04-18T15:19:33Z,REQ_0005267,OPERATIONAL_ETA
CASE_00004259,2024-02-04T06:39:30Z,REQ_0005268,RETRO_AUDIT
CASE_00004259,2024-02-03T19:45:50Z,REQ_0005269,OPERATIONAL_ETA
CASE_00004260,2024-01-24T21:33:57Z,REQ_0005270,OPERATIONAL_ETA
CASE_00004261,2024-07-15T18:11:42Z,REQ_0005271,OPERATIONAL_ETA
CASE_00004262,2024-05-01T01:50:32Z,REQ_0005272,OPERATIONAL_ETA
CASE_00004263,2024-05-10T03:37:43Z,REQ_0005273,OPERATIONAL_ETA
CASE_00004264,2024-01-21T17:08:07Z,REQ_0005274,OPERATIONAL_ETA
CASE_00004265,2024-06-14T07:30:11Z,REQ_0005275,OPERATIONAL_ETA
CASE_00004266,2024-07-27T22:35:33Z,REQ_0005276,OPERATIONAL_ETA
CASE_00004266,2024-07-26T21:21:58Z,REQ_0005277,OPERATIONAL_ETA
CASE_00004267,2024-04-18T17:51:05Z,REQ_0005278,OPERATIONAL_ETA
CASE_00004268,2024-06-03T21:28:16Z,REQ_0005279,RETRO_AUDIT
CASE_00004268,2024-06-01T19:55:58Z,REQ_0005280,OPERATIONAL_ETA
CASE_00004269,2024-07-19T08:41:17Z,REQ_0005281,OPERATIONAL_ETA
CASE_00004270,2024-07-19T05:04:38Z,REQ_0005282,OPERATIONAL_ETA
CASE_00004271,2024-06-16T23:28:23Z,REQ_0005283,OPERATIONAL_ETA
CASE_00004272,2024-01-23T19:07:47Z,REQ_0005284,OPERATIONAL_ETA
CASE_00004272,2024-01-21T17:22:28Z,REQ_0005285,RETRO_AUDIT
CASE_00004273,2024-02-28T14:57:14Z,REQ_0005286,OPERATIONAL_ETA
CASE_00004274,2024-03-17T03:30:54Z,REQ_0005287,PILOT_CHECK
CASE_00004275,2024-01-21T17:03:08Z,REQ_0005288,OPERATIONAL_ETA
CASE_00004276,2024-02-16T19:34:17Z,REQ_0005289,RETRO_AUDIT
CASE_00004277,2024-06-02T11:11:53Z,REQ_0005290,OPERATIONAL_ETA
CASE_00004277,2024-06-01T22:49:36Z,REQ_0005291,OPERATIONAL_ETA
CASE_00004278,2024-03-09T02:47:30Z,REQ_0005292,OPERATIONAL_ETA
CASE_00004278,2024-03-06T20:48:18Z,REQ_0005293,OPERATIONAL_ETA
CASE_00004279,2024-06-04T06:07:54Z,REQ_0005294,OPERATIONAL_ETA
CASE_00004280,2024-07-02T12:16:50Z,REQ_0005295,OPERATIONAL_ETA
CASE_00004281,2024-05-09T07:19:23Z,REQ_0005296,OPERATIONAL_ETA
CASE_00004282,2024-02-09T03:39:46Z,REQ_0005297,OPERATIONAL_ETA
CASE_00004283,2024-04-07T05:31:59Z,REQ_0005298,OPERATIONAL_ETA
CASE_00004283,2024-04-05T01:33:07Z,REQ_0005299,OPERATIONAL_ETA
CASE_00004284,2024-04-11T07:28:42Z,REQ_0005300,PILOT_CHECK
CASE_00004285,2024-08-02T18:49:15Z,REQ_0005301,PILOT_CHECK
CASE_00004285,2024-07-31T00:14:23Z,REQ_0005302,OPERATIONAL_ETA
CASE_00004286,2024-01-24T16:47:47Z,REQ_0005303,OPERATIONAL_ETA
CASE_00004287,2024-03-27T12:53:23Z,REQ_0005304,OPERATIONAL_ETA
CASE_00004288,2024-03-03T05:47:20Z,REQ_0005305,PILOT_CHECK
CASE_00004289,2024-06-03T14:06:44Z,REQ_0005306,OPERATIONAL_ETA
CASE_00004290,2024-03-30T11:45:26Z,REQ_0005307,OPERATIONAL_ETA
CASE_00004290,2024-03-26T17:06:55Z,REQ_0005308,OPERATIONAL_ETA
CASE_00004291,2024-02-27T05:44:22Z,REQ_0005309,PILOT_CHECK
CASE_00004292,2024-06-22T07:27:46Z,REQ_0005310,OPERATIONAL_ETA
CASE_00004293,2024-04-16T03:35:05Z,REQ_0005311,OPERATIONAL_ETA
CASE_00004294,2024-04-06T12:30:37Z,REQ_0005312,OPERATIONAL_ETA
CASE_00004295,2024-04-26T16:45:59Z,REQ_0005313,OPERATIONAL_ETA
CASE_00004296,2024-02-17T18:32:43Z,REQ_0005314,OPERATIONAL_ETA
CASE_00004297,2024-03-24T14:29:11Z,REQ_0005315,RETRO_AUDIT
CASE_00004297,2024-03-24T00:36:53Z,REQ_0005316,PILOT_CHECK
CASE_00004298,2024-04-08T15:00:07Z,REQ_0005317,RETRO_AUDIT
CASE_00004299,2024-04-05T00:42:11Z,REQ_0005318,RETRO_AUDIT
CASE_00004300,2024-05-18T13:53:40Z,REQ_0005319,OPERATIONAL_ETA
CASE_00004301,2024-07-23T17:01:23Z,REQ_0005320,OPERATIONAL_ETA
CASE_00004302,2024-04-18T09:00:47Z,REQ_0005321,PILOT_CHECK
CASE_00004303,2024-03-22T14:28:49Z,REQ_0005322,OPERATIONAL_ETA
CASE_00004303,2024-03-19T13:52:35Z,REQ_0005323,OPERATIONAL_ETA
CASE_00004304,2024-03-19T17:21:42Z,REQ_0005324,OPERATIONAL_ETA
CASE_00004305,2024-06-24T11:00:33Z,REQ_0005325,OPERATIONAL_ETA
CASE_00004305,2024-06-22T18:03:51Z,REQ_0005326,OPERATIONAL_ETA
CASE_00004306,2024-06-25T11:24:01Z,REQ_0005327,OPERATIONAL_ETA
CASE_00004306,2024-06-22T11:41:41Z,REQ_0005328,OPERATIONAL_ETA
CASE_00004307,2024-01-23T21:34:19Z,REQ_0005329,OPERATIONAL_ETA
CASE_00004308,2024-05-12T07:14:47Z,REQ_0005330,OPERATIONAL_ETA
CASE_00004309,2024-06-11T21:44:59Z,REQ_0005331,OPERATIONAL_ETA
CASE_00004310,2024-02-21T06:20:51Z,REQ_0005332,OPERATIONAL_ETA
CASE_00004311,2024-03-28T23:42:02Z,REQ_0005333,OPERATIONAL_ETA
CASE_00004311,2024-03-28T02:43:43Z,REQ_0005334,OPERATIONAL_ETA
CASE_00004312,2024-02-22T00:54:04Z,REQ_0005335,OPERATIONAL_ETA
CASE_00004313,2024-04-21T23:59:25Z,REQ_0005336,PILOT_CHECK
CASE_00004314,2024-03-29T08:04:25Z,REQ_0005337,PILOT_CHECK
CASE_00004315,2024-07-23T15:25:20Z,REQ_0005338,OPERATIONAL_ETA
CASE_00004316,2024-07-17T08:13:47Z,REQ_0005339,OPERATIONAL_ETA
CASE_00004317,2024-03-10T06:30:36Z,REQ_0005340,OPERATIONAL_ETA
CASE_00004318,2024-05-23T05:14:23Z,REQ_0005341,OPERATIONAL_ETA
CASE_00004319,2024-06-16T05:36:44Z,REQ_0005342,OPERATIONAL_ETA
CASE_00004320,2024-05-25T17:43:15Z,REQ_0005343,OPERATIONAL_ETA
CASE_00004321,2024-02-14T04:04:47Z,REQ_0005344,RETRO_AUDIT
CASE_00004322,2024-06-21T22:21:42Z,REQ_0005345,OPERATIONAL_ETA
CASE_00004323,2024-08-02T20:00:46Z,REQ_0005346,OPERATIONAL_ETA
CASE_00004324,2024-02-14T05:20:45Z,REQ_0005347,OPERATIONAL_ETA
CASE_00004325,2024-02-13T10:02:15Z,REQ_0005348,OPERATIONAL_ETA
CASE_00004325,2024-02-11T14:26:45Z,REQ_0005349,OPERATIONAL_ETA
CASE_00004326,2024-02-29T08:06:35Z,REQ_0005350,OPERATIONAL_ETA
CASE_00004327,2024-02-28T11:27:08Z,REQ_0005351,OPERATIONAL_ETA
CASE_00004328,2024-04-29T11:55:25Z,REQ_0005352,OPERATIONAL_ETA
CASE_00004328,2024-04-28T02:34:20Z,REQ_0005353,PILOT_CHECK
CASE_00004329,2024-02-15T17:51:57Z,REQ_0005354,OPERATIONAL_ETA
CASE_00004330,2024-02-02T22:14:17Z,REQ_0005355,OPERATIONAL_ETA
CASE_00004331,2024-05-25T21:25:59Z,REQ_0005356,OPERATIONAL_ETA
CASE_00004332,2024-08-06T09:02:52Z,REQ_0005357,OPERATIONAL_ETA
CASE_00004333,2024-02-24T10:20:50Z,REQ_0005358,PILOT_CHECK
CASE_00004334,2024-06-06T23:38:33Z,REQ_0005359,RETRO_AUDIT
CASE_00004334,2024-06-05T15:29:32Z,REQ_0005360,OPERATIONAL_ETA
CASE_00004335,2024-06-08T20:46:18Z,REQ_0005361,RETRO_AUDIT
CASE_00004335,2024-06-06T01:12:43Z,REQ_0005362,PILOT_CHECK
CASE_00004336,2024-04-01T00:03:01Z,REQ_0005363,OPERATIONAL_ETA
CASE_00004337,2024-03-22T17:22:34Z,REQ_0005364,PILOT_CHECK
CASE_00004338,2024-04-26T13:06:53Z,REQ_0005365,OPERATIONAL_ETA
CASE_00004338,2024-04-25T15:06:49Z,REQ_0005366,OPERATIONAL_ETA
CASE_00004339,2024-03-01T18:02:23Z,REQ_0005367,OPERATIONAL_ETA
CASE_00004339,2024-02-24T16:29:22Z,REQ_0005368,OPERATIONAL_ETA
CASE_00004340,2024-03-03T22:17:29Z,REQ_0005369,OPERATIONAL_ETA
CASE_00004340,2024-03-02T00:14:24Z,REQ_0005370,OPERATIONAL_ETA
CASE_00004341,2024-01-28T03:05:45Z,REQ_0005371,OPERATIONAL_ETA
CASE_00004341,2024-01-27T01:47:54Z,REQ_0005372,OPERATIONAL_ETA
CASE_00004342,2024-07-27T11:35:32Z,REQ_0005373,OPERATIONAL_ETA
CASE_00004343,2024-01-20T23:20:28Z,REQ_0005374,OPERATIONAL_ETA
CASE_00004344,2024-02-07T12:30:55Z,REQ_0005375,RETRO_AUDIT
CASE_00004345,2024-03-10T13:43:56Z,REQ_0005376,PILOT_CHECK
CASE_00004346,2024-03-19T02:48:50Z,REQ_0005377,OPERATIONAL_ETA
CASE_00004346,2024-03-16T13:25:53Z,REQ_0005378,OPERATIONAL_ETA
CASE_00004347,2024-04-07T12:39:48Z,REQ_0005379,OPERATIONAL_ETA
CASE_00004348,2024-06-02T11:14:20Z,REQ_0005380,RETRO_AUDIT
CASE_00004349,2024-08-05T16:58:34Z,REQ_0005381,RETRO_AUDIT
CASE_00004349,2024-08-02T22:25:50Z,REQ_0005382,OPERATIONAL_ETA
CASE_00004350,2024-06-01T03:01:47Z,REQ_0005383,OPERATIONAL_ETA
CASE_00004351,2024-04-20T05:18:19Z,REQ_0005384,OPERATIONAL_ETA
CASE_00004352,2024-03-24T07:43:12Z,REQ_0005385,PILOT_CHECK
CASE_00004353,2024-08-01T09:09:53Z,REQ_0005386,OPERATIONAL_ETA
CASE_00004354,2024-03-24T17:19:14Z,REQ_0005387,OPERATIONAL_ETA
CASE_00004355,2024-07-21T08:41:15Z,REQ_0005388,OPERATIONAL_ETA
CASE_00004355,2024-07-19T01:33:18Z,REQ_0005389,OPERATIONAL_ETA
CASE_00004356,2024-05-03T19:05:41Z,REQ_0005390,OPERATIONAL_ETA
CASE_00004357,2024-02-29T17:53:21Z,REQ_0005391,OPERATIONAL_ETA
CASE_00004358,2024-05-18T15:48:41Z,REQ_0005392,OPERATIONAL_ETA
CASE_00004359,2024-04-02T03:36:02Z,REQ_0005393,OPERATIONAL_ETA
CASE_00004359,2024-04-01T00:29:22Z,REQ_0005394,OPERATIONAL_ETA
CASE_00004360,2024-05-28T15:43:19Z,REQ_0005395,RETRO_AUDIT
CASE_00004361,2024-03-25T12:29:02Z,REQ_0005396,RETRO_AUDIT
CASE_00004362,2024-05-05T01:32:08Z,REQ_0005397,PILOT_CHECK
CASE_00004363,2024-05-28T04:12:44Z,REQ_0005398,OPERATIONAL_ETA
CASE_00004363,2024-05-25T19:04:29Z,REQ_0005399,PILOT_CHECK
CASE_00004364,2024-06-14T01:34:59Z,REQ_0005400,OPERATIONAL_ETA
CASE_00004365,2024-06-03T15:42:51Z,REQ_0005401,OPERATIONAL_ETA
CASE_00004365,2024-06-01T00:37:35Z,REQ_0005402,RETRO_AUDIT
CASE_00004366,2024-01-28T04:21:11Z,REQ_0005403,OPERATIONAL_ETA
CASE_00004367,2024-01-20T15:49:57Z,REQ_0005404,OPERATIONAL_ETA
CASE_00004368,2024-03-25T07:26:32Z,REQ_0005405,OPERATIONAL_ETA
CASE_00004368,2024-03-23T23:39:50Z,REQ_0005406,RETRO_AUDIT
CASE_00004369,2024-01-22T16:12:47Z,REQ_0005407,OPERATIONAL_ETA
CASE_00004370,2024-06-07T16:13:23Z,REQ_0005408,RETRO_AUDIT
CASE_00004371,2024-07-22T00:52:27Z,REQ_0005409,OPERATIONAL_ETA
CASE_00004372,2024-07-10T21:05:40Z,REQ_0005410,OPERATIONAL_ETA
CASE_00004373,2024-03-21T00:58:18Z,REQ_0005411,OPERATIONAL_ETA
CASE_00004374,2024-02-08T03:20:13Z,REQ_0005412,OPERATIONAL_ETA
CASE_00004375,2024-05-31T13:30:48Z,REQ_0005413,PILOT_CHECK
CASE_00004376,2024-07-18T05:22:49Z,REQ_0005414,OPERATIONAL_ETA
CASE_00004376,2024-07-17T13:50:15Z,REQ_0005415,OPERATIONAL_ETA
CASE_00004377,2024-06-24T16:00:04Z,REQ_0005416,OPERATIONAL_ETA
CASE_00004378,2024-03-20T10:40:40Z,REQ_0005417,OPERATIONAL_ETA
CASE_00004379,2024-02-14T09:54:51Z,REQ_0005418,OPERATIONAL_ETA
CASE_00004380,2024-04-26T07:08:37Z,REQ_0005419,OPERATIONAL_ETA
CASE_00004381,2024-08-03T06:30:04Z,REQ_0005420,OPERATIONAL_ETA
CASE_00004382,2024-04-19T17:02:47Z,REQ_0005421,PILOT_CHECK
CASE_00004383,2024-03-24T23:33:47Z,REQ_0005422,OPERATIONAL_ETA
CASE_00004384,2024-02-29T03:32:06Z,REQ_0005423,PILOT_CHECK
CASE_00004385,2024-02-02T19:53:16Z,REQ_0005424,OPERATIONAL_ETA
CASE_00004386,2024-05-14T19:25:57Z,REQ_0005425,OPERATIONAL_ETA
CASE_00004387,2024-07-15T18:53:58Z,REQ_0005426,OPERATIONAL_ETA
CASE_00004387,2024-07-14T17:20:23Z,REQ_0005427,OPERATIONAL_ETA
CASE_00004388,2024-06-19T00:59:27Z,REQ_0005428,OPERATIONAL_ETA
CASE_00004389,2024-07-03T05:43:38Z,REQ_0005429,OPERATIONAL_ETA
CASE_00004390,2024-05-24T17:33:58Z,REQ_0005430,OPERATIONAL_ETA
CASE_00004391,2024-04-22T11:45:05Z,REQ_0005431,OPERATIONAL_ETA
CASE_00004392,2024-04-12T21:07:57Z,REQ_0005432,OPERATIONAL_ETA
CASE_00004393,2024-06-06T23:30:28Z,REQ_0005433,OPERATIONAL_ETA
CASE_00004394,2024-03-04T08:08:45Z,REQ_0005434,OPERATIONAL_ETA
CASE_00004395,2024-11-27T19:49:38Z,REQ_0005435,OPERATIONAL_ETA
CASE_00004396,2024-09-23T09:54:58Z,REQ_0005436,OPERATIONAL_ETA
CASE_00004397,2024-10-30T17:58:12Z,REQ_0005437,OPERATIONAL_ETA
CASE_00004397,2024-10-29T10:17:30Z,REQ_0005438,OPERATIONAL_ETA
CASE_00004398,2024-09-04T03:14:45Z,REQ_0005439,OPERATIONAL_ETA
CASE_00004399,2024-09-05T09:28:03Z,REQ_0005440,OPERATIONAL_ETA
CASE_00004400,2024-12-02T23:34:39Z,REQ_0005441,OPERATIONAL_ETA
CASE_00004401,2025-04-01T13:48:08Z,REQ_0005442,OPERATIONAL_ETA
CASE_00004401,2025-03-31T18:02:15Z,REQ_0005443,OPERATIONAL_ETA
CASE_00004402,2025-03-07T17:19:16Z,REQ_0005444,OPERATIONAL_ETA
CASE_00004402,2025-03-07T02:02:50Z,REQ_0005445,OPERATIONAL_ETA
CASE_00004403,2025-01-30T19:49:31Z,REQ_0005446,OPERATIONAL_ETA
CASE_00004404,2025-03-12T11:05:44Z,REQ_0005447,OPERATIONAL_ETA
CASE_00004405,2024-09-21T22:46:28Z,REQ_0005448,OPERATIONAL_ETA
CASE_00004405,2024-09-21T07:43:20Z,REQ_0005449,OPERATIONAL_ETA
CASE_00004406,2025-02-04T14:02:13Z,REQ_0005450,RETRO_AUDIT
CASE_00004407,2024-09-21T18:51:04Z,REQ_0005451,OPERATIONAL_ETA
CASE_00004407,2024-09-20T19:57:13Z,REQ_0005452,OPERATIONAL_ETA
CASE_00004408,2025-02-09T06:20:56Z,REQ_0005453,OPERATIONAL_ETA
CASE_00004409,2024-09-26T08:30:58Z,REQ_0005454,OPERATIONAL_ETA
CASE_00004410,2024-12-08T05:21:18Z,REQ_0005455,OPERATIONAL_ETA
CASE_00004410,2024-12-05T20:44:16Z,REQ_0005456,OPERATIONAL_ETA
CASE_00004411,2025-04-16T11:42:13Z,REQ_0005457,OPERATIONAL_ETA
CASE_00004411,2025-04-16T00:59:04Z,REQ_0005458,OPERATIONAL_ETA
CASE_00004412,2025-04-29T16:25:57Z,REQ_0005459,OPERATIONAL_ETA
CASE_00004413,2025-02-27T08:52:51Z,REQ_0005460,OPERATIONAL_ETA
CASE_00004414,2024-10-25T11:01:19Z,REQ_0005461,OPERATIONAL_ETA
CASE_00004415,2025-02-28T10:35:48Z,REQ_0005462,OPERATIONAL_ETA
CASE_00004416,2024-10-18T05:03:25Z,REQ_0005463,OPERATIONAL_ETA
CASE_00004417,2024-09-10T00:38:24Z,REQ_0005464,OPERATIONAL_ETA
CASE_00004418,2024-09-04T08:32:41Z,REQ_0005465,OPERATIONAL_ETA
CASE_00004419,2025-03-18T19:21:40Z,REQ_0005466,OPERATIONAL_ETA
CASE_00004420,2025-01-04T04:57:32Z,REQ_0005467,OPERATIONAL_ETA
CASE_00004421,2024-09-30T13:30:48Z,REQ_0005468,OPERATIONAL_ETA
CASE_00004422,2024-10-02T15:46:07Z,REQ_0005469,OPERATIONAL_ETA
CASE_00004423,2024-12-08T03:14:21Z,REQ_0005470,OPERATIONAL_ETA
CASE_00004424,2024-09-08T00:07:27Z,REQ_0005471,OPERATIONAL_ETA
CASE_00004424,2024-09-06T21:38:57Z,REQ_0005472,PILOT_CHECK
CASE_00004425,2024-11-10T09:10:49Z,REQ_0005473,OPERATIONAL_ETA
CASE_00004426,2025-01-25T03:25:48Z,REQ_0005474,OPERATIONAL_ETA
CASE_00004427,2024-09-13T03:13:33Z,REQ_0005475,PILOT_CHECK
CASE_00004428,2025-04-18T01:14:53Z,REQ_0005476,OPERATIONAL_ETA
CASE_00004428,2025-04-16T13:31:05Z,REQ_0005477,OPERATIONAL_ETA
CASE_00004429,2024-12-26T07:36:04Z,REQ_0005478,OPERATIONAL_ETA
CASE_00004430,2025-03-01T10:50:39Z,REQ_0005479,OPERATIONAL_ETA
CASE_00004431,2025-04-03T10:21:30Z,REQ_0005480,OPERATIONAL_ETA
CASE_00004432,2024-09-09T20:21:19Z,REQ_0005481,OPERATIONAL_ETA
CASE_00004433,2024-12-08T02:58:31Z,REQ_0005482,PILOT_CHECK
CASE_00004433,2024-12-06T22:53:03Z,REQ_0005483,OPERATIONAL_ETA
CASE_00004434,2024-09-30T20:06:31Z,REQ_0005484,OPERATIONAL_ETA
CASE_00004435,2025-01-14T02:03:18Z,REQ_0005485,OPERATIONAL_ETA
CASE_00004435,2025-01-13T14:45:09Z,REQ_0005486,RETRO_AUDIT
CASE_00004436,2024-11-08T11:06:40Z,REQ_0005487,PILOT_CHECK
CASE_00004437,2025-04-01T06:27:30Z,REQ_0005488,OPERATIONAL_ETA
CASE_00004438,2025-04-03T20:22:18Z,REQ_0005489,PILOT_CHECK
CASE_00004439,2025-03-27T17:50:10Z,REQ_0005490,OPERATIONAL_ETA
CASE_00004440,2024-10-11T17:00:26Z,REQ_0005491,OPERATIONAL_ETA
CASE_00004440,2024-10-10T03:24:42Z,REQ_0005492,OPERATIONAL_ETA
CASE_00004441,2025-01-13T03:11:29Z,REQ_0005493,PILOT_CHECK
CASE_00004442,2024-12-20T16:47:26Z,REQ_0005494,OPERATIONAL_ETA
CASE_00004443,2025-01-04T22:11:46Z,REQ_0005495,OPERATIONAL_ETA
CASE_00004444,2024-12-29T16:36:35Z,REQ_0005496,OPERATIONAL_ETA
CASE_00004445,2025-01-22T14:31:46Z,REQ_0005497,OPERATIONAL_ETA
CASE_00004446,2024-10-22T11:03:46Z,REQ_0005498,OPERATIONAL_ETA
CASE_00004446,2024-10-20T06:09:27Z,REQ_0005499,PILOT_CHECK
CASE_00004447,2024-11-30T06:10:42Z,REQ_0005500,OPERATIONAL_ETA
CASE_00004447,2024-11-29T12:36:08Z,REQ_0005501,RETRO_AUDIT
CASE_00004448,2025-03-15T08:22:22Z,REQ_0005502,OPERATIONAL_ETA
CASE_00004448,2025-03-14T22:40:47Z,REQ_0005503,PILOT_CHECK
CASE_00004449,2025-04-25T20:18:05Z,REQ_0005504,RETRO_AUDIT
CASE_00004450,2024-09-15T02:36:52Z,REQ_0005505,OPERATIONAL_ETA
CASE_00004451,2024-12-29T08:59:36Z,REQ_0005506,OPERATIONAL_ETA
CASE_00004452,2025-04-23T20:30:44Z,REQ_0005507,OPERATIONAL_ETA
CASE_00004452,2025-04-23T00:59:56Z,REQ_0005508,OPERATIONAL_ETA
CASE_00004453,2024-09-03T05:09:06Z,REQ_0005509,OPERATIONAL_ETA
CASE_00004454,2024-11-02T15:34:58Z,REQ_0005510,OPERATIONAL_ETA
CASE_00004455,2024-11-23T18:56:03Z,REQ_0005511,OPERATIONAL_ETA
CASE_00004456,2024-10-31T14:52:33Z,REQ_0005512,OPERATIONAL_ETA
CASE_00004457,2025-03-06T14:54:59Z,REQ_0005513,OPERATIONAL_ETA
CASE_00004458,2025-03-16T21:03:27Z,REQ_0005514,OPERATIONAL_ETA
CASE_00004459,2024-12-25T18:08:18Z,REQ_0005515,OPERATIONAL_ETA
CASE_00004460,2025-02-15T15:12:46Z,REQ_0005516,OPERATIONAL_ETA
CASE_00004461,2025-02-26T16:57:27Z,REQ_0005517,OPERATIONAL_ETA
CASE_00004462,2024-09-30T23:49:07Z,REQ_0005518,OPERATIONAL_ETA
CASE_00004463,2024-11-29T08:39:29Z,REQ_0005519,OPERATIONAL_ETA
CASE_00004464,2024-11-05T07:03:43Z,REQ_0005520,OPERATIONAL_ETA
CASE_00004465,2025-04-15T17:43:11Z,REQ_0005521,OPERATIONAL_ETA
CASE_00004466,2025-01-25T06:52:29Z,REQ_0005522,RETRO_AUDIT
CASE_00004466,2025-01-24T08:16:08Z,REQ_0005523,OPERATIONAL_ETA
CASE_00004467,2024-11-02T00:38:39Z,REQ_0005524,RETRO_AUDIT
CASE_00004468,2025-01-30T14:32:14Z,REQ_0005525,OPERATIONAL_ETA
CASE_00004468,2025-01-29T08:27:53Z,REQ_0005526,OPERATIONAL_ETA
CASE_00004469,2024-12-30T15:47:49Z,REQ_0005527,OPERATIONAL_ETA
CASE_00004470,2024-10-14T10:38:18Z,REQ_0005528,RETRO_AUDIT
CASE_00004471,2025-05-05T12:03:46Z,REQ_0005529,PILOT_CHECK
CASE_00004471,2025-05-03T01:20:25Z,REQ_0005530,OPERATIONAL_ETA
CASE_00004472,2025-02-20T20:04:04Z,REQ_0005531,OPERATIONAL_ETA
CASE_00004472,2025-02-20T02:51:44Z,REQ_0005532,OPERATIONAL_ETA
CASE_00004473,2024-11-16T20:03:32Z,REQ_0005533,OPERATIONAL_ETA
CASE_00004474,2024-10-26T17:27:07Z,REQ_0005534,RETRO_AUDIT
CASE_00004474,2024-10-24T15:35:33Z,REQ_0005535,OPERATIONAL_ETA
CASE_00004475,2024-11-06T13:37:39Z,REQ_0005536,OPERATIONAL_ETA
CASE_00004476,2024-11-26T07:52:12Z,REQ_0005537,OPERATIONAL_ETA
CASE_00004477,2025-01-27T03:41:06Z,REQ_0005538,OPERATIONAL_ETA
CASE_00004478,2024-11-22T23:42:38Z,REQ_0005539,OPERATIONAL_ETA
CASE_00004479,2025-02-26T14:17:04Z,REQ_0005540,RETRO_AUDIT
CASE_00004479,2025-02-24T14:53:44Z,REQ_0005541,PILOT_CHECK
CASE_00004480,2025-01-03T16:20:25Z,REQ_0005542,OPERATIONAL_ETA
CASE_00004480,2025-01-03T10:45:50Z,REQ_0005543,OPERATIONAL_ETA
CASE_00004481,2024-10-22T07:06:39Z,REQ_0005544,OPERATIONAL_ETA
CASE_00004482,2024-10-01T16:22:29Z,REQ_0005545,PILOT_CHECK
CASE_00004483,2025-03-13T11:21:40Z,REQ_0005546,OPERATIONAL_ETA
CASE_00004484,2025-01-08T05:49:33Z,REQ_0005547,RETRO_AUDIT
CASE_00004485,2025-03-01T08:15:44Z,REQ_0005548,OPERATIONAL_ETA
CASE_00004486,2025-04-19T16:00:20Z,REQ_0005549,OPERATIONAL_ETA
CASE_00004487,2025-01-27T00:52:35Z,REQ_0005550,OPERATIONAL_ETA
CASE_00004488,2025-03-31T07:50:33Z,REQ_0005551,OPERATIONAL_ETA
CASE_00004489,2025-02-28T05:36:53Z,REQ_0005552,OPERATIONAL_ETA
CASE_00004490,2025-04-13T06:15:45Z,REQ_0005553,OPERATIONAL_ETA
CASE_00004491,2024-12-20T21:51:00Z,REQ_0005554,OPERATIONAL_ETA
CASE_00004492,2024-12-30T08:51:20Z,REQ_0005555,OPERATIONAL_ETA
CASE_00004492,2024-12-28T09:41:35Z,REQ_0005556,OPERATIONAL_ETA
CASE_00004493,2025-03-27T08:04:12Z,REQ_0005557,OPERATIONAL_ETA
CASE_00004494,2025-02-23T10:00:51Z,REQ_0005558,OPERATIONAL_ETA
CASE_00004495,2024-11-13T12:00:17Z,REQ_0005559,OPERATIONAL_ETA
CASE_00004496,2025-04-20T15:07:21Z,REQ_0005560,OPERATIONAL_ETA
CASE_00004497,2024-12-18T01:19:05Z,REQ_0005561,OPERATIONAL_ETA
CASE_00004498,2025-04-08T05:15:42Z,REQ_0005562,OPERATIONAL_ETA
CASE_00004498,2025-04-07T20:09:16Z,REQ_0005563,OPERATIONAL_ETA
CASE_00004499,2025-04-29T06:07:56Z,REQ_0005564,OPERATIONAL_ETA
CASE_00004499,2025-04-27T18:11:51Z,REQ_0005565,OPERATIONAL_ETA
CASE_00004500,2024-12-11T19:25:52Z,REQ_0005566,OPERATIONAL_ETA
CASE_00004501,2025-01-06T06:00:01Z,REQ_0005567,RETRO_AUDIT
CASE_00004502,2024-09-15T13:12:28Z,REQ_0005568,OPERATIONAL_ETA
CASE_00004502,2024-09-13T05:50:49Z,REQ_0005569,RETRO_AUDIT
CASE_00004503,2024-11-24T21:21:26Z,REQ_0005570,OPERATIONAL_ETA
CASE_00004504,2024-11-13T08:47:01Z,REQ_0005571,OPERATIONAL_ETA
CASE_00004505,2024-12-05T03:31:08Z,REQ_0005572,OPERATIONAL_ETA
CASE_00004505,2024-12-02T16:29:40Z,REQ_0005573,OPERATIONAL_ETA
CASE_00004506,2025-01-13T02:42:02Z,REQ_0005574,OPERATIONAL_ETA
CASE_00004507,2025-02-13T20:37:06Z,REQ_0005575,OPERATIONAL_ETA
CASE_00004508,2024-11-21T03:16:16Z,REQ_0005576,OPERATIONAL_ETA
CASE_00004509,2025-02-06T19:18:19Z,REQ_0005577,OPERATIONAL_ETA
CASE_00004510,2024-10-02T00:18:05Z,REQ_0005578,PILOT_CHECK
CASE_00004511,2025-01-25T06:43:27Z,REQ_0005579,OPERATIONAL_ETA
CASE_00004511,2025-01-24T03:34:22Z,REQ_0005580,OPERATIONAL_ETA
CASE_00004512,2024-11-28T01:20:04Z,REQ_0005581,OPERATIONAL_ETA
CASE_00004513,2025-04-10T14:49:17Z,REQ_0005582,OPERATIONAL_ETA
CASE_00004514,2024-12-10T22:22:27Z,REQ_0005583,OPERATIONAL_ETA
CASE_00004515,2025-02-12T22:42:56Z,REQ_0005584,OPERATIONAL_ETA
CASE_00004515,2025-02-12T02:10:13Z,REQ_0005585,OPERATIONAL_ETA
CASE_00004516,2025-04-25T08:41:09Z,REQ_0005586,OPERATIONAL_ETA
CASE_00004516,2025-04-23T15:49:25Z,REQ_0005587,OPERATIONAL_ETA
CASE_00004517,2025-01-15T23:27:31Z,REQ_0005588,RETRO_AUDIT
CASE_00004518,2024-11-08T14:03:30Z,REQ_0005589,RETRO_AUDIT
CASE_00004519,2024-10-10T09:29:02Z,REQ_0005590,OPERATIONAL_ETA
CASE_00004520,2025-01-05T14:37:51Z,REQ_0005591,OPERATIONAL_ETA
CASE_00004521,2024-11-15T17:42:02Z,REQ_0005592,RETRO_AUDIT
CASE_00004521,2024-11-14T11:27:57Z,REQ_0005593,OPERATIONAL_ETA
CASE_00004522,2024-11-15T14:06:43Z,REQ_0005594,OPERATIONAL_ETA
CASE_00004523,2024-11-27T00:20:37Z,REQ_0005595,OPERATIONAL_ETA
CASE_00004524,2025-04-19T22:21:07Z,REQ_0005596,OPERATIONAL_ETA
CASE_00004525,2025-03-06T04:26:36Z,REQ_0005597,RETRO_AUDIT
CASE_00004526,2024-11-11T08:45:40Z,REQ_0005598,RETRO_AUDIT
CASE_00004527,2025-03-12T00:08:40Z,REQ_0005599,OPERATIONAL_ETA
CASE_00004528,2025-02-26T03:07:08Z,REQ_0005600,OPERATIONAL_ETA
CASE_00004529,2024-09-24T20:31:57Z,REQ_0005601,RETRO_AUDIT
CASE_00004530,2025-02-09T19:39:07Z,REQ_0005602,OPERATIONAL_ETA
CASE_00004531,2025-03-04T04:51:21Z,REQ_0005603,OPERATIONAL_ETA
CASE_00004532,2025-02-03T00:48:20Z,REQ_0005604,OPERATIONAL_ETA
CASE_00004533,2024-09-08T16:05:31Z,REQ_0005605,PILOT_CHECK
CASE_00004534,2024-11-08T11:01:53Z,REQ_0005606,OPERATIONAL_ETA
CASE_00004535,2024-12-20T07:07:50Z,REQ_0005607,OPERATIONAL_ETA
CASE_00004536,2025-02-09T10:05:28Z,REQ_0005608,OPERATIONAL_ETA
CASE_00004536,2025-02-08T21:26:14Z,REQ_0005609,OPERATIONAL_ETA
CASE_00004537,2025-03-31T08:45:07Z,REQ_0005610,OPERATIONAL_ETA
CASE_00004537,2025-03-30T18:03:00Z,REQ_0005611,OPERATIONAL_ETA
CASE_00004538,2025-02-10T08:07:47Z,REQ_0005612,OPERATIONAL_ETA
CASE_00004539,2025-04-05T01:32:07Z,REQ_0005613,OPERATIONAL_ETA
CASE_00004540,2024-12-14T08:21:10Z,REQ_0005614,RETRO_AUDIT
CASE_00004540,2024-12-13T21:35:04Z,REQ_0005615,OPERATIONAL_ETA
CASE_00004541,2024-11-06T00:11:29Z,REQ_0005616,OPERATIONAL_ETA
CASE_00004542,2025-04-06T15:22:42Z,REQ_0005617,OPERATIONAL_ETA
CASE_00004543,2024-12-10T19:16:28Z,REQ_0005618,RETRO_AUDIT
CASE_00004543,2024-12-08T06:55:59Z,REQ_0005619,RETRO_AUDIT
CASE_00004544,2025-04-03T01:32:31Z,REQ_0005620,OPERATIONAL_ETA
CASE_00004545,2024-09-22T09:24:13Z,REQ_0005621,OPERATIONAL_ETA
CASE_00004545,2024-09-20T23:29:12Z,REQ_0005622,RETRO_AUDIT
CASE_00004546,2025-04-10T16:20:49Z,REQ_0005623,OPERATIONAL_ETA
CASE_00004547,2024-09-27T14:10:13Z,REQ_0005624,PILOT_CHECK
CASE_00004548,2024-09-13T06:31:28Z,REQ_0005625,PILOT_CHECK
CASE_00004549,2025-03-16T06:22:49Z,REQ_0005626,OPERATIONAL_ETA
CASE_00004550,2025-02-24T01:38:13Z,REQ_0005627,OPERATIONAL_ETA
CASE_00004551,2025-04-19T09:08:17Z,REQ_0005628,OPERATIONAL_ETA
CASE_00004551,2025-04-18T02:04:08Z,REQ_0005629,OPERATIONAL_ETA
CASE_00004552,2024-11-14T08:07:47Z,REQ_0005630,OPERATIONAL_ETA
CASE_00004553,2025-02-22T06:15:22Z,REQ_0005631,RETRO_AUDIT
CASE_00004554,2025-04-10T10:17:47Z,REQ_0005632,OPERATIONAL_ETA
CASE_00004555,2025-02-23T16:47:58Z,REQ_0005633,OPERATIONAL_ETA
CASE_00004556,2024-11-05T03:39:56Z,REQ_0005634,OPERATIONAL_ETA
CASE_00004557,2025-03-08T02:24:52Z,REQ_0005635,RETRO_AUDIT
CASE_00004557,2025-03-07T16:52:17Z,REQ_0005636,PILOT_CHECK
CASE_00004558,2025-02-03T19:47:51Z,REQ_0005637,OPERATIONAL_ETA
CASE_00004559,2025-03-03T21:49:12Z,REQ_0005638,OPERATIONAL_ETA
CASE_00004560,2025-01-14T16:03:51Z,REQ_0005639,OPERATIONAL_ETA
CASE_00004560,2025-01-12T21:34:29Z,REQ_0005640,OPERATIONAL_ETA
CASE_00004561,2024-12-13T02:03:39Z,REQ_0005641,OPERATIONAL_ETA
CASE_00004561,2024-12-12T12:19:35Z,REQ_0005642,PILOT_CHECK
CASE_00004562,2024-11-07T07:38:36Z,REQ_0005643,OPERATIONAL_ETA
CASE_00004563,2024-11-14T15:29:42Z,REQ_0005644,OPERATIONAL_ETA
CASE_00004564,2025-05-03T03:02:12Z,REQ_0005645,OPERATIONAL_ETA
CASE_00004565,2024-11-04T10:54:17Z,REQ_0005646,OPERATIONAL_ETA
CASE_00004566,2025-01-28T18:22:43Z,REQ_0005647,PILOT_CHECK
CASE_00004566,2025-01-27T11:12:02Z,REQ_0005648,OPERATIONAL_ETA
CASE_00004567,2024-10-30T15:28:20Z,REQ_0005649,OPERATIONAL_ETA
CASE_00004568,2025-03-21T11:41:49Z,REQ_0005650,OPERATIONAL_ETA
CASE_00004568,2025-03-19T10:47:01Z,REQ_0005651,OPERATIONAL_ETA
CASE_00004569,2024-09-21T18:05:38Z,REQ_0005652,OPERATIONAL_ETA
CASE_00004570,2024-12-01T21:13:38Z,REQ_0005653,PILOT_CHECK
CASE_00004571,2025-02-23T19:09:17Z,REQ_0005654,OPERATIONAL_ETA
CASE_00004572,2024-11-25T15:25:34Z,REQ_0005655,OPERATIONAL_ETA
CASE_00004572,2024-11-24T14:12:12Z,REQ_0005656,OPERATIONAL_ETA
CASE_00004573,2024-12-20T10:34:00Z,REQ_0005657,OPERATIONAL_ETA
CASE_00004573,2024-12-18T15:30:04Z,REQ_0005658,OPERATIONAL_ETA
CASE_00004574,2024-10-20T14:57:10Z,REQ_0005659,OPERATIONAL_ETA
CASE_00004575,2024-09-12T20:57:28Z,REQ_0005660,OPERATIONAL_ETA
CASE_00004576,2025-02-22T06:36:08Z,REQ_0005661,OPERATIONAL_ETA
CASE_00004577,2024-10-30T16:30:51Z,REQ_0005662,OPERATIONAL_ETA
CASE_00004578,2025-02-16T21:28:32Z,REQ_0005663,OPERATIONAL_ETA
CASE_00004579,2024-10-25T18:18:40Z,REQ_0005664,OPERATIONAL_ETA
CASE_00004580,2025-01-05T01:50:09Z,REQ_0005665,OPERATIONAL_ETA
CASE_00004581,2024-10-19T10:16:59Z,REQ_0005666,OPERATIONAL_ETA
CASE_00004581,2024-10-18T09:07:06Z,REQ_0005667,OPERATIONAL_ETA
CASE_00004582,2025-04-13T04:30:01Z,REQ_0005668,OPERATIONAL_ETA
CASE_00004583,2024-12-30T10:03:31Z,REQ_0005669,RETRO_AUDIT
CASE_00004584,2025-04-26T22:47:50Z,REQ_0005670,OPERATIONAL_ETA
CASE_00004585,2025-02-20T01:32:56Z,REQ_0005671,OPERATIONAL_ETA
CASE_00004586,2025-03-06T02:38:18Z,REQ_0005672,OPERATIONAL_ETA
CASE_00004587,2024-09-25T08:27:33Z,REQ_0005673,OPERATIONAL_ETA
CASE_00004588,2025-01-28T21:55:56Z,REQ_0005674,OPERATIONAL_ETA
CASE_00004588,2025-01-27T04:13:13Z,REQ_0005675,OPERATIONAL_ETA
CASE_00004589,2025-02-28T07:40:29Z,REQ_0005676,OPERATIONAL_ETA
CASE_00004590,2025-01-23T06:18:25Z,REQ_0005677,OPERATIONAL_ETA
CASE_00004590,2025-01-22T17:21:09Z,REQ_0005678,OPERATIONAL_ETA
CASE_00004591,2025-01-03T17:15:07Z,REQ_0005679,OPERATIONAL_ETA
CASE_00004592,2024-09-22T01:17:58Z,REQ_0005680,PILOT_CHECK
CASE_00004592,2024-09-21T14:41:36Z,REQ_0005681,OPERATIONAL_ETA
CASE_00004593,2025-05-05T12:45:58Z,REQ_0005682,OPERATIONAL_ETA
CASE_00004594,2024-09-29T18:02:56Z,REQ_0005683,OPERATIONAL_ETA
CASE_00004595,2024-11-29T14:06:53Z,REQ_0005684,RETRO_AUDIT
CASE_00004596,2025-02-13T02:18:35Z,REQ_0005685,OPERATIONAL_ETA
CASE_00004597,2024-12-03T15:39:42Z,REQ_0005686,OPERATIONAL_ETA
CASE_00004598,2025-03-08T22:24:17Z,REQ_0005687,OPERATIONAL_ETA
CASE_00004599,2024-10-14T02:33:05Z,REQ_0005688,OPERATIONAL_ETA
CASE_00004600,2024-10-02T15:19:36Z,REQ_0005689,PILOT_CHECK
CASE_00004601,2024-11-06T07:32:57Z,REQ_0005690,OPERATIONAL_ETA
CASE_00004602,2024-11-20T21:18:21Z,REQ_0005691,OPERATIONAL_ETA
CASE_00004603,2025-02-17T12:43:47Z,REQ_0005692,OPERATIONAL_ETA
CASE_00004604,2024-10-15T21:32:44Z,REQ_0005693,RETRO_AUDIT
CASE_00004605,2025-02-09T16:21:04Z,REQ_0005694,PILOT_CHECK
CASE_00004605,2025-02-07T15:55:44Z,REQ_0005695,OPERATIONAL_ETA
CASE_00004606,2024-09-30T22:58:26Z,REQ_0005696,OPERATIONAL_ETA
CASE_00004606,2024-09-29T17:57:06Z,REQ_0005697,RETRO_AUDIT
CASE_00004607,2024-10-01T23:41:31Z,REQ_0005698,OPERATIONAL_ETA
CASE_00004608,2025-02-17T19:21:35Z,REQ_0005699,OPERATIONAL_ETA
CASE_00004609,2025-01-15T11:24:18Z,REQ_0005700,RETRO_AUDIT
CASE_00004609,2025-01-13T14:44:01Z,REQ_0005701,OPERATIONAL_ETA
CASE_00004610,2024-12-27T15:47:41Z,REQ_0005702,PILOT_CHECK
CASE_00004611,2025-02-14T22:32:02Z,REQ_0005703,OPERATIONAL_ETA
CASE_00004611,2025-02-14T16:10:17Z,REQ_0005704,OPERATIONAL_ETA
CASE_00004612,2025-02-23T04:49:16Z,REQ_0005705,RETRO_AUDIT
CASE_00004613,2025-02-01T17:23:30Z,REQ_0005706,RETRO_AUDIT
CASE_00004614,2025-02-12T11:02:58Z,REQ_0005707,OPERATIONAL_ETA
CASE_00004614,2025-02-11T16:34:27Z,REQ_0005708,OPERATIONAL_ETA
CASE_00004615,2025-01-23T23:10:17Z,REQ_0005709,OPERATIONAL_ETA
CASE_00004616,2024-11-06T21:18:25Z,REQ_0005710,OPERATIONAL_ETA
CASE_00004617,2025-02-23T05:38:33Z,REQ_0005711,PILOT_CHECK
CASE_00004618,2024-12-31T00:44:41Z,REQ_0005712,RETRO_AUDIT
CASE_00004618,2024-12-29T18:22:31Z,REQ_0005713,OPERATIONAL_ETA
CASE_00004619,2024-09-20T05:17:31Z,REQ_0005714,RETRO_AUDIT
CASE_00004620,2024-10-04T04:47:44Z,REQ_0005715,OPERATIONAL_ETA
CASE_00004620,2024-10-03T12:41:01Z,REQ_0005716,OPERATIONAL_ETA
CASE_00004621,2024-12-04T17:50:29Z,REQ_0005717,OPERATIONAL_ETA
CASE_00004621,2024-12-03T02:23:25Z,REQ_0005718,PILOT_CHECK
CASE_00004622,2024-12-07T10:38:35Z,REQ_0005719,OPERATIONAL_ETA
CASE_00004622,2024-12-05T10:34:13Z,REQ_0005720,RETRO_AUDIT
CASE_00004623,2024-09-10T19:18:16Z,REQ_0005721,OPERATIONAL_ETA
CASE_00004624,2025-03-07T02:30:11Z,REQ_0005722,OPERATIONAL_ETA
CASE_00004624,2025-03-05T09:35:29Z,REQ_0005723,OPERATIONAL_ETA
CASE_00004625,2024-11-20T13:16:02Z,REQ_0005724,OPERATIONAL_ETA
CASE_00004625,2024-11-18T21:11:15Z,REQ_0005725,OPERATIONAL_ETA
CASE_00004626,2025-03-26T01:54:42Z,REQ_0005726,OPERATIONAL_ETA
CASE_00004627,2024-10-05T10:05:27Z,REQ_0005727,OPERATIONAL_ETA
CASE_00004627,2024-10-03T02:39:09Z,REQ_0005728,OPERATIONAL_ETA
CASE_00004628,2025-01-31T14:45:50Z,REQ_0005729,PILOT_CHECK
CASE_00004629,2025-01-15T18:30:19Z,REQ_0005730,PILOT_CHECK
CASE_00004630,2025-04-16T11:38:00Z,REQ_0005731,OPERATIONAL_ETA
CASE_00004631,2025-03-03T12:34:01Z,REQ_0005732,OPERATIONAL_ETA
CASE_00004631,2025-03-01T04:32:06Z,REQ_0005733,OPERATIONAL_ETA
CASE_00004632,2025-04-12T04:34:56Z,REQ_0005734,OPERATIONAL_ETA
CASE_00004633,2024-12-15T12:44:12Z,REQ_0005735,OPERATIONAL_ETA
CASE_00004634,2024-10-19T13:41:22Z,REQ_0005736,OPERATIONAL_ETA
CASE_00004634,2024-10-19T01:54:48Z,REQ_0005737,PILOT_CHECK
CASE_00004635,2025-02-09T14:40:15Z,REQ_0005738,PILOT_CHECK
CASE_00004636,2024-10-04T03:27:20Z,REQ_0005739,OPERATIONAL_ETA
CASE_00004637,2024-09-30T08:27:55Z,REQ_0005740,OPERATIONAL_ETA
CASE_00004638,2025-03-07T09:17:54Z,REQ_0005741,OPERATIONAL_ETA
CASE_00004638,2025-03-05T12:56:49Z,REQ_0005742,OPERATIONAL_ETA
CASE_00004639,2025-02-16T05:36:08Z,REQ_0005743,OPERATIONAL_ETA
CASE_00004640,2025-02-26T18:36:10Z,REQ_0005744,RETRO_AUDIT
CASE_00004640,2025-02-25T00:47:11Z,REQ_0005745,OPERATIONAL_ETA
CASE_00004641,2025-03-30T07:42:47Z,REQ_0005746,PILOT_CHECK
CASE_00004642,2025-02-07T14:14:27Z,REQ_0005747,OPERATIONAL_ETA
CASE_00004643,2025-02-07T14:40:43Z,REQ_0005748,OPERATIONAL_ETA
CASE_00004644,2024-11-03T14:03:59Z,REQ_0005749,OPERATIONAL_ETA
CASE_00004645,2025-04-19T11:55:44Z,REQ_0005750,OPERATIONAL_ETA
CASE_00004645,2025-04-17T13:31:30Z,REQ_0005751,OPERATIONAL_ETA
CASE_00004646,2025-04-12T22:58:10Z,REQ_0005752,OPERATIONAL_ETA
CASE_00004647,2025-02-22T21:54:54Z,REQ_0005753,OPERATIONAL_ETA
CASE_00004648,2025-04-29T05:13:44Z,REQ_0005754,OPERATIONAL_ETA
CASE_00004648,2025-04-26T08:06:46Z,REQ_0005755,OPERATIONAL_ETA
CASE_00004649,2025-01-30T12:51:16Z,REQ_0005756,OPERATIONAL_ETA
CASE_00004650,2024-10-14T01:55:23Z,REQ_0005757,OPERATIONAL_ETA
CASE_00004651,2025-01-30T23:03:51Z,REQ_0005758,OPERATIONAL_ETA
CASE_00004652,2025-03-24T12:38:45Z,REQ_0005759,OPERATIONAL_ETA
CASE_00004653,2024-11-16T09:37:11Z,REQ_0005760,OPERATIONAL_ETA
CASE_00004654,2024-11-24T04:50:51Z,REQ_0005761,OPERATIONAL_ETA
CASE_00004655,2025-03-17T08:17:26Z,REQ_0005762,PILOT_CHECK
CASE_00004656,2024-10-01T04:33:01Z,REQ_0005763,OPERATIONAL_ETA
CASE_00004657,2025-01-03T18:23:27Z,REQ_0005764,OPERATIONAL_ETA
CASE_00004658,2025-02-02T13:59:08Z,REQ_0005765,OPERATIONAL_ETA
CASE_00004658,2025-02-01T13:10:01Z,REQ_0005766,OPERATIONAL_ETA
CASE_00004659,2024-10-03T03:48:58Z,REQ_0005767,OPERATIONAL_ETA
CASE_00004660,2024-10-15T00:21:43Z,REQ_0005768,OPERATIONAL_ETA
CASE_00004660,2024-10-14T03:56:43Z,REQ_0005769,OPERATIONAL_ETA
CASE_00004661,2024-11-23T21:39:57Z,REQ_0005770,OPERATIONAL_ETA
CASE_00004662,2025-03-16T08:55:39Z,REQ_0005771,OPERATIONAL_ETA
CASE_00004663,2025-01-06T01:56:55Z,REQ_0005772,OPERATIONAL_ETA
CASE_00004664,2025-02-21T13:13:05Z,REQ_0005773,OPERATIONAL_ETA
CASE_00004664,2025-02-20T04:02:08Z,REQ_0005774,OPERATIONAL_ETA
CASE_00004665,2024-10-16T02:11:37Z,REQ_0005775,OPERATIONAL_ETA
CASE_00004666,2024-11-05T02:26:15Z,REQ_0005776,OPERATIONAL_ETA
CASE_00004667,2025-02-24T15:30:36Z,REQ_0005777,OPERATIONAL_ETA
CASE_00004667,2025-02-22T02:05:45Z,REQ_0005778,OPERATIONAL_ETA
CASE_00004668,2025-02-27T02:51:46Z,REQ_0005779,OPERATIONAL_ETA
CASE_00004668,2025-02-25T01:28:41Z,REQ_0005780,OPERATIONAL_ETA
CASE_00004669,2025-01-20T04:03:36Z,REQ_0005781,OPERATIONAL_ETA
CASE_00004670,2024-09-16T00:55:55Z,REQ_0005782,OPERATIONAL_ETA
CASE_00004670,2024-09-13T15:43:00Z,REQ_0005783,OPERATIONAL_ETA
CASE_00004671,2024-12-22T11:47:01Z,REQ_0005784,OPERATIONAL_ETA
CASE_00004671,2024-12-21T05:42:27Z,REQ_0005785,OPERATIONAL_ETA
CASE_00004672,2024-12-14T07:26:16Z,REQ_0005786,OPERATIONAL_ETA
CASE_00004673,2024-09-29T11:42:59Z,REQ_0005787,OPERATIONAL_ETA
CASE_00004674,2024-11-22T16:06:26Z,REQ_0005788,OPERATIONAL_ETA
CASE_00004675,2025-04-26T03:50:28Z,REQ_0005789,OPERATIONAL_ETA
CASE_00004676,2025-02-08T13:09:26Z,REQ_0005790,RETRO_AUDIT
CASE_00004677,2024-11-23T14:37:22Z,REQ_0005791,OPERATIONAL_ETA
CASE_00004678,2025-02-04T22:51:18Z,REQ_0005792,OPERATIONAL_ETA
CASE_00004679,2024-09-06T20:32:03Z,REQ_0005793,OPERATIONAL_ETA
CASE_00004679,2024-09-04T09:24:08Z,REQ_0005794,OPERATIONAL_ETA
CASE_00004680,2024-10-16T01:40:47Z,REQ_0005795,RETRO_AUDIT
CASE_00004681,2025-01-24T15:21:52Z,REQ_0005796,OPERATIONAL_ETA
CASE_00004681,2025-01-23T15:36:44Z,REQ_0005797,OPERATIONAL_ETA
CASE_00004682,2024-09-11T14:53:25Z,REQ_0005798,OPERATIONAL_ETA
CASE_00004683,2025-01-08T21:06:00Z,REQ_0005799,OPERATIONAL_ETA
CASE_00004684,2024-09-08T01:59:38Z,REQ_0005800,OPERATIONAL_ETA
CASE_00004685,2025-04-29T04:43:05Z,REQ_0005801,PILOT_CHECK
CASE_00004685,2025-04-28T11:55:52Z,REQ_0005802,OPERATIONAL_ETA
CASE_00004686,2025-01-22T15:41:00Z,REQ_0005803,OPERATIONAL_ETA
CASE_00004687,2024-12-01T19:13:01Z,REQ_0005804,OPERATIONAL_ETA
CASE_00004688,2025-04-28T16:10:39Z,REQ_0005805,OPERATIONAL_ETA
CASE_00004689,2025-02-15T10:50:55Z,REQ_0005806,OPERATIONAL_ETA
CASE_00004689,2025-02-14T00:15:11Z,REQ_0005807,OPERATIONAL_ETA
CASE_00004690,2025-04-05T16:14:46Z,REQ_0005808,RETRO_AUDIT
CASE_00004691,2025-03-06T23:02:58Z,REQ_0005809,OPERATIONAL_ETA
CASE_00004691,2025-03-06T05:34:30Z,REQ_0005810,OPERATIONAL_ETA
CASE_00004692,2025-01-25T11:38:21Z,REQ_0005811,OPERATIONAL_ETA
CASE_00004693,2024-10-12T11:56:06Z,REQ_0005812,OPERATIONAL_ETA
CASE_00004694,2025-04-03T23:01:29Z,REQ_0005813,OPERATIONAL_ETA
CASE_00004695,2024-11-28T11:57:45Z,REQ_0005814,OPERATIONAL_ETA
CASE_00004696,2025-03-31T06:17:34Z,REQ_0005815,OPERATIONAL_ETA
CASE_00004697,2024-10-24T04:36:30Z,REQ_0005816,OPERATIONAL_ETA
CASE_00004698,2025-05-03T14:43:53Z,REQ_0005817,PILOT_CHECK
CASE_00004699,2024-12-12T23:15:39Z,REQ_0005818,RETRO_AUDIT
CASE_00004700,2024-09-21T16:30:28Z,REQ_0005819,OPERATIONAL_ETA
CASE_00004701,2025-04-25T23:33:12Z,REQ_0005820,RETRO_AUDIT
CASE_00004702,2025-03-31T14:43:19Z,REQ_0005821,OPERATIONAL_ETA
CASE_00004702,2025-03-30T03:30:23Z,REQ_0005822,OPERATIONAL_ETA
CASE_00004703,2025-03-21T07:31:09Z,REQ_0005823,OPERATIONAL_ETA
CASE_00004704,2025-02-27T09:13:31Z,REQ_0005824,OPERATIONAL_ETA
CASE_00004705,2025-02-26T02:42:47Z,REQ_0005825,PILOT_CHECK
CASE_00004705,2025-02-23T07:43:57Z,REQ_0005826,OPERATIONAL_ETA
CASE_00004706,2025-04-20T06:25:52Z,REQ_0005827,OPERATIONAL_ETA
CASE_00004706,2025-04-19T01:10:55Z,REQ_0005828,OPERATIONAL_ETA
CASE_00004707,2025-03-18T08:48:57Z,REQ_0005829,OPERATIONAL_ETA
CASE_00004707,2025-03-16T14:37:50Z,REQ_0005830,RETRO_AUDIT
CASE_00004708,2025-02-17T03:12:33Z,REQ_0005831,OPERATIONAL_ETA
CASE_00004709,2025-03-15T13:58:25Z,REQ_0005832,OPERATIONAL_ETA
CASE_00004710,2024-11-15T11:26:21Z,REQ_0005833,OPERATIONAL_ETA
CASE_00004710,2024-11-13T13:18:46Z,REQ_0005834,OPERATIONAL_ETA
CASE_00004711,2024-10-11T14:17:05Z,REQ_0005835,OPERATIONAL_ETA
CASE_00004712,2024-12-16T09:49:11Z,REQ_0005836,OPERATIONAL_ETA
CASE_00004712,2024-12-15T13:10:42Z,REQ_0005837,OPERATIONAL_ETA
CASE_00004713,2024-10-15T09:32:33Z,REQ_0005838,OPERATIONAL_ETA
CASE_00004714,2025-03-19T13:09:38Z,REQ_0005839,OPERATIONAL_ETA
CASE_00004715,2024-11-05T02:02:32Z,REQ_0005840,OPERATIONAL_ETA
CASE_00004716,2024-12-23T14:44:02Z,REQ_0005841,RETRO_AUDIT
CASE_00004717,2025-01-11T03:56:52Z,REQ_0005842,OPERATIONAL_ETA
CASE_00004718,2025-01-17T18:17:10Z,REQ_0005843,PILOT_CHECK
CASE_00004719,2025-04-03T07:05:48Z,REQ_0005844,OPERATIONAL_ETA
CASE_00004720,2025-05-01T10:23:59Z,REQ_0005845,RETRO_AUDIT
CASE_00004721,2025-02-22T05:43:22Z,REQ_0005846,PILOT_CHECK
CASE_00004722,2024-11-05T09:41:03Z,REQ_0005847,OPERATIONAL_ETA
CASE_00004723,2025-01-07T02:23:25Z,REQ_0005848,OPERATIONAL_ETA
CASE_00004724,2024-09-27T07:35:43Z,REQ_0005849,OPERATIONAL_ETA
CASE_00004725,2025-04-03T09:31:00Z,REQ_0005850,OPERATIONAL_ETA
CASE_00004726,2024-09-24T00:23:55Z,REQ_0005851,PILOT_CHECK
CASE_00004726,2024-09-23T12:00:17Z,REQ_0005852,OPERATIONAL_ETA
CASE_00004727,2024-12-15T10:39:02Z,REQ_0005853,OPERATIONAL_ETA
CASE_00004728,2024-11-02T22:46:08Z,REQ_0005854,OPERATIONAL_ETA
CASE_00004729,2024-10-01T19:04:34Z,REQ_0005855,OPERATIONAL_ETA
CASE_00004730,2024-12-07T14:27:23Z,REQ_0005856,OPERATIONAL_ETA
CASE_00004731,2024-11-20T00:43:12Z,REQ_0005857,OPERATIONAL_ETA
CASE_00004732,2024-09-09T15:58:55Z,REQ_0005858,OPERATIONAL_ETA
CASE_00004733,2025-01-10T02:54:17Z,REQ_0005859,OPERATIONAL_ETA
CASE_00004734,2024-09-14T18:05:47Z,REQ_0005860,OPERATIONAL_ETA
CASE_00004734,2024-09-12T15:23:02Z,REQ_0005861,PILOT_CHECK
CASE_00004735,2025-02-26T13:44:10Z,REQ_0005862,OPERATIONAL_ETA
CASE_00004736,2024-11-04T16:07:48Z,REQ_0005863,RETRO_AUDIT
CASE_00004737,2025-01-13T18:45:14Z,REQ_0005864,OPERATIONAL_ETA
CASE_00004737,2025-01-13T05:17:30Z,REQ_0005865,OPERATIONAL_ETA
CASE_00004738,2025-01-30T07:23:35Z,REQ_0005866,OPERATIONAL_ETA
CASE_00004739,2024-11-17T16:59:26Z,REQ_0005867,OPERATIONAL_ETA
CASE_00004740,2024-10-26T15:26:05Z,REQ_0005868,OPERATIONAL_ETA
CASE_00004740,2024-10-26T03:27:24Z,REQ_0005869,OPERATIONAL_ETA
CASE_00004741,2025-01-05T20:25:08Z,REQ_0005870,RETRO_AUDIT
CASE_00004742,2025-02-24T15:34:30Z,REQ_0005871,OPERATIONAL_ETA
CASE_00004743,2025-02-19T07:39:31Z,REQ_0005872,OPERATIONAL_ETA
CASE_00004743,2025-02-17T15:34:02Z,REQ_0005873,OPERATIONAL_ETA
CASE_00004744,2024-10-04T05:51:09Z,REQ_0005874,OPERATIONAL_ETA
CASE_00004745,2025-02-03T06:54:23Z,REQ_0005875,OPERATIONAL_ETA
CASE_00004745,2025-01-31T23:36:30Z,REQ_0005876,OPERATIONAL_ETA
CASE_00004746,2025-04-27T04:19:57Z,REQ_0005877,OPERATIONAL_ETA
CASE_00004747,2025-04-29T11:00:18Z,REQ_0005878,RETRO_AUDIT
CASE_00004748,2025-01-17T12:28:07Z,REQ_0005879,PILOT_CHECK
CASE_00004749,2025-04-21T21:02:29Z,REQ_0005880,OPERATIONAL_ETA
CASE_00004749,2025-04-19T08:28:12Z,REQ_0005881,OPERATIONAL_ETA
CASE_00004750,2024-10-19T14:45:33Z,REQ_0005882,RETRO_AUDIT
CASE_00004751,2025-03-30T00:56:48Z,REQ_0005883,OPERATIONAL_ETA
CASE_00004752,2024-12-02T19:31:50Z,REQ_0005884,OPERATIONAL_ETA
CASE_00004753,2024-10-13T02:57:44Z,REQ_0005885,OPERATIONAL_ETA
CASE_00004754,2024-11-26T14:01:24Z,REQ_0005886,PILOT_CHECK
CASE_00004755,2025-01-11T23:36:29Z,REQ_0005887,OPERATIONAL_ETA
CASE_00004755,2025-01-10T12:09:49Z,REQ_0005888,OPERATIONAL_ETA
CASE_00004756,2025-04-05T05:51:54Z,REQ_0005889,OPERATIONAL_ETA
CASE_00004757,2024-10-30T16:12:59Z,REQ_0005890,OPERATIONAL_ETA
CASE_00004758,2025-01-11T09:45:42Z,REQ_0005891,PILOT_CHECK
CASE_00004759,2024-11-04T06:10:31Z,REQ_0005892,OPERATIONAL_ETA
CASE_00004759,2024-11-02T08:56:22Z,REQ_0005893,OPERATIONAL_ETA
CASE_00004760,2024-12-24T03:33:40Z,REQ_0005894,OPERATIONAL_ETA
CASE_00004761,2025-02-11T02:50:01Z,REQ_0005895,OPERATIONAL_ETA
CASE_00004762,2024-11-11T10:33:31Z,REQ_0005896,OPERATIONAL_ETA
CASE_00004763,2025-02-09T11:58:57Z,REQ_0005897,OPERATIONAL_ETA
CASE_00004764,2024-10-30T12:58:01Z,REQ_0005898,OPERATIONAL_ETA
CASE_00004765,2024-12-25T13:25:10Z,REQ_0005899,OPERATIONAL_ETA
CASE_00004765,2024-12-24T06:30:36Z,REQ_0005900,OPERATIONAL_ETA
CASE_00004766,2024-10-31T09:16:43Z,REQ_0005901,OPERATIONAL_ETA
CASE_00004766,2024-10-29T12:11:51Z,REQ_0005902,PILOT_CHECK
CASE_00004767,2024-11-30T13:03:06Z,REQ_0005903,PILOT_CHECK
CASE_00004768,2024-12-04T10:14:29Z,REQ_0005904,RETRO_AUDIT
CASE_00004769,2024-11-29T01:15:15Z,REQ_0005905,OPERATIONAL_ETA
CASE_00004770,2025-02-10T12:18:25Z,REQ_0005906,OPERATIONAL_ETA
CASE_00004771,2025-04-11T22:38:38Z,REQ_0005907,PILOT_CHECK
CASE_00004772,2024-12-13T18:03:14Z,REQ_0005908,OPERATIONAL_ETA
CASE_00004773,2024-11-12T01:58:43Z,REQ_0005909,OPERATIONAL_ETA
CASE_00004774,2025-01-10T01:31:52Z,REQ_0005910,OPERATIONAL_ETA
CASE_00004775,2025-04-30T02:49:07Z,REQ_0005911,OPERATIONAL_ETA
CASE_00004776,2025-02-05T08:04:45Z,REQ_0005912,OPERATIONAL_ETA
CASE_00004777,2025-04-02T16:36:38Z,REQ_0005913,OPERATIONAL_ETA
CASE_00004778,2025-04-09T04:56:53Z,REQ_0005914,OPERATIONAL_ETA
CASE_00004779,2024-09-10T10:43:45Z,REQ_0005915,OPERATIONAL_ETA
CASE_00004780,2024-09-04T20:57:20Z,REQ_0005916,RETRO_AUDIT
CASE_00004781,2024-11-06T17:43:49Z,REQ_0005917,OPERATIONAL_ETA
CASE_00004781,2024-11-05T20:25:30Z,REQ_0005918,OPERATIONAL_ETA
CASE_00004782,2024-09-05T11:42:51Z,REQ_0005919,OPERATIONAL_ETA
CASE_00004783,2024-10-13T01:31:51Z,REQ_0005920,OPERATIONAL_ETA
CASE_00004784,2025-03-08T01:07:20Z,REQ_0005921,OPERATIONAL_ETA
CASE_00004785,2025-03-10T02:12:44Z,REQ_0005922,OPERATIONAL_ETA
CASE_00004786,2024-10-14T21:54:24Z,REQ_0005923,OPERATIONAL_ETA
CASE_00004787,2025-02-08T16:19:26Z,REQ_0005924,OPERATIONAL_ETA
CASE_00004788,2024-09-19T08:16:33Z,REQ_0005925,OPERATIONAL_ETA
CASE_00004789,2025-04-30T07:08:17Z,REQ_0005926,OPERATIONAL_ETA
CASE_00004790,2025-03-07T06:21:44Z,REQ_0005927,OPERATIONAL_ETA
CASE_00004790,2025-03-05T22:28:17Z,REQ_0005928,OPERATIONAL_ETA
CASE_00004791,2025-04-03T16:14:27Z,REQ_0005929,PILOT_CHECK
CASE_00004791,2025-04-02T12:06:24Z,REQ_0005930,RETRO_AUDIT
CASE_00004792,2024-09-12T07:41:42Z,REQ_0005931,OPERATIONAL_ETA
CASE_00004793,2025-03-25T16:21:43Z,REQ_0005932,OPERATIONAL_ETA
CASE_00004793,2025-03-22T21:53:23Z,REQ_0005933,OPERATIONAL_ETA
CASE_00004794,2025-03-19T15:02:23Z,REQ_0005934,OPERATIONAL_ETA
CASE_00004795,2024-12-20T23:50:25Z,REQ_0005935,OPERATIONAL_ETA
CASE_00004796,2024-11-22T00:55:41Z,REQ_0005936,OPERATIONAL_ETA
CASE_00004797,2024-09-18T23:28:10Z,REQ_0005937,OPERATIONAL_ETA
CASE_00004798,2024-10-15T20:46:09Z,REQ_0005938,PILOT_CHECK
CASE_00004799,2025-01-03T14:32:52Z,REQ_0005939,OPERATIONAL_ETA
CASE_00004800,2025-04-27T18:29:40Z,REQ_0005940,OPERATIONAL_ETA
CASE_00004800,2025-04-27T10:34:40Z,REQ_0005941,OPERATIONAL_ETA
CASE_00004801,2025-01-03T16:21:19Z,REQ_0005942,OPERATIONAL_ETA
CASE_00004801,2025-01-01T15:24:54Z,REQ_0005943,OPERATIONAL_ETA
CASE_00004802,2024-09-03T09:03:41Z,REQ_0005944,OPERATIONAL_ETA
CASE_00004803,2025-03-01T00:13:54Z,REQ_0005945,PILOT_CHECK
CASE_00004804,2024-09-05T09:18:32Z,REQ_0005946,OPERATIONAL_ETA
CASE_00004805,2025-05-04T15:56:19Z,REQ_0005947,OPERATIONAL_ETA
CASE_00004806,2024-10-24T01:14:57Z,REQ_0005948,PILOT_CHECK
CASE_00004807,2025-02-12T01:10:08Z,REQ_0005949,PILOT_CHECK
CASE_00004808,2025-01-15T04:13:44Z,REQ_0005950,OPERATIONAL_ETA
CASE_00004808,2025-01-14T06:11:42Z,REQ_0005951,OPERATIONAL_ETA
CASE_00004809,2024-10-23T07:36:17Z,REQ_0005952,OPERATIONAL_ETA
CASE_00004809,2024-10-22T15:00:19Z,REQ_0005953,OPERATIONAL_ETA
CASE_00004810,2025-03-09T18:15:44Z,REQ_0005954,OPERATIONAL_ETA
CASE_00004811,2024-10-21T15:47:18Z,REQ_0005955,OPERATIONAL_ETA
CASE_00004812,2025-02-17T00:35:36Z,REQ_0005956,OPERATIONAL_ETA
CASE_00004813,2025-03-26T08:35:04Z,REQ_0005957,OPERATIONAL_ETA
CASE_00004814,2025-04-08T06:49:41Z,REQ_0005958,OPERATIONAL_ETA
CASE_00004814,2025-04-07T09:58:31Z,REQ_0005959,OPERATIONAL_ETA
CASE_00004815,2025-03-01T10:11:22Z,REQ_0005960,OPERATIONAL_ETA
CASE_00004816,2025-04-02T15:55:21Z,REQ_0005961,OPERATIONAL_ETA
CASE_00004817,2025-04-15T13:33:57Z,REQ_0005962,OPERATIONAL_ETA
CASE_00004818,2025-01-06T02:35:17Z,REQ_0005963,OPERATIONAL_ETA
CASE_00004818,2025-01-04T18:25:01Z,REQ_0005964,OPERATIONAL_ETA
CASE_00004819,2024-11-01T14:41:13Z,REQ_0005965,OPERATIONAL_ETA
CASE_00004820,2024-11-25T14:58:52Z,REQ_0005966,RETRO_AUDIT
CASE_00004821,2024-11-11T16:56:50Z,REQ_0005967,OPERATIONAL_ETA
CASE_00004822,2024-09-16T11:22:45Z,REQ_0005968,OPERATIONAL_ETA
CASE_00004822,2024-09-15T00:10:06Z,REQ_0005969,OPERATIONAL_ETA
CASE_00004823,2025-03-03T05:24:17Z,REQ_0005970,OPERATIONAL_ETA
CASE_00004823,2025-03-02T05:20:00Z,REQ_0005971,OPERATIONAL_ETA
CASE_00004824,2025-02-05T16:09:06Z,REQ_0005972,OPERATIONAL_ETA
CASE_00004825,2025-04-14T01:26:41Z,REQ_0005973,OPERATIONAL_ETA
CASE_00004825,2025-04-10T20:46:31Z,REQ_0005974,OPERATIONAL_ETA
CASE_00004826,2025-02-20T22:37:26Z,REQ_0005975,RETRO_AUDIT
CASE_00004827,2025-04-30T16:02:59Z,REQ_0005976,OPERATIONAL_ETA
CASE_00004828,2025-01-14T11:46:17Z,REQ_0005977,OPERATIONAL_ETA
CASE_00004829,2024-11-09T02:16:35Z,REQ_0005978,PILOT_CHECK
CASE_00004830,2025-04-10T18:43:31Z,REQ_0005979,OPERATIONAL_ETA
CASE_00004831,2024-12-28T04:32:27Z,REQ_0005980,OPERATIONAL_ETA
CASE_00004832,2025-01-25T17:51:08Z,REQ_0005981,PILOT_CHECK
CASE_00004833,2025-02-24T16:55:42Z,REQ_0005982,PILOT_CHECK
CASE_00004834,2024-09-24T19:44:04Z,REQ_0005983,RETRO_AUDIT
CASE_00004835,2024-10-27T13:23:56Z,REQ_0005984,OPERATIONAL_ETA
CASE_00004836,2024-10-24T04:16:39Z,REQ_0005985,OPERATIONAL_ETA
CASE_00004837,2024-09-24T10:31:53Z,REQ_0005986,OPERATIONAL_ETA
CASE_00004838,2025-01-31T06:55:44Z,REQ_0005987,OPERATIONAL_ETA
CASE_00004839,2024-11-28T22:56:09Z,REQ_0005988,RETRO_AUDIT
CASE_00004840,2025-01-10T00:15:29Z,REQ_0005989,OPERATIONAL_ETA
CASE_00004841,2025-04-24T12:46:49Z,REQ_0005990,OPERATIONAL_ETA
CASE_00004842,2025-03-16T16:06:03Z,REQ_0005991,OPERATIONAL_ETA
CASE_00004843,2024-10-10T05:46:46Z,REQ_0005992,OPERATIONAL_ETA
CASE_00004843,2024-10-09T10:40:12Z,REQ_0005993,RETRO_AUDIT
CASE_00004844,2024-10-22T21:49:26Z,REQ_0005994,OPERATIONAL_ETA
CASE_00004845,2024-09-12T02:52:14Z,REQ_0005995,OPERATIONAL_ETA
CASE_00004846,2024-10-23T15:31:35Z,REQ_0005996,RETRO_AUDIT
CASE_00004846,2024-10-22T08:15:38Z,REQ_0005997,OPERATIONAL_ETA
CASE_00004847,2025-02-22T00:19:14Z,REQ_0005998,OPERATIONAL_ETA
CASE_00004848,2025-04-11T08:42:39Z,REQ_0005999,OPERATIONAL_ETA
CASE_00004849,2024-12-28T04:24:33Z,REQ_0006000,OPERATIONAL_ETA
CASE_00004850,2025-04-17T11:06:27Z,REQ_0006001,OPERATIONAL_ETA
CASE_00004851,2024-11-22T19:11:43Z,REQ_0006002,OPERATIONAL_ETA
CASE_00004852,2025-03-14T00:31:58Z,REQ_0006003,PILOT_CHECK
CASE_00004853,2024-09-18T08:47:09Z,REQ_0006004,OPERATIONAL_ETA
CASE_00004854,2025-04-07T09:33:29Z,REQ_0006005,OPERATIONAL_ETA
CASE_00004855,2024-10-22T16:43:57Z,REQ_0006006,OPERATIONAL_ETA
CASE_00004855,2024-10-21T22:57:27Z,REQ_0006007,OPERATIONAL_ETA
CASE_00004856,2024-11-15T02:04:37Z,REQ_0006008,OPERATIONAL_ETA
CASE_00004856,2024-11-13T19:20:05Z,REQ_0006009,OPERATIONAL_ETA
CASE_00004857,2025-01-07T20:57:24Z,REQ_0006010,OPERATIONAL_ETA
CASE_00004858,2025-04-23T18:30:29Z,REQ_0006011,OPERATIONAL_ETA
CASE_00004858,2025-04-22T17:24:26Z,REQ_0006012,OPERATIONAL_ETA
CASE_00004859,2025-04-01T08:07:44Z,REQ_0006013,OPERATIONAL_ETA
CASE_00004860,2024-10-07T19:22:09Z,REQ_0006014,OPERATIONAL_ETA
CASE_00004861,2025-03-24T00:41:12Z,REQ_0006015,PILOT_CHECK
CASE_00004862,2025-02-05T16:08:57Z,REQ_0006016,OPERATIONAL_ETA
CASE_00004862,2025-02-04T09:47:29Z,REQ_0006017,OPERATIONAL_ETA
CASE_00004863,2024-11-06T09:42:14Z,REQ_0006018,OPERATIONAL_ETA
CASE_00004864,2025-04-05T20:58:53Z,REQ_0006019,PILOT_CHECK
CASE_00004865,2025-01-03T19:27:21Z,REQ_0006020,RETRO_AUDIT
CASE_00004866,2024-10-26T07:49:06Z,REQ_0006021,OPERATIONAL_ETA
CASE_00004866,2024-10-24T10:48:02Z,REQ_0006022,OPERATIONAL_ETA
CASE_00004867,2024-10-28T02:06:59Z,REQ_0006023,OPERATIONAL_ETA
CASE_00004868,2025-02-18T13:56:06Z,REQ_0006024,RETRO_AUDIT
CASE_00004869,2025-01-24T18:35:47Z,REQ_0006025,OPERATIONAL_ETA
CASE_00004870,2024-12-14T04:31:19Z,REQ_0006026,OPERATIONAL_ETA
CASE_00004871,2025-03-10T17:02:25Z,REQ_0006027,RETRO_AUDIT
CASE_00004872,2025-03-09T15:53:22Z,REQ_0006028,OPERATIONAL_ETA
CASE_00004872,2025-03-08T19:45:52Z,REQ_0006029,OPERATIONAL_ETA
CASE_00004873,2024-10-13T18:51:46Z,REQ_0006030,PILOT_CHECK
CASE_00004874,2024-09-18T09:31:19Z,REQ_0006031,RETRO_AUDIT
CASE_00004875,2025-01-19T06:14:32Z,REQ_0006032,OPERATIONAL_ETA
CASE_00004876,2025-01-30T21:46:54Z,REQ_0006033,OPERATIONAL_ETA
CASE_00004877,2024-09-08T16:23:50Z,REQ_0006034,RETRO_AUDIT
CASE_00004878,2025-05-02T10:12:25Z,REQ_0006035,PILOT_CHECK
CASE_00004879,2024-09-18T08:53:08Z,REQ_0006036,OPERATIONAL_ETA
CASE_00004880,2024-10-07T16:24:18Z,REQ_0006037,OPERATIONAL_ETA
CASE_00004881,2024-09-24T22:29:07Z,REQ_0006038,OPERATIONAL_ETA
CASE_00004882,2024-12-14T01:11:01Z,REQ_0006039,OPERATIONAL_ETA
CASE_00004883,2024-11-06T01:09:22Z,REQ_0006040,OPERATIONAL_ETA
CASE_00004884,2025-03-28T16:13:30Z,REQ_0006041,OPERATIONAL_ETA
CASE_00004884,2025-03-27T17:35:12Z,REQ_0006042,OPERATIONAL_ETA
CASE_00004885,2025-04-30T06:51:04Z,REQ_0006043,OPERATIONAL_ETA
CASE_00004886,2025-01-24T00:02:21Z,REQ_0006044,OPERATIONAL_ETA
CASE_00004887,2024-09-28T18:16:11Z,REQ_0006045,OPERATIONAL_ETA
CASE_00004888,2025-01-05T07:10:44Z,REQ_0006046,PILOT_CHECK
CASE_00004889,2025-02-27T05:00:55Z,REQ_0006047,RETRO_AUDIT
CASE_00004890,2025-05-01T02:34:35Z,REQ_0006048,OPERATIONAL_ETA
CASE_00004891,2025-01-29T13:00:35Z,REQ_0006049,OPERATIONAL_ETA
CASE_00004892,2025-02-16T08:19:36Z,REQ_0006050,OPERATIONAL_ETA
CASE_00004893,2024-09-15T17:34:39Z,REQ_0006051,OPERATIONAL_ETA
CASE_00004894,2024-12-13T17:24:21Z,REQ_0006052,OPERATIONAL_ETA
CASE_00004895,2025-01-14T14:55:47Z,REQ_0006053,OPERATIONAL_ETA
CASE_00004896,2025-05-03T01:34:17Z,REQ_0006054,OPERATIONAL_ETA
CASE_00004897,2025-05-05T08:16:14Z,REQ_0006055,OPERATIONAL_ETA
CASE_00004898,2025-03-25T20:36:01Z,REQ_0006056,OPERATIONAL_ETA
CASE_00004899,2025-04-11T09:17:46Z,REQ_0006057,PILOT_CHECK
CASE_00004900,2025-01-11T02:56:23Z,REQ_0006058,OPERATIONAL_ETA
CASE_00004901,2025-02-22T19:51:59Z,REQ_0006059,OPERATIONAL_ETA
CASE_00004902,2024-09-10T04:56:28Z,REQ_0006060,RETRO_AUDIT
CASE_00004903,2025-02-27T11:07:25Z,REQ_0006061,OPERATIONAL_ETA
CASE_00004904,2025-05-08T14:47:24Z,REQ_0006062,OPERATIONAL_ETA
CASE_00004905,2024-11-24T12:20:17Z,REQ_0006063,OPERATIONAL_ETA
CASE_00004906,2025-03-02T07:02:16Z,REQ_0006064,OPERATIONAL_ETA
CASE_00004907,2024-11-24T11:09:59Z,REQ_0006065,OPERATIONAL_ETA
CASE_00004908,2025-04-11T02:12:55Z,REQ_0006066,OPERATIONAL_ETA
CASE_00004909,2025-01-07T16:32:49Z,REQ_0006067,OPERATIONAL_ETA
CASE_00004910,2024-10-23T15:17:10Z,REQ_0006068,OPERATIONAL_ETA
CASE_00004911,2024-10-02T09:53:23Z,REQ_0006069,PILOT_CHECK
CASE_00004912,2024-09-18T06:18:29Z,REQ_0006070,OPERATIONAL_ETA
CASE_00004913,2025-05-03T11:51:30Z,REQ_0006071,RETRO_AUDIT
CASE_00004914,2025-03-18T21:23:36Z,REQ_0006072,OPERATIONAL_ETA
CASE_00004915,2024-12-21T17:57:24Z,REQ_0006073,RETRO_AUDIT
CASE_00004916,2025-03-14T15:19:07Z,REQ_0006074,OPERATIONAL_ETA
CASE_00004917,2024-12-21T04:42:14Z,REQ_0006075,OPERATIONAL_ETA
CASE_00004918,2025-03-15T15:21:27Z,REQ_0006076,PILOT_CHECK
CASE_00004919,2024-09-14T23:44:00Z,REQ_0006077,OPERATIONAL_ETA
CASE_00004920,2024-11-11T23:42:52Z,REQ_0006078,OPERATIONAL_ETA
CASE_00004921,2024-12-27T08:38:38Z,REQ_0006079,OPERATIONAL_ETA
CASE_00004922,2024-10-17T04:43:36Z,REQ_0006080,OPERATIONAL_ETA
CASE_00004923,2024-11-11T03:28:53Z,REQ_0006081,RETRO_AUDIT
CASE_00004924,2025-04-13T08:59:13Z,REQ_0006082,OPERATIONAL_ETA
CASE_00004925,2025-02-10T05:40:39Z,REQ_0006083,OPERATIONAL_ETA
CASE_00004926,2024-12-11T00:53:35Z,REQ_0006084,OPERATIONAL_ETA
CASE_00004927,2024-10-27T02:24:38Z,REQ_0006085,OPERATIONAL_ETA
CASE_00004928,2024-11-18T17:54:51Z,REQ_0006086,RETRO_AUDIT
CASE_00004929,2026-03-20T17:35:52Z,REQ_0006087,OPERATIONAL_ETA
CASE_00004930,2026-04-15T16:32:30Z,REQ_0006088,RETRO_AUDIT
CASE_00004931,2025-12-15T13:13:05Z,REQ_0006089,RETRO_AUDIT
CASE_00004932,2025-09-05T15:13:50Z,REQ_0006090,PILOT_CHECK
CASE_00004932,2025-09-03T05:54:17Z,REQ_0006091,OPERATIONAL_ETA
CASE_00004933,2025-10-31T06:30:45Z,REQ_0006092,OPERATIONAL_ETA
CASE_00004934,2026-04-03T10:32:38Z,REQ_0006093,PILOT_CHECK
CASE_00004934,2026-04-02T21:49:10Z,REQ_0006094,OPERATIONAL_ETA
CASE_00004935,2026-03-23T09:04:41Z,REQ_0006095,OPERATIONAL_ETA
CASE_00004936,2025-07-15T23:53:35Z,REQ_0006096,OPERATIONAL_ETA
CASE_00004937,2026-05-26T06:29:56Z,REQ_0006097,OPERATIONAL_ETA
CASE_00004938,2025-12-12T03:51:45Z,REQ_0006098,PILOT_CHECK
CASE_00004938,2025-12-11T00:03:08Z,REQ_0006099,OPERATIONAL_ETA
CASE_00004939,2025-08-31T23:03:25Z,REQ_0006100,RETRO_AUDIT
CASE_00004939,2025-08-30T08:50:18Z,REQ_0006101,OPERATIONAL_ETA
CASE_00004940,2025-12-10T06:29:58Z,REQ_0006102,OPERATIONAL_ETA
CASE_00004940,2025-12-08T14:44:19Z,REQ_0006103,OPERATIONAL_ETA
CASE_00004941,2026-01-27T00:54:54Z,REQ_0006104,OPERATIONAL_ETA
CASE_00004942,2025-06-07T13:41:45Z,REQ_0006105,OPERATIONAL_ETA
CASE_00004942,2025-06-06T08:20:46Z,REQ_0006106,OPERATIONAL_ETA
CASE_00004943,2025-12-27T15:21:35Z,REQ_0006107,RETRO_AUDIT
CASE_00004944,2025-09-23T18:39:21Z,REQ_0006108,OPERATIONAL_ETA
CASE_00004945,2026-01-30T03:03:33Z,REQ_0006109,OPERATIONAL_ETA
CASE_00004946,2025-09-01T14:04:30Z,REQ_0006110,OPERATIONAL_ETA
CASE_00004946,2025-08-31T10:57:25Z,REQ_0006111,OPERATIONAL_ETA
CASE_00004947,2026-02-25T12:43:49Z,REQ_0006112,PILOT_CHECK
CASE_00004948,2025-08-14T13:26:00Z,REQ_0006113,OPERATIONAL_ETA
CASE_00004948,2025-08-13T02:20:24Z,REQ_0006114,OPERATIONAL_ETA
CASE_00004949,2026-01-02T01:06:14Z,REQ_0006115,OPERATIONAL_ETA
CASE_00004950,2025-12-20T17:13:25Z,REQ_0006116,OPERATIONAL_ETA
CASE_00004951,2025-09-21T07:14:57Z,REQ_0006117,OPERATIONAL_ETA
CASE_00004952,2026-05-20T08:05:03Z,REQ_0006118,PILOT_CHECK
CASE_00004953,2026-04-05T14:38:58Z,REQ_0006119,OPERATIONAL_ETA
CASE_00004954,2025-09-07T04:36:50Z,REQ_0006120,OPERATIONAL_ETA
CASE_00004954,2025-09-06T10:41:14Z,REQ_0006121,OPERATIONAL_ETA
CASE_00004955,2025-08-17T05:46:48Z,REQ_0006122,OPERATIONAL_ETA
CASE_00004955,2025-08-16T09:32:22Z,REQ_0006123,RETRO_AUDIT
CASE_00004956,2026-03-10T15:52:13Z,REQ_0006124,OPERATIONAL_ETA
CASE_00004957,2025-08-30T11:21:19Z,REQ_0006125,OPERATIONAL_ETA
CASE_00004958,2026-04-19T17:18:24Z,REQ_0006126,OPERATIONAL_ETA
CASE_00004959,2025-06-21T04:07:46Z,REQ_0006127,OPERATIONAL_ETA
CASE_00004959,2025-06-19T21:20:09Z,REQ_0006128,OPERATIONAL_ETA
CASE_00004960,2026-05-30T14:34:02Z,REQ_0006129,OPERATIONAL_ETA
CASE_00004961,2026-05-27T22:27:28Z,REQ_0006130,OPERATIONAL_ETA
CASE_00004961,2026-05-26T17:22:27Z,REQ_0006131,OPERATIONAL_ETA
CASE_00004962,2025-06-28T13:54:34Z,REQ_0006132,OPERATIONAL_ETA
CASE_00004963,2025-11-26T09:52:56Z,REQ_0006133,OPERATIONAL_ETA
CASE_00004964,2026-01-02T23:32:05Z,REQ_0006134,OPERATIONAL_ETA
CASE_00004965,2025-07-12T09:33:02Z,REQ_0006135,OPERATIONAL_ETA
CASE_00004965,2025-07-10T16:04:53Z,REQ_0006136,OPERATIONAL_ETA
CASE_00004966,2026-03-15T03:57:07Z,REQ_0006137,RETRO_AUDIT
CASE_00004966,2026-03-13T14:12:33Z,REQ_0006138,OPERATIONAL_ETA
CASE_00004967,2025-10-29T18:44:23Z,REQ_0006139,OPERATIONAL_ETA
CASE_00004968,2025-10-28T03:39:37Z,REQ_0006140,OPERATIONAL_ETA
CASE_00004969,2026-05-31T22:30:47Z,REQ_0006141,OPERATIONAL_ETA
CASE_00004969,2026-05-30T17:16:37Z,REQ_0006142,OPERATIONAL_ETA
CASE_00004970,2025-12-04T14:35:41Z,REQ_0006143,PILOT_CHECK
CASE_00004971,2025-07-24T13:52:36Z,REQ_0006144,OPERATIONAL_ETA
CASE_00004972,2026-02-13T10:37:42Z,REQ_0006145,OPERATIONAL_ETA
CASE_00004973,2026-04-06T20:17:31Z,REQ_0006146,OPERATIONAL_ETA
CASE_00004974,2025-11-07T16:42:52Z,REQ_0006147,OPERATIONAL_ETA
CASE_00004975,2026-03-13T03:24:17Z,REQ_0006148,OPERATIONAL_ETA
CASE_00004976,2026-03-25T08:54:38Z,REQ_0006149,RETRO_AUDIT
CASE_00004976,2026-03-24T13:51:39Z,REQ_0006150,OPERATIONAL_ETA
CASE_00004977,2025-08-02T02:54:08Z,REQ_0006151,OPERATIONAL_ETA
CASE_00004978,2026-02-04T11:20:44Z,REQ_0006152,OPERATIONAL_ETA
CASE_00004978,2026-02-02T17:03:09Z,REQ_0006153,OPERATIONAL_ETA
CASE_00004979,2025-09-12T01:52:06Z,REQ_0006154,OPERATIONAL_ETA
CASE_00004979,2025-09-10T16:03:54Z,REQ_0006155,OPERATIONAL_ETA
CASE_00004980,2025-06-18T01:12:02Z,REQ_0006156,OPERATIONAL_ETA
CASE_00004981,2026-03-31T12:35:15Z,REQ_0006157,OPERATIONAL_ETA
CASE_00004982,2025-08-17T18:18:32Z,REQ_0006158,OPERATIONAL_ETA
CASE_00004983,2026-05-01T10:11:50Z,REQ_0006159,OPERATIONAL_ETA
CASE_00004984,2026-04-13T16:35:07Z,REQ_0006160,OPERATIONAL_ETA
CASE_00004985,2025-07-19T08:20:21Z,REQ_0006161,RETRO_AUDIT
CASE_00004985,2025-07-17T20:01:34Z,REQ_0006162,OPERATIONAL_ETA
CASE_00004986,2026-03-02T09:02:45Z,REQ_0006163,OPERATIONAL_ETA
CASE_00004987,2026-01-02T04:48:12Z,REQ_0006164,PILOT_CHECK
CASE_00004987,2026-01-01T19:25:23Z,REQ_0006165,OPERATIONAL_ETA
CASE_00004988,2025-07-19T00:19:02Z,REQ_0006166,PILOT_CHECK
CASE_00004989,2025-11-23T09:54:25Z,REQ_0006167,OPERATIONAL_ETA
CASE_00004990,2025-09-20T04:30:00Z,REQ_0006168,OPERATIONAL_ETA
CASE_00004991,2025-10-26T12:36:31Z,REQ_0006169,OPERATIONAL_ETA
CASE_00004992,2026-01-27T18:07:12Z,REQ_0006170,OPERATIONAL_ETA
CASE_00004993,2026-01-24T01:33:46Z,REQ_0006171,OPERATIONAL_ETA
CASE_00004994,2026-04-14T09:47:10Z,REQ_0006172,OPERATIONAL_ETA
CASE_00004994,2026-04-12T11:12:55Z,REQ_0006173,PILOT_CHECK
CASE_00004995,2025-09-07T18:03:36Z,REQ_0006174,RETRO_AUDIT
CASE_00004996,2026-04-29T23:56:08Z,REQ_0006175,RETRO_AUDIT
CASE_00004997,2025-10-20T00:00:26Z,REQ_0006176,OPERATIONAL_ETA
CASE_00004998,2025-06-30T08:56:47Z,REQ_0006177,OPERATIONAL_ETA
CASE_00004998,2025-06-29T13:04:37Z,REQ_0006178,OPERATIONAL_ETA
CASE_00004999,2025-10-06T03:13:06Z,REQ_0006179,RETRO_AUDIT
CASE_00004999,2025-10-05T13:17:43Z,REQ_0006180,OPERATIONAL_ETA
CASE_00005000,2025-11-07T19:32:44Z,REQ_0006181,OPERATIONAL_ETA
CASE_00005001,2026-04-14T03:15:13Z,REQ_0006182,OPERATIONAL_ETA
CASE_00005002,2025-10-18T05:52:00Z,REQ_0006183,OPERATIONAL_ETA
CASE_00005003,2026-03-09T01:28:02Z,REQ_0006184,OPERATIONAL_ETA
CASE_00005004,2025-08-27T03:37:39Z,REQ_0006185,OPERATIONAL_ETA
CASE_00005005,2026-02-03T18:02:00Z,REQ_0006186,OPERATIONAL_ETA
CASE_00005005,2026-02-01T21:01:24Z,REQ_0006187,OPERATIONAL_ETA
CASE_00005006,2025-09-13T02:09:01Z,REQ_0006188,PILOT_CHECK
CASE_00005007,2025-10-06T08:43:34Z,REQ_0006189,PILOT_CHECK
CASE_00005008,2025-12-05T02:13:01Z,REQ_0006190,OPERATIONAL_ETA
CASE_00005008,2025-12-03T19:12:35Z,REQ_0006191,OPERATIONAL_ETA
CASE_00005009,2025-12-28T04:55:17Z,REQ_0006192,OPERATIONAL_ETA
CASE_00005009,2025-12-27T15:10:28Z,REQ_0006193,OPERATIONAL_ETA
CASE_00005010,2026-03-16T11:00:25Z,REQ_0006194,RETRO_AUDIT
CASE_00005011,2025-06-27T14:47:22Z,REQ_0006195,OPERATIONAL_ETA
CASE_00005012,2025-09-18T17:26:06Z,REQ_0006196,OPERATIONAL_ETA
CASE_00005013,2026-03-16T07:12:20Z,REQ_0006197,OPERATIONAL_ETA
CASE_00005014,2025-12-19T17:32:24Z,REQ_0006198,RETRO_AUDIT
CASE_00005014,2025-12-18T05:50:08Z,REQ_0006199,OPERATIONAL_ETA
CASE_00005015,2025-10-09T13:10:21Z,REQ_0006200,OPERATIONAL_ETA
CASE_00005015,2025-10-08T20:30:08Z,REQ_0006201,OPERATIONAL_ETA
CASE_00005016,2025-08-24T12:43:05Z,REQ_0006202,RETRO_AUDIT
CASE_00005017,2026-02-24T22:22:43Z,REQ_0006203,OPERATIONAL_ETA
CASE_00005018,2025-08-24T15:33:01Z,REQ_0006204,PILOT_CHECK
CASE_00005019,2025-07-19T20:58:56Z,REQ_0006205,OPERATIONAL_ETA
CASE_00005020,2026-04-09T04:57:59Z,REQ_0006206,OPERATIONAL_ETA
CASE_00005021,2025-11-01T22:55:05Z,REQ_0006207,OPERATIONAL_ETA
CASE_00005022,2026-01-06T01:02:21Z,REQ_0006208,OPERATIONAL_ETA
CASE_00005023,2025-09-05T17:11:04Z,REQ_0006209,OPERATIONAL_ETA
CASE_00005024,2025-12-04T17:41:12Z,REQ_0006210,OPERATIONAL_ETA
CASE_00005025,2026-02-06T08:15:23Z,REQ_0006211,OPERATIONAL_ETA
CASE_00005026,2026-04-18T05:56:24Z,REQ_0006212,OPERATIONAL_ETA
CASE_00005027,2025-11-01T08:20:18Z,REQ_0006213,RETRO_AUDIT
CASE_00005027,2025-11-01T04:44:01Z,REQ_0006214,OPERATIONAL_ETA
CASE_00005028,2025-09-23T07:24:32Z,REQ_0006215,OPERATIONAL_ETA
CASE_00005029,2026-02-12T22:13:05Z,REQ_0006216,OPERATIONAL_ETA
CASE_00005029,2026-02-12T02:56:08Z,REQ_0006217,OPERATIONAL_ETA
CASE_00005030,2025-09-15T15:26:39Z,REQ_0006218,OPERATIONAL_ETA
CASE_00005031,2026-03-31T04:33:43Z,REQ_0006219,RETRO_AUDIT
CASE_00005032,2026-03-29T00:09:17Z,REQ_0006220,OPERATIONAL_ETA
CASE_00005033,2026-03-08T19:29:29Z,REQ_0006221,RETRO_AUDIT
CASE_00005034,2026-03-04T17:41:06Z,REQ_0006222,PILOT_CHECK
CASE_00005034,2026-03-02T15:18:16Z,REQ_0006223,OPERATIONAL_ETA
CASE_00005035,2025-07-15T17:02:26Z,REQ_0006224,OPERATIONAL_ETA
CASE_00005036,2025-06-28T11:23:34Z,REQ_0006225,OPERATIONAL_ETA
CASE_00005036,2025-06-27T05:16:09Z,REQ_0006226,OPERATIONAL_ETA
CASE_00005037,2026-05-13T20:21:32Z,REQ_0006227,OPERATIONAL_ETA
CASE_00005038,2026-04-27T01:50:27Z,REQ_0006228,OPERATIONAL_ETA
CASE_00005039,2025-07-27T03:01:37Z,REQ_0006229,OPERATIONAL_ETA
CASE_00005040,2026-03-26T15:16:42Z,REQ_0006230,OPERATIONAL_ETA
CASE_00005041,2025-10-12T13:49:24Z,REQ_0006231,PILOT_CHECK
CASE_00005042,2025-08-27T21:06:23Z,REQ_0006232,PILOT_CHECK
CASE_00005043,2025-11-07T02:26:37Z,REQ_0006233,OPERATIONAL_ETA
CASE_00005044,2026-01-25T19:19:45Z,REQ_0006234,OPERATIONAL_ETA
CASE_00005045,2025-10-30T14:47:43Z,REQ_0006235,OPERATIONAL_ETA
CASE_00005045,2025-10-30T06:39:16Z,REQ_0006236,OPERATIONAL_ETA
CASE_00005046,2025-12-14T14:09:53Z,REQ_0006237,OPERATIONAL_ETA
CASE_00005047,2025-09-12T11:44:05Z,REQ_0006238,OPERATIONAL_ETA
CASE_00005047,2025-09-10T11:28:44Z,REQ_0006239,OPERATIONAL_ETA
CASE_00005048,2025-08-09T19:34:48Z,REQ_0006240,OPERATIONAL_ETA
CASE_00005049,2025-09-03T02:29:45Z,REQ_0006241,PILOT_CHECK
CASE_00005050,2026-01-23T08:03:10Z,REQ_0006242,OPERATIONAL_ETA
CASE_00005051,2025-11-27T23:59:12Z,REQ_0006243,OPERATIONAL_ETA
CASE_00005052,2025-12-26T09:42:43Z,REQ_0006244,OPERATIONAL_ETA
CASE_00005053,2025-06-27T07:46:09Z,REQ_0006245,RETRO_AUDIT
CASE_00005054,2026-01-05T13:07:00Z,REQ_0006246,OPERATIONAL_ETA
CASE_00005054,2026-01-03T19:06:39Z,REQ_0006247,PILOT_CHECK
CASE_00005055,2026-03-24T20:09:02Z,REQ_0006248,OPERATIONAL_ETA
CASE_00005056,2025-08-28T16:30:25Z,REQ_0006249,OPERATIONAL_ETA
CASE_00005057,2025-08-20T22:04:42Z,REQ_0006250,OPERATIONAL_ETA
CASE_00005058,2026-03-16T02:55:25Z,REQ_0006251,RETRO_AUDIT
CASE_00005059,2026-02-02T11:50:59Z,REQ_0006252,OPERATIONAL_ETA
CASE_00005060,2025-10-22T13:00:20Z,REQ_0006253,OPERATIONAL_ETA
CASE_00005061,2025-07-03T02:38:37Z,REQ_0006254,OPERATIONAL_ETA
CASE_00005061,2025-07-01T09:44:53Z,REQ_0006255,OPERATIONAL_ETA
CASE_00005062,2025-07-15T18:37:06Z,REQ_0006256,OPERATIONAL_ETA
CASE_00005063,2026-05-15T07:00:11Z,REQ_0006257,PILOT_CHECK
CASE_00005064,2025-08-01T22:40:21Z,REQ_0006258,OPERATIONAL_ETA
CASE_00005065,2025-11-07T07:06:34Z,REQ_0006259,OPERATIONAL_ETA
CASE_00005066,2025-07-17T19:34:47Z,REQ_0006260,RETRO_AUDIT
CASE_00005067,2026-01-12T22:46:29Z,REQ_0006261,OPERATIONAL_ETA
CASE_00005068,2026-02-27T18:23:37Z,REQ_0006262,RETRO_AUDIT
CASE_00005068,2026-02-26T11:32:24Z,REQ_0006263,OPERATIONAL_ETA
CASE_00005069,2026-04-15T19:38:16Z,REQ_0006264,OPERATIONAL_ETA
CASE_00005070,2025-08-07T16:37:30Z,REQ_0006265,OPERATIONAL_ETA
CASE_00005071,2025-12-31T19:52:27Z,REQ_0006266,OPERATIONAL_ETA
CASE_00005072,2025-09-03T23:19:26Z,REQ_0006267,PILOT_CHECK
CASE_00005073,2026-02-27T08:12:19Z,REQ_0006268,OPERATIONAL_ETA
CASE_00005074,2025-11-03T12:10:49Z,REQ_0006269,OPERATIONAL_ETA
CASE_00005075,2026-02-24T01:55:19Z,REQ_0006270,OPERATIONAL_ETA
CASE_00005075,2026-02-23T17:56:24Z,REQ_0006271,RETRO_AUDIT
CASE_00005076,2025-11-15T00:34:41Z,REQ_0006272,PILOT_CHECK
CASE_00005077,2026-01-10T08:47:22Z,REQ_0006273,OPERATIONAL_ETA
CASE_00005078,2025-10-17T12:01:48Z,REQ_0006274,OPERATIONAL_ETA
CASE_00005079,2025-06-20T08:31:51Z,REQ_0006275,OPERATIONAL_ETA
CASE_00005079,2025-06-19T15:18:05Z,REQ_0006276,OPERATIONAL_ETA
CASE_00005080,2026-02-28T22:35:07Z,REQ_0006277,RETRO_AUDIT
CASE_00005080,2026-02-28T11:55:10Z,REQ_0006278,OPERATIONAL_ETA
CASE_00005081,2026-01-13T22:10:13Z,REQ_0006279,OPERATIONAL_ETA
CASE_00005082,2026-03-24T22:25:52Z,REQ_0006280,OPERATIONAL_ETA
CASE_00005083,2025-10-12T01:42:17Z,REQ_0006281,RETRO_AUDIT
CASE_00005084,2025-08-17T11:14:21Z,REQ_0006282,RETRO_AUDIT
CASE_00005084,2025-08-16T23:53:27Z,REQ_0006283,OPERATIONAL_ETA
CASE_00005085,2026-05-21T19:18:51Z,REQ_0006284,OPERATIONAL_ETA
CASE_00005086,2026-05-06T17:54:15Z,REQ_0006285,OPERATIONAL_ETA
CASE_00005087,2025-12-09T07:39:45Z,REQ_0006286,RETRO_AUDIT
CASE_00005087,2025-12-08T12:05:03Z,REQ_0006287,OPERATIONAL_ETA
CASE_00005088,2025-12-08T11:53:20Z,REQ_0006288,OPERATIONAL_ETA
CASE_00005089,2025-10-19T22:00:20Z,REQ_0006289,OPERATIONAL_ETA
CASE_00005089,2025-10-19T11:41:13Z,REQ_0006290,OPERATIONAL_ETA
CASE_00005090,2026-01-12T05:55:38Z,REQ_0006291,OPERATIONAL_ETA
CASE_00005091,2025-06-09T00:46:09Z,REQ_0006292,OPERATIONAL_ETA
CASE_00005092,2026-02-27T17:31:01Z,REQ_0006293,OPERATIONAL_ETA
CASE_00005093,2025-09-17T23:21:14Z,REQ_0006294,OPERATIONAL_ETA
CASE_00005094,2025-10-21T18:08:52Z,REQ_0006295,RETRO_AUDIT
CASE_00005095,2025-10-09T04:02:58Z,REQ_0006296,OPERATIONAL_ETA
CASE_00005096,2025-11-27T09:57:31Z,REQ_0006297,OPERATIONAL_ETA
CASE_00005096,2025-11-25T08:56:23Z,REQ_0006298,OPERATIONAL_ETA
CASE_00005097,2026-01-08T15:51:06Z,REQ_0006299,OPERATIONAL_ETA
CASE_00005097,2026-01-07T05:49:33Z,REQ_0006300,OPERATIONAL_ETA
CASE_00005098,2025-08-25T05:33:02Z,REQ_0006301,OPERATIONAL_ETA
CASE_00005099,2025-11-19T20:30:39Z,REQ_0006302,PILOT_CHECK
CASE_00005099,2025-11-18T19:02:12Z,REQ_0006303,OPERATIONAL_ETA
CASE_00005100,2026-02-11T20:08:30Z,REQ_0006304,OPERATIONAL_ETA
CASE_00005101,2026-05-05T02:01:35Z,REQ_0006305,OPERATIONAL_ETA
CASE_00005102,2026-04-15T12:13:51Z,REQ_0006306,OPERATIONAL_ETA
CASE_00005103,2026-04-11T09:49:44Z,REQ_0006307,RETRO_AUDIT
CASE_00005103,2026-04-10T21:35:27Z,REQ_0006308,OPERATIONAL_ETA
CASE_00005104,2025-12-05T09:12:59Z,REQ_0006309,PILOT_CHECK
CASE_00005104,2025-12-03T20:19:24Z,REQ_0006310,OPERATIONAL_ETA
CASE_00005105,2026-05-29T14:48:54Z,REQ_0006311,OPERATIONAL_ETA
CASE_00005106,2025-09-24T06:59:24Z,REQ_0006312,OPERATIONAL_ETA
CASE_00005107,2025-10-15T20:34:43Z,REQ_0006313,OPERATIONAL_ETA
CASE_00005108,2026-05-01T02:35:19Z,REQ_0006314,OPERATIONAL_ETA
CASE_00005108,2026-04-29T21:41:48Z,REQ_0006315,PILOT_CHECK
CASE_00005109,2025-08-05T01:28:10Z,REQ_0006316,OPERATIONAL_ETA
CASE_00005110,2025-06-09T13:50:10Z,REQ_0006317,OPERATIONAL_ETA
CASE_00005110,2025-06-07T14:00:04Z,REQ_0006318,OPERATIONAL_ETA
CASE_00005111,2026-01-30T23:54:18Z,REQ_0006319,OPERATIONAL_ETA
CASE_00005111,2026-01-28T18:09:18Z,REQ_0006320,PILOT_CHECK
CASE_00005112,2025-11-22T08:22:20Z,REQ_0006321,PILOT_CHECK
CASE_00005113,2026-02-19T08:46:57Z,REQ_0006322,OPERATIONAL_ETA
CASE_00005114,2025-07-28T09:56:09Z,REQ_0006323,OPERATIONAL_ETA
CASE_00005115,2025-07-23T10:09:51Z,REQ_0006324,OPERATIONAL_ETA
CASE_00005116,2025-11-05T05:40:07Z,REQ_0006325,OPERATIONAL_ETA
CASE_00005117,2025-09-26T03:36:00Z,REQ_0006326,OPERATIONAL_ETA
CASE_00005117,2025-09-25T02:01:19Z,REQ_0006327,OPERATIONAL_ETA
CASE_00005118,2026-01-30T10:43:20Z,REQ_0006328,OPERATIONAL_ETA
CASE_00005119,2025-12-26T02:06:21Z,REQ_0006329,OPERATIONAL_ETA
CASE_00005120,2026-04-05T02:51:24Z,REQ_0006330,RETRO_AUDIT
CASE_00005120,2026-04-03T07:16:23Z,REQ_0006331,OPERATIONAL_ETA
CASE_00005121,2025-06-23T06:30:45Z,REQ_0006332,PILOT_CHECK
CASE_00005122,2025-12-19T01:31:17Z,REQ_0006333,OPERATIONAL_ETA
CASE_00005122,2025-12-17T03:47:54Z,REQ_0006334,OPERATIONAL_ETA
CASE_00005123,2025-09-06T16:29:30Z,REQ_0006335,OPERATIONAL_ETA
CASE_00005124,2025-10-08T02:29:08Z,REQ_0006336,OPERATIONAL_ETA
CASE_00005124,2025-10-07T04:56:55Z,REQ_0006337,OPERATIONAL_ETA
CASE_00005125,2026-02-18T06:25:20Z,REQ_0006338,OPERATIONAL_ETA
CASE_00005125,2026-02-17T00:20:14Z,REQ_0006339,OPERATIONAL_ETA
CASE_00005126,2026-05-28T10:58:11Z,REQ_0006340,OPERATIONAL_ETA
CASE_00005127,2026-04-12T06:04:21Z,REQ_0006341,PILOT_CHECK
CASE_00005127,2026-04-11T17:46:25Z,REQ_0006342,OPERATIONAL_ETA
CASE_00005128,2026-03-20T20:23:43Z,REQ_0006343,PILOT_CHECK
CASE_00005129,2025-09-03T01:39:00Z,REQ_0006344,OPERATIONAL_ETA
CASE_00005130,2025-09-07T12:53:23Z,REQ_0006345,PILOT_CHECK
CASE_00005131,2025-12-30T19:01:29Z,REQ_0006346,OPERATIONAL_ETA
CASE_00005132,2025-08-21T11:41:48Z,REQ_0006347,RETRO_AUDIT
CASE_00005133,2026-05-24T02:16:24Z,REQ_0006348,RETRO_AUDIT
CASE_00005134,2025-08-07T05:30:22Z,REQ_0006349,OPERATIONAL_ETA
CASE_00005135,2025-08-30T15:27:42Z,REQ_0006350,OPERATIONAL_ETA
CASE_00005136,2026-02-21T02:30:12Z,REQ_0006351,OPERATIONAL_ETA
CASE_00005137,2026-02-11T18:13:03Z,REQ_0006352,OPERATIONAL_ETA
CASE_00005138,2025-06-18T22:12:11Z,REQ_0006353,OPERATIONAL_ETA
CASE_00005139,2025-07-10T08:30:47Z,REQ_0006354,OPERATIONAL_ETA
CASE_00005140,2026-05-20T01:19:04Z,REQ_0006355,OPERATIONAL_ETA
CASE_00005141,2025-06-20T01:08:28Z,REQ_0006356,OPERATIONAL_ETA
CASE_00005142,2025-07-09T10:17:39Z,REQ_0006357,OPERATIONAL_ETA
CASE_00005142,2025-07-07T20:45:38Z,REQ_0006358,OPERATIONAL_ETA
CASE_00005143,2026-03-08T15:49:09Z,REQ_0006359,OPERATIONAL_ETA
CASE_00005144,2025-12-25T15:50:03Z,REQ_0006360,OPERATIONAL_ETA
CASE_00005145,2025-10-25T03:46:05Z,REQ_0006361,OPERATIONAL_ETA
CASE_00005146,2026-03-25T12:59:19Z,REQ_0006362,OPERATIONAL_ETA
CASE_00005146,2026-03-24T14:21:06Z,REQ_0006363,OPERATIONAL_ETA
CASE_00005147,2026-02-06T16:33:20Z,REQ_0006364,OPERATIONAL_ETA
CASE_00005148,2025-10-22T21:15:46Z,REQ_0006365,OPERATIONAL_ETA
CASE_00005149,2025-08-02T14:09:58Z,REQ_0006366,OPERATIONAL_ETA
CASE_00005150,2026-02-09T00:28:30Z,REQ_0006367,OPERATIONAL_ETA
CASE_00005151,2026-01-07T09:07:53Z,REQ_0006368,OPERATIONAL_ETA
CASE_00005152,2026-05-10T23:20:36Z,REQ_0006369,RETRO_AUDIT
CASE_00005153,2025-09-25T01:51:19Z,REQ_0006370,OPERATIONAL_ETA
CASE_00005154,2025-08-13T17:41:26Z,REQ_0006371,OPERATIONAL_ETA
CASE_00005154,2025-08-13T13:18:30Z,REQ_0006372,OPERATIONAL_ETA
CASE_00005155,2026-01-02T07:38:59Z,REQ_0006373,OPERATIONAL_ETA
CASE_00005155,2025-12-31T20:59:30Z,REQ_0006374,OPERATIONAL_ETA
CASE_00005156,2026-01-11T11:59:49Z,REQ_0006375,OPERATIONAL_ETA
CASE_00005157,2026-04-30T08:58:04Z,REQ_0006376,PILOT_CHECK
CASE_00005158,2025-12-09T08:34:32Z,REQ_0006377,PILOT_CHECK
CASE_00005159,2025-07-03T02:46:41Z,REQ_0006378,OPERATIONAL_ETA
CASE_00005160,2025-09-24T10:28:15Z,REQ_0006379,OPERATIONAL_ETA
CASE_00005161,2025-12-10T16:33:35Z,REQ_0006380,OPERATIONAL_ETA
CASE_00005162,2025-09-10T09:54:03Z,REQ_0006381,OPERATIONAL_ETA
CASE_00005162,2025-09-08T22:33:04Z,REQ_0006382,OPERATIONAL_ETA
CASE_00005163,2026-03-20T17:24:56Z,REQ_0006383,OPERATIONAL_ETA
CASE_00005164,2025-08-09T19:51:26Z,REQ_0006384,OPERATIONAL_ETA
CASE_00005165,2025-10-19T16:33:12Z,REQ_0006385,OPERATIONAL_ETA
CASE_00005166,2026-02-09T07:04:46Z,REQ_0006386,OPERATIONAL_ETA
CASE_00005166,2026-02-08T12:27:47Z,REQ_0006387,PILOT_CHECK
CASE_00005167,2026-04-24T18:15:22Z,REQ_0006388,OPERATIONAL_ETA
CASE_00005168,2026-02-23T18:20:24Z,REQ_0006389,OPERATIONAL_ETA
CASE_00005169,2026-02-09T22:34:46Z,REQ_0006390,OPERATIONAL_ETA
CASE_00005170,2025-11-13T22:16:00Z,REQ_0006391,OPERATIONAL_ETA
CASE_00005171,2025-11-03T22:46:44Z,REQ_0006392,RETRO_AUDIT
CASE_00005172,2026-02-20T08:25:42Z,REQ_0006393,OPERATIONAL_ETA
CASE_00005173,2026-03-12T10:11:21Z,REQ_0006394,PILOT_CHECK
CASE_00005174,2026-04-29T23:43:19Z,REQ_0006395,RETRO_AUDIT
CASE_00005175,2026-04-25T15:59:17Z,REQ_0006396,OPERATIONAL_ETA
CASE_00005176,2025-08-07T12:02:34Z,REQ_0006397,OPERATIONAL_ETA
CASE_00005176,2025-08-06T14:54:59Z,REQ_0006398,OPERATIONAL_ETA
CASE_00005177,2026-04-11T12:04:38Z,REQ_0006399,OPERATIONAL_ETA
CASE_00005178,2026-01-03T05:49:33Z,REQ_0006400,OPERATIONAL_ETA
CASE_00005179,2026-05-08T10:54:22Z,REQ_0006401,OPERATIONAL_ETA
CASE_00005180,2025-12-05T20:45:35Z,REQ_0006402,OPERATIONAL_ETA
CASE_00005180,2025-12-05T04:09:16Z,REQ_0006403,OPERATIONAL_ETA
CASE_00005181,2025-06-30T09:53:50Z,REQ_0006404,RETRO_AUDIT
CASE_00005182,2026-01-19T03:44:00Z,REQ_0006405,OPERATIONAL_ETA
CASE_00005183,2025-12-11T12:50:39Z,REQ_0006406,OPERATIONAL_ETA
CASE_00005184,2025-10-14T00:24:40Z,REQ_0006407,OPERATIONAL_ETA
CASE_00005185,2026-02-25T01:18:38Z,REQ_0006408,OPERATIONAL_ETA
CASE_00005185,2026-02-23T16:31:09Z,REQ_0006409,OPERATIONAL_ETA
CASE_00005186,2026-05-06T10:42:02Z,REQ_0006410,OPERATIONAL_ETA
CASE_00005187,2025-12-31T20:57:28Z,REQ_0006411,OPERATIONAL_ETA
CASE_00005188,2025-10-02T17:09:52Z,REQ_0006412,OPERATIONAL_ETA
CASE_00005188,2025-10-01T13:44:43Z,REQ_0006413,OPERATIONAL_ETA
CASE_00005189,2026-04-23T04:52:03Z,REQ_0006414,OPERATIONAL_ETA
CASE_00005189,2026-04-21T22:21:31Z,REQ_0006415,RETRO_AUDIT
CASE_00005190,2026-01-01T19:49:47Z,REQ_0006416,OPERATIONAL_ETA
CASE_00005191,2026-01-15T19:23:45Z,REQ_0006417,OPERATIONAL_ETA
CASE_00005191,2026-01-14T22:34:13Z,REQ_0006418,OPERATIONAL_ETA
CASE_00005192,2026-01-21T04:12:03Z,REQ_0006419,PILOT_CHECK
CASE_00005192,2026-01-19T18:59:53Z,REQ_0006420,OPERATIONAL_ETA
CASE_00005193,2026-04-20T11:15:22Z,REQ_0006421,PILOT_CHECK
CASE_00005194,2025-12-03T16:33:58Z,REQ_0006422,OPERATIONAL_ETA
CASE_00005194,2025-12-02T08:30:14Z,REQ_0006423,OPERATIONAL_ETA
CASE_00005195,2025-07-12T19:06:38Z,REQ_0006424,OPERATIONAL_ETA
CASE_00005196,2025-07-21T13:06:54Z,REQ_0006425,OPERATIONAL_ETA
CASE_00005197,2026-05-03T19:54:02Z,REQ_0006426,RETRO_AUDIT
CASE_00005198,2025-09-21T15:23:17Z,REQ_0006427,OPERATIONAL_ETA
CASE_00005198,2025-09-19T22:31:08Z,REQ_0006428,OPERATIONAL_ETA
CASE_00005199,2025-10-21T18:59:06Z,REQ_0006429,OPERATIONAL_ETA
CASE_00005200,2026-05-31T14:26:17Z,REQ_0006430,OPERATIONAL_ETA
CASE_00005201,2026-04-24T07:09:03Z,REQ_0006431,OPERATIONAL_ETA
CASE_00005202,2025-06-30T20:40:48Z,REQ_0006432,OPERATIONAL_ETA
CASE_00005203,2025-11-14T09:58:58Z,REQ_0006433,OPERATIONAL_ETA
CASE_00005204,2025-10-18T07:54:14Z,REQ_0006434,OPERATIONAL_ETA
CASE_00005204,2025-10-17T13:24:37Z,REQ_0006435,OPERATIONAL_ETA
CASE_00005205,2026-01-06T00:17:55Z,REQ_0006436,OPERATIONAL_ETA
CASE_00005206,2025-11-26T09:55:32Z,REQ_0006437,OPERATIONAL_ETA
CASE_00005207,2026-05-01T00:16:40Z,REQ_0006438,OPERATIONAL_ETA
CASE_00005208,2025-12-14T01:14:18Z,REQ_0006439,OPERATIONAL_ETA
CASE_00005209,2026-04-28T14:39:30Z,REQ_0006440,OPERATIONAL_ETA
CASE_00005209,2026-04-27T16:06:07Z,REQ_0006441,OPERATIONAL_ETA
CASE_00005210,2026-01-11T22:18:44Z,REQ_0006442,OPERATIONAL_ETA
CASE_00005211,2026-05-12T12:26:50Z,REQ_0006443,OPERATIONAL_ETA
CASE_00005212,2025-10-12T01:10:48Z,REQ_0006444,OPERATIONAL_ETA
CASE_00005212,2025-10-10T14:15:53Z,REQ_0006445,OPERATIONAL_ETA
CASE_00005213,2026-01-11T03:57:32Z,REQ_0006446,OPERATIONAL_ETA
CASE_00005214,2025-09-21T10:00:10Z,REQ_0006447,PILOT_CHECK
CASE_00005215,2026-03-23T19:59:10Z,REQ_0006448,PILOT_CHECK
CASE_00005216,2026-05-10T03:19:19Z,REQ_0006449,PILOT_CHECK
CASE_00005217,2025-11-29T15:02:45Z,REQ_0006450,OPERATIONAL_ETA
CASE_00005217,2025-11-28T12:27:59Z,REQ_0006451,RETRO_AUDIT
CASE_00005218,2026-03-15T04:26:45Z,REQ_0006452,OPERATIONAL_ETA
CASE_00005219,2025-08-08T16:30:46Z,REQ_0006453,OPERATIONAL_ETA
CASE_00005220,2025-06-03T19:49:43Z,REQ_0006454,OPERATIONAL_ETA
CASE_00005221,2025-12-04T03:46:07Z,REQ_0006455,RETRO_AUDIT
CASE_00005222,2026-04-03T21:11:28Z,REQ_0006456,OPERATIONAL_ETA
CASE_00005223,2026-03-04T22:29:14Z,REQ_0006457,OPERATIONAL_ETA
CASE_00005224,2026-05-05T10:57:25Z,REQ_0006458,OPERATIONAL_ETA
CASE_00005225,2025-10-23T09:14:47Z,REQ_0006459,OPERATIONAL_ETA
CASE_00005226,2026-05-17T22:49:11Z,REQ_0006460,OPERATIONAL_ETA
CASE_00005226,2026-05-16T22:27:51Z,REQ_0006461,OPERATIONAL_ETA
CASE_00005227,2026-03-29T03:24:20Z,REQ_0006462,OPERATIONAL_ETA
CASE_00005228,2026-05-05T06:57:47Z,REQ_0006463,OPERATIONAL_ETA
CASE_00005229,2026-02-16T07:37:43Z,REQ_0006464,PILOT_CHECK
CASE_00005230,2026-02-20T07:20:33Z,REQ_0006465,OPERATIONAL_ETA
CASE_00005230,2026-02-19T23:08:48Z,REQ_0006466,OPERATIONAL_ETA
CASE_00005231,2026-04-21T06:00:55Z,REQ_0006467,RETRO_AUDIT
CASE_00005232,2026-01-06T19:29:01Z,REQ_0006468,OPERATIONAL_ETA
CASE_00005233,2026-03-16T06:21:36Z,REQ_0006469,OPERATIONAL_ETA
CASE_00005233,2026-03-15T01:28:56Z,REQ_0006470,OPERATIONAL_ETA
CASE_00005234,2025-07-24T01:09:12Z,REQ_0006471,OPERATIONAL_ETA
CASE_00005235,2025-06-15T00:41:48Z,REQ_0006472,OPERATIONAL_ETA
CASE_00005236,2025-11-13T21:17:39Z,REQ_0006473,OPERATIONAL_ETA
CASE_00005237,2025-09-14T20:50:08Z,REQ_0006474,OPERATIONAL_ETA
CASE_00005238,2026-05-16T23:09:03Z,REQ_0006475,OPERATIONAL_ETA
CASE_00005239,2025-10-14T22:03:38Z,REQ_0006476,OPERATIONAL_ETA
CASE_00005240,2025-07-11T21:20:55Z,REQ_0006477,OPERATIONAL_ETA
CASE_00005241,2025-07-16T04:26:57Z,REQ_0006478,OPERATIONAL_ETA
CASE_00005242,2026-04-20T01:26:24Z,REQ_0006479,OPERATIONAL_ETA
CASE_00005243,2025-08-06T02:08:40Z,REQ_0006480,OPERATIONAL_ETA
CASE_00005244,2025-07-02T00:11:04Z,REQ_0006481,RETRO_AUDIT
CASE_00005244,2025-06-30T16:24:41Z,REQ_0006482,OPERATIONAL_ETA
CASE_00005245,2025-07-15T21:32:29Z,REQ_0006483,OPERATIONAL_ETA
CASE_00005246,2025-07-18T09:22:00Z,REQ_0006484,OPERATIONAL_ETA
CASE_00005247,2025-10-04T01:00:08Z,REQ_0006485,OPERATIONAL_ETA
CASE_00005248,2025-11-30T06:47:17Z,REQ_0006486,OPERATIONAL_ETA
CASE_00005249,2025-10-06T01:11:34Z,REQ_0006487,OPERATIONAL_ETA
CASE_00005250,2026-02-17T22:32:43Z,REQ_0006488,OPERATIONAL_ETA
CASE_00005250,2026-02-17T00:28:09Z,REQ_0006489,OPERATIONAL_ETA
CASE_00005251,2025-06-29T22:23:52Z,REQ_0006490,OPERATIONAL_ETA
CASE_00005252,2025-08-17T03:33:41Z,REQ_0006491,PILOT_CHECK
CASE_00005253,2026-03-01T08:56:59Z,REQ_0006492,OPERATIONAL_ETA
CASE_00005253,2026-02-27T15:32:58Z,REQ_0006493,RETRO_AUDIT
CASE_00005254,2026-03-24T13:15:33Z,REQ_0006494,OPERATIONAL_ETA
CASE_00005255,2025-08-31T21:47:35Z,REQ_0006495,OPERATIONAL_ETA
CASE_00005256,2025-09-03T18:08:21Z,REQ_0006496,PILOT_CHECK
CASE_00005256,2025-09-02T01:19:31Z,REQ_0006497,OPERATIONAL_ETA
CASE_00005257,2025-12-07T00:19:31Z,REQ_0006498,OPERATIONAL_ETA
CASE_00005258,2026-05-21T05:23:16Z,REQ_0006499,OPERATIONAL_ETA
CASE_00005259,2026-04-28T23:50:37Z,REQ_0006500,OPERATIONAL_ETA
CASE_00005260,2026-03-25T18:25:20Z,REQ_0006501,OPERATIONAL_ETA
CASE_00005261,2025-07-12T08:37:21Z,REQ_0006502,OPERATIONAL_ETA
CASE_00005262,2026-01-16T07:02:56Z,REQ_0006503,PILOT_CHECK
CASE_00005263,2025-09-29T01:08:43Z,REQ_0006504,RETRO_AUDIT
CASE_00005264,2026-01-17T19:30:06Z,REQ_0006505,OPERATIONAL_ETA
CASE_00005265,2025-09-05T05:37:55Z,REQ_0006506,OPERATIONAL_ETA
CASE_00005266,2025-11-03T11:56:39Z,REQ_0006507,OPERATIONAL_ETA
CASE_00005267,2026-02-19T23:00:49Z,REQ_0006508,OPERATIONAL_ETA
CASE_00005268,2025-12-23T12:56:38Z,REQ_0006509,OPERATIONAL_ETA
CASE_00005269,2026-02-23T23:28:07Z,REQ_0006510,OPERATIONAL_ETA
CASE_00005270,2026-01-18T07:41:38Z,REQ_0006511,OPERATIONAL_ETA
CASE_00005271,2025-11-15T10:33:56Z,REQ_0006512,OPERATIONAL_ETA
CASE_00005271,2025-11-14T13:49:19Z,REQ_0006513,OPERATIONAL_ETA
CASE_00005272,2026-04-21T04:54:37Z,REQ_0006514,OPERATIONAL_ETA
CASE_00005272,2026-04-20T02:43:49Z,REQ_0006515,OPERATIONAL_ETA
CASE_00005273,2025-08-07T17:39:41Z,REQ_0006516,OPERATIONAL_ETA
CASE_00005274,2025-12-11T00:08:52Z,REQ_0006517,PILOT_CHECK
CASE_00005275,2026-05-09T09:19:41Z,REQ_0006518,OPERATIONAL_ETA
CASE_00005276,2025-11-14T12:38:03Z,REQ_0006519,OPERATIONAL_ETA
CASE_00005277,2026-05-04T02:20:47Z,REQ_0006520,OPERATIONAL_ETA
CASE_00005277,2026-05-03T06:05:21Z,REQ_0006521,OPERATIONAL_ETA
CASE_00005278,2026-01-14T08:56:35Z,REQ_0006522,OPERATIONAL_ETA
CASE_00005279,2026-05-23T14:33:19Z,REQ_0006523,OPERATIONAL_ETA
CASE_00005279,2026-05-22T05:46:20Z,REQ_0006524,OPERATIONAL_ETA
CASE_00005280,2025-11-12T05:30:51Z,REQ_0006525,RETRO_AUDIT
CASE_00005281,2025-07-22T05:54:40Z,REQ_0006526,OPERATIONAL_ETA
CASE_00005282,2025-12-13T23:13:42Z,REQ_0006527,OPERATIONAL_ETA
CASE_00005283,2025-12-22T10:12:40Z,REQ_0006528,OPERATIONAL_ETA
CASE_00005284,2025-11-11T09:46:43Z,REQ_0006529,OPERATIONAL_ETA
CASE_00005285,2025-12-04T07:11:34Z,REQ_0006530,OPERATIONAL_ETA
CASE_00005286,2025-10-24T05:16:39Z,REQ_0006531,OPERATIONAL_ETA
CASE_00005286,2025-10-22T15:35:31Z,REQ_0006532,PILOT_CHECK
CASE_00005287,2025-06-15T17:54:43Z,REQ_0006533,OPERATIONAL_ETA
CASE_00005288,2025-09-14T21:46:53Z,REQ_0006534,OPERATIONAL_ETA
CASE_00005289,2026-01-31T06:57:21Z,REQ_0006535,OPERATIONAL_ETA
CASE_00005290,2025-06-28T17:56:54Z,REQ_0006536,OPERATIONAL_ETA
CASE_00005291,2026-02-14T06:11:47Z,REQ_0006537,RETRO_AUDIT
CASE_00005292,2026-04-24T22:53:12Z,REQ_0006538,OPERATIONAL_ETA
CASE_00005293,2025-09-18T08:44:56Z,REQ_0006539,OPERATIONAL_ETA
CASE_00005294,2025-10-27T01:35:20Z,REQ_0006540,OPERATIONAL_ETA
CASE_00005295,2025-12-13T12:03:11Z,REQ_0006541,OPERATIONAL_ETA
CASE_00005296,2025-11-22T04:48:43Z,REQ_0006542,OPERATIONAL_ETA
CASE_00005297,2026-05-15T11:29:25Z,REQ_0006543,OPERATIONAL_ETA
CASE_00005298,2025-09-07T03:47:04Z,REQ_0006544,RETRO_AUDIT
CASE_00005299,2025-10-19T08:26:53Z,REQ_0006545,OPERATIONAL_ETA
CASE_00005300,2026-01-15T10:40:32Z,REQ_0006546,OPERATIONAL_ETA
CASE_00005301,2025-08-14T10:47:40Z,REQ_0006547,OPERATIONAL_ETA
CASE_00005302,2026-01-31T08:19:26Z,REQ_0006548,OPERATIONAL_ETA
CASE_00005303,2025-07-17T19:58:14Z,REQ_0006549,OPERATIONAL_ETA
CASE_00005303,2025-07-15T15:53:05Z,REQ_0006550,PILOT_CHECK
CASE_00005304,2026-01-23T14:14:29Z,REQ_0006551,OPERATIONAL_ETA
CASE_00005304,2026-01-22T21:13:43Z,REQ_0006552,OPERATIONAL_ETA
CASE_00005305,2026-02-28T11:56:35Z,REQ_0006553,OPERATIONAL_ETA
CASE_00005306,2025-10-03T20:29:45Z,REQ_0006554,OPERATIONAL_ETA
CASE_00005307,2025-10-25T11:22:33Z,REQ_0006555,OPERATIONAL_ETA
CASE_00005308,2026-03-06T04:55:04Z,REQ_0006556,RETRO_AUDIT
CASE_00005309,2026-05-28T02:08:22Z,REQ_0006557,OPERATIONAL_ETA
CASE_00005310,2025-11-13T11:09:02Z,REQ_0006558,OPERATIONAL_ETA
CASE_00005311,2026-01-22T06:19:48Z,REQ_0006559,OPERATIONAL_ETA
CASE_00005312,2025-11-16T00:21:48Z,REQ_0006560,OPERATIONAL_ETA
CASE_00005313,2026-01-25T03:06:59Z,REQ_0006561,OPERATIONAL_ETA
CASE_00005314,2025-08-26T10:24:19Z,REQ_0006562,PILOT_CHECK
CASE_00005314,2025-08-24T22:23:00Z,REQ_0006563,RETRO_AUDIT
CASE_00005315,2025-12-27T11:16:29Z,REQ_0006564,OPERATIONAL_ETA
CASE_00005316,2026-01-31T23:16:37Z,REQ_0006565,OPERATIONAL_ETA
CASE_00005317,2025-07-25T09:11:27Z,REQ_0006566,OPERATIONAL_ETA
CASE_00005318,2026-05-14T01:29:16Z,REQ_0006567,OPERATIONAL_ETA
CASE_00005319,2026-04-17T06:16:46Z,REQ_0006568,OPERATIONAL_ETA
CASE_00005320,2025-11-13T00:39:08Z,REQ_0006569,OPERATIONAL_ETA
CASE_00005321,2026-04-17T08:49:57Z,REQ_0006570,OPERATIONAL_ETA
CASE_00005322,2026-05-02T14:36:28Z,REQ_0006571,OPERATIONAL_ETA
CASE_00005323,2025-12-10T00:02:06Z,REQ_0006572,OPERATIONAL_ETA
CASE_00005324,2025-06-09T12:18:39Z,REQ_0006573,OPERATIONAL_ETA
CASE_00005325,2026-05-01T17:20:38Z,REQ_0006574,OPERATIONAL_ETA
CASE_00005326,2026-03-23T11:49:56Z,REQ_0006575,OPERATIONAL_ETA
CASE_00005327,2025-08-06T08:27:29Z,REQ_0006576,PILOT_CHECK
CASE_00005328,2026-03-24T05:42:20Z,REQ_0006577,OPERATIONAL_ETA
CASE_00005329,2026-05-14T22:34:22Z,REQ_0006578,OPERATIONAL_ETA
CASE_00005330,2026-05-21T05:01:57Z,REQ_0006579,OPERATIONAL_ETA
CASE_00005331,2025-10-19T00:42:29Z,REQ_0006580,OPERATIONAL_ETA
CASE_00005332,2025-06-11T23:48:50Z,REQ_0006581,OPERATIONAL_ETA
CASE_00005333,2026-01-04T01:51:21Z,REQ_0006582,OPERATIONAL_ETA
CASE_00005334,2025-08-28T14:40:32Z,REQ_0006583,OPERATIONAL_ETA
CASE_00005335,2025-06-10T14:57:38Z,REQ_0006584,PILOT_CHECK
CASE_00005335,2025-06-10T02:36:54Z,REQ_0006585,OPERATIONAL_ETA
CASE_00005336,2025-11-18T19:07:23Z,REQ_0006586,RETRO_AUDIT
CASE_00005337,2026-02-24T09:20:19Z,REQ_0006587,OPERATIONAL_ETA
CASE_00005338,2026-04-17T19:56:36Z,REQ_0006588,OPERATIONAL_ETA
CASE_00005339,2025-06-24T08:07:13Z,REQ_0006589,RETRO_AUDIT
CASE_00005340,2026-03-19T22:49:23Z,REQ_0006590,OPERATIONAL_ETA
CASE_00005341,2025-08-06T18:07:35Z,REQ_0006591,RETRO_AUDIT
CASE_00005342,2025-06-06T04:08:37Z,REQ_0006592,OPERATIONAL_ETA
CASE_00005343,2025-06-19T20:49:45Z,REQ_0006593,RETRO_AUDIT
CASE_00005344,2025-08-28T11:58:09Z,REQ_0006594,RETRO_AUDIT
CASE_00005344,2025-08-27T19:02:22Z,REQ_0006595,OPERATIONAL_ETA
CASE_00005345,2025-07-09T18:06:22Z,REQ_0006596,OPERATIONAL_ETA
CASE_00005346,2025-11-07T23:20:26Z,REQ_0006597,PILOT_CHECK
CASE_00005346,2025-11-05T16:00:28Z,REQ_0006598,PILOT_CHECK
CASE_00005347,2026-02-22T21:26:40Z,REQ_0006599,OPERATIONAL_ETA
CASE_00005348,2025-09-19T09:25:46Z,REQ_0006600,OPERATIONAL_ETA
CASE_00005349,2026-03-17T03:47:55Z,REQ_0006601,OPERATIONAL_ETA
CASE_00005350,2026-04-24T23:33:39Z,REQ_0006602,OPERATIONAL_ETA
CASE_00005351,2025-06-29T18:38:39Z,REQ_0006603,PILOT_CHECK
CASE_00005352,2026-03-20T18:10:20Z,REQ_0006604,OPERATIONAL_ETA
CASE_00005353,2026-04-13T02:34:04Z,REQ_0006605,OPERATIONAL_ETA
CASE_00005353,2026-04-10T20:34:05Z,REQ_0006606,OPERATIONAL_ETA
CASE_00005354,2025-12-31T13:20:45Z,REQ_0006607,OPERATIONAL_ETA
CASE_00005355,2025-06-29T20:09:04Z,REQ_0006608,OPERATIONAL_ETA
CASE_00005355,2025-06-29T01:56:25Z,REQ_0006609,OPERATIONAL_ETA
CASE_00005356,2025-09-26T22:55:47Z,REQ_0006610,OPERATIONAL_ETA
CASE_00005356,2025-09-26T01:29:40Z,REQ_0006611,OPERATIONAL_ETA
CASE_00005357,2026-05-30T19:27:02Z,REQ_0006612,PILOT_CHECK
CASE_00005358,2025-09-12T03:10:36Z,REQ_0006613,OPERATIONAL_ETA
CASE_00005359,2025-10-07T11:05:08Z,REQ_0006614,OPERATIONAL_ETA
CASE_00005359,2025-10-06T01:58:45Z,REQ_0006615,PILOT_CHECK
CASE_00005360,2026-03-27T10:34:05Z,REQ_0006616,OPERATIONAL_ETA
CASE_00005361,2025-08-10T19:25:21Z,REQ_0006617,RETRO_AUDIT
CASE_00005362,2025-06-20T21:31:47Z,REQ_0006618,OPERATIONAL_ETA
CASE_00005363,2026-04-27T20:25:39Z,REQ_0006619,OPERATIONAL_ETA
CASE_00005364,2026-05-12T09:02:56Z,REQ_0006620,OPERATIONAL_ETA
CASE_00005364,2026-05-11T14:13:04Z,REQ_0006621,OPERATIONAL_ETA
CASE_00005365,2025-10-08T00:02:04Z,REQ_0006622,OPERATIONAL_ETA
CASE_00005366,2026-04-25T01:58:00Z,REQ_0006623,OPERATIONAL_ETA
CASE_00005367,2025-07-11T14:52:45Z,REQ_0006624,OPERATIONAL_ETA
CASE_00005368,2025-07-31T11:04:10Z,REQ_0006625,OPERATIONAL_ETA
CASE_00005368,2025-07-31T00:00:52Z,REQ_0006626,PILOT_CHECK
CASE_00005369,2025-06-25T09:20:05Z,REQ_0006627,PILOT_CHECK
CASE_00005369,2025-06-23T02:38:42Z,REQ_0006628,OPERATIONAL_ETA
CASE_00005370,2025-11-23T17:14:28Z,REQ_0006629,OPERATIONAL_ETA
CASE_00005370,2025-11-23T01:10:26Z,REQ_0006630,OPERATIONAL_ETA
CASE_00005371,2025-06-21T14:06:59Z,REQ_0006631,OPERATIONAL_ETA
CASE_00005372,2026-03-22T14:23:42Z,REQ_0006632,OPERATIONAL_ETA
CASE_00005373,2025-07-04T22:46:55Z,REQ_0006633,OPERATIONAL_ETA
CASE_00005373,2025-07-04T01:51:38Z,REQ_0006634,OPERATIONAL_ETA
CASE_00005374,2026-05-23T14:27:44Z,REQ_0006635,OPERATIONAL_ETA
CASE_00005374,2026-05-22T12:32:06Z,REQ_0006636,OPERATIONAL_ETA
CASE_00005375,2025-11-12T16:20:44Z,REQ_0006637,PILOT_CHECK
CASE_00005375,2025-11-12T03:07:12Z,REQ_0006638,OPERATIONAL_ETA
CASE_00005376,2025-09-15T08:02:43Z,REQ_0006639,OPERATIONAL_ETA
CASE_00005377,2025-06-18T00:55:15Z,REQ_0006640,OPERATIONAL_ETA
CASE_00005378,2026-05-09T08:41:25Z,REQ_0006641,PILOT_CHECK
CASE_00005379,2025-10-15T13:25:30Z,REQ_0006642,PILOT_CHECK
CASE_00005380,2025-06-22T11:17:51Z,REQ_0006643,OPERATIONAL_ETA
CASE_00005381,2025-06-15T17:46:11Z,REQ_0006644,OPERATIONAL_ETA
CASE_00005382,2025-12-19T13:22:41Z,REQ_0006645,RETRO_AUDIT
CASE_00005382,2025-12-18T15:55:31Z,REQ_0006646,OPERATIONAL_ETA
CASE_00005383,2025-06-03T15:49:54Z,REQ_0006647,PILOT_CHECK
CASE_00005383,2025-06-03T03:11:38Z,REQ_0006648,OPERATIONAL_ETA
CASE_00005384,2026-02-12T11:52:22Z,REQ_0006649,OPERATIONAL_ETA
CASE_00005384,2026-02-11T23:55:09Z,REQ_0006650,PILOT_CHECK
CASE_00005385,2026-01-22T11:53:59Z,REQ_0006651,OPERATIONAL_ETA
CASE_00005386,2025-12-13T03:10:03Z,REQ_0006652,OPERATIONAL_ETA
CASE_00005387,2025-08-17T06:24:15Z,REQ_0006653,OPERATIONAL_ETA
CASE_00005388,2026-04-22T14:46:56Z,REQ_0006654,OPERATIONAL_ETA
CASE_00005389,2026-04-21T01:23:05Z,REQ_0006655,PILOT_CHECK
CASE_00005389,2026-04-20T21:10:34Z,REQ_0006656,PILOT_CHECK
CASE_00005390,2025-06-26T00:47:16Z,REQ_0006657,RETRO_AUDIT
CASE_00005391,2025-10-01T07:51:15Z,REQ_0006658,RETRO_AUDIT
CASE_00005392,2025-08-26T13:40:24Z,REQ_0006659,OPERATIONAL_ETA
CASE_00005393,2025-06-24T23:44:52Z,REQ_0006660,OPERATIONAL_ETA
CASE_00005394,2026-04-22T07:06:48Z,REQ_0006661,OPERATIONAL_ETA
CASE_00005395,2025-09-14T22:17:46Z,REQ_0006662,OPERATIONAL_ETA
CASE_00005396,2026-01-25T09:15:39Z,REQ_0006663,OPERATIONAL_ETA
CASE_00005396,2026-01-24T08:20:06Z,REQ_0006664,OPERATIONAL_ETA
CASE_00005397,2025-11-30T23:55:47Z,REQ_0006665,OPERATIONAL_ETA
CASE_00005397,2025-11-29T16:04:36Z,REQ_0006666,OPERATIONAL_ETA
CASE_00005398,2025-10-07T22:38:01Z,REQ_0006667,OPERATIONAL_ETA
CASE_00005399,2025-10-05T05:45:58Z,REQ_0006668,PILOT_CHECK
CASE_00005399,2025-10-04T05:55:36Z,REQ_0006669,OPERATIONAL_ETA
CASE_00005400,2025-12-24T02:29:59Z,REQ_0006670,OPERATIONAL_ETA
CASE_00005401,2026-05-31T22:51:44Z,REQ_0006671,OPERATIONAL_ETA
CASE_00005401,2026-05-30T23:19:40Z,REQ_0006672,OPERATIONAL_ETA
CASE_00005402,2026-04-19T07:58:27Z,REQ_0006673,OPERATIONAL_ETA
CASE_00005403,2025-11-30T22:24:36Z,REQ_0006674,OPERATIONAL_ETA
CASE_00005404,2025-11-29T00:33:55Z,REQ_0006675,OPERATIONAL_ETA
CASE_00005405,2025-09-14T15:50:52Z,REQ_0006676,OPERATIONAL_ETA
CASE_00005406,2025-08-05T23:16:12Z,REQ_0006677,OPERATIONAL_ETA
CASE_00005407,2025-11-27T07:20:05Z,REQ_0006678,OPERATIONAL_ETA
CASE_00005408,2026-04-29T03:13:21Z,REQ_0006679,OPERATIONAL_ETA
CASE_00005409,2026-01-19T22:25:04Z,REQ_0006680,OPERATIONAL_ETA
CASE_00005410,2025-10-12T15:06:54Z,REQ_0006681,OPERATIONAL_ETA
CASE_00005410,2025-10-11T16:05:05Z,REQ_0006682,OPERATIONAL_ETA
CASE_00005411,2026-01-15T23:06:47Z,REQ_0006683,OPERATIONAL_ETA
CASE_00005412,2026-03-25T00:57:19Z,REQ_0006684,PILOT_CHECK
CASE_00005412,2026-03-24T01:46:29Z,REQ_0006685,OPERATIONAL_ETA
CASE_00005413,2025-11-05T17:32:35Z,REQ_0006686,OPERATIONAL_ETA
CASE_00005414,2026-03-21T20:25:27Z,REQ_0006687,OPERATIONAL_ETA
CASE_00005414,2026-03-20T05:20:24Z,REQ_0006688,OPERATIONAL_ETA
CASE_00005415,2025-06-14T03:40:58Z,REQ_0006689,OPERATIONAL_ETA
CASE_00005416,2026-03-03T02:26:45Z,REQ_0006690,OPERATIONAL_ETA
CASE_00005417,2025-10-14T12:38:40Z,REQ_0006691,OPERATIONAL_ETA
CASE_00005418,2025-10-13T07:09:31Z,REQ_0006692,RETRO_AUDIT
CASE_00005418,2025-10-11T09:31:17Z,REQ_0006693,OPERATIONAL_ETA
CASE_00005419,2025-09-24T21:44:20Z,REQ_0006694,OPERATIONAL_ETA
CASE_00005420,2025-11-17T14:54:02Z,REQ_0006695,RETRO_AUDIT
CASE_00005421,2025-11-30T14:55:25Z,REQ_0006696,OPERATIONAL_ETA
CASE_00005422,2026-01-11T09:40:55Z,REQ_0006697,OPERATIONAL_ETA
CASE_00005422,2026-01-09T12:21:40Z,REQ_0006698,OPERATIONAL_ETA
CASE_00005423,2025-10-13T21:17:31Z,REQ_0006699,OPERATIONAL_ETA
CASE_00005424,2025-09-04T09:38:19Z,REQ_0006700,OPERATIONAL_ETA
CASE_00005425,2025-07-25T12:16:52Z,REQ_0006701,OPERATIONAL_ETA
CASE_00005426,2025-12-08T13:46:26Z,REQ_0006702,RETRO_AUDIT
CASE_00005427,2025-12-31T13:09:10Z,REQ_0006703,RETRO_AUDIT
CASE_00005428,2026-04-15T17:02:41Z,REQ_0006704,OPERATIONAL_ETA
CASE_00005429,2026-02-23T10:43:30Z,REQ_0006705,OPERATIONAL_ETA
CASE_00005430,2025-12-28T23:29:11Z,REQ_0006706,PILOT_CHECK
CASE_00005431,2025-11-13T21:40:07Z,REQ_0006707,OPERATIONAL_ETA
CASE_00005432,2025-09-30T15:45:02Z,REQ_0006708,OPERATIONAL_ETA
CASE_00005433,2025-08-02T18:52:06Z,REQ_0006709,RETRO_AUDIT
CASE_00005433,2025-08-02T12:29:32Z,REQ_0006710,OPERATIONAL_ETA
CASE_00005434,2025-10-17T10:38:02Z,REQ_0006711,OPERATIONAL_ETA
CASE_00005435,2026-05-06T04:06:56Z,REQ_0006712,OPERATIONAL_ETA
CASE_00005436,2025-10-02T06:03:56Z,REQ_0006713,OPERATIONAL_ETA
CASE_00005436,2025-09-30T08:50:52Z,REQ_0006714,OPERATIONAL_ETA
CASE_00005437,2026-01-20T21:36:42Z,REQ_0006715,OPERATIONAL_ETA
CASE_00005438,2026-02-22T11:35:48Z,REQ_0006716,PILOT_CHECK
CASE_00005439,2026-03-10T16:09:39Z,REQ_0006717,OPERATIONAL_ETA
CASE_00005439,2026-03-09T18:22:52Z,REQ_0006718,OPERATIONAL_ETA
CASE_00005440,2026-04-27T05:20:25Z,REQ_0006719,RETRO_AUDIT
CASE_00005441,2026-05-04T07:22:07Z,REQ_0006720,OPERATIONAL_ETA
CASE_00005442,2026-03-24T21:24:48Z,REQ_0006721,OPERATIONAL_ETA
CASE_00005442,2026-03-23T07:43:00Z,REQ_0006722,OPERATIONAL_ETA
CASE_00005443,2026-01-08T21:31:10Z,REQ_0006723,PILOT_CHECK
CASE_00005444,2026-04-22T06:15:02Z,REQ_0006724,OPERATIONAL_ETA
CASE_00005445,2026-05-19T21:00:12Z,REQ_0006725,OPERATIONAL_ETA
CASE_00005446,2025-09-09T18:17:49Z,REQ_0006726,OPERATIONAL_ETA
CASE_00005447,2025-09-17T06:06:21Z,REQ_0006727,OPERATIONAL_ETA
CASE_00005448,2025-06-17T01:09:42Z,REQ_0006728,OPERATIONAL_ETA
CASE_00005449,2025-10-21T16:37:54Z,REQ_0006729,RETRO_AUDIT
CASE_00005450,2025-10-05T00:50:40Z,REQ_0006730,OPERATIONAL_ETA
CASE_00005451,2025-07-04T23:59:43Z,REQ_0006731,PILOT_CHECK
CASE_00005452,2026-04-23T17:07:13Z,REQ_0006732,OPERATIONAL_ETA
CASE_00005453,2025-11-28T23:30:29Z,REQ_0006733,OPERATIONAL_ETA
CASE_00005454,2025-11-11T21:21:39Z,REQ_0006734,OPERATIONAL_ETA
CASE_00005455,2025-09-23T14:34:58Z,REQ_0006735,PILOT_CHECK
CASE_00005456,2026-05-19T15:00:17Z,REQ_0006736,RETRO_AUDIT
CASE_00005457,2026-03-23T21:16:23Z,REQ_0006737,OPERATIONAL_ETA
CASE_00005458,2026-03-22T03:18:25Z,REQ_0006738,OPERATIONAL_ETA
CASE_00005459,2026-05-24T06:37:09Z,REQ_0006739,OPERATIONAL_ETA
CASE_00005460,2025-06-25T00:55:16Z,REQ_0006740,OPERATIONAL_ETA
CASE_00005461,2026-05-21T15:41:03Z,REQ_0006741,OPERATIONAL_ETA
CASE_00005462,2025-10-17T03:45:33Z,REQ_0006742,OPERATIONAL_ETA
CASE_00005463,2025-11-27T21:28:28Z,REQ_0006743,OPERATIONAL_ETA
CASE_00005464,2025-12-22T08:34:00Z,REQ_0006744,OPERATIONAL_ETA
CASE_00005465,2025-06-17T05:45:29Z,REQ_0006745,RETRO_AUDIT
CASE_00005466,2025-11-09T22:51:10Z,REQ_0006746,OPERATIONAL_ETA
CASE_00005467,2026-04-13T09:50:32Z,REQ_0006747,OPERATIONAL_ETA
CASE_00005468,2026-05-22T21:25:06Z,REQ_0006748,PILOT_CHECK
CASE_00005469,2026-05-17T02:34:22Z,REQ_0006749,PILOT_CHECK
CASE_00005470,2025-06-15T08:05:40Z,REQ_0006750,OPERATIONAL_ETA
CASE_00005471,2025-07-10T14:05:32Z,REQ_0006751,PILOT_CHECK
CASE_00005472,2026-03-31T03:55:38Z,REQ_0006752,OPERATIONAL_ETA
CASE_00005473,2025-07-29T08:14:27Z,REQ_0006753,OPERATIONAL_ETA
CASE_00005474,2025-12-10T00:28:35Z,REQ_0006754,RETRO_AUDIT
CASE_00005475,2026-04-30T03:25:12Z,REQ_0006755,RETRO_AUDIT
CASE_00005476,2025-07-16T01:46:04Z,REQ_0006756,RETRO_AUDIT
CASE_00005477,2026-03-22T04:59:57Z,REQ_0006757,OPERATIONAL_ETA
CASE_00005478,2026-03-12T09:28:12Z,REQ_0006758,OPERATIONAL_ETA
CASE_00005479,2025-07-31T23:21:19Z,REQ_0006759,OPERATIONAL_ETA
CASE_00005480,2026-04-01T22:10:39Z,REQ_0006760,OPERATIONAL_ETA
CASE_00005481,2026-03-11T06:29:38Z,REQ_0006761,RETRO_AUDIT
CASE_00005482,2026-02-07T12:36:40Z,REQ_0006762,OPERATIONAL_ETA
CASE_00005483,2025-10-27T16:02:56Z,REQ_0006763,OPERATIONAL_ETA
CASE_00005484,2026-04-24T21:37:48Z,REQ_0006764,OPERATIONAL_ETA
CASE_00005485,2025-11-17T23:48:05Z,REQ_0006765,RETRO_AUDIT
CASE_00005486,2025-06-29T17:24:35Z,REQ_0006766,PILOT_CHECK
CASE_00005487,2026-04-06T05:50:50Z,REQ_0006767,PILOT_CHECK
CASE_00005488,2025-06-06T10:28:12Z,REQ_0006768,OPERATIONAL_ETA
CASE_00005489,2025-08-31T00:33:10Z,REQ_0006769,OPERATIONAL_ETA
CASE_00005490,2026-03-21T14:19:54Z,REQ_0006770,OPERATIONAL_ETA
CASE_00005491,2026-05-15T00:09:59Z,REQ_0006771,OPERATIONAL_ETA
CASE_00005492,2025-09-01T13:04:46Z,REQ_0006772,OPERATIONAL_ETA
CASE_00005493,2026-01-19T12:10:44Z,REQ_0006773,OPERATIONAL_ETA
CASE_00005494,2025-12-26T20:52:38Z,REQ_0006774,OPERATIONAL_ETA
CASE_00005495,2025-10-13T21:43:31Z,REQ_0006775,OPERATIONAL_ETA
CASE_00005496,2025-12-19T19:42:45Z,REQ_0006776,OPERATIONAL_ETA
CASE_00005497,2025-07-31T08:09:54Z,REQ_0006777,OPERATIONAL_ETA
CASE_00005498,2025-12-22T03:46:10Z,REQ_0006778,OPERATIONAL_ETA
CASE_00005499,2026-03-05T08:29:54Z,REQ_0006779,PILOT_CHECK
CASE_00005500,2025-10-08T21:02:57Z,REQ_0006780,OPERATIONAL_ETA
CASE_00005501,2026-03-31T07:00:26Z,REQ_0006781,OPERATIONAL_ETA
CASE_00005502,2025-08-24T21:07:19Z,REQ_0006782,OPERATIONAL_ETA
CASE_00005503,2025-11-02T05:28:51Z,REQ_0006783,PILOT_CHECK
CASE_00005504,2026-01-28T19:47:18Z,REQ_0006784,OPERATIONAL_ETA
CASE_00005505,2026-04-27T23:40:34Z,REQ_0006785,RETRO_AUDIT
CASE_00005506,2025-07-16T03:26:08Z,REQ_0006786,OPERATIONAL_ETA
CASE_00005507,2025-07-14T09:39:14Z,REQ_0006787,RETRO_AUDIT
CASE_00005508,2025-08-24T05:00:35Z,REQ_0006788,OPERATIONAL_ETA
CASE_00005509,2025-11-29T11:03:46Z,REQ_0006789,RETRO_AUDIT
CASE_00005510,2026-04-19T10:10:05Z,REQ_0006790,OPERATIONAL_ETA
CASE_00005511,2026-04-30T01:24:27Z,REQ_0006791,OPERATIONAL_ETA
CASE_00005512,2025-11-11T00:29:00Z,REQ_0006792,RETRO_AUDIT
CASE_00005513,2026-04-23T11:05:12Z,REQ_0006793,OPERATIONAL_ETA
CASE_00005514,2025-08-06T04:37:13Z,REQ_0006794,OPERATIONAL_ETA
CASE_00005515,2026-02-28T11:07:11Z,REQ_0006795,OPERATIONAL_ETA
CASE_00005516,2026-04-28T16:21:15Z,REQ_0006796,OPERATIONAL_ETA
CASE_00005517,2025-06-08T13:18:40Z,REQ_0006797,PILOT_CHECK
CASE_00005518,2026-02-01T01:24:55Z,REQ_0006798,OPERATIONAL_ETA
CASE_00005519,2025-09-06T03:57:23Z,REQ_0006799,OPERATIONAL_ETA
CASE_00005520,2026-02-03T03:09:03Z,REQ_0006800,RETRO_AUDIT
CASE_00005521,2026-01-23T15:11:16Z,REQ_0006801,OPERATIONAL_ETA
CASE_00005522,2026-03-30T13:34:25Z,REQ_0006802,OPERATIONAL_ETA
CASE_00005523,2025-08-04T12:55:21Z,REQ_0006803,OPERATIONAL_ETA
CASE_00005524,2026-05-23T17:16:40Z,REQ_0006804,OPERATIONAL_ETA
CASE_00005525,2025-12-02T22:03:11Z,REQ_0006805,OPERATIONAL_ETA
CASE_00005526,2025-11-19T07:48:38Z,REQ_0006806,OPERATIONAL_ETA
CASE_00005527,2025-08-05T23:24:41Z,REQ_0006807,OPERATIONAL_ETA
CASE_00005528,2025-08-20T14:26:23Z,REQ_0006808,RETRO_AUDIT
CASE_00005529,2025-06-27T10:02:19Z,REQ_0006809,RETRO_AUDIT
CASE_00005530,2026-04-21T03:39:07Z,REQ_0006810,OPERATIONAL_ETA
CASE_00005531,2025-09-09T12:44:00Z,REQ_0006811,PILOT_CHECK
CASE_00005532,2026-01-30T13:52:21Z,REQ_0006812,RETRO_AUDIT
CASE_00005533,2025-12-07T11:49:34Z,REQ_0006813,OPERATIONAL_ETA
CASE_00005534,2025-08-30T20:03:18Z,REQ_0006814,RETRO_AUDIT
CASE_00005535,2025-06-24T08:29:16Z,REQ_0006815,OPERATIONAL_ETA
CASE_00005536,2025-06-17T13:51:40Z,REQ_0006816,OPERATIONAL_ETA
CASE_00005537,2026-01-23T02:13:13Z,REQ_0006817,OPERATIONAL_ETA
CASE_00005538,2026-03-21T14:21:00Z,REQ_0006818,OPERATIONAL_ETA
CASE_00005539,2025-06-18T21:22:57Z,REQ_0006819,OPERATIONAL_ETA
CASE_00005540,2025-08-10T11:53:57Z,REQ_0006820,RETRO_AUDIT
CASE_00005541,2025-09-13T16:14:44Z,REQ_0006821,OPERATIONAL_ETA
CASE_00005542,2025-10-01T20:10:52Z,REQ_0006822,OPERATIONAL_ETA
CASE_00005543,2025-06-23T04:01:22Z,REQ_0006823,OPERATIONAL_ETA
CASE_00005544,2026-01-02T12:32:50Z,REQ_0006824,OPERATIONAL_ETA
CASE_00005545,2026-03-11T21:53:04Z,REQ_0006825,OPERATIONAL_ETA
CASE_00005546,2025-11-06T09:56:17Z,REQ_0006826,OPERATIONAL_ETA
CASE_00005547,2025-06-09T21:30:44Z,REQ_0006827,OPERATIONAL_ETA
CASE_00005548,2025-06-06T11:26:23Z,REQ_0006828,OPERATIONAL_ETA
CASE_00005549,2025-07-21T12:29:50Z,REQ_0006829,OPERATIONAL_ETA
CASE_00005550,2026-04-18T12:41:39Z,REQ_0006830,OPERATIONAL_ETA
CASE_00005551,2025-11-18T13:18:17Z,REQ_0006831,RETRO_AUDIT
CASE_00005552,2025-11-03T07:05:35Z,REQ_0006832,PILOT_CHECK
CASE_00005553,2026-01-17T03:44:28Z,REQ_0006833,OPERATIONAL_ETA
CASE_00005554,2026-01-17T07:38:42Z,REQ_0006834,OPERATIONAL_ETA
CASE_00005555,2025-08-03T10:45:16Z,REQ_0006835,OPERATIONAL_ETA
CASE_00005556,2025-10-24T11:25:52Z,REQ_0006836,OPERATIONAL_ETA
CASE_00005557,2025-08-13T06:25:58Z,REQ_0006837,OPERATIONAL_ETA
CASE_00005558,2026-02-26T09:33:35Z,REQ_0006838,OPERATIONAL_ETA
CASE_00005559,2026-03-21T10:57:28Z,REQ_0006839,PILOT_CHECK
CASE_00005560,2025-08-10T03:27:41Z,REQ_0006840,OPERATIONAL_ETA
CASE_00005561,2025-08-27T01:45:27Z,REQ_0006841,RETRO_AUDIT
CASE_00005562,2026-03-22T18:35:50Z,REQ_0006842,OPERATIONAL_ETA
CASE_00005563,2026-04-14T03:56:27Z,REQ_0006843,OPERATIONAL_ETA
CASE_00005564,2025-06-18T07:37:56Z,REQ_0006844,OPERATIONAL_ETA
CASE_00005565,2025-06-15T11:02:32Z,REQ_0006845,RETRO_AUDIT
CASE_00005566,2026-03-05T06:28:01Z,REQ_0006846,OPERATIONAL_ETA
CASE_00005567,2026-02-10T22:57:12Z,REQ_0006847,PILOT_CHECK
CASE_00005568,2025-10-17T23:32:58Z,REQ_0006848,OPERATIONAL_ETA
CASE_00005569,2025-11-15T05:59:55Z,REQ_0006849,OPERATIONAL_ETA
CASE_00005570,2026-01-30T21:32:38Z,REQ_0006850,PILOT_CHECK
CASE_00005571,2026-05-25T21:26:53Z,REQ_0006851,OPERATIONAL_ETA
CASE_00005572,2026-02-02T10:48:35Z,REQ_0006852,OPERATIONAL_ETA
CASE_00005573,2025-10-11T19:19:20Z,REQ_0006853,OPERATIONAL_ETA
CASE_00005574,2026-05-29T14:57:55Z,REQ_0006854,OPERATIONAL_ETA
CASE_00005575,2026-01-04T21:26:31Z,REQ_0006855,OPERATIONAL_ETA
CASE_00005576,2026-05-24T21:19:48Z,REQ_0006856,OPERATIONAL_ETA
CASE_00005577,2025-08-10T16:08:16Z,REQ_0006857,OPERATIONAL_ETA
CASE_00005578,2026-04-15T11:05:02Z,REQ_0006858,OPERATIONAL_ETA
CASE_00005579,2025-11-13T01:24:40Z,REQ_0006859,OPERATIONAL_ETA
CASE_00005580,2025-09-13T05:48:55Z,REQ_0006860,PILOT_CHECK
CASE_00005581,2026-03-18T13:07:33Z,REQ_0006861,OPERATIONAL_ETA
CASE_00005582,2026-04-21T03:21:21Z,REQ_0006862,OPERATIONAL_ETA
CASE_00005583,2025-12-26T20:59:38Z,REQ_0006863,RETRO_AUDIT
CASE_00005584,2025-11-01T12:30:25Z,REQ_0006864,OPERATIONAL_ETA
CASE_00005585,2025-07-07T12:24:19Z,REQ_0006865,RETRO_AUDIT
CASE_00005586,2026-03-17T04:46:04Z,REQ_0006866,PILOT_CHECK
CASE_00005587,2025-10-31T16:29:36Z,REQ_0006867,PILOT_CHECK
CASE_00005588,2025-10-18T18:08:29Z,REQ_0006868,OPERATIONAL_ETA
CASE_00005589,2025-11-12T18:52:39Z,REQ_0006869,OPERATIONAL_ETA
CASE_00005590,2026-03-15T10:09:20Z,REQ_0006870,OPERATIONAL_ETA
CASE_00005591,2025-06-07T01:43:57Z,REQ_0006871,PILOT_CHECK
CASE_00005592,2026-05-04T09:45:01Z,REQ_0006872,OPERATIONAL_ETA
CASE_00005593,2026-04-12T00:22:39Z,REQ_0006873,OPERATIONAL_ETA
CASE_00005594,2025-11-05T13:44:13Z,REQ_0006874,OPERATIONAL_ETA
CASE_00005595,2026-01-15T07:40:13Z,REQ_0006875,OPERATIONAL_ETA
CASE_00005596,2025-08-23T06:49:42Z,REQ_0006876,OPERATIONAL_ETA
CASE_00005597,2026-05-25T06:25:36Z,REQ_0006877,OPERATIONAL_ETA
CASE_00005597,2026-05-24T04:23:27Z,REQ_0006878,OPERATIONAL_ETA
CASE_00005598,2026-04-27T16:14:08Z,REQ_0006879,OPERATIONAL_ETA
CASE_00005598,2026-04-27T02:00:17Z,REQ_0006880,OPERATIONAL_ETA
CASE_00005599,2026-05-26T20:40:03Z,REQ_0006881,PILOT_CHECK
CASE_00005600,2026-05-29T13:58:24Z,REQ_0006882,OPERATIONAL_ETA
CASE_00005601,2026-05-17T03:34:22Z,REQ_0006883,OPERATIONAL_ETA
CASE_00005602,2026-03-31T17:46:46Z,REQ_0006884,OPERATIONAL_ETA
CASE_00005603,2026-04-18T17:13:58Z,REQ_0006885,RETRO_AUDIT
CASE_00005603,2026-04-18T01:37:56Z,REQ_0006886,OPERATIONAL_ETA
CASE_00005604,2026-03-31T04:39:40Z,REQ_0006887,OPERATIONAL_ETA
